-- phpMyAdmin SQL Dump
-- version 3.5.1
-- http://www.phpmyadmin.net
--
-- Host: localhost
-- Generation Time: Sep 29, 2014 at 03:30 AM
-- Server version: 5.5.24-log
-- PHP Version: 5.2.8

SET SQL_MODE="NO_AUTO_VALUE_ON_ZERO";
SET time_zone = "+00:00";


/*!40101 SET @OLD_CHARACTER_SET_CLIENT=@@CHARACTER_SET_CLIENT */;
/*!40101 SET @OLD_CHARACTER_SET_RESULTS=@@CHARACTER_SET_RESULTS */;
/*!40101 SET @OLD_COLLATION_CONNECTION=@@COLLATION_CONNECTION */;
/*!40101 SET NAMES utf8 */;

--
-- Database: `vtigersystem`
--

-- --------------------------------------------------------

--
-- Table structure for table `com_vtiger_workflows`
--

CREATE TABLE IF NOT EXISTS `com_vtiger_workflows` (
  `workflow_id` int(11) NOT NULL AUTO_INCREMENT,
  `module_name` varchar(100) DEFAULT NULL,
  `summary` varchar(400) NOT NULL,
  `test` text,
  `execution_condition` int(11) NOT NULL,
  `defaultworkflow` int(1) DEFAULT NULL,
  `type` varchar(255) DEFAULT NULL,
  PRIMARY KEY (`workflow_id`),
  UNIQUE KEY `com_vtiger_workflows_idx` (`workflow_id`)
) ENGINE=InnoDB  DEFAULT CHARSET=utf8 AUTO_INCREMENT=17 ;

--
-- Dumping data for table `com_vtiger_workflows`
--

INSERT INTO `com_vtiger_workflows` (`workflow_id`, `module_name`, `summary`, `test`, `execution_condition`, `defaultworkflow`, `type`) VALUES
(1, 'Invoice', 'UpdateInventoryProducts On Every Save', '[{"fieldname":"subject","operation":"does not contain","value":"`!`"}]', 3, 1, 'basic'),
(2, 'Accounts', 'Send Email to user when Notifyowner is True', '[{"fieldname":"notify_owner","operation":"is","value":"true:boolean"}]', 2, 1, 'basic'),
(3, 'Contacts', 'Send Email to user when Notifyowner is True', '[{"fieldname":"notify_owner","operation":"is","value":"true:boolean"}]', 2, 1, 'basic'),
(4, 'Contacts', 'Send Email to user when Portal User is True', '[{"fieldname":"portal","operation":"is","value":"true:boolean"}]', 2, 1, 'basic'),
(5, 'Potentials', 'Send Email to users on Potential creation', NULL, 1, 1, 'basic'),
(6, 'Contacts', 'Workflow for Contact Creation or Modification', '', 3, 1, 'basic'),
(7, 'HelpDesk', 'Workflow for Ticket Created from Portal', '[{"fieldname":"from_portal","operation":"is","value":"true:boolean"}]', 1, 1, 'basic'),
(8, 'HelpDesk', 'Workflow for Ticket Updated from Portal', '[{"fieldname":"from_portal","operation":"is","value":"true:boolean"}]', 4, 1, 'basic'),
(9, 'HelpDesk', 'Workflow for Ticket Change, not from the Portal', '[{"fieldname":"from_portal","operation":"is","value":"false:boolean"}]', 3, 1, 'basic'),
(10, 'Events', 'Workflow for Events when Send Notification is True', '[{"fieldname":"sendnotification","operation":"is","value":"true:boolean"}]', 3, 1, 'basic'),
(11, 'Calendar', 'Workflow for Calendar Todos when Send Notification is True', '[{"fieldname":"sendnotification","operation":"is","value":"true:boolean"}]', 3, 1, 'basic'),
(12, 'Payments', 'update Bill', '', 3, NULL, 'basic'),
(13, 'House', 'update House Information', '', 3, NULL, 'basic'),
(14, 'Cars', 'update Car Information', '', 3, NULL, 'basic'),
(16, 'ReportsKHA', 'Create Report Class', '', 3, NULL, 'basic');

-- --------------------------------------------------------

--
-- Table structure for table `com_vtiger_workflows_seq`
--

CREATE TABLE IF NOT EXISTS `com_vtiger_workflows_seq` (
  `id` int(11) NOT NULL
) ENGINE=InnoDB DEFAULT CHARSET=utf8;

--
-- Dumping data for table `com_vtiger_workflows_seq`
--

INSERT INTO `com_vtiger_workflows_seq` (`id`) VALUES
(16);

-- --------------------------------------------------------

--
-- Table structure for table `com_vtiger_workflowtasks`
--

CREATE TABLE IF NOT EXISTS `com_vtiger_workflowtasks` (
  `task_id` int(11) NOT NULL AUTO_INCREMENT,
  `workflow_id` int(11) DEFAULT NULL,
  `summary` varchar(400) NOT NULL,
  `task` text,
  PRIMARY KEY (`task_id`),
  UNIQUE KEY `com_vtiger_workflowtasks_idx` (`task_id`)
) ENGINE=InnoDB  DEFAULT CHARSET=utf8 AUTO_INCREMENT=18 ;

--
-- Dumping data for table `com_vtiger_workflowtasks`
--

INSERT INTO `com_vtiger_workflowtasks` (`task_id`, `workflow_id`, `summary`, `task`) VALUES
(1, 1, '', 'O:18:"VTEntityMethodTask":6:{s:18:"executeImmediately";b:1;s:10:"workflowId";i:1;s:7:"summary";s:0:"";s:6:"active";b:1;s:10:"methodName";s:15:"UpdateInventory";s:2:"id";i:1;}'),
(2, 2, 'An account has been created ', 'O:11:"VTEmailTask":9:{s:18:"executeImmediately";b:0;s:10:"workflowId";i:2;s:7:"summary";s:28:"An account has been created ";s:6:"active";b:1;s:10:"methodName";s:11:"NotifyOwner";s:9:"recepient";s:36:"$(assigned_user_id : (Users) email1)";s:7:"subject";s:26:"Regarding Account Creation";s:7:"content";s:301:"An Account has been assigned to you on vtigerCRM<br>Details of account are :<br><br>AccountId:<b>$account_no</b><br>AccountName:<b>$accountname</b><br>Rating:<b>$rating</b><br>Industry:<b>$industry</b><br>AccountType:<b>$accounttype</b><br>Description:<b>$description</b><br><br><br>Thank You<br>Admin";s:2:"id";i:2;}'),
(3, 3, 'An contact has been created ', 'O:11:"VTEmailTask":9:{s:18:"executeImmediately";b:0;s:10:"workflowId";i:3;s:7:"summary";s:28:"An contact has been created ";s:6:"active";b:1;s:10:"methodName";s:11:"NotifyOwner";s:9:"recepient";s:36:"$(assigned_user_id : (Users) email1)";s:7:"subject";s:26:"Regarding Contact Creation";s:7:"content";s:305:"An Contact has been assigned to you on vtigerCRM<br>Details of Contact are :<br><br>Contact Id:<b>$contact_no</b><br>LastName:<b>$lastname</b><br>FirstName:<b>$firstname</b><br>Lead Source:<b>$leadsource</b><br>Department:<b>$department</b><br>Description:<b>$description</b><br><br><br>Thank You<br>Admin";s:2:"id";i:3;}'),
(4, 4, 'An contact has been created ', 'O:11:"VTEmailTask":9:{s:18:"executeImmediately";b:0;s:10:"workflowId";i:4;s:7:"summary";s:28:"An contact has been created ";s:6:"active";b:1;s:10:"methodName";s:11:"NotifyOwner";s:9:"recepient";s:36:"$(assigned_user_id : (Users) email1)";s:7:"subject";s:28:"Regarding Contact Assignment";s:7:"content";s:384:"An Contact has been assigned to you on vtigerCRM<br>Details of Contact are :<br><br>Contact Id:<b>$contact_no</b><br>LastName:<b>$lastname</b><br>FirstName:<b>$firstname</b><br>Lead Source:<b>$leadsource</b><br>Department:<b>$department</b><br>Description:<b>$description</b><br><br><br>And <b>CustomerPortal Login Details</b> is sent to the EmailID :-$email<br><br>Thank You<br>Admin";s:2:"id";i:4;}'),
(5, 5, 'An Potential has been created ', 'O:11:"VTEmailTask":8:{s:18:"executeImmediately";b:0;s:10:"workflowId";i:5;s:7:"summary";s:30:"An Potential has been created ";s:6:"active";b:1;s:9:"recepient";s:36:"$(assigned_user_id : (Users) email1)";s:7:"subject";s:30:"Regarding Potential Assignment";s:7:"content";s:325:"An Potential has been assigned to you on vtigerCRM<br>Details of Potential are :<br><br>Potential No:<b>$potential_no</b><br>Potential Name:<b>$potentialname</b><br>Amount:<b>$amount</b><br>Expected Close Date:<b>$closingdate</b><br>Type:<b>$opportunity_type</b><br><br><br>Description :$description<br><br>Thank You<br>Admin";s:2:"id";i:5;}'),
(6, 6, 'Email Customer Portal Login Details', 'O:18:"VTEntityMethodTask":6:{s:18:"executeImmediately";b:1;s:10:"workflowId";i:6;s:7:"summary";s:35:"Email Customer Portal Login Details";s:6:"active";b:1;s:10:"methodName";s:22:"SendPortalLoginDetails";s:2:"id";i:6;}'),
(7, 7, 'Notify Record Owner and the Related Contact when Ticket is created from Portal', 'O:18:"VTEntityMethodTask":6:{s:18:"executeImmediately";b:1;s:10:"workflowId";i:7;s:7:"summary";s:78:"Notify Record Owner and the Related Contact when Ticket is created from Portal";s:6:"active";b:1;s:10:"methodName";s:28:"NotifyOnPortalTicketCreation";s:2:"id";i:7;}'),
(8, 8, 'Notify Record Owner when Comment is added to a Ticket from Customer Portal', 'O:18:"VTEntityMethodTask":6:{s:18:"executeImmediately";b:1;s:10:"workflowId";i:8;s:7:"summary";s:74:"Notify Record Owner when Comment is added to a Ticket from Customer Portal";s:6:"active";b:1;s:10:"methodName";s:27:"NotifyOnPortalTicketComment";s:2:"id";i:8;}'),
(9, 9, 'Notify Record Owner on Ticket Change, which is not done from Portal', 'O:18:"VTEntityMethodTask":6:{s:18:"executeImmediately";b:1;s:10:"workflowId";i:9;s:7:"summary";s:67:"Notify Record Owner on Ticket Change, which is not done from Portal";s:6:"active";b:1;s:10:"methodName";s:25:"NotifyOwnerOnTicketChange";s:2:"id";i:9;}'),
(10, 9, 'Notify Related Customer on Ticket Change, which is not done from Portal', 'O:18:"VTEntityMethodTask":6:{s:18:"executeImmediately";b:1;s:10:"workflowId";i:9;s:7:"summary";s:71:"Notify Related Customer on Ticket Change, which is not done from Portal";s:6:"active";b:1;s:10:"methodName";s:26:"NotifyParentOnTicketChange";s:2:"id";i:10;}'),
(11, 10, 'Send Notification Email to Record Owner', 'O:11:"VTEmailTask":8:{s:18:"executeImmediately";b:0;s:10:"workflowId";i:10;s:7:"summary";s:39:"Send Notification Email to Record Owner";s:6:"active";b:1;s:9:"recepient";s:36:"$(assigned_user_id : (Users) email1)";s:7:"subject";s:17:"Event :  $subject";s:7:"content";s:817:"$(assigned_user_id : (Users) first_name) $(assigned_user_id : (Users) last_name) ,<br/><b>Activity Notification Details:</b><br/>Subject             : $subject<br/>Start date and time : $date_start  $time_start ( $(general : (__VtigerMeta__) dbtimezone) ) <br/>End date and time   : $due_date  $time_end ( $(general : (__VtigerMeta__) dbtimezone) ) <br/>Status              : $eventstatus <br/>Priority            : $taskpriority <br/>Related To          : $(parent_id : (Leads) lastname) $(parent_id : (Leads) firstname) $(parent_id : (Accounts) accountname) $(parent_id : (Potentials) potentialname) $(parent_id : (HelpDesk) ticket_title) <br/>Contacts List       : $(contact_id : (Contacts) lastname) $(contact_id : (Contacts) firstname) <br/>Location            : $location <br/>Description         : $description";s:2:"id";i:11;}'),
(12, 11, 'Send Notification Email to Record Owner', 'O:11:"VTEmailTask":8:{s:18:"executeImmediately";b:0;s:10:"workflowId";i:11;s:7:"summary";s:39:"Send Notification Email to Record Owner";s:6:"active";b:1;s:9:"recepient";s:36:"$(assigned_user_id : (Users) email1)";s:7:"subject";s:16:"Task :  $subject";s:7:"content";s:797:"$(assigned_user_id : (Users) first_name) $(assigned_user_id : (Users) last_name) ,<br/><b>Task Notification Details:</b><br/>Subject : $subject<br/>Start date and time : $date_start  $time_start ( $(general : (__VtigerMeta__) dbtimezone) ) <br/>End date and time   : $due_date ( $(general : (__VtigerMeta__) dbtimezone) ) <br/>Status              : $taskstatus <br/>Priority            : $taskpriority <br/>Related To          : $(parent_id : (Leads) lastname) $(parent_id : (Leads) firstname) $(parent_id : (Accounts) accountname) $(parent_id         : (Potentials) potentialname) $(parent_id : (HelpDesk) ticket_title) <br/>Contacts List       : $(contact_id : (Contacts) lastname) $(contact_id : (Contacts) firstname) <br/>Location            : $location <br/>Description         : $description";s:2:"id";i:12;}'),
(13, 12, 'update bill', 'O:18:"VTEntityMethodTask":7:{s:18:"executeImmediately";b:1;s:10:"workflowId";s:2:"12";s:7:"summary";s:11:"update bill";s:6:"active";b:1;s:7:"trigger";N;s:10:"methodName";s:10:"updateBill";s:2:"id";i:13;}'),
(14, 13, 'updateHouseInfo', 'O:18:"VTEntityMethodTask":7:{s:18:"executeImmediately";b:1;s:10:"workflowId";s:2:"13";s:7:"summary";s:15:"updateHouseInfo";s:6:"active";b:1;s:7:"trigger";N;s:10:"methodName";s:15:"updateHouseInfo";s:2:"id";i:14;}'),
(15, 14, 'update Car Information', 'O:18:"VTEntityMethodTask":7:{s:18:"executeImmediately";b:1;s:10:"workflowId";s:2:"14";s:7:"summary";s:22:"update Car Information";s:6:"active";b:1;s:7:"trigger";N;s:10:"methodName";s:14:"updateCarsInfo";s:2:"id";i:15;}'),
(17, 16, 'Create Class', 'O:18:"VTEntityMethodTask":7:{s:18:"executeImmediately";b:1;s:10:"workflowId";s:2:"16";s:7:"summary";s:12:"Create Class";s:6:"active";b:1;s:7:"trigger";N;s:10:"methodName";s:11:"createClass";s:2:"id";i:17;}');

-- --------------------------------------------------------

--
-- Table structure for table `com_vtiger_workflowtasks_entitymethod`
--

CREATE TABLE IF NOT EXISTS `com_vtiger_workflowtasks_entitymethod` (
  `workflowtasks_entitymethod_id` int(11) NOT NULL,
  `module_name` varchar(100) DEFAULT NULL,
  `method_name` varchar(100) DEFAULT NULL,
  `function_path` varchar(400) DEFAULT NULL,
  `function_name` varchar(100) DEFAULT NULL,
  PRIMARY KEY (`workflowtasks_entitymethod_id`),
  UNIQUE KEY `com_vtiger_workflowtasks_entitymethod_idx` (`workflowtasks_entitymethod_id`)
) ENGINE=InnoDB DEFAULT CHARSET=utf8;

--
-- Dumping data for table `com_vtiger_workflowtasks_entitymethod`
--

INSERT INTO `com_vtiger_workflowtasks_entitymethod` (`workflowtasks_entitymethod_id`, `module_name`, `method_name`, `function_path`, `function_name`) VALUES
(1, 'SalesOrder', 'UpdateInventory', 'include/InventoryHandler.php', 'handleInventoryProductRel'),
(2, 'Invoice', 'UpdateInventory', 'include/InventoryHandler.php', 'handleInventoryProductRel'),
(3, 'Contacts', 'SendPortalLoginDetails', 'modules/Contacts/ContactsHandler.php', 'Contacts_sendCustomerPortalLoginDetails'),
(4, 'HelpDesk', 'NotifyOnPortalTicketCreation', 'modules/HelpDesk/HelpDeskHandler.php', 'HelpDesk_nofifyOnPortalTicketCreation'),
(5, 'HelpDesk', 'NotifyOnPortalTicketComment', 'modules/HelpDesk/HelpDeskHandler.php', 'HelpDesk_notifyOnPortalTicketComment'),
(6, 'HelpDesk', 'NotifyOwnerOnTicketChange', 'modules/HelpDesk/HelpDeskHandler.php', 'HelpDesk_notifyOwnerOnTicketChange'),
(7, 'HelpDesk', 'NotifyParentOnTicketChange', 'modules/HelpDesk/HelpDeskHandler.php', 'HelpDesk_notifyParentOnTicketChange'),
(8, 'Payment', 'updateBill', 'include/custom_workflows/Payment.php', 'updateBill'),
(9, 'Payments', 'updateBill', 'include/custom_workflows/Payments.php', 'updateBill'),
(10, 'House', 'updateHouseInfo', 'include/custom_workflows/House.php', 'updateHouseInfo'),
(11, 'Cars', 'updateCarsInfo', 'include/custom_workflows/Cars.php', 'updateCarsInfo'),
(12, 'ReportsKHA', 'createClass', 'include/custom_workflows/ReportsKHA.php', 'createClass');

-- --------------------------------------------------------

--
-- Table structure for table `com_vtiger_workflowtasks_entitymethod_seq`
--

CREATE TABLE IF NOT EXISTS `com_vtiger_workflowtasks_entitymethod_seq` (
  `id` int(11) NOT NULL
) ENGINE=InnoDB DEFAULT CHARSET=utf8;

--
-- Dumping data for table `com_vtiger_workflowtasks_entitymethod_seq`
--

INSERT INTO `com_vtiger_workflowtasks_entitymethod_seq` (`id`) VALUES
(12);

-- --------------------------------------------------------

--
-- Table structure for table `com_vtiger_workflowtasks_seq`
--

CREATE TABLE IF NOT EXISTS `com_vtiger_workflowtasks_seq` (
  `id` int(11) NOT NULL
) ENGINE=InnoDB DEFAULT CHARSET=utf8;

--
-- Dumping data for table `com_vtiger_workflowtasks_seq`
--

INSERT INTO `com_vtiger_workflowtasks_seq` (`id`) VALUES
(17);

-- --------------------------------------------------------

--
-- Table structure for table `com_vtiger_workflowtask_queue`
--

CREATE TABLE IF NOT EXISTS `com_vtiger_workflowtask_queue` (
  `task_id` int(11) DEFAULT NULL,
  `entity_id` varchar(100) DEFAULT NULL,
  `do_after` int(11) DEFAULT NULL,
  UNIQUE KEY `com_vtiger_workflowtask_queue_idx` (`task_id`,`entity_id`)
) ENGINE=InnoDB DEFAULT CHARSET=utf8;

--
-- Dumping data for table `com_vtiger_workflowtask_queue`
--

INSERT INTO `com_vtiger_workflowtask_queue` (`task_id`, `entity_id`, `do_after`) VALUES
(4, '12x22', 0),
(4, '12x127', 0),
(4, '12x128', 0),
(4, '12x129', 0),
(4, '12x131', 0);

-- --------------------------------------------------------

--
-- Table structure for table `com_vtiger_workflowtemplates`
--

CREATE TABLE IF NOT EXISTS `com_vtiger_workflowtemplates` (
  `template_id` int(11) NOT NULL AUTO_INCREMENT,
  `module_name` varchar(100) DEFAULT NULL,
  `title` varchar(400) DEFAULT NULL,
  `template` text,
  PRIMARY KEY (`template_id`)
) ENGINE=InnoDB DEFAULT CHARSET=utf8 AUTO_INCREMENT=1 ;

-- --------------------------------------------------------

--
-- Table structure for table `com_vtiger_workflow_activatedonce`
--

CREATE TABLE IF NOT EXISTS `com_vtiger_workflow_activatedonce` (
  `workflow_id` int(11) NOT NULL,
  `entity_id` int(11) NOT NULL,
  PRIMARY KEY (`workflow_id`,`entity_id`)
) ENGINE=InnoDB DEFAULT CHARSET=utf8;

--
-- Dumping data for table `com_vtiger_workflow_activatedonce`
--

INSERT INTO `com_vtiger_workflow_activatedonce` (`workflow_id`, `entity_id`) VALUES
(4, 22),
(4, 127),
(4, 128),
(4, 129),
(4, 131);

-- --------------------------------------------------------

--
-- Table structure for table `vtiger_account`
--

CREATE TABLE IF NOT EXISTS `vtiger_account` (
  `accountid` int(19) NOT NULL DEFAULT '0',
  `account_no` varchar(100) NOT NULL,
  `accountname` varchar(100) NOT NULL,
  `parentid` int(19) DEFAULT '0',
  `account_type` varchar(200) DEFAULT NULL,
  `industry` varchar(200) DEFAULT NULL,
  `annualrevenue` int(19) DEFAULT '0',
  `rating` varchar(200) DEFAULT NULL,
  `ownership` varchar(50) DEFAULT NULL,
  `siccode` varchar(50) DEFAULT NULL,
  `tickersymbol` varchar(30) DEFAULT NULL,
  `phone` varchar(30) DEFAULT NULL,
  `otherphone` varchar(30) DEFAULT NULL,
  `email1` varchar(100) DEFAULT NULL,
  `email2` varchar(100) DEFAULT NULL,
  `website` varchar(100) DEFAULT NULL,
  `fax` varchar(30) DEFAULT NULL,
  `employees` int(10) DEFAULT '0',
  `emailoptout` varchar(3) DEFAULT '0',
  `notify_owner` varchar(3) DEFAULT '0',
  PRIMARY KEY (`accountid`),
  KEY `account_account_type_idx` (`account_type`)
) ENGINE=InnoDB DEFAULT CHARSET=utf8;

-- --------------------------------------------------------

--
-- Table structure for table `vtiger_accountbillads`
--

CREATE TABLE IF NOT EXISTS `vtiger_accountbillads` (
  `accountaddressid` int(19) NOT NULL DEFAULT '0',
  `bill_city` varchar(30) DEFAULT NULL,
  `bill_code` varchar(30) DEFAULT NULL,
  `bill_country` varchar(30) DEFAULT NULL,
  `bill_state` varchar(30) DEFAULT NULL,
  `bill_street` varchar(250) DEFAULT NULL,
  `bill_pobox` varchar(30) DEFAULT NULL,
  PRIMARY KEY (`accountaddressid`)
) ENGINE=InnoDB DEFAULT CHARSET=utf8;

-- --------------------------------------------------------

--
-- Table structure for table `vtiger_accountdepstatus`
--

CREATE TABLE IF NOT EXISTS `vtiger_accountdepstatus` (
  `deploymentstatusid` int(19) NOT NULL AUTO_INCREMENT,
  `deploymentstatus` varchar(200) NOT NULL,
  `sortorderid` int(19) NOT NULL DEFAULT '0',
  `presence` int(1) NOT NULL DEFAULT '1',
  PRIMARY KEY (`deploymentstatusid`),
  UNIQUE KEY `accountdepstatus_deploymentstatus_idx` (`deploymentstatus`)
) ENGINE=InnoDB DEFAULT CHARSET=utf8 AUTO_INCREMENT=1 ;

-- --------------------------------------------------------

--
-- Table structure for table `vtiger_accountownership`
--

CREATE TABLE IF NOT EXISTS `vtiger_accountownership` (
  `acctownershipid` int(19) NOT NULL AUTO_INCREMENT,
  `ownership` varchar(200) NOT NULL,
  `sortorderid` int(19) NOT NULL DEFAULT '0',
  `presence` int(1) NOT NULL DEFAULT '1',
  PRIMARY KEY (`acctownershipid`),
  UNIQUE KEY `accountownership_ownership_idx` (`ownership`)
) ENGINE=InnoDB DEFAULT CHARSET=utf8 AUTO_INCREMENT=1 ;

-- --------------------------------------------------------

--
-- Table structure for table `vtiger_accountrating`
--

CREATE TABLE IF NOT EXISTS `vtiger_accountrating` (
  `accountratingid` int(19) NOT NULL AUTO_INCREMENT,
  `rating` varchar(200) NOT NULL,
  `sortorderid` int(19) NOT NULL DEFAULT '0',
  `presence` int(1) NOT NULL DEFAULT '1',
  PRIMARY KEY (`accountratingid`),
  UNIQUE KEY `accountrating_rating_idx` (`rating`)
) ENGINE=InnoDB DEFAULT CHARSET=utf8 AUTO_INCREMENT=1 ;

-- --------------------------------------------------------

--
-- Table structure for table `vtiger_accountregion`
--

CREATE TABLE IF NOT EXISTS `vtiger_accountregion` (
  `accountregionid` int(19) NOT NULL AUTO_INCREMENT,
  `region` varchar(200) NOT NULL,
  `sortorderid` int(19) NOT NULL DEFAULT '0',
  `presence` int(1) NOT NULL DEFAULT '1',
  PRIMARY KEY (`accountregionid`),
  UNIQUE KEY `accountregion_region_idx` (`region`)
) ENGINE=InnoDB DEFAULT CHARSET=utf8 AUTO_INCREMENT=1 ;

-- --------------------------------------------------------

--
-- Table structure for table `vtiger_accountscf`
--

CREATE TABLE IF NOT EXISTS `vtiger_accountscf` (
  `accountid` int(19) NOT NULL DEFAULT '0',
  PRIMARY KEY (`accountid`)
) ENGINE=InnoDB DEFAULT CHARSET=utf8;

-- --------------------------------------------------------

--
-- Table structure for table `vtiger_accountshipads`
--

CREATE TABLE IF NOT EXISTS `vtiger_accountshipads` (
  `accountaddressid` int(19) NOT NULL DEFAULT '0',
  `ship_city` varchar(30) DEFAULT NULL,
  `ship_code` varchar(30) DEFAULT NULL,
  `ship_country` varchar(30) DEFAULT NULL,
  `ship_state` varchar(30) DEFAULT NULL,
  `ship_pobox` varchar(30) DEFAULT NULL,
  `ship_street` varchar(250) DEFAULT NULL,
  PRIMARY KEY (`accountaddressid`)
) ENGINE=InnoDB DEFAULT CHARSET=utf8;

-- --------------------------------------------------------

--
-- Table structure for table `vtiger_accounttype`
--

CREATE TABLE IF NOT EXISTS `vtiger_accounttype` (
  `accounttypeid` int(19) NOT NULL AUTO_INCREMENT,
  `accounttype` varchar(200) NOT NULL,
  `presence` int(1) NOT NULL DEFAULT '1',
  `picklist_valueid` int(19) NOT NULL DEFAULT '0',
  PRIMARY KEY (`accounttypeid`),
  UNIQUE KEY `accounttype_accounttype_idx` (`accounttype`)
) ENGINE=InnoDB  DEFAULT CHARSET=utf8 AUTO_INCREMENT=12 ;

--
-- Dumping data for table `vtiger_accounttype`
--

INSERT INTO `vtiger_accounttype` (`accounttypeid`, `accounttype`, `presence`, `picklist_valueid`) VALUES
(1, '--None--', 1, 1),
(2, 'Analyst', 1, 2),
(3, 'Competitor', 1, 3),
(4, 'Customer', 1, 4),
(5, 'Integrator', 1, 5),
(6, 'Investor', 1, 6),
(7, 'Partner', 1, 7),
(8, 'Press', 1, 8),
(9, 'Prospect', 1, 9),
(10, 'Reseller', 1, 10),
(11, 'Other', 1, 11);

-- --------------------------------------------------------

--
-- Table structure for table `vtiger_accounttype_seq`
--

CREATE TABLE IF NOT EXISTS `vtiger_accounttype_seq` (
  `id` int(11) NOT NULL
) ENGINE=InnoDB DEFAULT CHARSET=utf8;

--
-- Dumping data for table `vtiger_accounttype_seq`
--

INSERT INTO `vtiger_accounttype_seq` (`id`) VALUES
(11);

-- --------------------------------------------------------

--
-- Table structure for table `vtiger_actionmapping`
--

CREATE TABLE IF NOT EXISTS `vtiger_actionmapping` (
  `actionid` int(19) NOT NULL,
  `actionname` varchar(200) NOT NULL,
  `securitycheck` int(19) DEFAULT NULL,
  PRIMARY KEY (`actionid`,`actionname`)
) ENGINE=InnoDB DEFAULT CHARSET=utf8;

--
-- Dumping data for table `vtiger_actionmapping`
--

INSERT INTO `vtiger_actionmapping` (`actionid`, `actionname`, `securitycheck`) VALUES
(0, 'Save', 0),
(0, 'SavePriceBook', 1),
(0, 'SaveVendor', 1),
(1, 'DetailViewAjax', 1),
(1, 'EditView', 0),
(1, 'PriceBookEditView', 1),
(1, 'QuickCreate', 1),
(1, 'VendorEditView', 1),
(2, 'Delete', 0),
(2, 'DeletePriceBook', 1),
(2, 'DeleteVendor', 1),
(3, 'index', 0),
(3, 'Popup', 1),
(4, 'DetailView', 0),
(4, 'PriceBookDetailView', 1),
(4, 'TagCloud', 1),
(4, 'VendorDetailView', 1),
(5, 'Import', 0),
(6, 'Export', 0),
(8, 'Merge', 0),
(9, 'ConvertLead', 0),
(10, 'DuplicatesHandling', 0);

-- --------------------------------------------------------

--
-- Table structure for table `vtiger_activity`
--

CREATE TABLE IF NOT EXISTS `vtiger_activity` (
  `activityid` int(19) NOT NULL DEFAULT '0',
  `subject` varchar(100) NOT NULL,
  `semodule` varchar(20) DEFAULT NULL,
  `activitytype` varchar(200) NOT NULL,
  `date_start` date NOT NULL,
  `due_date` date DEFAULT NULL,
  `time_start` varchar(50) DEFAULT NULL,
  `time_end` varchar(50) DEFAULT NULL,
  `sendnotification` varchar(3) NOT NULL DEFAULT '0',
  `duration_hours` varchar(200) DEFAULT NULL,
  `duration_minutes` varchar(200) DEFAULT NULL,
  `status` varchar(200) DEFAULT NULL,
  `eventstatus` varchar(200) DEFAULT NULL,
  `priority` varchar(200) DEFAULT NULL,
  `location` varchar(150) DEFAULT NULL,
  `notime` varchar(3) NOT NULL DEFAULT '0',
  `visibility` varchar(50) NOT NULL DEFAULT 'all',
  `recurringtype` varchar(200) DEFAULT NULL,
  PRIMARY KEY (`activityid`),
  KEY `activity_activityid_subject_idx` (`activityid`,`subject`),
  KEY `activity_activitytype_date_start_idx` (`activitytype`,`date_start`),
  KEY `activity_date_start_due_date_idx` (`date_start`,`due_date`),
  KEY `activity_date_start_time_start_idx` (`date_start`,`time_start`),
  KEY `activity_eventstatus_idx` (`eventstatus`),
  KEY `activity_status_idx` (`status`)
) ENGINE=InnoDB DEFAULT CHARSET=utf8;

--
-- Dumping data for table `vtiger_activity`
--

INSERT INTO `vtiger_activity` (`activityid`, `subject`, `semodule`, `activitytype`, `date_start`, `due_date`, `time_start`, `time_end`, `sendnotification`, `duration_hours`, `duration_minutes`, `status`, `eventstatus`, `priority`, `location`, `notime`, `visibility`, `recurringtype`) VALUES
(260, 'cc', 'HomeOwner', 'Emails', '2013-07-04', NULL, '', NULL, '0', NULL, NULL, NULL, NULL, NULL, NULL, '0', 'all', NULL);

-- --------------------------------------------------------

--
-- Table structure for table `vtiger_activitycf`
--

CREATE TABLE IF NOT EXISTS `vtiger_activitycf` (
  `activityid` int(19) NOT NULL DEFAULT '0',
  PRIMARY KEY (`activityid`)
) ENGINE=InnoDB DEFAULT CHARSET=utf8;

--
-- Dumping data for table `vtiger_activitycf`
--

INSERT INTO `vtiger_activitycf` (`activityid`) VALUES
(116),
(117),
(118),
(119),
(120),
(121);

-- --------------------------------------------------------

--
-- Table structure for table `vtiger_activityproductrel`
--

CREATE TABLE IF NOT EXISTS `vtiger_activityproductrel` (
  `activityid` int(19) NOT NULL DEFAULT '0',
  `productid` int(19) NOT NULL DEFAULT '0',
  PRIMARY KEY (`activityid`,`productid`),
  KEY `activityproductrel_activityid_idx` (`activityid`),
  KEY `activityproductrel_productid_idx` (`productid`)
) ENGINE=InnoDB DEFAULT CHARSET=utf8;

-- --------------------------------------------------------

--
-- Table structure for table `vtiger_activitytype`
--

CREATE TABLE IF NOT EXISTS `vtiger_activitytype` (
  `activitytypeid` int(19) NOT NULL AUTO_INCREMENT,
  `activitytype` varchar(200) NOT NULL,
  `presence` int(1) NOT NULL DEFAULT '1',
  `picklist_valueid` int(19) NOT NULL DEFAULT '0',
  PRIMARY KEY (`activitytypeid`),
  UNIQUE KEY `activitytype_activitytype_idx` (`activitytype`)
) ENGINE=InnoDB  DEFAULT CHARSET=utf8 AUTO_INCREMENT=3 ;

--
-- Dumping data for table `vtiger_activitytype`
--

INSERT INTO `vtiger_activitytype` (`activitytypeid`, `activitytype`, `presence`, `picklist_valueid`) VALUES
(1, 'Call', 0, 12),
(2, 'Meeting', 0, 13);

-- --------------------------------------------------------

--
-- Table structure for table `vtiger_activitytype_seq`
--

CREATE TABLE IF NOT EXISTS `vtiger_activitytype_seq` (
  `id` int(11) NOT NULL
) ENGINE=InnoDB DEFAULT CHARSET=utf8;

--
-- Dumping data for table `vtiger_activitytype_seq`
--

INSERT INTO `vtiger_activitytype_seq` (`id`) VALUES
(2);

-- --------------------------------------------------------

--
-- Table structure for table `vtiger_activity_reminder`
--

CREATE TABLE IF NOT EXISTS `vtiger_activity_reminder` (
  `activity_id` int(11) NOT NULL,
  `reminder_time` int(11) NOT NULL,
  `reminder_sent` int(2) NOT NULL,
  `recurringid` int(19) NOT NULL,
  PRIMARY KEY (`activity_id`,`recurringid`)
) ENGINE=InnoDB DEFAULT CHARSET=utf8;

-- --------------------------------------------------------

--
-- Table structure for table `vtiger_activity_reminder_popup`
--

CREATE TABLE IF NOT EXISTS `vtiger_activity_reminder_popup` (
  `reminderid` int(19) NOT NULL AUTO_INCREMENT,
  `semodule` varchar(100) NOT NULL,
  `recordid` int(19) NOT NULL,
  `date_start` date NOT NULL,
  `time_start` varchar(100) NOT NULL,
  `status` int(2) NOT NULL,
  PRIMARY KEY (`reminderid`)
) ENGINE=InnoDB  DEFAULT CHARSET=utf8 AUTO_INCREMENT=7 ;

--
-- Dumping data for table `vtiger_activity_reminder_popup`
--

INSERT INTO `vtiger_activity_reminder_popup` (`reminderid`, `semodule`, `recordid`, `date_start`, `time_start`, `status`) VALUES
(1, 'Calendar', 116, '2006-02-16', '17:33', 1),
(2, 'Calendar', 117, '2006-02-22', '03:38', 1),
(3, 'Calendar', 118, '2006-08-15', '09:00', 1),
(4, 'Calendar', 119, '2006-02-09', '22:14', 1),
(5, 'Calendar', 120, '2006-03-04', '12:16', 1),
(6, 'Calendar', 121, '2006-05-23', '08:41', 1);

-- --------------------------------------------------------

--
-- Table structure for table `vtiger_activity_view`
--

CREATE TABLE IF NOT EXISTS `vtiger_activity_view` (
  `activity_viewid` int(19) NOT NULL AUTO_INCREMENT,
  `activity_view` varchar(200) NOT NULL,
  `sortorderid` int(19) NOT NULL DEFAULT '0',
  `presence` int(1) NOT NULL DEFAULT '1',
  PRIMARY KEY (`activity_viewid`)
) ENGINE=InnoDB  DEFAULT CHARSET=utf8 AUTO_INCREMENT=5 ;

--
-- Dumping data for table `vtiger_activity_view`
--

INSERT INTO `vtiger_activity_view` (`activity_viewid`, `activity_view`, `sortorderid`, `presence`) VALUES
(1, 'Today', 0, 1),
(2, 'This Week', 1, 1),
(3, 'This Month', 2, 1),
(4, 'This Year', 3, 1);

-- --------------------------------------------------------

--
-- Table structure for table `vtiger_activity_view_seq`
--

CREATE TABLE IF NOT EXISTS `vtiger_activity_view_seq` (
  `id` int(11) NOT NULL
) ENGINE=InnoDB DEFAULT CHARSET=utf8;

--
-- Dumping data for table `vtiger_activity_view_seq`
--

INSERT INTO `vtiger_activity_view_seq` (`id`) VALUES
(4);

-- --------------------------------------------------------

--
-- Table structure for table `vtiger_activsubtype`
--

CREATE TABLE IF NOT EXISTS `vtiger_activsubtype` (
  `activesubtypeid` int(19) NOT NULL AUTO_INCREMENT,
  `activsubtype` varchar(100) DEFAULT NULL,
  `sortorderid` int(19) NOT NULL DEFAULT '0',
  `presence` int(1) NOT NULL DEFAULT '1',
  PRIMARY KEY (`activesubtypeid`)
) ENGINE=InnoDB DEFAULT CHARSET=utf8 AUTO_INCREMENT=1 ;

-- --------------------------------------------------------

--
-- Table structure for table `vtiger_announcement`
--

CREATE TABLE IF NOT EXISTS `vtiger_announcement` (
  `creatorid` int(19) NOT NULL,
  `announcement` text,
  `title` varchar(255) DEFAULT NULL,
  `time` timestamp NOT NULL DEFAULT CURRENT_TIMESTAMP ON UPDATE CURRENT_TIMESTAMP,
  PRIMARY KEY (`creatorid`),
  KEY `announcement_creatorid_idx` (`creatorid`)
) ENGINE=InnoDB DEFAULT CHARSET=utf8;

-- --------------------------------------------------------

--
-- Table structure for table `vtiger_assets`
--

CREATE TABLE IF NOT EXISTS `vtiger_assets` (
  `assetsid` int(11) NOT NULL,
  `asset_no` varchar(30) NOT NULL,
  `account` int(19) NOT NULL,
  `product` int(19) NOT NULL,
  `serialnumber` varchar(200) NOT NULL,
  `datesold` date NOT NULL,
  `dateinservice` date NOT NULL,
  `assetstatus` varchar(200) DEFAULT 'In Service',
  `tagnumber` varchar(300) DEFAULT NULL,
  `invoiceid` int(19) DEFAULT NULL,
  `shippingmethod` varchar(200) DEFAULT NULL,
  `shippingtrackingnumber` varchar(200) DEFAULT NULL,
  `assetname` varchar(100) DEFAULT NULL,
  PRIMARY KEY (`assetsid`)
) ENGINE=InnoDB DEFAULT CHARSET=utf8;

-- --------------------------------------------------------

--
-- Table structure for table `vtiger_assetscf`
--

CREATE TABLE IF NOT EXISTS `vtiger_assetscf` (
  `assetsid` int(19) NOT NULL,
  PRIMARY KEY (`assetsid`)
) ENGINE=InnoDB DEFAULT CHARSET=utf8;

-- --------------------------------------------------------

--
-- Table structure for table `vtiger_assetstatus`
--

CREATE TABLE IF NOT EXISTS `vtiger_assetstatus` (
  `assetstatusid` int(11) NOT NULL AUTO_INCREMENT,
  `assetstatus` varchar(200) NOT NULL,
  `presence` int(1) NOT NULL DEFAULT '1',
  `picklist_valueid` int(11) NOT NULL DEFAULT '0',
  PRIMARY KEY (`assetstatusid`)
) ENGINE=InnoDB  DEFAULT CHARSET=utf8 AUTO_INCREMENT=3 ;

--
-- Dumping data for table `vtiger_assetstatus`
--

INSERT INTO `vtiger_assetstatus` (`assetstatusid`, `assetstatus`, `presence`, `picklist_valueid`) VALUES
(1, 'In Service', 1, 235),
(2, 'Out-of-service', 1, 236);

-- --------------------------------------------------------

--
-- Table structure for table `vtiger_assetstatus_seq`
--

CREATE TABLE IF NOT EXISTS `vtiger_assetstatus_seq` (
  `id` int(11) NOT NULL
) ENGINE=InnoDB DEFAULT CHARSET=utf8;

--
-- Dumping data for table `vtiger_assetstatus_seq`
--

INSERT INTO `vtiger_assetstatus_seq` (`id`) VALUES
(2);

-- --------------------------------------------------------

--
-- Table structure for table `vtiger_asterisk`
--

CREATE TABLE IF NOT EXISTS `vtiger_asterisk` (
  `server` varchar(30) DEFAULT NULL,
  `port` varchar(30) DEFAULT NULL,
  `username` varchar(50) DEFAULT NULL,
  `password` varchar(50) DEFAULT NULL,
  `version` varchar(50) DEFAULT NULL
) ENGINE=InnoDB DEFAULT CHARSET=utf8;

-- --------------------------------------------------------

--
-- Table structure for table `vtiger_asteriskextensions`
--

CREATE TABLE IF NOT EXISTS `vtiger_asteriskextensions` (
  `userid` int(11) DEFAULT NULL,
  `asterisk_extension` varchar(50) DEFAULT NULL,
  `use_asterisk` varchar(3) DEFAULT NULL
) ENGINE=InnoDB DEFAULT CHARSET=utf8;

--
-- Dumping data for table `vtiger_asteriskextensions`
--

INSERT INTO `vtiger_asteriskextensions` (`userid`, `asterisk_extension`, `use_asterisk`) VALUES
(1, '', '0'),
(5, '', '1'),
(6, '', '1'),
(7, '', '1'),
(8, '', '1');

-- --------------------------------------------------------

--
-- Table structure for table `vtiger_asteriskincomingcalls`
--

CREATE TABLE IF NOT EXISTS `vtiger_asteriskincomingcalls` (
  `from_number` varchar(50) DEFAULT NULL,
  `from_name` varchar(50) DEFAULT NULL,
  `to_number` varchar(50) DEFAULT NULL,
  `callertype` varchar(30) DEFAULT NULL,
  `flag` int(19) DEFAULT NULL,
  `timer` int(19) DEFAULT NULL,
  `refuid` varchar(255) DEFAULT NULL
) ENGINE=InnoDB DEFAULT CHARSET=utf8;

-- --------------------------------------------------------

--
-- Table structure for table `vtiger_asteriskincomingevents`
--

CREATE TABLE IF NOT EXISTS `vtiger_asteriskincomingevents` (
  `uid` varchar(255) NOT NULL,
  `channel` varchar(100) DEFAULT NULL,
  `from_number` bigint(20) DEFAULT NULL,
  `from_name` varchar(100) DEFAULT NULL,
  `to_number` bigint(20) DEFAULT NULL,
  `callertype` varchar(100) DEFAULT NULL,
  `timer` int(20) DEFAULT NULL,
  `flag` varchar(3) DEFAULT NULL,
  `pbxrecordid` int(19) DEFAULT NULL,
  `relcrmid` int(19) DEFAULT NULL,
  PRIMARY KEY (`uid`)
) ENGINE=InnoDB DEFAULT CHARSET=utf8;

-- --------------------------------------------------------

--
-- Table structure for table `vtiger_attachments`
--

CREATE TABLE IF NOT EXISTS `vtiger_attachments` (
  `attachmentsid` int(19) NOT NULL,
  `name` varchar(255) NOT NULL,
  `description` text,
  `type` varchar(100) DEFAULT NULL,
  `path` text,
  `subject` varchar(255) DEFAULT NULL,
  PRIMARY KEY (`attachmentsid`),
  KEY `attachments_attachmentsid_idx` (`attachmentsid`)
) ENGINE=InnoDB DEFAULT CHARSET=utf8;

-- --------------------------------------------------------

--
-- Table structure for table `vtiger_attachmentsfolder`
--

CREATE TABLE IF NOT EXISTS `vtiger_attachmentsfolder` (
  `folderid` int(19) NOT NULL AUTO_INCREMENT,
  `foldername` varchar(200) NOT NULL,
  `description` varchar(250) DEFAULT NULL,
  `createdby` int(19) NOT NULL,
  `sequence` int(19) DEFAULT NULL,
  PRIMARY KEY (`folderid`)
) ENGINE=InnoDB  DEFAULT CHARSET=utf8 AUTO_INCREMENT=2 ;

--
-- Dumping data for table `vtiger_attachmentsfolder`
--

INSERT INTO `vtiger_attachmentsfolder` (`folderid`, `foldername`, `description`, `createdby`, `sequence`) VALUES
(1, 'Default', 'This is a Default Folder', 1, 1);

-- --------------------------------------------------------

--
-- Table structure for table `vtiger_attachmentsfolder_seq`
--

CREATE TABLE IF NOT EXISTS `vtiger_attachmentsfolder_seq` (
  `id` int(11) NOT NULL
) ENGINE=InnoDB DEFAULT CHARSET=utf8;

--
-- Dumping data for table `vtiger_attachmentsfolder_seq`
--

INSERT INTO `vtiger_attachmentsfolder_seq` (`id`) VALUES
(1);

-- --------------------------------------------------------

--
-- Table structure for table `vtiger_audit_trial`
--

CREATE TABLE IF NOT EXISTS `vtiger_audit_trial` (
  `auditid` int(19) NOT NULL,
  `userid` int(19) DEFAULT NULL,
  `module` varchar(255) DEFAULT NULL,
  `action` varchar(255) DEFAULT NULL,
  `recordid` varchar(20) DEFAULT NULL,
  `actiondate` datetime DEFAULT NULL,
  PRIMARY KEY (`auditid`)
) ENGINE=InnoDB DEFAULT CHARSET=utf8;

--
-- Dumping data for table `vtiger_audit_trial`
--

INSERT INTO `vtiger_audit_trial` (`auditid`, `userid`, `module`, `action`, `recordid`, `actiondate`) VALUES
(1, 1, 'Settings', 'SettingsAjax', '', '2013-07-09 08:18:51'),
(2, 1, 'Settings', 'SettingsAjax', '', '2013-07-09 08:18:57'),
(3, 1, 'Users', 'Logout', '', '2013-07-09 08:18:59'),
(4, 6, 'Users', 'Authenticate', '', '2013-07-09 08:19:04'),
(5, 6, 'Home', 'index', '', '2013-07-09 08:19:05'),
(6, 6, 'Home', 'HomeAjax', '', '2013-07-09 08:19:05'),
(7, 6, 'HomeOwner', 'index', '', '2013-07-09 08:19:07'),
(8, 6, 'HomeOwner', 'DetailView', '242', '2013-07-09 08:19:08'),
(9, 6, 'HomeOwner', 'HomeOwnerAjax', '', '2013-07-09 08:19:09'),
(10, 6, 'HomeOwner', 'EditView', '242', '2013-07-09 08:19:10'),
(11, 6, 'House', 'Popup', '', '2013-07-09 08:19:18'),
(12, 6, 'Cars', 'Popup', '', '2013-07-09 08:19:22'),
(13, 6, 'HomeOwner', 'Save', '242', '2013-07-09 08:19:25'),
(14, 6, 'HomeOwner', 'DetailView', '242', '2013-07-09 08:19:26'),
(15, 6, 'HomeOwner', 'HomeOwnerAjax', '', '2013-07-09 08:19:27'),
(16, 6, 'Users', 'Logout', '', '2013-07-09 08:19:30'),
(17, 1, 'Users', 'Authenticate', '', '2013-07-09 08:19:33'),
(18, 1, 'Home', 'index', '', '2013-07-09 08:19:34'),
(19, 1, 'Home', 'HomeAjax', '', '2013-07-09 08:19:35'),
(20, 1, 'Settings', 'index', '', '2013-07-09 08:19:36'),
(21, 1, 'Settings', 'AuditTrailList', '', '2013-07-09 08:19:38'),
(22, 1, 'Settings', 'SettingsAjax', '', '2013-07-09 08:19:41'),
(23, 1, 'Settings', 'SettingsAjax', '', '2013-07-09 08:20:07'),
(24, 1, 'Users', 'Logout', '', '2013-07-09 08:20:27'),
(25, 6, 'Users', 'Authenticate', '', '2013-07-09 08:20:37'),
(26, 6, 'Home', 'index', '', '2013-07-09 08:20:38'),
(27, 6, 'Home', 'HomeAjax', '', '2013-07-09 08:20:38'),
(28, 6, 'HomeOwner', 'index', '', '2013-07-09 08:20:42'),
(29, 6, 'HomeOwner', 'DetailView', '242', '2013-07-09 08:20:44'),
(30, 6, 'HomeOwner', 'HomeOwnerAjax', '', '2013-07-09 08:20:45'),
(31, 6, 'HomeOwner', 'index', '', '2013-07-09 08:20:48'),
(32, 6, 'HomeOwner', 'DetailView', '242', '2013-07-09 08:22:28'),
(33, 6, 'HomeOwner', 'HomeOwnerAjax', '', '2013-07-09 08:22:29'),
(34, 6, 'HomeOwner', 'ReportsPerHomeOwner', '242', '2013-07-09 08:22:30'),
(35, 6, 'HomeOwner', 'DetailView', '242', '2013-07-09 08:22:44'),
(36, 6, 'HomeOwner', 'HomeOwnerAjax', '', '2013-07-09 08:22:44'),
(37, 6, 'Emails', 'EmailsAjax', '', '2013-07-09 08:23:09'),
(38, 6, 'HomeOwner', 'index', '', '2013-07-09 08:23:53'),
(39, 6, 'Tooltip', 'TooltipAjax', '', '2013-07-09 08:23:55'),
(40, 6, 'HomeOwner', 'DetailView', '263', '2013-07-09 08:23:56'),
(41, 6, 'HomeOwner', 'HomeOwnerAjax', '', '2013-07-09 08:23:57'),
(42, 6, 'Cars', 'EditView', '', '2013-07-09 08:24:04'),
(43, 6, 'HomeOwner', 'DetailView', '263', '2013-07-09 08:24:07'),
(44, 6, 'HomeOwner', 'HomeOwnerAjax', '', '2013-07-09 08:24:08'),
(45, 6, 'House', 'EditView', '', '2013-07-09 08:24:09'),
(46, 6, 'HomeOwner', 'DetailView', '263', '2013-07-09 08:24:12'),
(47, 6, 'HomeOwner', 'HomeOwnerAjax', '', '2013-07-09 08:24:13'),
(48, 6, 'AdvancePayment', 'EditView', '', '2013-07-09 08:24:14'),
(49, 6, 'HomeOwner', 'DetailView', '263', '2013-07-09 08:24:16'),
(50, 6, 'HomeOwner', 'HomeOwnerAjax', '', '2013-07-09 08:24:17'),
(51, 6, 'HomeOwner', 'ReportsPerHomeOwner', '263', '2013-07-09 08:24:51'),
(52, 6, 'HomeOwner', 'index', '', '2013-07-09 08:24:59'),
(53, 6, 'HomeOwner', 'DetailView', '242', '2013-07-09 08:25:01'),
(54, 6, 'HomeOwner', 'HomeOwnerAjax', '', '2013-07-09 08:25:02'),
(55, 6, 'HomeOwner', 'ReportsPerHomeOwner', '242', '2013-07-09 08:25:02'),
(56, 6, 'HomeOwner', 'index', '', '2013-07-09 08:25:04'),
(57, 6, 'Billing', 'index', '', '2013-07-09 08:25:17'),
(58, 6, 'Billing', 'EditView', '', '2013-07-09 08:25:19'),
(59, 6, 'HomeOwner', 'Popup', '', '2013-07-09 08:25:21'),
(60, 6, 'House', 'Popup', '', '2013-07-09 08:25:23'),
(61, 6, 'Billing', 'index', '', '2013-07-09 08:25:39'),
(62, 6, 'MemoAdvice', 'index', '', '2013-07-09 08:25:43'),
(63, 6, 'MemoAdvice', 'EditView', '', '2013-07-09 08:25:45'),
(64, 6, 'HomeOwner', 'Popup', '', '2013-07-09 08:25:48'),
(65, 6, 'House', 'Popup', '', '2013-07-09 08:25:50'),
(66, 6, 'Cars', 'Popup', '', '2013-07-09 08:25:54'),
(67, 6, 'MemoAdvice', 'index', '', '2013-07-09 08:25:56'),
(68, 6, 'Cars', 'index', '', '2013-07-09 08:26:00'),
(69, 6, 'Cars', 'EditView', '', '2013-07-09 08:26:03'),
(70, 6, 'HomeOwner', 'Popup', '', '2013-07-09 08:26:04'),
(71, 6, 'HomeOwner', 'Popup', '', '2013-07-09 08:26:08'),
(72, 6, 'Cars', 'index', '', '2013-07-09 08:26:10'),
(73, 6, 'Tooltip', 'TooltipAjax', '', '2013-07-09 08:26:12'),
(74, 6, 'HomeOwner', 'index', '', '2013-07-09 08:27:16'),
(75, 6, 'HomeOwner', 'DetailView', '242', '2013-07-09 08:33:42'),
(76, 6, 'HomeOwner', 'HomeOwnerAjax', '', '2013-07-09 08:33:42'),
(77, 6, 'MemoAdvice', 'MemoAdviceAjax', '', '2013-07-09 08:33:51'),
(78, 6, 'HomeOwner', 'ReportsPerHomeOwner', '242', '2013-07-09 08:34:05'),
(79, 6, 'HomeOwner', 'DetailView', '242', '2013-07-09 08:46:13'),
(80, 6, 'HomeOwner', 'HomeOwnerAjax', '', '2013-07-09 08:46:14'),
(81, 6, 'HomeOwner', 'EditView', '242', '2013-07-09 08:46:24'),
(82, 6, 'HomeOwner', 'DetailView', '242', '2013-07-09 08:46:27'),
(83, 6, 'HomeOwner', 'HomeOwnerAjax', '', '2013-07-09 08:46:28'),
(84, 6, 'Users', 'getListOfRecords', '', '2013-07-09 08:46:35'),
(85, 6, 'HomeOwner', 'DetailView', '263', '2013-07-09 08:46:37'),
(86, 6, 'HomeOwner', 'HomeOwnerAjax', '', '2013-07-09 08:46:38'),
(87, 6, 'Users', 'getListOfRecords', '', '2013-07-09 08:46:40'),
(88, 6, 'HomeOwner', 'DetailView', '242', '2013-07-09 08:46:42'),
(89, 6, 'HomeOwner', 'HomeOwnerAjax', '', '2013-07-09 08:46:43'),
(90, 6, 'HomeOwner', 'ReportsPerHomeOwner', '242', '2013-07-09 08:48:41'),
(91, 6, 'HomeOwner', 'DetailView', '242', '2013-07-09 08:48:48'),
(92, 6, 'HomeOwner', 'HomeOwnerAjax', '', '2013-07-09 08:48:48'),
(93, 6, 'HomeOwner', 'ReportsPerHomeOwner', '242', '2013-07-09 08:48:49'),
(94, 6, 'HomeOwner', 'DetailView', '242', '2013-07-09 09:00:05'),
(95, 6, 'HomeOwner', 'HomeOwnerAjax', '', '2013-07-09 09:00:06'),
(96, 6, 'HomeOwner', 'ReportsPerHomeOwner', '242', '2013-07-09 09:00:20'),
(97, 6, 'HomeOwner', 'DetailView', '242', '2013-07-09 09:01:23'),
(98, 6, 'HomeOwner', 'HomeOwnerAjax', '', '2013-07-09 09:01:23'),
(99, 6, 'MemoAdvice', 'MemoAdviceAjax', '', '2013-07-09 09:11:03'),
(100, 6, 'MemoAdvice', 'MemoAdviceAjax', '', '2013-07-09 09:11:13'),
(101, 6, 'Billing', 'BillingAjax', '', '2013-07-09 09:11:17'),
(102, 6, 'MemoAdvice', 'MemoAdviceAjax', '', '2013-07-09 09:11:25'),
(103, 6, 'HomeOwner', 'ReportsPerHomeOwner', '242', '2013-07-09 09:11:37'),
(104, 6, 'HomeOwner', 'DetailView', '242', '2013-07-09 09:18:18'),
(105, 6, 'HomeOwner', 'HomeOwnerAjax', '', '2013-07-09 09:18:19'),
(106, 6, 'HomeOwner', 'ReportsPerHomeOwner', '242', '2013-07-09 09:18:41'),
(107, 6, 'HomeOwner', 'DetailView', '242', '2013-07-09 09:19:21'),
(108, 6, 'HomeOwner', 'HomeOwnerAjax', '', '2013-07-09 09:19:22'),
(109, 6, 'Billing', 'BillingAjax', '', '2013-07-09 09:19:23'),
(110, 6, 'Billing', 'BillingAjax', '', '2013-07-09 09:19:25'),
(111, 6, 'Billing', 'BillingAjax', '', '2013-07-09 09:19:32'),
(112, 6, 'MemoAdvice', 'MemoAdviceAjax', '', '2013-07-09 09:19:37'),
(113, 6, 'HomeOwner', 'ReportsPerHomeOwner', '242', '2013-07-09 09:19:48'),
(114, 6, 'HomeOwner', 'DetailView', '242', '2013-07-09 09:20:08'),
(115, 6, 'HomeOwner', 'HomeOwnerAjax', '', '2013-07-09 09:20:09'),
(116, 6, 'HomeOwner', 'ReportsPerHomeOwner', '242', '2013-07-09 09:22:24'),
(117, 6, 'Billing', 'DetailView', '280', '2013-07-09 09:22:46'),
(118, 6, 'Billing', 'BillingAjax', '', '2013-07-09 09:22:47'),
(119, 6, 'HomeOwner', 'DetailView', '242', '2013-07-09 09:22:56'),
(120, 6, 'HomeOwner', 'HomeOwnerAjax', '', '2013-07-09 09:22:57'),
(121, 6, 'HomeOwner', 'ReportsPerHomeOwner', '242', '2013-07-09 09:23:28'),
(122, 6, 'HomeOwner', 'ReportsPerHomeOwner', '242', '2013-07-09 09:24:37'),
(123, 6, 'HomeOwner', 'ReportsPerHomeOwner', '242', '2013-07-09 09:24:59'),
(124, 6, 'HomeOwner', 'ReportsPerHomeOwner', '242', '2013-07-09 09:26:24'),
(125, 6, 'HomeOwner', 'ReportsPerHomeOwner', '242', '2013-07-09 09:28:29'),
(126, 6, 'HomeOwner', 'ReportsPerHomeOwner', '242', '2013-07-09 09:28:39'),
(127, 6, 'HomeOwner', 'ReportsPerHomeOwner', '242', '2013-07-09 09:29:25'),
(128, 6, 'HomeOwner', 'ReportsPerHomeOwner', '242', '2013-07-09 09:30:16'),
(129, 6, 'HomeOwner', 'ReportsPerHomeOwner', '242', '2013-07-09 09:30:24'),
(130, 6, 'HomeOwner', 'ReportsPerHomeOwner', '242', '2013-07-09 09:31:07'),
(131, 6, 'HomeOwner', 'ReportsPerHomeOwner', '242', '2013-07-09 09:31:16'),
(132, 6, 'HomeOwner', 'ReportsPerHomeOwner', '242', '2013-07-09 09:31:23'),
(133, 6, 'HomeOwner', 'ReportsPerHomeOwner', '242', '2013-07-09 09:34:39'),
(134, 6, 'HomeOwner', 'DetailView', '242', '2013-07-09 09:35:05'),
(135, 6, 'HomeOwner', 'HomeOwnerAjax', '', '2013-07-09 09:35:06'),
(136, 6, 'HomeOwner', 'ReportsPerHomeOwner', '242', '2013-07-09 09:35:09'),
(137, 6, 'HomeOwner', 'DetailView', '242', '2013-07-09 10:14:57'),
(138, 6, 'HomeOwner', 'HomeOwnerAjax', '', '2013-07-09 10:14:58'),
(139, 6, 'HomeOwner', 'ReportsPerHomeOwner', '242', '2013-07-09 10:15:01'),
(140, 6, 'Users', 'Logout', '', '2013-07-09 10:15:10'),
(141, 6, 'Users', 'Authenticate', '', '2013-07-10 01:34:54'),
(142, 6, 'Home', 'index', '', '2013-07-10 01:34:54'),
(143, 6, 'Home', 'HomeAjax', '', '2013-07-10 01:34:56'),
(144, 6, 'HomeOwner', 'index', '', '2013-07-10 01:34:57'),
(145, 6, 'HomeOwner', 'DetailView', '242', '2013-07-10 01:34:59'),
(146, 6, 'HomeOwner', 'HomeOwnerAjax', '', '2013-07-10 01:35:00'),
(147, 6, 'HomeOwner', 'ReportsPerHomeOwner', '242', '2013-07-10 01:35:02'),
(148, 6, 'HomeOwner', 'DetailView', '242', '2013-07-10 01:35:10'),
(149, 6, 'HomeOwner', 'HomeOwnerAjax', '', '2013-07-10 01:35:11'),
(150, 6, 'HomeOwner', 'DetailView', '242', '2013-07-10 01:39:58'),
(151, 6, 'HomeOwner', 'HomeOwnerAjax', '', '2013-07-10 01:39:59'),
(152, 6, 'HomeOwner', 'DetailView', '242', '2013-07-10 01:40:05'),
(153, 6, 'HomeOwner', 'HomeOwnerAjax', '', '2013-07-10 01:40:06'),
(154, 6, 'HomeOwner', 'DetailView', '242', '2013-07-10 01:40:11'),
(155, 6, 'HomeOwner', 'HomeOwnerAjax', '', '2013-07-10 01:40:12'),
(156, 6, 'HomeOwner', 'DetailView', '242', '2013-07-10 01:40:21'),
(157, 6, 'HomeOwner', 'HomeOwnerAjax', '', '2013-07-10 01:40:21'),
(158, 6, 'HomeOwner', 'DetailView', '242', '2013-07-10 01:40:31'),
(159, 6, 'HomeOwner', 'HomeOwnerAjax', '', '2013-07-10 01:40:32'),
(160, 6, 'Users', 'Logout', '', '2013-07-10 01:40:44'),
(161, 1, 'Users', 'Authenticate', '', '2013-07-10 01:40:47'),
(162, 1, 'Home', 'index', '', '2013-07-10 01:40:48'),
(163, 1, 'Home', 'HomeAjax', '', '2013-07-10 01:40:49'),
(164, 1, 'ModCreator', 'index', '', '2013-07-10 01:40:54'),
(165, 1, 'ModCreator', 'index', '', '2013-07-10 01:41:04'),
(166, 1, 'HomeOwner', 'index', '', '2013-07-10 01:41:08'),
(167, 1, 'MemoAdvice', 'DetailView', '273', '2013-07-10 01:43:26'),
(168, 1, 'ModCreator', 'index', '', '2013-07-10 01:44:09'),
(169, 1, 'HomeOwner', 'DetailView', '242', '2013-07-10 01:44:32'),
(170, 1, 'HomeOwner', 'index', '', '2013-07-10 01:49:12'),
(171, 1, 'Tooltip', 'TooltipAjax', '', '2013-07-10 01:49:31'),
(172, 1, 'HomeOwner', 'index', '', '2013-07-10 01:56:32'),
(173, 1, 'HomeOwner', 'DetailView', '242', '2013-07-10 01:56:34'),
(174, 1, 'HomeOwner', 'DetailView', '242', '2013-07-10 01:57:30'),
(175, 1, 'HomeOwner', 'DetailView', '242', '2013-07-10 01:58:27'),
(176, 1, 'HomeOwner', 'DetailView', '242', '2013-07-10 01:58:36'),
(177, 1, 'HomeOwner', 'DetailView', '242', '2013-07-10 01:58:37'),
(178, 1, 'HomeOwner', 'DetailView', '242', '2013-07-10 01:59:47'),
(179, 1, 'HomeOwner', 'DetailView', '242', '2013-07-10 02:00:18'),
(180, 1, 'HomeOwner', 'DetailView', '242', '2013-07-10 02:00:24'),
(181, 1, 'HomeOwner', 'DetailView', '242', '2013-07-10 02:00:30'),
(182, 1, 'HomeOwner', 'DetailView', '242', '2013-07-10 02:06:29'),
(183, 1, 'HomeOwner', 'DetailView', '242', '2013-07-10 02:06:38'),
(184, 1, 'HomeOwner', 'index', '', '2013-07-10 02:06:39'),
(185, 1, 'HomeOwner', 'index', '', '2013-07-10 02:08:13'),
(186, 1, 'HomeOwner', 'DetailView', '242', '2013-07-10 02:08:15'),
(187, 1, 'HomeOwner', 'ReportsPerHomeOwner', '242', '2013-07-10 02:08:19'),
(188, 1, 'HomeOwner', 'CallRelatedList', '242', '2013-07-10 02:08:21'),
(189, 1, 'HomeOwner', 'ReportsPerHomeOwner', '242', '2013-07-10 02:08:22'),
(190, 1, 'HomeOwner', 'DetailView', '242', '2013-07-10 02:08:23'),
(191, 1, 'HomeOwner', 'DetailView', '242', '2013-07-10 02:18:08'),
(192, 1, 'HomeOwner', 'DetailView', '242', '2013-07-10 02:18:11'),
(193, 1, 'HomeOwner', 'DetailView', '242', '2013-07-10 02:18:13'),
(194, 1, 'HomeOwner', 'DetailView', '242', '2013-07-10 02:18:46'),
(195, 1, 'HomeOwner', 'DetailView', '242', '2013-07-10 02:18:47'),
(196, 1, 'HomeOwner', 'DetailView', '242', '2013-07-10 02:18:49'),
(197, 1, 'HomeOwner', 'DetailView', '242', '2013-07-10 02:18:59'),
(198, 1, 'HomeOwner', 'DetailView', '242', '2013-07-10 02:19:01'),
(199, 1, 'HomeOwner', 'DetailView', '242', '2013-07-10 02:19:02'),
(200, 1, 'HomeOwner', 'DetailView', '242', '2013-07-10 02:19:04'),
(201, 1, 'HomeOwner', 'DetailView', '242', '2013-07-10 02:19:05'),
(202, 1, 'Documents', 'index', '', '2013-07-10 02:19:52'),
(203, 1, 'Billing', 'index', '', '2013-07-10 02:19:56'),
(204, 1, 'Tooltip', 'TooltipAjax', '', '2013-07-10 02:20:00'),
(205, 1, 'Billing', 'DetailView', '266', '2013-07-10 02:20:00'),
(206, 1, 'HomeOwner', 'DetailView', '242', '2013-07-10 02:20:03'),
(207, 1, 'HomeOwner', 'DetailView', '242', '2013-07-10 02:20:30'),
(208, 1, 'HomeOwner', 'ReportsPerHomeOwner', '242', '2013-07-10 02:20:39'),
(209, 1, 'HomeOwner', 'index', '', '2013-07-10 02:21:42'),
(210, 1, 'HomeOwner', 'DetailView', '242', '2013-07-10 02:21:47'),
(211, 1, 'HomeOwner', 'ReportsPerHomeOwner', '242', '2013-07-10 02:21:54'),
(212, 1, 'HomeOwner', 'DetailView', '242', '2013-07-10 02:22:34'),
(213, 1, 'HomeOwner', 'index', '', '2013-07-10 02:24:22'),
(214, 1, 'Tooltip', 'TooltipAjax', '', '2013-07-10 02:24:23'),
(215, 1, 'HomeOwner', 'DetailView', '263', '2013-07-10 02:24:24'),
(216, 1, 'HomeOwner', 'index', '', '2013-07-10 02:24:26'),
(217, 1, 'HomeOwner', 'HomeOwnerAjax', '', '2013-07-10 02:25:06'),
(218, 1, 'HomeOwner', 'HomeOwnerAjax', '', '2013-07-10 02:25:22'),
(219, 1, 'HomeOwner', 'HomeOwnerAjax', '', '2013-07-10 02:25:34'),
(220, 1, 'HomeOwner', 'index', '', '2013-07-10 02:25:37'),
(221, 1, 'HomeOwner', 'HomeOwnerAjax', '', '2013-07-10 02:26:15'),
(222, 1, 'HomeOwner', 'index', '', '2013-07-10 02:26:18'),
(223, 1, 'Tooltip', 'TooltipAjax', '', '2013-07-10 02:26:21'),
(224, 1, 'Settings', 'index', '', '2013-07-10 02:30:00'),
(225, 1, 'Settings', 'ModuleManager', '', '2013-07-10 02:30:02'),
(226, 1, 'Settings', 'SettingsAjax', '', '2013-07-10 02:30:06'),
(227, 1, 'Settings', 'ModuleManager', '', '2013-07-10 02:30:07'),
(228, 1, 'Reports', 'index', '', '2013-07-10 02:30:10'),
(229, 1, 'Settings', 'index', '', '2013-07-10 02:30:18'),
(230, 1, 'Settings', 'ModuleManager', '', '2013-07-10 02:30:20'),
(231, 1, 'Settings', 'SettingsAjax', '', '2013-07-10 02:30:25'),
(232, 1, 'Settings', 'ModuleManager', '', '2013-07-10 02:30:26'),
(233, 1, 'ModCreator', 'index', '', '2013-07-10 02:30:29'),
(234, 1, 'ModCreator', 'index', '', '2013-07-10 02:30:32'),
(235, 1, 'ModCreator', 'index', '', '2013-07-10 02:31:50'),
(236, 1, 'ModCreator', 'index', '', '2013-07-10 02:31:52'),
(237, 1, 'Home', 'index', '', '2013-07-10 02:32:05'),
(238, 1, 'Home', 'HomeAjax', '', '2013-07-10 02:32:06'),
(239, 1, 'Settings', 'index', '', '2013-07-10 02:32:07'),
(240, 1, 'Settings', 'MenuEditor', '', '2013-07-10 02:32:10'),
(241, 1, 'Settings', 'SettingsAjax', '', '2013-07-10 02:32:16'),
(242, 1, 'Settings', 'MenuEditor', '', '2013-07-10 02:32:17'),
(243, 1, 'ReportsKHA', 'index', '', '2013-07-10 02:32:19'),
(244, 1, 'ReportsKHA', 'index', '', '2013-07-10 02:33:01'),
(245, 1, 'ReportsKHA', 'ReportsKHAAjax', '', '2013-07-10 02:33:03'),
(246, 1, 'CustomView', 'Delete', '79', '2013-07-10 02:33:06'),
(247, 1, 'ReportsKHA', 'ListView', '', '2013-07-10 02:33:06'),
(248, 1, 'ReportsKHA', 'ListView', '', '2013-07-10 02:33:17'),
(249, 1, 'ReportsKHA', 'CustomView', '78', '2013-07-10 02:33:19'),
(250, 1, 'CustomView', 'Save', '78', '2013-07-10 02:33:25'),
(251, 1, 'ReportsKHA', 'index', '', '2013-07-10 02:33:26'),
(252, 1, 'ReportsKHA', 'index', '', '2013-07-10 02:33:36'),
(253, 1, 'ReportsKHA', 'index', '', '2013-07-10 02:34:27'),
(254, 1, 'ReportsKHA', 'EditView', '', '2013-07-10 02:34:30'),
(255, 1, 'Settings', 'CustomModEntityNo', '', '2013-07-10 02:34:32'),
(256, 1, 'Settings', 'SettingsAjax', '', '2013-07-10 02:34:40'),
(257, 1, 'ReportsKHA', 'index', '', '2013-07-10 02:34:41'),
(258, 1, 'ReportsKHA', 'EditView', '', '2013-07-10 02:34:43'),
(259, 1, 'ReportsKHA', 'Save', '', '2013-07-10 02:34:54'),
(260, 1, 'ReportsKHA', 'DetailView', '291', '2013-07-10 02:34:54'),
(261, 1, 'ReportsKHA', 'index', '', '2013-07-10 02:34:56'),
(262, 1, 'ReportsKHA', 'DetailView', '291', '2013-07-10 02:34:58'),
(263, 1, 'ReportsKHA', 'index', '', '2013-07-10 02:35:05'),
(264, 1, 'ReportsKHA', 'DetailView', '291', '2013-07-10 02:35:07'),
(265, 1, 'ReportsKHA', 'index', '', '2013-07-10 02:35:08'),
(266, 1, 'Tooltip', 'TooltipAjax', '', '2013-07-10 02:38:17'),
(267, 1, 'Users', 'Logout', '', '2013-07-10 02:53:16'),
(268, 6, 'Users', 'Authenticate', '', '2013-07-10 03:00:25'),
(269, 6, 'Home', 'index', '', '2013-07-10 03:00:26'),
(270, 6, 'Home', 'HomeAjax', '', '2013-07-10 03:00:26'),
(271, 6, 'HomeOwner', 'index', '', '2013-07-10 03:00:34'),
(272, 6, 'ReportsKHA', 'index', '', '2013-07-10 03:00:35'),
(273, 6, 'Users', 'Logout', '', '2013-07-10 03:00:38'),
(274, 1, 'Users', 'Authenticate', '', '2013-07-10 03:00:41'),
(275, 1, 'Home', 'index', '', '2013-07-10 03:00:42'),
(276, 1, 'Home', 'HomeAjax', '', '2013-07-10 03:00:43'),
(277, 1, 'ReportsKHA', 'index', '', '2013-07-10 03:00:44'),
(278, 1, 'ReportsKHA', 'DetailView', '291', '2013-07-10 03:00:46'),
(279, 1, 'ReportsKHA', 'index', '', '2013-07-10 03:00:47'),
(280, 1, 'ReportsKHA', 'index', '', '2013-07-10 03:03:14'),
(281, 1, 'HomeOwner', 'index', '', '2013-07-10 03:03:17'),
(282, 1, 'ReportsKHA', 'index', '', '2013-07-10 03:03:18'),
(283, 1, 'ReportsKHA', 'index', '', '2013-07-10 03:04:49'),
(284, 1, 'ReportsKHA', 'index', '', '2013-07-10 03:09:18'),
(285, 1, 'ReportsKHA', 'index', '', '2013-07-10 03:09:59'),
(286, 1, 'ReportsKHA', 'index', '', '2013-07-10 03:10:44'),
(287, 1, 'ReportsKHA', 'index', '', '2013-07-10 03:13:51'),
(288, 1, 'ReportsKHA', 'index', '', '2013-07-10 03:14:10'),
(289, 1, 'ReportsKHA', 'index', '', '2013-07-10 03:14:47'),
(290, 1, 'ReportsKHA', 'index', '', '2013-07-10 03:15:16'),
(291, 1, 'ReportsKHA', 'index', '', '2013-07-10 03:15:32'),
(292, 1, 'ReportsKHA', 'index', '', '2013-07-10 03:15:33'),
(293, 1, 'ReportsKHA', 'index', '', '2013-07-10 03:15:35'),
(294, 1, 'ReportsKHA', 'index', '', '2013-07-10 03:15:54'),
(295, 1, 'ReportsKHA', 'index', '', '2013-07-10 03:15:55'),
(296, 1, 'ReportsKHA', 'index', '', '2013-07-10 03:16:13'),
(297, 1, 'ReportsKHA', 'index', '', '2013-07-10 03:16:18'),
(298, 1, 'ReportsKHA', 'index', '', '2013-07-10 03:16:26'),
(299, 1, 'ReportsKHA', 'index', '', '2013-07-10 03:16:46'),
(300, 1, 'ReportsKHA', 'index', '', '2013-07-10 03:16:57'),
(301, 1, 'ReportsKHA', 'index', '', '2013-07-10 03:17:33'),
(302, 1, 'ReportsKHA', 'index', '', '2013-07-10 03:18:15'),
(303, 1, 'ReportsKHA', 'index', '', '2013-07-10 03:19:54'),
(304, 1, 'ReportsKHA', 'index', '', '2013-07-10 03:21:52'),
(305, 1, 'ReportsKHA', 'index', '', '2013-07-10 03:22:07'),
(306, 1, 'ReportsKHA', 'index', '', '2013-07-10 03:22:16'),
(307, 1, 'ReportsKHA', 'index', '', '2013-07-10 03:22:25'),
(308, 1, 'ReportsKHA', 'index', '', '2013-07-10 03:22:42'),
(309, 1, 'ReportsKHA', 'index', '', '2013-07-10 03:23:02'),
(310, 1, 'ReportsKHA', 'index', '', '2013-07-10 03:23:28'),
(311, 1, 'ReportsKHA', 'index', '', '2013-07-10 03:23:40'),
(312, 1, 'ReportsKHA', 'index', '', '2013-07-10 03:23:46'),
(313, 1, 'ReportsKHA', 'index', '', '2013-07-10 03:24:31'),
(314, 1, 'ReportsKHA', 'index', '', '2013-07-10 03:25:52'),
(315, 1, 'ReportsKHA', 'index', '', '2013-07-10 03:26:00'),
(316, 1, 'ReportsKHA', 'index', '', '2013-07-10 03:26:04'),
(317, 1, 'ReportsKHA', 'index', '', '2013-07-10 03:26:17'),
(318, 1, 'HomeOwner', 'index', '', '2013-07-10 03:27:00'),
(319, 1, 'ReportsKHA', 'index', '', '2013-07-10 03:27:04'),
(320, 1, 'HomeOwner', 'index', '', '2013-07-10 03:27:07'),
(321, 1, 'ReportsKHA', 'index', '', '2013-07-10 03:27:40'),
(322, 1, 'ReportsKHA', 'index', '', '2013-07-10 03:27:59'),
(323, 1, 'ReportsKHA', 'index', '', '2013-07-10 03:28:12'),
(324, 1, 'ReportsKHA', 'index', '', '2013-07-10 03:28:44'),
(325, 1, 'ReportsKHA', 'index', '', '2013-07-10 03:29:01'),
(326, 1, 'ReportsKHA', 'index', '', '2013-07-10 03:29:33'),
(327, 1, 'ReportsKHA', 'index', '', '2013-07-10 03:30:06'),
(328, 1, 'HomeOwner', 'index', '', '2013-07-10 03:30:18'),
(329, 1, 'ReportsKHA', 'index', '', '2013-07-10 03:30:39'),
(330, 1, 'ReportsKHA', 'index', '', '2013-07-10 03:30:55'),
(331, 1, 'ReportsKHA', 'index', '', '2013-07-10 03:31:26'),
(332, 1, 'ReportsKHA', 'index', '', '2013-07-10 03:31:51'),
(333, 1, 'ReportsKHA', 'index', '', '2013-07-10 03:32:26'),
(334, 1, 'ReportsKHA', 'index', '', '2013-07-10 03:32:36'),
(335, 1, 'ReportsKHA', 'index', '', '2013-07-10 03:32:46'),
(336, 1, 'ReportsKHA', 'index', '', '2013-07-10 03:33:04'),
(337, 1, 'ReportsKHA', 'index', '', '2013-07-10 03:33:12'),
(338, 1, 'ReportsKHA', 'index', '', '2013-07-10 03:33:27'),
(339, 1, 'ReportsKHA', 'index', '', '2013-07-10 03:35:19'),
(340, 1, 'ReportsKHA', 'index', '', '2013-07-10 03:35:26'),
(341, 1, 'ReportsKHA', 'index', '', '2013-07-10 03:35:33'),
(342, 1, 'ReportsKHA', 'index', '', '2013-07-10 03:35:51'),
(343, 1, 'ReportsKHA', 'index', '', '2013-07-10 03:36:04'),
(344, 1, 'HomeOwner', 'index', '', '2013-07-10 03:36:12'),
(345, 1, 'HomeOwner', 'index', '', '2013-07-10 03:36:22'),
(346, 1, 'ReportsKHA', 'index', '', '2013-07-10 03:36:23'),
(347, 1, 'ReportsKHA', 'index', '', '2013-07-10 03:36:43'),
(348, 1, 'ReportsKHA', 'index', '', '2013-07-10 03:37:32'),
(349, 1, 'ReportsKHA', 'index', '', '2013-07-10 03:37:57'),
(350, 1, 'ReportsKHA', 'index', '', '2013-07-10 03:38:14'),
(351, 1, 'ReportsKHA', 'index', '', '2013-07-10 03:38:35'),
(352, 1, 'ReportsKHA', 'index', '', '2013-07-10 03:38:58'),
(353, 1, 'ReportsKHA', 'index', '', '2013-07-10 03:39:11'),
(354, 1, 'ReportsKHA', 'index', '', '2013-07-10 03:39:28'),
(355, 1, 'ReportsKHA', 'index', '', '2013-07-10 03:39:33'),
(356, 1, 'HomeOwner', 'DetailView', '242', '2013-07-10 03:39:45'),
(357, 1, 'ReportsKHA', 'index', '', '2013-07-10 03:40:40'),
(358, 1, 'ReportsKHA', 'index', '', '2013-07-10 03:41:23'),
(359, 1, 'ReportsKHA', 'index', '', '2013-07-10 03:42:02'),
(360, 1, 'ReportsKHA', 'index', '', '2013-07-10 03:46:51'),
(361, 1, 'ReportsKHA', 'index', '', '2013-07-10 03:47:17'),
(362, 6, 'Users', 'Authenticate', '', '2013-07-10 03:49:52'),
(363, 6, 'ReportsKHA', 'index', '', '2013-07-10 03:49:53'),
(364, 6, 'Users', 'Logout', '', '2013-07-10 03:49:56'),
(365, 1, 'Users', 'Authenticate', '', '2013-07-10 03:49:59'),
(366, 1, 'Home', 'index', '', '2013-07-10 03:49:59'),
(367, 1, 'Home', 'HomeAjax', '', '2013-07-10 03:50:00'),
(368, 1, 'ReportsKHA', 'index', '', '2013-07-10 03:50:01'),
(369, 1, 'ReportsKHA', 'index', '', '2013-07-10 03:50:26'),
(370, 1, 'ReportsKHA', 'index', '', '2013-07-10 03:50:38'),
(371, 1, 'ReportsKHA', 'index', '', '2013-07-10 03:50:41'),
(372, 1, 'HomeOwner', 'index', '', '2013-07-10 03:50:57'),
(373, 1, 'HomeOwner', 'index', '', '2013-07-10 03:51:10'),
(374, 1, 'ReportsKHA', 'index', '', '2013-07-10 03:51:11'),
(375, 1, 'ReportsKHA', 'index', '', '2013-07-10 03:51:12'),
(376, 1, 'ReportsKHA', 'index', '', '2013-07-10 03:51:19'),
(377, 1, 'ReportsKHA', 'index', '', '2013-07-10 03:51:28'),
(378, 1, 'ReportsKHA', 'index', '', '2013-07-10 03:53:27'),
(379, 1, 'ReportsKHA', 'index', '', '2013-07-10 03:53:56'),
(380, 1, 'ReportsKHA', 'index', '', '2013-07-10 03:54:08'),
(381, 1, 'ReportsKHA', 'index', '', '2013-07-10 03:54:36'),
(382, 1, 'ReportsKHA', 'index', '', '2013-07-10 03:55:34'),
(383, 1, 'ReportsKHA', 'ListView', '', '2013-07-10 03:55:44'),
(384, 1, 'HomeOwner', 'index', '', '2013-07-10 03:55:48'),
(385, 1, 'ReportsKHA', 'index', '', '2013-07-10 03:55:49'),
(386, 1, 'ReportsKHA', 'index', '', '2013-07-10 03:58:18'),
(387, 1, 'Users', 'Authenticate', '', '2013-07-10 05:41:32'),
(388, 1, 'Home', 'index', '', '2013-07-10 05:41:33'),
(389, 1, 'Home', 'HomeAjax', '', '2013-07-10 05:41:35'),
(390, 1, 'ReportsKHA', 'index', '', '2013-07-10 05:41:36'),
(391, 1, 'HomeOwner', 'index', '', '2013-07-10 05:41:41'),
(392, 1, 'HomeOwner', 'DetailView', '242', '2013-07-10 05:41:43'),
(393, 1, 'HomeOwner', 'ReportsPerHomeOwner', '242', '2013-07-10 05:41:45'),
(394, 1, 'HomeOwner', 'CallRelatedList', '242', '2013-07-10 05:41:47'),
(395, 1, 'HomeOwner', 'DetailView', '242', '2013-07-10 05:41:48'),
(396, 1, 'ReportsKHA', 'index', '', '2013-07-10 05:41:50'),
(397, 1, 'ReportsKHA', 'index', '', '2013-07-10 05:46:31'),
(398, 1, 'ReportsKHA', 'index', '', '2013-07-10 05:47:21'),
(399, 1, 'ReportsKHA', 'index', '', '2013-07-10 06:02:34'),
(400, 1, 'ReportsKHA', 'index', '', '2013-07-10 06:02:59'),
(401, 1, 'ReportsKHA', 'index', '', '2013-07-10 06:03:02'),
(402, 1, 'ReportsKHA', 'index', '', '2013-07-10 06:03:11'),
(403, 1, 'HomeOwner', 'index', '', '2013-07-10 06:03:22'),
(404, 1, 'ReportsKHA', 'index', '', '2013-07-10 06:03:25'),
(405, 1, 'ReportsKHA', 'index', '', '2013-07-10 06:03:33'),
(406, 1, 'ReportsKHA', 'index', '', '2013-07-10 06:04:37'),
(407, 1, 'ReportsKHA', 'index', '', '2013-07-10 06:05:47'),
(408, 1, 'ReportsKHA', 'index', '', '2013-07-10 06:05:51'),
(409, 1, 'ReportsKHA', 'index', '', '2013-07-10 06:06:23'),
(410, 1, 'HomeOwner', 'index', '', '2013-07-10 06:06:35'),
(411, 1, 'Tooltip', 'TooltipAjax', '', '2013-07-10 06:06:37'),
(412, 1, 'HomeOwner', 'DetailView', '242', '2013-07-10 06:06:37'),
(413, 1, 'Billing', 'BillingAjax', '', '2013-07-10 06:06:41'),
(414, 1, 'ReportsKHA', 'index', '', '2013-07-10 06:07:09'),
(415, 1, 'ReportsKHA', 'index', '', '2013-07-10 06:07:14'),
(416, 1, 'ReportsKHA', 'index', '', '2013-07-10 06:07:20'),
(417, 1, 'Users', 'Authenticate', '', '2013-07-10 06:07:51'),
(418, 1, 'Home', 'index', '', '2013-07-10 06:07:51'),
(419, 1, 'Home', 'HomeAjax', '', '2013-07-10 06:07:53'),
(420, 1, 'ReportsKHA', 'index', '', '2013-07-10 06:07:54'),
(421, 1, 'ReportsKHA', 'index', '', '2013-07-10 06:09:55'),
(422, 1, 'ReportsKHA', 'index', '', '2013-07-10 06:10:13'),
(423, 1, 'ReportsKHA', 'index', '', '2013-07-10 06:10:15'),
(424, 1, 'ReportsKHA', 'index', '', '2013-07-10 06:10:26'),
(425, 1, 'ReportsKHA', 'index', '', '2013-07-10 06:10:36'),
(426, 1, 'ReportsKHA', 'index', '', '2013-07-10 06:11:51'),
(427, 1, 'ReportsKHA', 'index', '', '2013-07-10 06:12:19'),
(428, 1, 'ReportsKHA', 'index', '', '2013-07-10 06:12:38'),
(429, 1, 'ReportsKHA', 'index', '', '2013-07-10 06:13:21'),
(430, 1, 'ReportsKHA', 'index', '', '2013-07-10 06:13:43'),
(431, 1, 'ReportsKHA', 'index', '', '2013-07-10 06:14:07'),
(432, 1, 'ReportsKHA', 'index', '', '2013-07-10 06:14:20'),
(433, 1, 'ReportsKHA', 'index', '', '2013-07-10 06:14:37'),
(434, 1, 'ReportsKHA', 'index', '', '2013-07-10 06:14:49'),
(435, 1, 'ReportsKHA', 'index', '', '2013-07-10 06:14:55'),
(436, 1, 'ReportsKHA', 'index', '', '2013-07-10 06:15:22'),
(437, 1, 'ReportsKHA', 'index', '', '2013-07-10 06:15:23'),
(438, 1, 'ReportsKHA', 'index', '', '2013-07-10 06:15:31'),
(439, 1, 'ReportsKHA', 'index', '', '2013-07-10 06:15:54'),
(440, 1, 'ReportsKHA', 'index', '', '2013-07-10 06:16:06'),
(441, 1, 'ReportsKHA', 'index', '', '2013-07-10 06:16:31'),
(442, 1, 'ReportsKHA', 'index', '', '2013-07-10 06:16:49'),
(443, 1, 'ReportsKHA', 'index', '', '2013-07-10 06:17:04'),
(444, 1, 'ReportsKHA', 'index', '', '2013-07-10 06:17:20'),
(445, 1, 'ReportsKHA', 'index', '', '2013-07-10 06:17:29'),
(446, 1, 'ReportsKHA', 'index', '', '2013-07-10 06:28:17'),
(447, 1, 'ReportsKHA', 'index', '', '2013-07-10 06:28:43'),
(448, 1, 'ReportsKHA', 'index', '', '2013-07-10 06:28:54'),
(449, 1, 'ReportsKHA', 'index', '', '2013-07-10 06:29:10'),
(450, 1, 'ReportsKHA', 'index', '', '2013-07-10 06:29:16'),
(451, 1, 'ReportsKHA', 'index', '', '2013-07-10 06:29:36'),
(452, 1, 'ReportsKHA', 'index', '', '2013-07-10 06:29:43'),
(453, 1, 'ReportsKHA', 'index', '', '2013-07-10 06:30:28'),
(454, 1, 'ReportsKHA', 'index', '', '2013-07-10 06:31:54'),
(455, 1, 'ReportsKHA', 'index', '', '2013-07-10 06:32:11'),
(456, 1, 'ReportsKHA', 'index', '', '2013-07-10 06:32:16'),
(457, 1, 'ReportsKHA', 'index', '', '2013-07-10 06:32:32'),
(458, 1, 'ReportsKHA', 'index', '', '2013-07-10 06:35:12'),
(459, 1, 'ReportsKHA', 'index', '', '2013-07-10 06:35:22'),
(460, 1, 'ReportsKHA', 'index', '', '2013-07-10 06:35:42'),
(461, 1, 'ReportsKHA', 'index', '', '2013-07-10 06:36:00'),
(462, 1, 'ReportsKHA', 'index', '', '2013-07-10 06:36:36'),
(463, 1, 'ReportsKHA', 'index', '', '2013-07-10 06:36:41'),
(464, 1, 'ReportsKHA', 'index', '', '2013-07-10 06:36:46'),
(465, 1, 'ReportsKHA', 'index', '', '2013-07-10 06:37:51'),
(466, 1, 'HomeOwner', 'index', '', '2013-07-10 06:37:59'),
(467, 1, 'HomeOwner', 'DetailView', '242', '2013-07-10 06:38:02'),
(468, 1, 'ReportsKHA', 'index', '', '2013-07-10 06:38:59'),
(469, 1, 'ReportsKHA', 'index', '', '2013-07-10 06:39:05'),
(470, 1, 'ReportsKHA', 'index', '', '2013-07-10 06:39:24'),
(471, 1, 'ReportsKHA', 'index', '', '2013-07-10 07:08:19'),
(472, 1, 'ReportsKHA', 'index', '', '2013-07-10 07:08:43'),
(473, 1, 'ReportsKHA', 'index', '', '2013-07-10 07:08:55'),
(474, 1, 'ReportsKHA', 'index', '', '2013-07-10 07:09:31'),
(475, 1, 'ReportsKHA', 'ListView', '', '2013-07-10 07:10:10'),
(476, 1, 'Settings', 'ModuleManager', '', '2013-07-10 07:10:14'),
(477, 1, 'Settings', 'LayoutBlockList', '', '2013-07-10 07:10:15'),
(478, 1, 'Settings', 'SettingsAjax', '', '2013-07-10 07:10:36'),
(479, 1, 'Settings', 'SettingsAjax', '', '2013-07-10 07:16:37'),
(480, 1, 'ReportsKHA', 'index', '', '2013-07-10 07:17:41'),
(481, 1, 'ReportsKHA', 'ListView', '', '2013-07-10 07:17:46'),
(482, 1, 'Tooltip', 'TooltipAjax', '', '2013-07-10 07:17:48'),
(483, 1, 'ReportsKHA', 'DetailView', '291', '2013-07-10 07:17:50'),
(484, 1, 'ReportsKHA', 'EditView', '291', '2013-07-10 07:17:51'),
(485, 1, 'ReportsKHA', 'Save', '291', '2013-07-10 07:18:11'),
(486, 1, 'ReportsKHA', 'DetailView', '291', '2013-07-10 07:18:12'),
(487, 1, 'ReportsKHA', 'DetailView', '291', '2013-07-10 07:23:42'),
(488, 1, 'ReportsKHA', 'index', '', '2013-07-10 07:23:43'),
(489, 1, 'ReportsKHA', 'index', '', '2013-07-10 07:25:02'),
(490, 1, 'ReportsKHA', 'index', '', '2013-07-10 07:25:22'),
(491, 1, 'ReportsKHA', 'ReportsKHAAjax', '291', '2013-07-10 07:25:24'),
(492, 1, 'ReportsKHA', 'index', '', '2013-07-10 07:25:40'),
(493, 1, 'ReportsKHA', 'ReportsKHAAjax', '291', '2013-07-10 07:25:41'),
(494, 1, 'ReportsKHA', 'index', '', '2013-07-10 07:25:55'),
(495, 1, 'ReportsKHA', 'ReportsKHAAjax', '291', '2013-07-10 07:25:57'),
(496, 1, 'ReportsKHA', 'index', '', '2013-07-10 07:27:02'),
(497, 1, 'ReportsKHA', 'ReportView', '291', '2013-07-10 07:28:01'),
(498, 1, 'ReportsKHA', 'index', '', '2013-07-10 07:28:14'),
(499, 1, 'ReportsKHA', 'index', '', '2013-07-10 07:28:15'),
(500, 1, 'ReportsKHA', 'ReportsKHAAjax', '291', '2013-07-10 07:28:16'),
(501, 1, 'ReportsKHA', 'ReportsKHAAjax', '291', '2013-07-10 07:29:27'),
(502, 1, 'ReportsKHA', 'index', '', '2013-07-10 07:30:01'),
(503, 1, 'ReportsKHA', 'ReportsKHAAjax', '291', '2013-07-10 07:30:04'),
(504, 1, 'ReportsKHA', 'ReportsKHAAjax', '291', '2013-07-10 07:30:19'),
(505, 1, 'ReportsKHA', 'ReportsKHAAjax', '291', '2013-07-10 07:30:22'),
(506, 1, 'ReportsKHA', 'index', '', '2013-07-10 07:30:24'),
(507, 1, 'ReportsKHA', 'ReportsKHAAjax', '291', '2013-07-10 07:30:39'),
(508, 1, 'ReportsKHA', 'ReportView', '291', '2013-07-10 07:31:10'),
(509, 1, 'ReportsKHA', 'ReportView', '291', '2013-07-10 07:31:18'),
(510, 1, 'ReportsKHA', 'index', '', '2013-07-10 07:31:27'),
(511, 1, 'ReportsKHA', 'ReportsKHAAjax', '291', '2013-07-10 07:31:29'),
(512, 1, 'ReportsKHA', 'index', '', '2013-07-10 07:31:44'),
(513, 1, 'ReportsKHA', 'ReportsKHAAjax', '291', '2013-07-10 07:31:46'),
(514, 1, 'Users', 'Authenticate', '', '2013-07-10 07:32:20'),
(515, 1, 'ReportsKHA', 'index', '', '2013-07-10 07:32:21'),
(516, 1, 'ReportsKHA', 'index', '', '2013-07-10 07:32:35'),
(517, 1, 'ReportsKHA', 'ReportsKHAAjax', '291', '2013-07-10 07:32:44'),
(518, 1, 'ReportsKHA', 'ReportView', '291', '2013-07-10 07:33:54'),
(519, 1, 'ReportsKHA', 'index', '', '2013-07-10 07:34:53'),
(520, 1, 'ReportsKHA', 'ReportsKHAAjax', '291', '2013-07-10 07:34:55'),
(521, 1, 'ReportsKHA', 'ReportView', '291', '2013-07-10 07:34:58'),
(522, 1, 'ReportsKHA', 'index', '', '2013-07-10 07:35:01'),
(523, 1, 'ReportsKHA', 'ReportsKHAAjax', '291', '2013-07-10 07:35:03'),
(524, 1, 'ReportsKHA', 'index', '', '2013-07-10 07:35:13'),
(525, 1, 'ReportsKHA', 'ReportsKHAAjax', '291', '2013-07-10 07:35:15'),
(526, 1, 'ReportsKHA', 'index', '', '2013-07-10 07:37:59'),
(527, 1, 'ReportsKHA', 'ReportsKHAAjax', '291', '2013-07-10 07:38:01'),
(528, 1, 'ReportsKHA', 'index', '', '2013-07-10 07:39:09'),
(529, 1, 'ReportsKHA', 'ReportsKHAAjax', '291', '2013-07-10 07:39:11'),
(530, 1, 'ReportsKHA', 'index', '', '2013-07-10 07:40:12'),
(531, 1, 'ReportsKHA', 'index', '', '2013-07-10 07:40:17'),
(532, 1, 'ReportsKHA', 'ReportsKHAAjax', '291', '2013-07-10 07:40:23'),
(533, 1, 'ReportsKHA', 'ReportsKHAAjax', '291', '2013-07-10 07:40:58'),
(534, 1, 'ReportsKHA', 'ReportsKHAAjax', '291', '2013-07-10 07:41:45'),
(535, 1, 'ReportsKHA', 'ReportsKHAAjax', '291', '2013-07-10 07:42:54'),
(536, 1, 'ReportsKHA', 'index', '', '2013-07-10 07:44:27'),
(537, 1, 'ReportsKHA', 'ReportsKHAAjax', '291', '2013-07-10 07:44:34'),
(538, 1, 'ReportsKHA', 'ReportsKHAAjax', '291', '2013-07-10 07:46:17'),
(539, 1, 'ReportsKHA', 'index', '', '2013-07-10 07:46:20'),
(540, 1, 'ReportsKHA', 'ReportsKHAAjax', '291', '2013-07-10 07:46:26'),
(541, 1, 'ReportsKHA', 'ReportsKHAAjax', '291', '2013-07-10 07:47:10'),
(542, 1, 'ReportsKHA', 'ReportsKHAAjax', '291', '2013-07-10 07:49:28'),
(543, 1, 'ReportsKHA', 'ReportView', '291', '2013-07-10 07:49:44'),
(544, 1, 'ReportsKHA', 'index', '', '2013-07-10 07:49:51'),
(545, 1, 'ReportsKHA', 'ReportsKHAAjax', '291', '2013-07-10 08:20:19'),
(546, 1, 'ReportsKHA', 'ReportView', '291', '2013-07-10 08:20:49'),
(547, 1, 'ReportsKHA', 'index', '', '2013-07-10 08:21:04'),
(548, 1, 'ReportsKHA', 'ReportsKHAAjax', '291', '2013-07-10 08:21:08'),
(549, 1, 'ReportsKHA', 'ReportView', '291', '2013-07-10 08:21:59'),
(550, 1, 'ReportsKHA', 'index', '', '2013-07-10 08:22:06'),
(551, 1, 'ReportsKHA', 'ReportsKHAAjax', '291', '2013-07-10 08:22:08'),
(552, 1, 'ReportsKHA', 'index', '', '2013-07-10 08:22:15'),
(553, 1, 'ReportsKHA', 'ReportsKHAAjax', '291', '2013-07-10 08:22:18'),
(554, 1, 'Users', 'Authenticate', '', '2013-07-10 08:24:09'),
(555, 1, 'ReportsKHA', 'index', '', '2013-07-10 08:24:09'),
(556, 1, 'ReportsKHA', 'index', '', '2013-07-10 08:24:14'),
(557, 1, 'ReportsKHA', 'ReportsKHAAjax', '291', '2013-07-10 08:24:17'),
(558, 1, 'ReportsKHA', 'index', '', '2013-07-10 08:24:33'),
(559, 1, 'Users', 'Logout', '', '2013-07-10 08:24:41'),
(560, 1, 'Users', 'Authenticate', '', '2013-07-10 08:24:51'),
(561, 1, 'Home', 'index', '', '2013-07-10 08:24:51'),
(562, 1, 'Home', 'HomeAjax', '', '2013-07-10 08:24:53'),
(563, 1, 'ReportsKHA', 'index', '', '2013-07-10 08:24:55'),
(564, 1, 'ReportsKHA', 'ReportsKHAAjax', '291', '2013-07-10 08:24:58'),
(565, 1, 'ReportsKHA', 'index', '', '2013-07-10 08:25:45'),
(566, 1, 'ReportsKHA', 'ReportsKHAAjax', '291', '2013-07-10 08:25:47'),
(567, 1, 'ReportsKHA', 'index', '', '2013-07-10 08:25:56'),
(568, 1, 'ReportsKHA', 'ReportsKHAAjax', '291', '2013-07-10 08:25:59'),
(569, 1, 'HomeOwner', 'index', '', '2013-07-10 08:27:56'),
(570, 1, 'ReportsKHA', 'index', '', '2013-07-10 08:27:59'),
(571, 1, 'ReportsKHA', 'ReportsKHAAjax', '291', '2013-07-10 08:28:03'),
(572, 1, 'ReportsKHA', 'index', '', '2013-07-10 08:28:18'),
(573, 1, 'ReportsKHA', 'ReportsKHAAjax', '291', '2013-07-10 08:28:27'),
(574, 1, 'ReportsKHA', 'index', '', '2013-07-10 08:28:56'),
(575, 1, 'ReportsKHA', 'ReportsKHAAjax', '291', '2013-07-10 08:28:59'),
(576, 1, 'Users', 'Authenticate', '', '2013-07-10 08:35:33'),
(577, 1, 'ReportsKHA', 'index', '', '2013-07-10 08:35:33'),
(578, 1, 'ReportsKHA', 'index', '', '2013-07-10 08:36:37'),
(579, 1, 'ReportsKHA', 'index', '', '2013-07-10 08:36:55'),
(580, 1, 'ReportsKHA', 'ReportsKHAAjax', '291', '2013-07-10 08:36:57'),
(581, 1, 'ReportsKHA', 'index', '', '2013-07-10 08:37:17'),
(582, 1, 'ReportsKHA', 'ReportsKHAAjax', '291', '2013-07-10 08:37:19'),
(583, 1, 'ReportsKHA', 'index', '', '2013-07-10 08:37:38'),
(584, 1, 'ReportsKHA', 'index', '', '2013-07-10 08:37:41'),
(585, 1, 'ReportsKHA', 'ReportsKHAAjax', '291', '2013-07-10 08:37:44'),
(586, 1, 'ReportsKHA', 'index', '', '2013-07-10 08:38:10'),
(587, 1, 'ReportsKHA', 'ReportsKHAAjax', '291', '2013-07-10 08:38:17'),
(588, 1, 'ReportsKHA', 'ReportsKHAAjax', '291', '2013-07-10 08:38:36'),
(589, 1, 'ReportsKHA', 'index', '', '2013-07-10 08:39:54'),
(590, 1, 'ReportsKHA', 'ReportsKHAAjax', '291', '2013-07-10 08:40:02'),
(591, 1, 'ReportsKHA', 'ReportsKHAAjax', '291', '2013-07-10 08:40:41'),
(592, 1, 'ReportsKHA', 'index', '', '2013-07-10 08:41:28'),
(593, 1, 'ReportsKHA', 'ReportsKHAAjax', '291', '2013-07-10 08:41:35'),
(594, 1, 'ReportsKHA', 'index', '', '2013-07-10 08:42:55'),
(595, 1, 'ReportsKHA', 'index', '', '2013-07-10 08:43:01'),
(596, 1, 'ReportsKHA', 'ReportsKHAAjax', '291', '2013-07-10 08:43:08'),
(597, 1, 'ReportsKHA', 'ReportsKHAAjax', '291', '2013-07-10 08:43:47'),
(598, 1, 'ReportsKHA', 'ReportsKHAAjax', '291', '2013-07-10 08:43:50'),
(599, 1, 'ReportsKHA', 'index', '', '2013-07-10 08:46:49'),
(600, 1, 'ReportsKHA', 'index', '', '2013-07-10 08:46:51'),
(601, 1, 'ReportsKHA', 'index', '', '2013-07-10 08:47:00'),
(602, 1, 'ReportsKHA', 'ReportsKHAAjax', '291', '2013-07-10 08:47:07'),
(603, 1, 'ReportsKHA', 'index', '', '2013-07-10 08:47:19'),
(604, 1, 'ReportsKHA', 'ReportsKHAAjax', '291', '2013-07-10 08:47:21'),
(605, 1, 'ReportsKHA', 'ReportsKHAAjax', '291', '2013-07-10 08:47:31'),
(606, 1, 'ReportsKHA', 'index', '', '2013-07-10 08:47:54'),
(607, 1, 'ReportsKHA', 'ReportsKHAAjax', '291', '2013-07-10 08:48:01'),
(608, 1, 'ReportsKHA', 'index', '', '2013-07-10 08:48:22'),
(609, 1, 'ReportsKHA', 'ReportsKHAAjax', '291', '2013-07-10 08:48:27'),
(610, 1, 'ReportsKHA', 'index', '', '2013-07-10 08:48:53'),
(611, 1, 'ReportsKHA', 'ReportsKHAAjax', '291', '2013-07-10 08:48:59'),
(612, 1, 'ReportsKHA', 'index', '', '2013-07-10 08:49:55'),
(613, 1, 'ReportsKHA', 'ReportsKHAAjax', '291', '2013-07-10 08:49:59'),
(614, 1, 'ReportsKHA', 'index', '', '2013-07-10 08:50:07'),
(615, 1, 'ReportsKHA', 'ReportsKHAAjax', '291', '2013-07-10 08:50:09'),
(616, 1, 'ReportsKHA', 'index', '', '2013-07-10 08:50:57'),
(617, 1, 'ReportsKHA', 'ReportsKHAAjax', '291', '2013-07-10 08:50:59'),
(618, 1, 'ReportsKHA', 'index', '', '2013-07-10 08:51:05'),
(619, 1, 'ReportsKHA', 'ReportsKHAAjax', '291', '2013-07-10 08:51:09'),
(620, 1, 'ReportsKHA', 'ReportsKHAAjax', '291', '2013-07-10 08:51:21'),
(621, 1, 'ReportsKHA', 'index', '', '2013-07-10 08:51:32'),
(622, 1, 'ReportsKHA', 'ReportsKHAAjax', '291', '2013-07-10 08:51:48'),
(623, 1, 'ReportsKHA', 'ReportsKHAAjax', '291', '2013-07-10 08:52:20'),
(624, 1, 'ReportsKHA', 'index', '', '2013-07-10 08:59:06'),
(625, 1, 'ReportsKHA', 'index', '', '2013-07-10 08:59:09'),
(626, 1, 'ReportsKHA', 'index', '', '2013-07-10 08:59:20'),
(627, 1, 'ReportsKHA', 'ReportsKHAAjax', '291', '2013-07-10 08:59:27'),
(628, 1, 'ReportsKHA', 'ReportsKHAAjax', '291', '2013-07-10 08:59:27'),
(629, 1, 'ReportsKHA', 'index', '', '2013-07-10 08:59:36'),
(630, 1, 'ReportsKHA', 'ReportsKHAAjax', '291', '2013-07-10 08:59:42'),
(631, 1, 'ReportsKHA', 'ReportsKHAAjax', '291', '2013-07-10 08:59:42'),
(632, 1, 'ReportsKHA', 'ReportsKHAAjax', '291', '2013-07-10 08:59:42'),
(633, 1, 'ReportsKHA', 'ReportsKHAAjax', '291', '2013-07-10 08:59:43'),
(634, 1, 'ReportsKHA', 'index', '', '2013-07-10 09:00:28'),
(635, 1, 'ReportsKHA', 'index', '', '2013-07-10 09:00:32'),
(636, 1, 'ReportsKHA', 'ReportsKHAAjax', '291', '2013-07-10 09:00:40'),
(637, 1, 'ReportsKHA', 'ReportsKHAAjax', '291', '2013-07-10 09:00:40'),
(638, 1, 'ReportsKHA', 'ReportsKHAAjax', '291', '2013-07-10 09:00:43'),
(639, 1, 'ReportsKHA', 'ReportsKHAAjax', '291', '2013-07-10 09:00:44'),
(640, 1, 'ReportsKHA', 'index', '', '2013-07-10 09:04:21'),
(641, 1, 'ReportsKHA', 'ReportsKHAAjax', '291', '2013-07-10 09:04:23'),
(642, 1, 'ReportsKHA', 'ReportsKHAAjax', '291', '2013-07-10 09:04:26'),
(643, 1, 'ReportsKHA', 'ReportsKHAAjax', '291', '2013-07-10 09:04:29'),
(644, 1, 'ReportsKHA', 'ReportsKHAAjax', '291', '2013-07-10 09:04:29'),
(645, 1, 'ReportsKHA', 'index', '', '2013-07-10 09:04:29'),
(646, 1, 'ReportsKHA', 'ReportsKHAAjax', '291', '2013-07-10 09:04:32'),
(647, 1, 'ReportsKHA', 'index', '', '2013-07-10 09:12:06'),
(648, 1, 'ReportsKHA', 'ReportsKHAAjax', '291', '2013-07-10 09:12:09'),
(649, 1, 'ReportsKHA', 'ReportsKHAAjax', '291', '2013-07-10 09:12:13'),
(650, 1, 'ReportsKHA', 'index', '', '2013-07-10 09:12:41'),
(651, 1, 'ReportsKHA', 'ReportsKHAAjax', '291', '2013-07-10 09:12:44'),
(652, 1, 'ReportsKHA', 'index', '', '2013-07-10 09:12:56'),
(653, 1, 'ReportsKHA', 'ReportsKHAAjax', '291', '2013-07-10 09:12:59'),
(654, 1, 'ReportsKHA', 'index', '', '2013-07-10 09:24:03'),
(655, 1, 'ReportsKHA', 'HomePage', '291', '2013-07-10 09:24:05'),
(656, 1, 'ReportsKHA', 'HomePage', '291', '2013-07-10 09:24:30'),
(657, 1, 'ReportsKHA', 'HomePage', '291', '2013-07-10 09:25:10'),
(658, 1, 'ReportsKHA', 'ListView', '', '2013-07-10 09:25:40'),
(659, 1, 'ReportsKHA', 'EditView', '', '2013-07-10 09:25:43'),
(660, 1, 'ReportsKHA', 'Save', '', '2013-07-10 09:26:00'),
(661, 1, 'ReportsKHA', 'DetailView', '292', '2013-07-10 09:26:00'),
(662, 1, 'ReportsKHA', 'index', '', '2013-07-10 09:27:45'),
(663, 1, 'ReportsKHA', 'HomePage', '292', '2013-07-10 09:27:47'),
(664, 1, 'ReportsKHA', 'HomePage', '292', '2013-07-10 09:30:49'),
(665, 1, 'ReportsKHA', 'HomePage', '291', '2013-07-10 09:30:52'),
(666, 1, 'ReportsKHA', 'HomePage', '292', '2013-07-10 09:30:54'),
(667, 1, 'ReportsKHA', 'HomePage', '292', '2013-07-10 09:31:40'),
(668, 1, 'ReportsKHA', 'HomePage', '291', '2013-07-10 09:31:43'),
(669, 1, 'ReportsKHA', 'HomePage', '292', '2013-07-10 09:31:45'),
(670, 1, 'ReportsKHA', 'HomePage', '291', '2013-07-10 09:31:51'),
(671, 1, 'ReportsKHA', 'ListView', '', '2013-07-10 09:32:42'),
(672, 1, 'ReportsKHA', 'EditView', '', '2013-07-10 09:32:45'),
(673, 1, 'ReportsKHA', 'Save', '', '2013-07-10 09:32:55'),
(674, 1, 'ReportsKHA', 'DetailView', '293', '2013-07-10 09:32:55'),
(675, 1, 'ReportsKHA', 'index', '', '2013-07-10 09:32:58'),
(676, 1, 'ReportsKHA', 'index', '', '2013-07-10 09:34:25'),
(677, 1, 'ReportsKHA', 'HomePage', '293', '2013-07-10 09:34:27'),
(678, 1, 'ReportsKHA', 'HomePage', '293', '2013-07-10 09:34:41'),
(679, 1, 'ReportsKHA', 'HomePage', '292', '2013-07-10 09:34:49'),
(680, 1, 'ReportsKHA', 'HomePage', '291', '2013-07-10 09:34:51'),
(681, 1, 'ReportsKHA', 'HomePage', '292', '2013-07-10 09:34:54'),
(682, 1, 'ReportsKHA', 'HomePage', '293', '2013-07-10 09:34:56'),
(683, 1, 'ReportsKHA', 'HomePage', '291', '2013-07-10 09:35:05'),
(684, 1, 'ReportsKHA', 'HomePage', '291', '2013-07-10 09:36:06'),
(685, 1, 'ReportsKHA', 'HomePage', '292', '2013-07-10 09:36:09'),
(686, 1, 'ReportsKHA', 'HomePage', '293', '2013-07-10 09:36:11'),
(687, 1, 'ReportsKHA', 'HomePage', '291', '2013-07-10 09:36:13'),
(688, 1, 'ReportsKHA', 'HomePage', '292', '2013-07-10 09:38:03'),
(689, 1, 'ReportsKHA', 'HomePage', '293', '2013-07-10 09:38:05'),
(690, 1, 'ReportsKHA', 'HomePage', '292', '2013-07-10 09:38:28'),
(691, 1, 'ReportsKHA', 'HomePage', '293', '2013-07-10 09:38:56'),
(692, 1, 'ReportsKHA', 'HomePage', '293', '2013-07-10 09:39:12'),
(693, 1, 'ReportsKHA', 'HomePage', '291', '2013-07-10 09:39:14'),
(694, 1, 'ReportsKHA', 'HomePage', '292', '2013-07-10 09:39:16'),
(695, 1, 'ReportsKHA', 'HomePage', '293', '2013-07-10 09:39:30'),
(696, 1, 'ReportsKHA', 'HomePage', '291', '2013-07-10 09:40:20'),
(697, 1, 'ReportsKHA', 'HomePage', '292', '2013-07-10 09:40:22'),
(698, 1, 'ReportsKHA', 'HomePage', '293', '2013-07-10 09:40:24'),
(699, 1, 'ReportsKHA', 'HomePage', '293', '2013-07-10 09:41:25'),
(700, 1, 'ReportsKHA', 'HomePage', '291', '2013-07-10 09:41:27'),
(701, 1, 'ReportsKHA', 'HomePage', '291', '2013-07-10 09:41:45'),
(702, 1, 'ReportsKHA', 'HomePage', '291', '2013-07-10 09:42:12'),
(703, 1, 'ReportsKHA', 'HomePage', '291', '2013-07-10 09:42:58'),
(704, 1, 'ReportsKHA', 'HomePage', '291', '2013-07-10 09:43:19'),
(705, 1, 'ReportsKHA', 'HomePage', '291', '2013-07-10 09:43:29'),
(706, 1, 'ReportsKHA', 'HomePage', '291', '2013-07-10 09:43:40'),
(707, 1, 'ReportsKHA', 'HomePage', '291', '2013-07-10 09:44:49'),
(708, 1, 'ReportsKHA', 'HomePage', '291', '2013-07-10 09:45:16'),
(709, 1, 'ReportsKHA', 'HomePage', '291', '2013-07-10 09:46:43'),
(710, 1, 'ReportsKHA', 'HomePage', '291', '2013-07-10 09:46:54'),
(711, 1, 'ReportsKHA', 'HomePage', '291', '2013-07-10 09:47:37'),
(712, 1, 'ReportsKHA', 'HomePage', '291', '2013-07-10 09:48:25'),
(713, 1, 'ReportsKHA', 'HomePage', '291', '2013-07-10 09:48:32'),
(714, 1, 'ReportsKHA', 'HomePage', '291', '2013-07-10 09:48:47'),
(715, 1, 'ReportsKHA', 'HomePage', '291', '2013-07-10 09:48:55'),
(716, 1, 'ReportsKHA', 'HomePage', '292', '2013-07-10 09:49:07'),
(717, 1, 'ReportsKHA', 'HomePage', '293', '2013-07-10 09:49:09'),
(718, 1, 'ReportsKHA', 'HomePage', '291', '2013-07-10 09:49:11'),
(719, 1, 'HomeOwner', 'index', '', '2013-07-10 09:49:39'),
(720, 1, 'HomeOwner', 'EditView', '242', '2013-07-10 09:49:41'),
(721, 1, 'ReportsKHA', 'HomePage', '291', '2013-07-10 09:49:59'),
(722, 1, 'ReportsKHA', 'HomePage', '292', '2013-07-10 09:50:09'),
(723, 1, 'ReportsKHA', 'HomePage', '293', '2013-07-10 09:50:11'),
(724, 1, 'ReportsKHA', 'HomePage', '291', '2013-07-10 09:50:14'),
(725, 1, 'ReportsKHA', 'ListView', '', '2013-07-10 09:50:25'),
(726, 1, 'ReportsKHA', 'EditView', '', '2013-07-10 09:50:29'),
(727, 1, 'ReportsKHA', 'index', '', '2013-07-10 09:50:33'),
(728, 1, 'ReportsKHA', 'HomePage', '291', '2013-07-10 09:50:36'),
(729, 1, 'ReportsKHA', 'HomePage', '292', '2013-07-10 09:50:41'),
(730, 1, 'ReportsKHA', 'HomePage', '293', '2013-07-10 09:50:44'),
(731, 1, 'ReportsKHA', 'HomePage', '291', '2013-07-10 09:50:46'),
(732, 1, 'ReportsKHA', 'HomePage', '291', '2013-07-10 09:50:53'),
(733, 1, 'ReportsKHA', 'HomePage', '291', '2013-07-10 09:50:58'),
(734, 1, 'ReportsKHA', 'HomePage', '292', '2013-07-10 09:52:13'),
(735, 1, 'ReportsKHA', 'HomePage', '293', '2013-07-10 09:52:16'),
(736, 1, 'ReportsKHA', 'HomePage', '291', '2013-07-10 09:52:18'),
(737, 1, 'ReportsKHA', 'HomePage', '292', '2013-07-10 09:52:24'),
(738, 1, 'ReportsKHA', 'HomePage', '293', '2013-07-10 09:52:27'),
(739, 1, 'ReportsKHA', 'HomePage', '291', '2013-07-10 09:52:30'),
(740, 1, 'ReportsKHA', 'HomePage', '292', '2013-07-10 10:02:51'),
(741, 1, 'ReportsKHA', 'HomePage', '293', '2013-07-10 10:02:53'),
(742, 1, 'ReportsKHA', 'HomePage', '291', '2013-07-10 10:02:58'),
(743, 1, 'ReportsKHA', 'HomePage', '292', '2013-07-10 10:10:50'),
(744, 1, 'ReportsKHA', 'HomePage', '293', '2013-07-10 10:10:52'),
(745, 1, 'HomeOwner', 'index', '', '2013-07-10 10:10:55'),
(746, 1, 'HomeOwner', 'DetailView', '242', '2013-07-10 10:10:57'),
(747, 1, 'HomeOwner', 'ReportsPerHomeOwner', '242', '2013-07-10 10:22:02'),
(748, 1, 'ReportsKHA', 'index', '', '2013-07-10 10:22:05'),
(749, 1, 'ReportsKHA', 'HomePage', '292', '2013-07-10 10:22:08'),
(750, 1, 'ReportsKHA', 'HomePage', '291', '2013-07-10 10:22:09'),
(751, 1, 'ReportsKHA', 'HomePage', '293', '2013-07-10 10:22:12'),
(752, 1, 'HomeOwner', 'index', '', '2013-07-10 10:22:17'),
(753, 1, 'ReportsKHA', 'index', '', '2013-07-10 10:22:28'),
(754, 1, 'ReportsKHA', 'HomePage', '291', '2013-07-10 10:22:31'),
(755, 1, 'ReportsKHA', 'HomePage', '292', '2013-07-10 10:22:34'),
(756, 1, 'ReportsKHA', 'index', '', '2013-07-10 10:28:28'),
(757, 1, 'ReportsKHA', 'HomePage', '291', '2013-07-10 10:28:30'),
(758, 1, 'ReportsKHA', 'HomePage', '292', '2013-07-10 10:28:32'),
(759, 1, 'ReportsKHA', 'HomePage', '293', '2013-07-10 10:28:35'),
(760, 1, 'ReportsKHA', 'HomePage', '291', '2013-07-10 10:28:37'),
(761, 1, 'ReportsKHA', 'HomePage', '292', '2013-07-10 10:28:38'),
(762, 1, 'ReportsKHA', 'HomePage', '293', '2013-07-10 10:28:40'),
(763, 1, 'ReportsKHA', 'HomePage', '291', '2013-07-10 10:29:08'),
(764, 1, 'ReportsKHA', 'index', '', '2013-07-10 10:29:09'),
(765, 1, 'ReportsKHA', 'HomePage', '291', '2013-07-10 10:29:13'),
(766, 1, 'ReportsKHA', 'HomePage', '292', '2013-07-10 10:29:16'),
(767, 1, 'ReportsKHA', 'HomePage', '293', '2013-07-10 10:29:18'),
(768, 1, 'ReportsKHA', 'HomePage', '291', '2013-07-10 10:29:21'),
(769, 1, 'ReportsKHA', 'index', '', '2013-07-10 10:35:52'),
(770, 1, 'ReportsKHA', 'HomePage', '291', '2013-07-10 10:35:55'),
(771, 1, 'ReportsKHA', 'HomePage', '292', '2013-07-10 10:36:01'),
(772, 1, 'ReportsKHA', 'HomePage', '293', '2013-07-10 10:36:05'),
(773, 1, 'Users', 'Logout', '', '2013-07-10 10:36:11'),
(774, 6, 'Users', 'Authenticate', '', '2013-07-11 01:26:54'),
(775, 6, 'Home', 'index', '', '2013-07-11 01:26:55'),
(776, 6, 'Home', 'HomeAjax', '', '2013-07-11 01:26:59'),
(777, 6, 'HomeOwner', 'index', '', '2013-07-11 01:27:13'),
(778, 6, 'ReportsKHA', 'index', '', '2013-07-11 01:28:54'),
(779, 6, 'Users', 'Logout', '', '2013-07-11 01:28:58'),
(780, 1, 'Users', 'Authenticate', '', '2013-07-11 01:29:02'),
(781, 1, 'Home', 'index', '', '2013-07-11 01:29:02'),
(782, 1, 'Home', 'HomeAjax', '', '2013-07-11 01:29:03'),
(783, 1, 'ReportsKHA', 'index', '', '2013-07-11 01:29:04'),
(784, 1, 'ReportsKHA', 'HomePage', '291', '2013-07-11 01:29:07'),
(785, 1, 'ReportsKHA', 'HomePage', '292', '2013-07-11 01:29:10'),
(786, 1, 'ReportsKHA', 'HomePage', '293', '2013-07-11 01:29:13'),
(787, 1, 'ReportsKHA', 'HomePage', '291', '2013-07-11 01:29:17'),
(788, 1, 'ReportsKHA', 'HomePage', '292', '2013-07-11 01:30:09'),
(789, 1, 'ReportsKHA', 'HomePage', '293', '2013-07-11 01:30:11'),
(790, 1, 'ReportsKHA', 'HomePage', '291', '2013-07-11 01:30:15'),
(791, 1, 'ReportsKHA', 'HomePage', '291', '2013-07-11 01:31:22'),
(792, 1, 'ReportsKHA', 'HomePage', '291', '2013-07-11 01:31:27'),
(793, 1, 'ReportsKHA', 'HomePage', '292', '2013-07-11 01:33:51'),
(794, 1, 'ReportsKHA', 'HomePage', '293', '2013-07-11 01:33:53'),
(795, 1, 'ReportsKHA', 'HomePage', '291', '2013-07-11 01:33:57'),
(796, 1, 'Users', 'Authenticate', '', '2013-07-11 01:35:23'),
(797, 1, 'Home', 'index', '', '2013-07-11 01:35:23'),
(798, 1, 'Home', 'HomeAjax', '', '2013-07-11 01:35:24'),
(799, 1, 'ReportsKHA', 'index', '', '2013-07-11 01:35:26'),
(800, 1, 'ReportsKHA', 'HomePage', '291', '2013-07-11 01:35:29'),
(801, 1, 'ReportsKHA', 'HomePage', '291', '2013-07-11 01:39:50'),
(802, 1, 'ReportsKHA', 'HomePage', '292', '2013-07-11 01:45:34'),
(803, 1, 'ReportsKHA', 'HomePage', '291', '2013-07-11 01:45:37'),
(804, 1, 'ReportsKHA', 'HomePage', '292', '2013-07-11 01:49:37'),
(805, 1, 'ReportsKHA', 'HomePage', '291', '2013-07-11 01:49:39'),
(806, 1, 'HomeOwner', 'index', '', '2013-07-11 01:52:51'),
(807, 1, 'Tooltip', 'TooltipAjax', '', '2013-07-11 01:52:54'),
(808, 1, 'HomeOwner', 'DetailView', '242', '2013-07-11 01:52:54');
INSERT INTO `vtiger_audit_trial` (`auditid`, `userid`, `module`, `action`, `recordid`, `actiondate`) VALUES
(809, 1, 'Payments', 'EditView', '', '2013-07-11 01:53:04'),
(810, 1, 'ReportsKHA', 'HomePage', '291', '2013-07-11 01:54:58'),
(811, 1, 'ReportsKHA', 'HomePage', '291', '2013-07-11 01:55:26'),
(812, 1, 'ReportsKHA', 'HomePage', '292', '2013-07-11 01:55:34'),
(813, 1, 'ReportsKHA', 'HomePage', '291', '2013-07-11 01:55:56'),
(814, 1, 'ReportsKHA', 'HomePage', '291', '2013-07-11 01:56:20'),
(815, 1, 'ReportsKHA', 'HomePage', '291', '2013-07-11 01:56:58'),
(816, 1, 'HomeOwner', 'index', '', '2013-07-11 01:57:05'),
(817, 1, 'Users', 'Logout', '', '2013-07-11 01:57:16'),
(818, 1, 'ReportsKHA', 'ListView', '', '2013-07-11 02:17:52'),
(819, 1, 'ReportsKHA', 'index', '', '2013-07-11 02:18:21'),
(820, 1, 'ReportsKHA', 'index', '', '2013-07-11 02:22:47'),
(821, 1, 'ReportsKHA', 'HomePage', '292', '2013-07-11 02:22:50'),
(822, 1, 'ReportsKHA', 'HomePage', '291', '2013-07-11 02:23:12'),
(823, 1, 'ReportsKHA', 'index', '', '2013-07-11 02:23:31'),
(824, 1, 'ReportsKHA', 'HomePage', '293', '2013-07-11 02:23:33'),
(825, 1, 'ReportsKHA', 'HomePage', '1', '2013-07-11 02:23:45'),
(826, 1, 'ReportsKHA', 'HomePage', '293', '2013-07-11 02:23:47'),
(827, 1, 'ReportsKHA', 'HomePage', '291', '2013-07-11 02:34:53'),
(828, 1, 'Users', 'Authenticate', '', '2013-07-11 02:36:17'),
(829, 1, 'Home', 'index', '', '2013-07-11 02:36:18'),
(830, 1, 'Home', 'HomeAjax', '', '2013-07-11 02:36:19'),
(831, 1, 'ReportsKHA', 'index', '', '2013-07-11 02:36:35'),
(832, 1, 'ReportsKHA', 'HomePage', '291', '2013-07-11 02:36:37'),
(833, 1, 'ReportsKHA', 'HomePage', '291', '2013-07-11 02:37:15'),
(834, 1, 'ReportsKHA', 'HomePage', '291', '2013-07-11 02:37:21'),
(835, 1, 'ReportsKHA', 'HomePage', '291', '2013-07-11 02:37:42'),
(836, 1, 'ReportsKHA', 'HomePage', '291', '2013-07-11 02:37:50'),
(837, 1, 'ReportsKHA', 'HomePage', '292', '2013-07-11 02:38:10'),
(838, 1, 'ReportsKHA', 'ListView', '', '2013-07-11 02:39:09'),
(839, 1, 'ReportsKHA', 'DetailView', '293', '2013-07-11 02:39:17'),
(840, 1, 'ReportsKHA', 'EditView', '293', '2013-07-11 02:39:18'),
(841, 1, 'ReportsKHA', 'Save', '', '2013-07-11 02:39:27'),
(842, 1, 'ReportsKHA', 'DetailView', '294', '2013-07-11 02:39:28'),
(843, 1, 'ReportsKHA', 'HomePage', '291', '2013-07-11 02:39:29'),
(844, 1, 'ReportsKHA', 'HomePage', '294', '2013-07-11 02:39:31'),
(845, 1, 'ReportsKHA', 'HomePage', '293', '2013-07-11 02:39:33'),
(846, 1, 'ReportsKHA', 'HomePage', '294', '2013-07-11 02:39:36'),
(847, 1, 'ReportsKHA', 'index', '', '2013-07-11 02:39:43'),
(848, 1, 'ReportsKHA', 'ListView', '', '2013-07-11 02:39:49'),
(849, 1, 'ReportsKHA', 'DetailView', '292', '2013-07-11 02:39:52'),
(850, 1, 'ReportsKHA', 'EditView', '292', '2013-07-11 02:39:54'),
(851, 1, 'ReportsKHA', 'Save', '', '2013-07-11 02:40:12'),
(852, 1, 'ReportsKHA', 'DetailView', '295', '2013-07-11 02:40:12'),
(853, 1, 'ReportsKHA', 'index', '', '2013-07-11 02:40:14'),
(854, 1, 'ReportsKHA', 'HomePage', '295', '2013-07-11 02:40:16'),
(855, 1, 'ReportsKHA', 'HomePage', '292', '2013-07-11 02:40:18'),
(856, 1, 'ReportsKHA', 'ListView', '', '2013-07-11 02:40:22'),
(857, 1, 'Settings', 'ModuleManager', '', '2013-07-11 02:40:24'),
(858, 1, 'Settings', 'LayoutBlockList', '', '2013-07-11 02:40:26'),
(859, 1, 'Settings', 'SettingsAjax', '', '2013-07-11 02:40:49'),
(860, 1, 'ReportsKHA', 'index', '', '2013-07-11 02:40:52'),
(861, 1, 'ReportsKHA', 'HomePage', '294', '2013-07-11 02:41:02'),
(862, 1, 'ReportsKHA', 'ListView', '', '2013-07-11 02:41:07'),
(863, 1, 'ReportsKHA', 'HomePage', '295', '2013-07-11 02:41:11'),
(864, 1, 'ReportsKHA', 'HomePage', '291', '2013-07-11 02:41:13'),
(865, 1, 'ReportsKHA', 'HomePage', '292', '2013-07-11 02:41:16'),
(866, 1, 'ReportsKHA', 'HomePage', '293', '2013-07-11 02:41:18'),
(867, 1, 'ReportsKHA', 'HomePage', '294', '2013-07-11 02:41:20'),
(868, 1, 'ReportsKHA', 'HomePage', '295', '2013-07-11 02:41:21'),
(869, 1, 'ReportsKHA', 'EditView', '295', '2013-07-11 02:41:50'),
(870, 1, 'ReportsKHA', 'Save', '295', '2013-07-11 02:41:53'),
(871, 1, 'ReportsKHA', 'index', '295', '2013-07-11 02:41:54'),
(872, 1, 'ReportsKHA', 'index', '', '2013-07-11 02:42:04'),
(873, 1, 'ReportsKHA', 'HomePage', '295', '2013-07-11 02:42:09'),
(874, 1, 'ReportsKHA', 'HomePage', '294', '2013-07-11 02:42:11'),
(875, 1, 'ReportsKHA', 'HomePage', '293', '2013-07-11 02:42:13'),
(876, 1, 'ReportsKHA', 'HomePage', '292', '2013-07-11 02:42:15'),
(877, 1, 'ReportsKHA', 'HomePage', '291', '2013-07-11 02:42:16'),
(878, 1, 'ReportsKHA', 'HomePage', '292', '2013-07-11 02:43:02'),
(879, 1, 'ReportsKHA', 'HomePage', '293', '2013-07-11 02:43:03'),
(880, 1, 'ReportsKHA', 'HomePage', '294', '2013-07-11 02:43:05'),
(881, 1, 'ReportsKHA', 'HomePage', '295', '2013-07-11 02:43:07'),
(882, 1, 'ReportsKHA', 'HomePage', '292', '2013-07-11 02:43:23'),
(883, 1, 'ReportsKHA', 'HomePage', '293', '2013-07-11 02:43:26'),
(884, 1, 'ReportsKHA', 'HomePage', '294', '2013-07-11 02:43:29'),
(885, 1, 'ReportsKHA', 'HomePage', '291', '2013-07-11 02:44:12'),
(886, 1, 'ReportsKHA', 'HomePage', '292', '2013-07-11 02:44:26'),
(887, 1, 'ReportsKHA', 'HomePage', '293', '2013-07-11 02:44:28'),
(888, 1, 'ReportsKHA', 'HomePage', '294', '2013-07-11 02:44:30'),
(889, 1, 'ReportsKHA', 'HomePage', '295', '2013-07-11 02:44:33'),
(890, 1, 'ReportsKHA', 'HomePage', '291', '2013-07-11 02:44:35'),
(891, 1, 'ReportsKHA', 'HomePage', '292', '2013-07-11 02:46:02'),
(892, 1, 'ReportsKHA', 'HomePage', '293', '2013-07-11 02:46:04'),
(893, 1, 'ReportsKHA', 'HomePage', '294', '2013-07-11 02:46:06'),
(894, 1, 'ReportsKHA', 'HomePage', '295', '2013-07-11 02:46:08'),
(895, 1, 'HomeOwner', 'index', '', '2013-07-11 02:46:13'),
(896, 1, 'HomeOwner', 'DetailView', '242', '2013-07-11 02:46:15'),
(897, 1, 'Billing', 'BillingAjax', '', '2013-07-11 02:46:58'),
(898, 1, 'Billing', 'BillingAjax', '', '2013-07-11 02:47:00'),
(899, 1, 'MemoAdvice', 'MemoAdviceAjax', '', '2013-07-11 02:47:01'),
(900, 1, 'Billing', 'BillingAjax', '', '2013-07-11 02:47:05'),
(901, 1, 'MemoAdvice', 'MemoAdviceAjax', '', '2013-07-11 02:47:07'),
(902, 1, 'MemoAdvice', 'MemoAdviceAjax', '', '2013-07-11 02:47:14'),
(903, 1, 'ReportsKHA', 'HomePage', '294', '2013-07-11 02:56:35'),
(904, 1, 'ReportsKHA', 'HomePage', '293', '2013-07-11 02:56:38'),
(905, 1, 'ReportsKHA', 'HomePage', '295', '2013-07-11 02:56:40'),
(906, 1, 'ReportsKHA', 'HomePage', '291', '2013-07-11 02:56:42'),
(907, 1, 'ReportsKHA', 'HomePage', '291', '2013-07-11 02:56:51'),
(908, 1, 'HomeOwner', 'DetailView', '242', '2013-07-11 03:14:09'),
(909, 1, 'HomeOwner', 'DetailView', '242', '2013-07-11 03:14:19'),
(910, 1, 'HomeOwner', 'DetailView', '242', '2013-07-11 03:17:37'),
(911, 1, 'MemoAdvice', 'MemoAdviceAjax', '', '2013-07-11 03:17:39'),
(912, 1, 'MemoAdvice', 'MemoAdviceAjax', '', '2013-07-11 03:17:41'),
(913, 1, 'MemoAdvice', 'MemoAdviceAjax', '', '2013-07-11 03:17:43'),
(914, 1, 'MemoAdvice', 'MemoAdviceAjax', '', '2013-07-11 03:17:44'),
(915, 1, 'HomeOwner', 'DetailView', '242', '2013-07-11 03:18:55'),
(916, 1, 'MemoAdvice', 'MemoAdviceAjax', '', '2013-07-11 03:18:57'),
(917, 1, 'HomeOwner', 'DetailView', '242', '2013-07-11 03:19:31'),
(918, 1, 'MemoAdvice', 'MemoAdviceAjax', '', '2013-07-11 03:19:35'),
(919, 1, 'HomeOwner', 'DetailView', '242', '2013-07-11 03:19:49'),
(920, 1, 'MemoAdvice', 'MemoAdviceAjax', '', '2013-07-11 03:19:51'),
(921, 1, 'HomeOwner', 'DetailView', '242', '2013-07-11 03:20:08'),
(922, 1, 'House', 'HouseAjax', '', '2013-07-11 03:20:10'),
(923, 1, 'HomeOwner', 'DetailView', '242', '2013-07-11 03:20:32'),
(924, 1, 'MemoAdvice', 'MemoAdviceAjax', '', '2013-07-11 03:20:34'),
(925, 1, 'House', 'HouseAjax', '', '2013-07-11 03:20:39'),
(926, 1, 'HomeOwner', 'DetailView', '242', '2013-07-11 03:20:51'),
(927, 1, 'House', 'HouseAjax', '', '2013-07-11 03:20:55'),
(928, 1, 'HomeOwner', 'DetailView', '242', '2013-07-11 03:21:34'),
(929, 1, 'House', 'HouseAjax', '', '2013-07-11 03:21:36'),
(930, 1, 'HomeOwner', 'DetailView', '242', '2013-07-11 03:22:08'),
(931, 1, 'House', 'HouseAjax', '', '2013-07-11 03:22:11'),
(932, 1, 'HomeOwner', 'DetailView', '242', '2013-07-11 03:22:43'),
(933, 1, 'House', 'HouseAjax', '', '2013-07-11 03:22:46'),
(934, 1, 'HomeOwner', 'DetailView', '242', '2013-07-11 03:23:04'),
(935, 1, 'MemoAdvice', 'MemoAdviceAjax', '', '2013-07-11 03:23:06'),
(936, 1, 'House', 'HouseAjax', '', '2013-07-11 03:23:09'),
(937, 1, 'HomeOwner', 'DetailView', '242', '2013-07-11 03:23:47'),
(938, 1, 'House', 'HouseAjax', '', '2013-07-11 03:23:50'),
(939, 1, 'HomeOwner', 'DetailView', '242', '2013-07-11 03:24:25'),
(940, 1, 'House', 'HouseAjax', '', '2013-07-11 03:24:27'),
(941, 1, 'HomeOwner', 'DetailView', '242', '2013-07-11 03:25:03'),
(942, 1, 'House', 'HouseAjax', '', '2013-07-11 03:25:06'),
(943, 1, 'HomeOwner', 'DetailView', '242', '2013-07-11 03:26:20'),
(944, 1, 'House', 'HouseAjax', '', '2013-07-11 03:26:22'),
(945, 1, 'HomeOwner', 'DetailView', '242', '2013-07-11 03:29:58'),
(946, 1, 'HomeOwner', 'DetailView', '242', '2013-07-11 03:30:00'),
(947, 1, 'House', 'HouseAjax', '', '2013-07-11 03:30:02'),
(948, 1, 'HomeOwner', 'DetailView', '242', '2013-07-11 03:31:12'),
(949, 1, 'MemoAdvice', 'MemoAdviceAjax', '', '2013-07-11 03:31:15'),
(950, 1, 'Billing', 'BillingAjax', '', '2013-07-11 03:31:19'),
(951, 1, 'HomeOwner', 'ReportsPerHomeOwner', '242', '2013-07-11 03:31:22'),
(952, 1, 'ReportsKHA', 'index', '', '2013-07-11 03:31:25'),
(953, 1, 'ReportsKHA', 'HomePage', '292', '2013-07-11 03:31:27'),
(954, 1, 'ReportsKHA', 'HomePage', '291', '2013-07-11 03:31:33'),
(955, 1, 'ReportsKHA', 'HomePage', '292', '2013-07-11 03:31:57'),
(956, 1, 'ReportsKHA', 'HomePage', '293', '2013-07-11 03:32:00'),
(957, 1, 'ReportsKHA', 'HomePage', '294', '2013-07-11 03:32:02'),
(958, 1, 'ReportsKHA', 'HomePage', '295', '2013-07-11 03:32:03'),
(959, 1, 'ReportsKHA', 'HomePage', '291', '2013-07-11 03:32:10'),
(960, 1, 'HomeOwner', 'index', '', '2013-07-11 03:32:12'),
(961, 1, 'HomeOwner', 'DetailView', '242', '2013-07-11 03:32:14'),
(962, 1, 'MemoAdvice', 'MemoAdviceAjax', '', '2013-07-11 03:32:16'),
(963, 1, 'Billing', 'BillingAjax', '', '2013-07-11 03:32:19'),
(964, 1, 'HomeOwner', 'ReportsPerHomeOwner', '242', '2013-07-11 03:32:27'),
(965, 1, 'HomeOwner', 'DetailView', '242', '2013-07-11 03:32:33'),
(966, 1, 'Users', 'Authenticate', '', '2013-07-11 03:33:18'),
(967, 1, 'HomeOwner', 'index', '', '2013-07-11 03:33:19'),
(968, 1, 'ReportsKHA', 'HomePage', '291', '2013-07-11 03:33:20'),
(969, 1, 'HomeOwner', 'DetailView', '242', '2013-07-11 03:33:27'),
(970, 1, 'HomeOwner', 'EditView', '242', '2013-07-11 03:33:29'),
(971, 1, 'HomeOwner', 'index', '', '2013-07-11 03:35:57'),
(972, 1, 'HomeOwner', 'DetailView', '242', '2013-07-11 03:36:00'),
(973, 1, 'HomeOwner', 'EditView', '242', '2013-07-11 03:38:33'),
(974, 1, 'HomeOwner', 'index', '', '2013-07-11 03:38:40'),
(975, 1, 'HomeOwner', 'DetailView', '242', '2013-07-11 03:38:54'),
(976, 1, 'ReportsKHA', 'index', '', '2013-07-11 03:38:58'),
(977, 1, 'ReportsKHA', 'HomePage', '292', '2013-07-11 03:39:00'),
(978, 1, 'ReportsKHA', 'HomePage', '293', '2013-07-11 03:39:04'),
(979, 1, 'ReportsKHA', 'HomePage', '291', '2013-07-11 03:39:10'),
(980, 1, 'HomeOwner', 'index', '', '2013-07-11 03:39:25'),
(981, 1, 'Tooltip', 'TooltipAjax', '', '2013-07-11 03:39:30'),
(982, 1, 'ReportsKHA', 'HomePage', '292', '2013-07-11 03:39:38'),
(983, 1, 'ReportsKHA', 'HomePage', '291', '2013-07-11 03:39:41'),
(984, 1, 'ReportsKHA', 'HomePage', '291', '2013-07-11 03:40:15'),
(985, 1, 'ReportsKHA', 'HomePage', '291', '2013-07-11 03:40:47'),
(986, 1, 'ReportsKHA', 'HomePage', '291', '2013-07-11 03:40:59'),
(987, 1, 'ReportsKHA', 'HomePage', '292', '2013-07-11 03:41:48'),
(988, 1, 'ReportsKHA', 'HomePage', '293', '2013-07-11 03:41:51'),
(989, 1, 'ReportsKHA', 'HomePage', '294', '2013-07-11 03:41:54'),
(990, 1, 'ReportsKHA', 'HomePage', '295', '2013-07-11 03:41:57'),
(991, 1, 'HomeOwner', 'index', '', '2013-07-11 03:42:00'),
(992, 1, 'HomeOwner', 'DetailView', '242', '2013-07-11 03:42:02'),
(993, 1, 'MemoAdvice', 'MemoAdviceAjax', '', '2013-07-11 03:42:06'),
(994, 1, 'HomeOwner', 'ReportsPerHomeOwner', '242', '2013-07-11 03:42:13'),
(995, 1, 'HomeOwner', 'index', '', '2013-07-11 03:42:19'),
(996, 1, 'ReportsKHA', 'HomePage', '292', '2013-07-11 03:43:10'),
(997, 1, 'HomeOwner', 'DetailView', '242', '2013-07-11 03:43:15'),
(998, 1, 'HomeOwner', 'ReportsPerHomeOwner', '242', '2013-07-11 03:43:49'),
(999, 1, 'HomeOwner', 'CallRelatedList', '242', '2013-07-11 03:43:52'),
(1000, 1, 'HomeOwner', 'DetailView', '242', '2013-07-11 03:43:55'),
(1001, 1, 'HomeOwner', 'index', '', '2013-07-11 03:44:13'),
(1002, 1, 'HomeOwner', 'DetailView', '263', '2013-07-11 03:44:15'),
(1003, 1, 'ReportsKHA', 'index', '', '2013-07-11 03:44:20'),
(1004, 1, 'ReportsKHA', 'HomePage', '291', '2013-07-11 03:44:22'),
(1005, 1, 'ReportsKHA', 'HomePage', '292', '2013-07-11 03:44:25'),
(1006, 1, 'ReportsKHA', 'HomePage', '291', '2013-07-11 03:44:30'),
(1007, 1, 'ReportsKHA', 'HomePage', '291', '2013-07-11 03:48:02'),
(1008, 1, 'HomeOwner', 'index', '', '2013-07-11 03:48:05'),
(1009, 1, 'HomeOwner', 'EditView', '', '2013-07-11 03:48:08'),
(1010, 1, 'HomeOwner', 'Save', '', '2013-07-11 03:48:22'),
(1011, 1, 'HomeOwner', 'DetailView', '296', '2013-07-11 03:48:23'),
(1012, 1, 'House', 'EditView', '', '2013-07-11 03:48:25'),
(1013, 1, 'House', 'Save', '', '2013-07-11 03:48:35'),
(1014, 1, 'House', 'DetailView', '297', '2013-07-11 03:48:35'),
(1015, 1, 'HomeOwner', 'DetailView', '296', '2013-07-11 03:48:38'),
(1016, 1, 'Cars', 'EditView', '', '2013-07-11 03:48:42'),
(1017, 1, 'Cars', 'Save', '', '2013-07-11 03:48:53'),
(1018, 1, 'Cars', 'DetailView', '298', '2013-07-11 03:48:54'),
(1019, 1, 'HomeOwner', 'DetailView', '296', '2013-07-11 03:48:56'),
(1020, 1, 'HomeOwner', 'EditView', '296', '2013-07-11 03:48:58'),
(1021, 1, 'House', 'Popup', '', '2013-07-11 03:49:01'),
(1022, 1, 'Cars', 'Popup', '', '2013-07-11 03:49:05'),
(1023, 1, 'HomeOwner', 'Save', '296', '2013-07-11 03:49:08'),
(1024, 1, 'HomeOwner', 'DetailView', '296', '2013-07-11 03:49:08'),
(1025, 1, 'HomeOwner', 'index', '', '2013-07-11 03:51:55'),
(1026, 1, 'HomeOwner', 'DetailView', '296', '2013-07-11 03:51:58'),
(1027, 1, 'HomeOwner', 'ReportsPerHomeOwner', '296', '2013-07-11 03:52:00'),
(1028, 1, 'HomeOwner', 'DetailView', '296', '2013-07-11 03:52:05'),
(1029, 1, 'HomeOwner', 'ReportsPerHomeOwner', '296', '2013-07-11 03:53:19'),
(1030, 1, 'HomeOwner', 'DetailView', '296', '2013-07-11 03:53:26'),
(1031, 1, 'Emails', 'EmailsAjax', '', '2013-07-11 03:53:39'),
(1032, 1, 'Billing', 'BillingAjax', '', '2013-07-11 03:53:44'),
(1033, 1, 'ReportsKHA', 'index', '', '2013-07-11 03:54:58'),
(1034, 1, 'ReportsKHA', 'HomePage', '291', '2013-07-11 03:55:00'),
(1035, 1, 'ReportsKHA', 'HomePage', '292', '2013-07-11 03:55:04'),
(1036, 1, 'ReportsKHA', 'HomePage', '293', '2013-07-11 03:55:07'),
(1037, 1, 'ReportsKHA', 'HomePage', '294', '2013-07-11 03:55:12'),
(1038, 1, 'ReportsKHA', 'HomePage', '292', '2013-07-11 03:55:32'),
(1039, 1, 'ReportsKHA', 'HomePage', '291', '2013-07-11 03:55:45'),
(1040, 1, 'ReportsKHA', 'HomePage', '293', '2013-07-11 03:55:49'),
(1041, 1, 'Documents', 'index', '', '2013-07-11 03:56:25'),
(1042, 1, 'Documents', 'EditView', '', '2013-07-11 03:56:32'),
(1043, 1, 'Documents', 'index', '', '2013-07-11 03:56:44'),
(1044, 1, 'Documents', 'index', '', '2013-07-11 03:56:44'),
(1045, 1, 'ReportsKHA', 'index', '', '2013-07-11 03:56:52'),
(1046, 1, 'HomeOwner', 'DetailView', '242', '2013-07-11 05:34:56'),
(1047, 1, 'ReportsKHA', 'HomePage', '292', '2013-07-11 05:36:53'),
(1048, 1, 'ReportsKHA', 'HomePage', '291', '2013-07-11 05:37:01'),
(1049, 1, 'ReportsKHA', 'HomePage', '295', '2013-07-11 05:37:04'),
(1050, 1, 'ReportsKHA', 'HomePage', '294', '2013-07-11 05:37:06'),
(1051, 1, 'ReportsKHA', 'HomePage', '293', '2013-07-11 05:37:08'),
(1052, 1, 'ReportsKHA', 'HomePage', '292', '2013-07-11 05:37:10'),
(1053, 1, 'ReportsKHA', 'HomePage', '293', '2013-07-11 05:40:23'),
(1054, 1, 'ReportsKHA', 'HomePage', '294', '2013-07-11 05:40:26'),
(1055, 1, 'ReportsKHA', 'HomePage', '295', '2013-07-11 05:40:29'),
(1056, 1, 'ReportsKHA', 'index', '', '2013-07-11 05:40:45'),
(1057, 1, 'ReportsKHA', 'HomePage', '291', '2013-07-11 05:40:47'),
(1058, 1, 'ReportsKHA', 'HomePage', '292', '2013-07-11 05:40:50'),
(1059, 1, 'ReportsKHA', 'HomePage', '293', '2013-07-11 05:40:52'),
(1060, 1, 'ReportsKHA', 'HomePage', '294', '2013-07-11 05:40:53'),
(1061, 1, 'ReportsKHA', 'HomePage', '295', '2013-07-11 05:40:55'),
(1062, 1, 'HomeOwner', 'index', '', '2013-07-11 05:40:57'),
(1063, 1, 'HomeOwner', 'DetailView', '263', '2013-07-11 05:40:59'),
(1064, 1, 'ReportsKHA', 'HomePage', '292', '2013-07-11 05:42:48'),
(1065, 1, 'ReportsKHA', 'HomePage', '293', '2013-07-11 05:42:50'),
(1066, 1, 'ReportsKHA', 'HomePage', '294', '2013-07-11 05:42:52'),
(1067, 1, 'ReportsKHA', 'HomePage', '291', '2013-07-11 05:42:54'),
(1068, 1, 'ReportsKHA', 'HomePage', '292', '2013-07-11 05:43:07'),
(1069, 1, 'ReportsKHA', 'index', '', '2013-07-11 05:44:31'),
(1070, 1, 'ReportsKHA', 'HomePage', '293', '2013-07-11 05:44:34'),
(1071, 1, 'ReportsKHA', 'HomePage', '294', '2013-07-11 05:44:37'),
(1072, 1, 'ReportsKHA', 'ListView', '', '2013-07-11 05:45:59'),
(1073, 1, 'ReportsKHA', 'EditView', '294', '2013-07-11 05:46:04'),
(1074, 1, 'ReportsKHA', 'Save', '294', '2013-07-11 05:46:14'),
(1075, 1, 'ReportsKHA', 'index', '294', '2013-07-11 05:46:16'),
(1076, 1, 'ReportsKHA', 'HomePage', '293', '2013-07-11 05:46:20'),
(1077, 1, 'ReportsKHA', 'HomePage', '292', '2013-07-11 05:46:22'),
(1078, 1, 'ReportsKHA', 'HomePage', '291', '2013-07-11 05:46:24'),
(1079, 1, 'ReportsKHA', 'HomePage', '295', '2013-07-11 05:46:26'),
(1080, 1, 'ReportsKHA', 'ListView', '', '2013-07-11 05:46:32'),
(1081, 1, 'ReportsKHA', 'HomePage', '294', '2013-07-11 05:46:37'),
(1082, 1, 'ReportsKHA', 'ListView', '', '2013-07-11 05:47:47'),
(1083, 1, 'ReportsKHA', 'HomePage', '295', '2013-07-11 05:47:53'),
(1084, 1, 'ReportsKHA', 'HomePage', '294', '2013-07-11 05:47:54'),
(1085, 1, 'ReportsKHA', 'HomePage', '293', '2013-07-11 05:47:57'),
(1086, 1, 'ReportsKHA', 'HomePage', '294', '2013-07-11 05:47:59'),
(1087, 1, 'ReportsKHA', 'HomePage', '293', '2013-07-11 05:48:07'),
(1088, 1, 'ReportsKHA', 'HomePage', '294', '2013-07-11 05:48:09'),
(1089, 1, 'ReportsKHA', 'HomePage', '295', '2013-07-11 05:48:10'),
(1090, 1, 'ReportsKHA', 'HomePage', '292', '2013-07-11 05:48:12'),
(1091, 1, 'ReportsKHA', 'HomePage', '292', '2013-07-11 05:49:22'),
(1092, 1, 'ReportsKHA', 'HomePage', '295', '2013-07-11 05:49:24'),
(1093, 1, 'ReportsKHA', 'HomePage', '295', '2013-07-11 05:49:26'),
(1094, 1, 'ReportsKHA', 'EditView', '295', '2013-07-11 05:49:33'),
(1095, 1, 'ReportsKHA', 'Save', '295', '2013-07-11 05:49:39'),
(1096, 1, 'ReportsKHA', 'index', '295', '2013-07-11 05:49:40'),
(1097, 1, 'ReportsKHA', 'HomePage', '295', '2013-07-11 05:49:48'),
(1098, 1, 'ReportsKHA', 'HomePage', '294', '2013-07-11 05:49:51'),
(1099, 1, 'ReportsKHA', 'HomePage', '293', '2013-07-11 05:49:53'),
(1100, 1, 'ReportsKHA', 'HomePage', '292', '2013-07-11 05:49:55'),
(1101, 1, 'ReportsKHA', 'HomePage', '291', '2013-07-11 05:49:57'),
(1102, 1, 'ReportsKHA', 'HomePage', '295', '2013-07-11 05:50:01'),
(1103, 1, 'ReportsKHA', 'HomePage', '294', '2013-07-11 05:50:41'),
(1104, 1, 'ReportsKHA', 'HomePage', '295', '2013-07-11 05:50:43'),
(1105, 1, 'ReportsKHA', 'ListView', '', '2013-07-11 05:50:49'),
(1106, 1, 'ReportsKHA', 'EditView', '', '2013-07-11 05:50:51'),
(1107, 1, 'ReportsKHA', 'ListView', '', '2013-07-11 05:51:06'),
(1108, 1, 'ReportsKHA', 'HomePage', '295', '2013-07-11 05:51:09'),
(1109, 1, 'ReportsKHA', 'HomePage', '291', '2013-07-11 05:51:11'),
(1110, 1, 'ReportsKHA', 'HomePage', '291', '2013-07-11 05:51:16'),
(1111, 1, 'Home', 'index', '', '2013-07-11 05:59:36'),
(1112, 1, 'Home', 'HomeAjax', '', '2013-07-11 05:59:37'),
(1113, 1, 'ReportsKHA', 'HomePage', '291', '2013-07-11 06:05:36'),
(1114, 1, 'ReportsKHA', 'HomePage', '295', '2013-07-11 06:05:54'),
(1115, 1, 'ReportsKHA', 'HomePage', '295', '2013-07-11 06:09:26'),
(1116, 1, 'ReportsKHA', 'HomePage', '295', '2013-07-11 06:10:23'),
(1117, 1, 'ReportsKHA', 'HomePage', '295', '2013-07-11 06:11:22'),
(1118, 1, 'ReportsKHA', 'HomePage', '295', '2013-07-11 06:11:42'),
(1119, 1, 'ReportsKHA', 'HomePage', '295', '2013-07-11 06:12:04'),
(1120, 1, 'ReportsKHA', 'HomePage', '295', '2013-07-11 06:12:12'),
(1121, 1, 'ReportsKHA', 'HomePage', '295', '2013-07-11 06:12:30'),
(1122, 1, 'ReportsKHA', 'HomePage', '295', '2013-07-11 06:12:50'),
(1123, 1, 'ReportsKHA', 'HomePage', '295', '2013-07-11 06:13:00'),
(1124, 1, 'ReportsKHA', 'HomePage', '295', '2013-07-11 06:13:08'),
(1125, 1, 'ReportsKHA', 'HomePage', '295', '2013-07-11 06:13:11'),
(1126, 1, 'ReportsKHA', 'HomePage', '295', '2013-07-11 06:13:45'),
(1127, 1, 'ReportsKHA', 'HomePage', '294', '2013-07-11 06:13:54'),
(1128, 1, 'ReportsKHA', 'HomePage', '295', '2013-07-11 06:13:56'),
(1129, 1, 'ReportsKHA', 'HomePage', '294', '2013-07-11 06:14:28'),
(1130, 1, 'ReportsKHA', 'HomePage', '295', '2013-07-11 06:14:30'),
(1131, 1, 'ReportsKHA', 'HomePage', '294', '2013-07-11 06:15:06'),
(1132, 1, 'ReportsKHA', 'HomePage', '293', '2013-07-11 06:15:08'),
(1133, 1, 'ReportsKHA', 'HomePage', '295', '2013-07-11 06:15:11'),
(1134, 1, 'ReportsKHA', 'HomePage', '295', '2013-07-11 06:15:21'),
(1135, 1, 'ReportsKHA', 'HomePage', '291', '2013-07-11 06:15:45'),
(1136, 1, 'ReportsKHA', 'HomePage', '295', '2013-07-11 06:15:50'),
(1137, 1, 'ReportsKHA', 'HomePage', '295', '2013-07-11 06:16:01'),
(1138, 1, 'ReportsKHA', 'HomePage', '294', '2013-07-11 06:16:20'),
(1139, 1, 'ReportsKHA', 'HomePage', '295', '2013-07-11 06:16:25'),
(1140, 1, 'Users', 'Logout', '', '2013-07-11 06:16:55'),
(1141, 1, 'Users', 'Authenticate', '', '2013-07-11 06:17:01'),
(1142, 1, 'Home', 'index', '', '2013-07-11 06:17:03'),
(1143, 1, 'ReportsKHA', 'index', '', '2013-07-11 06:17:07'),
(1144, 1, 'ReportsKHA', 'HomePage', '295', '2013-07-11 06:17:10'),
(1145, 1, 'ReportsKHA', 'HomePage', '295', '2013-07-11 06:17:28'),
(1146, 1, 'ReportsKHA', 'HomePage', '295', '2013-07-11 06:17:51'),
(1147, 1, 'ReportsKHA', 'HomePage', '294', '2013-07-11 06:17:57'),
(1148, 1, 'ReportsKHA', 'HomePage', '293', '2013-07-11 06:17:59'),
(1149, 1, 'ReportsKHA', 'HomePage', '292', '2013-07-11 06:18:00'),
(1150, 1, 'ReportsKHA', 'HomePage', '291', '2013-07-11 06:18:02'),
(1151, 1, 'ReportsKHA', 'HomePage', '295', '2013-07-11 06:18:04'),
(1152, 1, 'ReportsKHA', 'HomePage', '295', '2013-07-11 06:18:30'),
(1153, 1, 'ReportsKHA', 'HomePage', '295', '2013-07-11 06:18:39'),
(1154, 1, 'ReportsKHA', 'HomePage', '295', '2013-07-11 06:18:47'),
(1155, 1, 'ReportsKHA', 'HomePage', '294', '2013-07-11 06:19:19'),
(1156, 1, 'ReportsKHA', 'HomePage', '293', '2013-07-11 06:19:22'),
(1157, 1, 'ReportsKHA', 'HomePage', '292', '2013-07-11 06:19:24'),
(1158, 1, 'ReportsKHA', 'HomePage', '291', '2013-07-11 06:19:25'),
(1159, 1, 'ReportsKHA', 'HomePage', '295', '2013-07-11 06:19:27'),
(1160, 1, 'ReportsKHA', 'HomePage', '295', '2013-07-11 06:19:40'),
(1161, 1, 'ReportsKHA', 'HomePage', '294', '2013-07-11 06:20:13'),
(1162, 1, 'ReportsKHA', 'HomePage', '293', '2013-07-11 06:20:15'),
(1163, 1, 'ReportsKHA', 'HomePage', '292', '2013-07-11 06:20:17'),
(1164, 1, 'ReportsKHA', 'HomePage', '291', '2013-07-11 06:20:18'),
(1165, 1, 'HomeOwner', 'index', '', '2013-07-11 06:20:20'),
(1166, 1, 'Tooltip', 'TooltipAjax', '', '2013-07-11 06:20:23'),
(1167, 1, 'HomeOwner', 'DetailView', '242', '2013-07-11 06:20:23'),
(1168, 1, 'ReportsKHA', 'index', '', '2013-07-11 06:20:26'),
(1169, 1, 'ReportsKHA', 'HomePage', '291', '2013-07-11 06:20:28'),
(1170, 1, 'ReportsKHA', 'HomePage', '292', '2013-07-11 06:20:32'),
(1171, 1, 'ReportsKHA', 'HomePage', '293', '2013-07-11 06:20:35'),
(1172, 1, 'ReportsKHA', 'HomePage', '294', '2013-07-11 06:20:37'),
(1173, 1, 'ReportsKHA', 'HomePage', '295', '2013-07-11 06:20:43'),
(1174, 1, 'ReportsKHA', 'HomePage', '291', '2013-07-11 06:20:52'),
(1175, 1, 'ReportsKHA', 'HomePage', '292', '2013-07-11 06:20:55'),
(1176, 1, 'ReportsKHA', 'HomePage', '293', '2013-07-11 06:20:57'),
(1177, 1, 'ReportsKHA', 'HomePage', '294', '2013-07-11 06:20:59'),
(1178, 1, 'ReportsKHA', 'HomePage', '295', '2013-07-11 06:21:01'),
(1179, 1, 'ReportsKHA', 'HomePage', '294', '2013-07-11 06:24:17'),
(1180, 1, 'ReportsKHA', 'HomePage', '295', '2013-07-11 06:24:31'),
(1181, 1, 'ReportsKHA', 'HomePage', '295', '2013-07-11 06:25:16'),
(1182, 1, 'ReportsKHA', 'HomePage', '294', '2013-07-11 06:25:43'),
(1183, 1, 'ReportsKHA', 'HomePage', '291', '2013-07-11 06:25:47'),
(1184, 1, 'ReportsKHA', 'HomePage', '295', '2013-07-11 06:25:51'),
(1185, 1, 'ReportsKHA', 'HomePage', '294', '2013-07-11 06:28:35'),
(1186, 1, 'ReportsKHA', 'HomePage', '293', '2013-07-11 06:28:38'),
(1187, 1, 'ReportsKHA', 'HomePage', '292', '2013-07-11 06:28:40'),
(1188, 1, 'ReportsKHA', 'HomePage', '291', '2013-07-11 06:28:41'),
(1189, 1, 'ReportsKHA', 'HomePage', '295', '2013-07-11 06:28:43'),
(1190, 1, 'HomeOwner', 'index', '', '2013-07-11 06:28:54'),
(1191, 1, 'Tooltip', 'TooltipAjax', '', '2013-07-11 06:28:57'),
(1192, 1, 'HomeOwner', 'DetailView', '296', '2013-07-11 06:28:57'),
(1193, 1, 'HomeOwner', 'ReportsPerHomeOwner', '296', '2013-07-11 06:29:07'),
(1194, 1, 'HomeOwner', 'DetailView', '296', '2013-07-11 06:29:10'),
(1195, 1, 'HomeOwner', 'index', '', '2013-07-11 06:29:22'),
(1196, 1, 'HomeOwner', 'DetailView', '263', '2013-07-11 06:29:24'),
(1197, 1, 'MemoAdvice', 'MemoAdviceAjax', '', '2013-07-11 06:29:26'),
(1198, 1, 'Billing', 'BillingAjax', '', '2013-07-11 06:29:28'),
(1199, 1, 'HomeOwner', 'ReportsPerHomeOwner', '263', '2013-07-11 06:31:45'),
(1200, 1, 'ReportsKHA', 'index', '', '2013-07-11 06:31:47'),
(1201, 1, 'ReportsKHA', 'HomePage', '295', '2013-07-11 06:31:49'),
(1202, 1, 'ReportsKHA', 'HomePage', '294', '2013-07-11 06:31:52'),
(1203, 1, 'ReportsKHA', 'HomePage', '293', '2013-07-11 06:31:55'),
(1204, 1, 'ReportsKHA', 'HomePage', '292', '2013-07-11 06:31:57'),
(1205, 1, 'ReportsKHA', 'HomePage', '291', '2013-07-11 06:32:01'),
(1206, 1, 'ReportsKHA', 'HomePage', '295', '2013-07-11 06:32:11'),
(1207, 1, 'ReportsKHA', 'HomePage', '294', '2013-07-11 06:32:15'),
(1208, 1, 'ReportsKHA', 'HomePage', '293', '2013-07-11 06:32:34'),
(1209, 1, 'ReportsKHA', 'HomePage', '292', '2013-07-11 06:32:36'),
(1210, 1, 'ReportsKHA', 'HomePage', '291', '2013-07-11 06:32:40'),
(1211, 1, 'ReportsKHA', 'HomePage', '295', '2013-07-11 06:32:42'),
(1212, 1, 'ReportsKHA', 'HomePage', '294', '2013-07-11 06:32:47'),
(1213, 1, 'ReportsKHA', 'HomePage', '295', '2013-07-11 06:32:51'),
(1214, 1, 'ReportsKHA', 'HomePage', '294', '2013-07-11 06:35:02'),
(1215, 1, 'ReportsKHA', 'HomePage', '293', '2013-07-11 06:35:04'),
(1216, 1, 'ReportsKHA', 'HomePage', '292', '2013-07-11 06:35:06'),
(1217, 1, 'ReportsKHA', 'HomePage', '291', '2013-07-11 06:35:08'),
(1218, 1, 'ReportsKHA', 'HomePage', '292', '2013-07-11 06:35:18'),
(1219, 1, 'ReportsKHA', 'HomePage', '293', '2013-07-11 06:35:20'),
(1220, 1, 'HomeOwner', 'index', '', '2013-07-11 06:35:28'),
(1221, 1, 'HomeOwner', 'DetailView', '263', '2013-07-11 06:35:38'),
(1222, 1, 'ReportsKHA', 'index', '', '2013-07-11 06:35:39'),
(1223, 1, 'ReportsKHA', 'HomePage', '295', '2013-07-11 06:35:41'),
(1224, 1, 'ReportsKHA', 'HomePage', '294', '2013-07-11 06:35:46'),
(1225, 1, 'ReportsKHA', 'HomePage', '293', '2013-07-11 06:35:48'),
(1226, 1, 'ReportsKHA', 'HomePage', '292', '2013-07-11 06:35:50'),
(1227, 1, 'ReportsKHA', 'HomePage', '295', '2013-07-11 06:35:54'),
(1228, 1, 'ReportsKHA', 'HomePage', '291', '2013-07-11 06:36:03'),
(1229, 1, 'ReportsKHA', 'HomePage', '292', '2013-07-11 06:36:06'),
(1230, 1, 'ReportsKHA', 'HomePage', '293', '2013-07-11 06:36:09'),
(1231, 1, 'ReportsKHA', 'HomePage', '294', '2013-07-11 06:36:10'),
(1232, 1, 'ReportsKHA', 'HomePage', '295', '2013-07-11 06:36:12'),
(1233, 1, 'ReportsKHA', 'HomePage', '294', '2013-07-11 06:36:43'),
(1234, 1, 'ReportsKHA', 'HomePage', '293', '2013-07-11 06:36:45'),
(1235, 1, 'ReportsKHA', 'HomePage', '292', '2013-07-11 06:36:49'),
(1236, 1, 'ReportsKHA', 'HomePage', '291', '2013-07-11 06:36:51'),
(1237, 1, 'ReportsKHA', 'HomePage', '292', '2013-07-11 06:36:58'),
(1238, 1, 'ReportsKHA', 'HomePage', '293', '2013-07-11 06:37:00'),
(1239, 1, 'ReportsKHA', 'HomePage', '295', '2013-07-11 06:38:24'),
(1240, 1, 'ReportsKHA', 'HomePage', '294', '2013-07-11 06:38:42'),
(1241, 1, 'ReportsKHA', 'HomePage', '293', '2013-07-11 06:38:45'),
(1242, 1, 'ReportsKHA', 'HomePage', '292', '2013-07-11 06:38:48'),
(1243, 1, 'ReportsKHA', 'HomePage', '291', '2013-07-11 06:38:53'),
(1244, 1, 'ReportsKHA', 'HomePage', '295', '2013-07-11 06:38:57'),
(1245, 1, 'ReportsKHA', 'HomePage', '294', '2013-07-11 06:39:14'),
(1246, 1, 'ReportsKHA', 'HomePage', '293', '2013-07-11 06:39:18'),
(1247, 1, 'ReportsKHA', 'HomePage', '294', '2013-07-11 06:40:00'),
(1248, 1, 'ReportsKHA', 'HomePage', '295', '2013-07-11 06:40:02'),
(1249, 1, 'ReportsKHA', 'HomePage', '291', '2013-07-11 06:40:09'),
(1250, 1, 'HomeOwner', 'index', '', '2013-07-11 06:40:16'),
(1251, 1, 'HomeOwner', 'DetailView', '263', '2013-07-11 06:40:18'),
(1252, 1, 'MemoAdvice', 'MemoAdviceAjax', '', '2013-07-11 06:40:24'),
(1253, 1, 'Billing', 'BillingAjax', '', '2013-07-11 06:40:27'),
(1254, 1, 'ReportsKHA', 'HomePage', '294', '2013-07-11 06:40:31'),
(1255, 1, 'ReportsKHA', 'HomePage', '291', '2013-07-11 06:40:33'),
(1256, 1, 'HomeOwner', 'index', '', '2013-07-11 06:40:36'),
(1257, 1, 'HomeOwner', 'DetailView', '242', '2013-07-11 06:40:52'),
(1258, 1, 'HomeOwner', 'ReportsPerHomeOwner', '242', '2013-07-11 06:40:59'),
(1259, 1, 'ReportsKHA', 'index', '', '2013-07-11 06:41:04'),
(1260, 1, 'ReportsKHA', 'HomePage', '295', '2013-07-11 06:41:05'),
(1261, 1, 'HomeOwner', 'DetailView', '242', '2013-07-11 06:41:11'),
(1262, 1, 'Billing', 'BillingAjax', '', '2013-07-11 06:41:14'),
(1263, 1, 'MemoAdvice', 'MemoAdviceAjax', '', '2013-07-11 06:41:18'),
(1264, 1, 'Billing', 'BillingAjax', '', '2013-07-11 06:41:23'),
(1265, 1, 'HomeOwner', 'ReportsPerHomeOwner', '242', '2013-07-11 06:41:27'),
(1266, 1, 'ReportsKHA', 'HomePage', '294', '2013-07-11 06:42:22'),
(1267, 1, 'ReportsKHA', 'HomePage', '291', '2013-07-11 06:42:25'),
(1268, 1, 'ReportsKHA', 'index', '', '2013-07-11 06:42:32'),
(1269, 1, 'ReportsKHA', 'HomePage', '295', '2013-07-11 06:42:34'),
(1270, 1, 'HomeOwner', 'index', '', '2013-07-11 06:42:39'),
(1271, 1, 'HomeOwner', 'DetailView', '242', '2013-07-11 06:42:42'),
(1272, 1, 'HomeOwner', 'ReportsPerHomeOwner', '242', '2013-07-11 06:42:45'),
(1273, 1, 'HomeOwner', 'DetailView', '242', '2013-07-11 06:42:48'),
(1274, 1, 'MemoAdvice', 'MemoAdviceAjax', '', '2013-07-11 06:42:51'),
(1275, 1, 'Billing', 'BillingAjax', '', '2013-07-11 06:42:55'),
(1276, 1, 'Emails', 'EmailsAjax', '', '2013-07-11 06:43:27'),
(1277, 1, 'Emails', 'EmailsAjax', '', '2013-07-11 06:43:27'),
(1278, 1, 'Emails', 'EmailsAjax', '', '2013-07-11 06:43:30'),
(1279, 1, 'Users', 'lookupemailtemplates', '', '2013-07-11 06:43:37'),
(1280, 1, 'Users', 'UsersAjax', '', '2013-07-11 06:43:40'),
(1281, 1, 'MailManager', 'index', '', '2013-07-11 06:43:51'),
(1282, 1, 'MailManager', 'MailManagerAjax', '', '2013-07-11 06:43:53'),
(1283, 1, 'MailManager', 'MailManagerAjax', '', '2013-07-11 06:43:58'),
(1284, 1, 'MailManager', 'MailManagerAjax', '', '2013-07-11 06:44:11'),
(1285, 1, 'MailManager', 'MailManagerAjax', '', '2013-07-11 06:44:15'),
(1286, 1, 'Home', 'vtchat', '', '2013-07-11 06:44:59'),
(1287, 1, 'Emails', 'EmailsAjax', '', '2013-07-11 06:45:08'),
(1288, 1, 'MailManager', 'MailManagerAjax', '', '2013-07-11 06:45:12'),
(1289, 1, 'MailManager', 'MailManagerAjax', '', '2013-07-11 06:45:16'),
(1290, 1, 'HomeOwner', 'index', '', '2013-07-11 06:53:10'),
(1291, 1, 'ReportsKHA', 'index', '', '2013-07-11 06:53:38'),
(1292, 1, 'ReportsKHA', 'HomePage', '295', '2013-07-11 06:53:40'),
(1293, 1, 'ReportsKHA', 'HomePage', '294', '2013-07-11 06:53:42'),
(1294, 1, 'ReportsKHA', 'HomePage', '293', '2013-07-11 06:53:44'),
(1295, 1, 'ReportsKHA', 'HomePage', '292', '2013-07-11 06:53:46'),
(1296, 1, 'ReportsKHA', 'HomePage', '291', '2013-07-11 06:53:48'),
(1297, 1, 'ReportsKHA', 'HomePage', '295', '2013-07-11 06:53:52'),
(1298, 1, 'ReportsKHA', 'index', '', '2013-07-11 06:53:54'),
(1299, 1, 'HomeOwner', 'index', '', '2013-07-11 06:54:01'),
(1300, 1, 'ReportsKHA', 'index', '', '2013-07-11 06:54:02'),
(1301, 1, 'ReportsKHA', 'ListView', '', '2013-07-11 06:54:46'),
(1302, 1, 'ReportsKHA', 'DetailView', '295', '2013-07-11 06:54:52'),
(1303, 1, 'ReportsKHA', 'HomePage', '295', '2013-07-11 06:55:51'),
(1304, 1, 'ReportsKHA', 'HomePage', '294', '2013-07-11 06:55:55'),
(1305, 1, 'ReportsKHA', 'HomePage', '293', '2013-07-11 06:55:58'),
(1306, 1, 'ReportsKHA', 'HomePage', '292', '2013-07-11 06:56:00'),
(1307, 1, 'ReportsKHA', 'HomePage', '291', '2013-07-11 06:56:03'),
(1308, 1, 'HomeOwner', 'index', '', '2013-07-11 06:56:06'),
(1309, 1, 'Tooltip', 'TooltipAjax', '', '2013-07-11 06:56:09'),
(1310, 1, 'HomeOwner', 'DetailView', '242', '2013-07-11 06:56:09'),
(1311, 1, 'ReportsKHA', 'HomePage', '295', '2013-07-11 06:59:57'),
(1312, 1, 'Users', 'Logout', '', '2013-07-11 07:10:15'),
(1313, 1, 'ReportsKHA', 'HomePage', '295', '2013-07-11 07:27:11'),
(1314, 1, 'ReportsKHA', 'HomePage', '294', '2013-07-11 07:31:21'),
(1315, 1, 'ReportsKHA', 'HomePage', '293', '2013-07-11 07:31:25'),
(1316, 1, 'ReportsKHA', 'HomePage', '292', '2013-07-11 07:31:27'),
(1317, 1, 'ReportsKHA', 'HomePage', '291', '2013-07-11 07:31:29'),
(1318, 1, 'ReportsKHA', 'HomePage', '295', '2013-07-11 07:32:02'),
(1319, 1, 'ReportsKHA', 'HomePage', '294', '2013-07-11 07:32:09'),
(1320, 1, 'ReportsKHA', 'HomePage', '293', '2013-07-11 07:32:12'),
(1321, 1, 'ReportsKHA', 'HomePage', '292', '2013-07-11 07:32:17'),
(1322, 1, 'ReportsKHA', 'HomePage', '291', '2013-07-11 07:32:19'),
(1323, 1, 'ReportsKHA', 'HomePage', '292', '2013-07-11 07:34:18'),
(1324, 1, 'ReportsKHA', 'HomePage', '293', '2013-07-11 07:34:20'),
(1325, 1, 'ReportsKHA', 'index', '', '2013-07-11 07:34:23'),
(1326, 1, 'ReportsKHA', 'HomePage', '295', '2013-07-11 07:37:19'),
(1327, 1, 'ReportsKHA', 'HomePage', '291', '2013-07-11 07:40:44'),
(1328, 1, 'ReportsKHA', 'HomePage', '295', '2013-07-11 07:41:42'),
(1329, 1, 'ReportsKHA', 'HomePage', '291', '2013-07-11 07:41:45'),
(1330, 1, 'HomeOwner', 'index', '', '2013-07-11 07:41:47'),
(1331, 1, 'ReportsKHA', 'index', '', '2013-07-11 07:41:49'),
(1332, 1, 'ReportsKHA', 'HomePage', '295', '2013-07-11 07:45:55'),
(1333, 1, 'ReportsKHA', 'HomePage', '291', '2013-07-11 07:48:53'),
(1334, 1, 'ReportsKHA', 'HomePage', '292', '2013-07-11 07:48:56'),
(1335, 1, 'ReportsKHA', 'HomePage', '295', '2013-07-11 07:49:33'),
(1336, 1, 'ReportsKHA', 'HomePage', '294', '2013-07-11 07:49:40'),
(1337, 1, 'ReportsKHA', 'HomePage', '293', '2013-07-11 07:49:46'),
(1338, 1, 'ReportsKHA', 'HomePage', '292', '2013-07-11 07:49:53'),
(1339, 1, 'ReportsKHA', 'HomePage', '291', '2013-07-11 07:49:56'),
(1340, 1, 'ReportsKHA', 'HomePage', '295', '2013-07-11 07:52:26'),
(1341, 1, 'ReportsKHA', 'index', '', '2013-07-11 07:52:43'),
(1342, 1, 'ReportsKHA', 'HomePage', '295', '2013-07-11 07:54:52'),
(1343, 1, 'ReportsKHA', 'index', '', '2013-07-11 07:54:56'),
(1344, 1, 'Settings', 'index', '', '2013-07-11 07:59:35'),
(1345, 1, 'Settings', 'ModuleManager', '', '2013-07-11 07:59:37'),
(1346, 1, 'Settings', 'SettingsAjax', '', '2013-07-11 07:59:47'),
(1347, 1, 'Settings', 'ModuleManager', '', '2013-07-11 07:59:48'),
(1348, 1, 'SMSNotifier', 'index', '', '2013-07-11 07:59:51'),
(1349, 1, 'Settings', 'ModuleManager', '', '2013-07-11 07:59:59'),
(1350, 1, 'Settings', 'ModuleManager', '', '2013-07-11 08:00:01'),
(1351, 1, 'SMSNotifier', 'SMSConfigServer', '', '2013-07-11 08:00:03'),
(1352, 1, 'SMSNotifier', 'SMSNotifierAjax', '', '2013-07-11 08:00:05'),
(1353, 1, 'Settings', 'ModuleManager', '', '2013-07-11 08:00:21'),
(1354, 1, 'Settings', 'ModuleManager', '', '2013-07-11 08:00:23'),
(1355, 1, 'Settings', 'SettingsAjax', '', '2013-07-11 08:00:26'),
(1356, 1, 'Settings', 'ModuleManager', '', '2013-07-11 08:00:27'),
(1357, 1, 'HomeOwner', 'index', '', '2013-07-11 08:44:17'),
(1358, 1, 'ReportsKHA', 'index', '', '2013-07-11 08:44:21'),
(1359, 1, 'ReportsKHA', 'HomePage', '295', '2013-07-11 08:44:23'),
(1360, 1, 'ReportsKHA', 'HomePage', '294', '2013-07-11 08:44:33'),
(1361, 1, 'ReportsKHA', 'HomePage', '295', '2013-07-11 08:44:37'),
(1362, 1, 'ReportsKHA', 'HomePage', '295', '2013-07-11 08:44:54'),
(1363, 1, 'HomeOwner', 'index', '', '2013-07-11 08:45:02'),
(1364, 1, 'HomeOwner', 'DetailView', '242', '2013-07-11 08:45:04'),
(1365, 1, 'HomeOwner', 'ReportsPerHomeOwner', '242', '2013-07-11 08:45:18'),
(1366, 1, 'ReportsKHA', 'index', '', '2013-07-11 08:45:21'),
(1367, 1, 'ReportsKHA', 'HomePage', '294', '2013-07-11 08:45:23'),
(1368, 1, 'ReportsKHA', 'index', '', '2013-07-11 08:45:37'),
(1369, 1, 'ReportsKHA', 'ListView', '', '2013-07-11 08:45:41'),
(1370, 1, 'ReportsKHA', 'DetailView', '291', '2013-07-11 08:45:44'),
(1371, 1, 'ReportsKHA', 'EditView', '291', '2013-07-11 08:48:54'),
(1372, 1, 'ReportsKHA', 'DetailView', '291', '2013-07-11 08:48:58'),
(1373, 1, 'HomeOwner', 'DetailView', '242', '2013-07-11 08:49:27'),
(1374, 1, 'MemoAdvice', 'MemoAdviceAjax', '', '2013-07-11 08:49:29'),
(1375, 1, 'ReportsKHA', 'index', '', '2013-07-11 08:52:55'),
(1376, 1, 'ReportsKHA', 'HomePage', '295', '2013-07-11 08:53:01'),
(1377, 1, 'ReportsKHA', 'HomePage', '291', '2013-07-11 08:53:18'),
(1378, 1, 'ReportsKHA', 'HomePage', '295', '2013-07-11 08:53:26'),
(1379, 1, 'ReportsKHA', 'HomePage', '291', '2013-07-11 08:58:41'),
(1380, 1, 'ReportsKHA', 'HomePage', '291', '2013-07-11 08:59:05'),
(1381, 1, 'ReportsKHA', 'HomePage', '291', '2013-07-11 08:59:16'),
(1382, 1, 'ReportsKHA', 'HomePage', '291', '2013-07-11 09:18:06'),
(1383, 1, 'ReportsKHA', 'HomePage', '291', '2013-07-11 09:18:50'),
(1384, 1, 'ReportsKHA', 'HomePage', '291', '2013-07-11 09:19:24'),
(1385, 1, 'ReportsKHA', 'HomePage', '291', '2013-07-11 09:19:32'),
(1386, 1, 'ReportsKHA', 'HomePage', '291', '2013-07-11 09:29:52'),
(1387, 1, 'Users', 'Logout', '', '2013-07-11 09:30:47'),
(1388, 1, 'Users', 'Authenticate', '', '2013-07-11 09:30:50'),
(1389, 1, 'Home', 'index', '', '2013-07-11 09:30:50'),
(1390, 1, 'Home', 'HomeAjax', '', '2013-07-11 09:30:51'),
(1391, 1, 'ReportsKHA', 'index', '', '2013-07-11 09:30:52'),
(1392, 1, 'ReportsKHA', 'HomePage', '291', '2013-07-11 09:30:54'),
(1393, 1, 'ReportsKHA', 'HomePage', '291', '2013-07-11 09:34:17'),
(1394, 1, 'Users', 'Logout', '', '2013-07-11 09:40:08'),
(1395, 1, 'Users', 'Authenticate', '', '2013-07-11 09:40:12'),
(1396, 1, 'Home', 'index', '', '2013-07-11 09:40:13'),
(1397, 1, 'Home', 'HomeAjax', '', '2013-07-11 09:40:14'),
(1398, 1, 'ReportsKHA', 'index', '', '2013-07-11 09:40:16'),
(1399, 1, 'ReportsKHA', 'HomePage', '291', '2013-07-11 09:40:17'),
(1400, 1, 'ReportsKHA', 'HomePage', '291', '2013-07-11 09:41:20'),
(1401, 1, 'ReportsKHA', 'HomePage', '291', '2013-07-11 09:41:55'),
(1402, 1, 'ReportsKHA', 'HomePage', '291', '2013-07-11 09:48:44'),
(1403, 1, 'ReportsKHA', 'HomePage', '291', '2013-07-11 09:49:15'),
(1404, 1, 'ReportsKHA', 'HomePage', '291', '2013-07-11 09:58:01'),
(1405, 1, 'ReportsKHA', 'HomePage', '291', '2013-07-11 10:02:01'),
(1406, 1, 'ReportsKHA', 'HomePage', '291', '2013-07-11 10:02:09'),
(1407, 1, 'ReportsKHA', 'index', '', '2013-07-11 10:02:41'),
(1408, 1, 'ReportsKHA', 'HomePage', '291', '2013-07-11 10:02:44'),
(1409, 1, 'ReportsKHA', 'HomePage', '291', '2013-07-11 10:03:34'),
(1410, 1, 'ReportsKHA', 'HomePage', '291', '2013-07-11 10:05:55'),
(1411, 1, 'ReportsKHA', 'HomePage', '291', '2013-07-11 10:06:12'),
(1412, 1, 'ReportsKHA', 'HomePage', '291', '2013-07-11 10:06:21'),
(1413, 1, 'ReportsKHA', 'HomePage', '291', '2013-07-11 10:06:25'),
(1414, 1, 'ReportsKHA', 'HomePage', '291', '2013-07-11 10:06:30'),
(1415, 1, 'ReportsKHA', 'HomePage', '291', '2013-07-11 10:11:50'),
(1416, 1, 'ReportsKHA', 'HomePage', '291', '2013-07-11 10:12:11'),
(1417, 1, 'ReportsKHA', 'HomePage', '291', '2013-07-11 10:12:27'),
(1418, 1, 'ReportsKHA', 'HomePage', '291', '2013-07-11 10:12:40'),
(1419, 1, 'ReportsKHA', 'HomePage', '291', '2013-07-11 10:13:10'),
(1420, 1, 'ReportsKHA', 'HomePage', '291', '2013-07-11 10:15:15'),
(1421, 1, 'ReportsKHA', 'HomePage', '291', '2013-07-11 10:15:27'),
(1422, 1, 'ReportsKHA', 'HomePage', '291', '2013-07-11 10:15:39'),
(1423, 1, 'ReportsKHA', 'HomePage', '291', '2013-07-11 10:17:24'),
(1424, 1, 'ReportsKHA', 'HomePage', '291', '2013-07-11 10:26:11'),
(1425, 1, 'ReportsKHA', 'HomePage', '291', '2013-07-11 10:26:25'),
(1426, 1, 'ReportsKHA', 'HomePage', '291', '2013-07-11 10:27:20'),
(1427, 1, 'ReportsKHA', 'HomePage', '291', '2013-07-11 10:27:38'),
(1428, 1, 'ReportsKHA', 'HomePage', '291', '2013-07-11 10:27:42'),
(1429, 1, 'ReportsKHA', 'HomePage', '291', '2013-07-11 10:27:48'),
(1430, 1, 'Users', 'Authenticate', '', '2013-07-12 01:26:25'),
(1431, 1, 'ReportsKHA', 'ListView', '', '2013-07-12 01:26:25'),
(1432, 1, 'ReportsKHA', 'index', '', '2013-07-12 01:26:28'),
(1433, 1, 'ReportsKHA', 'HomePage', '291', '2013-07-12 01:26:31'),
(1434, 1, 'ReportsKHA', 'HomePage', '292', '2013-07-12 01:26:34'),
(1435, 1, 'ReportsKHA', 'index', '', '2013-07-12 01:26:38'),
(1436, 1, 'ReportsKHA', 'ListView', '', '2013-07-12 01:26:54'),
(1437, 1, 'ReportsKHA', 'HomePage', '291', '2013-07-12 01:27:12'),
(1438, 1, 'ReportsKHA', 'HomePage', '291', '2013-07-12 01:27:19'),
(1439, 1, 'ReportsKHA', 'HomePage', '291', '2013-07-12 01:32:06'),
(1440, 1, 'Users', 'Logout', '', '2013-07-12 01:32:08'),
(1441, 1, 'Users', 'Authenticate', '', '2013-07-12 01:32:11'),
(1442, 1, 'Home', 'index', '', '2013-07-12 01:32:12'),
(1443, 1, 'Home', 'HomeAjax', '', '2013-07-12 01:32:12'),
(1444, 1, 'ReportsKHA', 'index', '', '2013-07-12 01:32:13'),
(1445, 1, 'ReportsKHA', 'HomePage', '291', '2013-07-12 01:32:15'),
(1446, 1, 'ReportsKHA', 'HomePage', '291', '2013-07-12 01:32:56'),
(1447, 1, 'ReportsKHA', 'HomePage', '291', '2013-07-12 01:36:41'),
(1448, 1, 'ReportsKHA', 'HomePage', '291', '2013-07-12 01:36:46'),
(1449, 1, 'ReportsKHA', 'HomePage', '291', '2013-07-12 01:45:40'),
(1450, 1, 'ReportsKHA', 'HomePage', '291', '2013-07-12 01:45:52'),
(1451, 1, 'ReportsKHA', 'HomePage', '291', '2013-07-12 01:51:10'),
(1452, 1, 'ReportsKHA', 'HomePage', '291', '2013-07-12 01:51:20'),
(1453, 1, 'ReportsKHA', 'HomePage', '291', '2013-07-12 01:58:45'),
(1454, 1, 'ReportsKHA', 'HomePage', '291', '2013-07-12 01:58:50'),
(1455, 1, 'ReportsKHA', 'HomePage', '291', '2013-07-12 01:59:03'),
(1456, 1, 'ReportsKHA', 'HomePage', '291', '2013-07-12 01:59:07'),
(1457, 1, 'ReportsKHA', 'HomePage', '291', '2013-07-12 01:59:11'),
(1458, 1, 'ReportsKHA', 'HomePage', '292', '2013-07-12 02:01:07'),
(1459, 1, 'ReportsKHA', 'index', '', '2013-07-12 02:01:10'),
(1460, 1, 'ReportsKHA', 'HomePage', '291', '2013-07-12 02:01:16'),
(1461, 1, 'ReportsKHA', 'HomePage', '291', '2013-07-12 02:01:24'),
(1462, 1, 'ReportsKHA', 'HomePage', '292', '2013-07-12 02:02:37'),
(1463, 1, 'ReportsKHA', 'index', '', '2013-07-12 02:02:56'),
(1464, 1, 'Tooltip', 'TooltipAjax', '', '2013-07-12 02:03:02'),
(1465, 1, 'Users', 'massdelete', '', '2013-07-12 02:14:22'),
(1466, 1, 'ReportsKHA', 'ReportsKHAAjax', '', '2013-07-12 02:14:23'),
(1467, 1, 'ReportsKHA', 'DetailView', '291', '2013-07-12 02:14:31'),
(1468, 1, 'ReportsKHA', 'index', '', '2013-07-12 02:14:36'),
(1469, 1, 'ReportsKHA', 'ListView', '', '2013-07-12 02:15:01'),
(1470, 1, 'Tooltip', 'TooltipAjax', '', '2013-07-12 02:15:03'),
(1471, 1, 'ReportsKHA', 'DetailView', '291', '2013-07-12 02:15:03'),
(1472, 1, 'ReportsKHA', 'EditView', '291', '2013-07-12 02:15:05'),
(1473, 1, 'Settings', 'index', '', '2013-07-12 02:16:31'),
(1474, 1, 'com_vtiger_workflow', 'workflowlist', '', '2013-07-12 02:16:34'),
(1475, 1, 'com_vtiger_workflow', 'workflowlist', '', '2013-07-12 02:16:37'),
(1476, 1, 'com_vtiger_workflow', 'editworkflow', '', '2013-07-12 02:16:40'),
(1477, 1, 'com_vtiger_workflow', 'com_vtiger_workflowAjax', '', '2013-07-12 02:16:41'),
(1478, 1, 'com_vtiger_workflow', 'com_vtiger_workflowAjax', '', '2013-07-12 02:16:41'),
(1479, 1, 'com_vtiger_workflow', 'com_vtiger_workflowAjax', '', '2013-07-12 02:16:41'),
(1480, 1, 'com_vtiger_workflow', 'saveworkflow', '', '2013-07-12 02:16:55'),
(1481, 1, 'com_vtiger_workflow', 'editworkflow', '', '2013-07-12 02:16:56'),
(1482, 1, 'com_vtiger_workflow', 'com_vtiger_workflowAjax', '', '2013-07-12 02:16:56'),
(1483, 1, 'com_vtiger_workflow', 'com_vtiger_workflowAjax', '', '2013-07-12 02:16:56'),
(1484, 1, 'com_vtiger_workflow', 'com_vtiger_workflowAjax', '', '2013-07-12 02:16:57'),
(1485, 1, 'com_vtiger_workflow', 'edittask', '', '2013-07-12 02:17:03'),
(1486, 1, 'com_vtiger_workflow', 'com_vtiger_workflowAjax', '', '2013-07-12 02:17:04'),
(1487, 1, 'com_vtiger_workflow', 'com_vtiger_workflowAjax', '', '2013-07-12 02:17:04'),
(1488, 1, 'com_vtiger_workflow', 'com_vtiger_workflowAjax', '', '2013-07-12 02:17:04'),
(1489, 1, 'com_vtiger_workflow', 'savetask', '', '2013-07-12 02:18:47'),
(1490, 1, 'com_vtiger_workflow', 'editworkflow', '', '2013-07-12 02:18:48'),
(1491, 1, 'com_vtiger_workflow', 'com_vtiger_workflowAjax', '', '2013-07-12 02:18:49'),
(1492, 1, 'com_vtiger_workflow', 'com_vtiger_workflowAjax', '', '2013-07-12 02:18:49'),
(1493, 1, 'com_vtiger_workflow', 'com_vtiger_workflowAjax', '', '2013-07-12 02:18:49'),
(1494, 1, 'com_vtiger_workflow', 'saveworkflow', '', '2013-07-12 02:18:55'),
(1495, 1, 'com_vtiger_workflow', 'editworkflow', '', '2013-07-12 02:18:55'),
(1496, 1, 'com_vtiger_workflow', 'com_vtiger_workflowAjax', '', '2013-07-12 02:18:56'),
(1497, 1, 'com_vtiger_workflow', 'com_vtiger_workflowAjax', '', '2013-07-12 02:18:56'),
(1498, 1, 'com_vtiger_workflow', 'com_vtiger_workflowAjax', '', '2013-07-12 02:18:57'),
(1499, 1, 'ReportsKHA', 'index', '', '2013-07-12 02:18:57'),
(1500, 1, 'ReportsKHA', 'ListView', '', '2013-07-12 02:19:01'),
(1501, 1, 'ReportsKHA', 'EditView', '291', '2013-07-12 02:19:03'),
(1502, 1, 'ReportsKHA', 'Save', '291', '2013-07-12 02:19:05'),
(1503, 1, 'ReportsKHA', 'index', '291', '2013-07-12 02:19:06'),
(1504, 1, 'ReportsKHA', 'ListView', '291', '2013-07-12 02:19:19'),
(1505, 1, 'Tooltip', 'TooltipAjax', '', '2013-07-12 02:19:21'),
(1506, 1, 'ReportsKHA', 'DetailView', '291', '2013-07-12 02:19:22'),
(1507, 1, 'Settings', 'index', '', '2013-07-12 02:19:40'),
(1508, 1, 'com_vtiger_workflow', 'workflowlist', '', '2013-07-12 02:19:44'),
(1509, 1, 'com_vtiger_workflow', 'editworkflow', '', '2013-07-12 02:19:46'),
(1510, 1, 'com_vtiger_workflow', 'com_vtiger_workflowAjax', '', '2013-07-12 02:19:47'),
(1511, 1, 'com_vtiger_workflow', 'com_vtiger_workflowAjax', '', '2013-07-12 02:19:47'),
(1512, 1, 'com_vtiger_workflow', 'com_vtiger_workflowAjax', '', '2013-07-12 02:19:47'),
(1513, 1, 'com_vtiger_workflow', 'edittask', '', '2013-07-12 02:19:48'),
(1514, 1, 'com_vtiger_workflow', 'com_vtiger_workflowAjax', '', '2013-07-12 02:19:49'),
(1515, 1, 'com_vtiger_workflow', 'com_vtiger_workflowAjax', '', '2013-07-12 02:19:49'),
(1516, 1, 'com_vtiger_workflow', 'com_vtiger_workflowAjax', '', '2013-07-12 02:19:50'),
(1517, 1, 'com_vtiger_workflow', 'editworkflow', '', '2013-07-12 02:20:07'),
(1518, 1, 'com_vtiger_workflow', 'com_vtiger_workflowAjax', '', '2013-07-12 02:20:08'),
(1519, 1, 'com_vtiger_workflow', 'com_vtiger_workflowAjax', '', '2013-07-12 02:20:08'),
(1520, 1, 'com_vtiger_workflow', 'com_vtiger_workflowAjax', '', '2013-07-12 02:20:08'),
(1521, 1, 'ReportsKHA', 'index', '', '2013-07-12 02:40:19'),
(1522, 1, 'ReportsKHA', 'HomePage', '291', '2013-07-12 02:40:21'),
(1523, 1, 'ReportsKHA', 'index', '', '2013-07-12 02:40:33'),
(1524, 1, 'ReportsKHA', 'ListView', '', '2013-07-12 02:40:36'),
(1525, 1, 'ReportsKHA', 'DetailView', '291', '2013-07-12 02:40:38'),
(1526, 1, 'ReportsKHA', 'EditView', '291', '2013-07-12 02:40:40'),
(1527, 1, 'ReportsKHA', 'Save', '291', '2013-07-12 02:40:44'),
(1528, 1, 'ReportsKHA', 'DetailView', '291', '2013-07-12 02:40:45'),
(1529, 1, 'ReportsKHA', 'HomePage', '291', '2013-07-12 02:40:47'),
(1530, 1, 'ReportsKHA', 'HomePage', '291', '2013-07-12 02:40:49'),
(1531, 1, 'com_vtiger_workflow', 'workflowlist', '', '2013-07-12 02:40:55'),
(1532, 1, 'com_vtiger_workflow', 'deleteworkflow', '', '2013-07-12 02:40:58'),
(1533, 1, 'com_vtiger_workflow', 'workflowlist', '', '2013-07-12 02:40:59'),
(1534, 1, 'ReportsKHA', 'EditView', '291', '2013-07-12 02:41:01'),
(1535, 1, 'ReportsKHA', 'Save', '291', '2013-07-12 02:41:05'),
(1536, 1, 'ReportsKHA', 'DetailView', '291', '2013-07-12 02:41:06'),
(1537, 1, 'ReportsKHA', 'HomePage', '291', '2013-07-12 02:41:07'),
(1538, 1, 'com_vtiger_workflow', 'workflowlist', '', '2013-07-12 02:42:57'),
(1539, 1, 'com_vtiger_workflow', 'editworkflow', '', '2013-07-12 02:43:00'),
(1540, 1, 'com_vtiger_workflow', 'com_vtiger_workflowAjax', '', '2013-07-12 02:43:01'),
(1541, 1, 'com_vtiger_workflow', 'com_vtiger_workflowAjax', '', '2013-07-12 02:43:01'),
(1542, 1, 'com_vtiger_workflow', 'com_vtiger_workflowAjax', '', '2013-07-12 02:43:01'),
(1543, 1, 'com_vtiger_workflow', 'saveworkflow', '', '2013-07-12 02:43:09'),
(1544, 1, 'com_vtiger_workflow', 'editworkflow', '', '2013-07-12 02:43:10'),
(1545, 1, 'com_vtiger_workflow', 'com_vtiger_workflowAjax', '', '2013-07-12 02:43:11'),
(1546, 1, 'com_vtiger_workflow', 'com_vtiger_workflowAjax', '', '2013-07-12 02:43:11'),
(1547, 1, 'com_vtiger_workflow', 'com_vtiger_workflowAjax', '', '2013-07-12 02:43:11'),
(1548, 1, 'com_vtiger_workflow', 'edittask', '', '2013-07-12 02:43:17'),
(1549, 1, 'com_vtiger_workflow', 'com_vtiger_workflowAjax', '', '2013-07-12 02:43:18'),
(1550, 1, 'com_vtiger_workflow', 'edittask', '', '2013-07-12 02:43:54'),
(1551, 1, 'com_vtiger_workflow', 'com_vtiger_workflowAjax', '', '2013-07-12 02:43:55'),
(1552, 1, 'com_vtiger_workflow', 'savetask', '', '2013-07-12 02:44:00'),
(1553, 1, 'com_vtiger_workflow', 'editworkflow', '', '2013-07-12 02:44:01'),
(1554, 1, 'com_vtiger_workflow', 'com_vtiger_workflowAjax', '', '2013-07-12 02:44:02'),
(1555, 1, 'com_vtiger_workflow', 'com_vtiger_workflowAjax', '', '2013-07-12 02:44:02'),
(1556, 1, 'com_vtiger_workflow', 'com_vtiger_workflowAjax', '', '2013-07-12 02:44:02'),
(1557, 1, 'com_vtiger_workflow', 'saveworkflow', '', '2013-07-12 02:44:06'),
(1558, 1, 'com_vtiger_workflow', 'editworkflow', '', '2013-07-12 02:44:06'),
(1559, 1, 'com_vtiger_workflow', 'com_vtiger_workflowAjax', '', '2013-07-12 02:44:07'),
(1560, 1, 'com_vtiger_workflow', 'com_vtiger_workflowAjax', '', '2013-07-12 02:44:07'),
(1561, 1, 'com_vtiger_workflow', 'com_vtiger_workflowAjax', '', '2013-07-12 02:44:07'),
(1562, 1, 'ReportsKHA', 'Delete', '291', '2013-07-12 02:44:31'),
(1563, 1, 'ReportsKHA', 'index', '', '2013-07-12 02:44:31'),
(1564, 1, 'ReportsKHA', 'ListView', '', '2013-07-12 02:44:36'),
(1565, 1, 'ReportsKHA', 'EditView', '', '2013-07-12 02:44:38'),
(1566, 1, 'ReportsKHA', 'Save', '', '2013-07-12 02:45:04'),
(1567, 1, 'ReportsKHA', 'EditView', '', '2013-07-12 02:46:10'),
(1568, 1, 'ReportsKHA', 'index', '', '2013-07-12 02:46:13'),
(1569, 1, 'ReportsKHA', 'ListView', '', '2013-07-12 02:46:16'),
(1570, 1, 'ReportsKHA', 'Delete', '299', '2013-07-12 02:46:19'),
(1571, 1, 'ReportsKHA', 'index', '', '2013-07-12 02:46:19'),
(1572, 1, 'ReportsKHA', 'index', '', '2013-07-12 02:46:21'),
(1573, 1, 'ReportsKHA', 'ListView', '', '2013-07-12 02:46:24'),
(1574, 1, 'ReportsKHA', 'EditView', '', '2013-07-12 02:46:25'),
(1575, 1, 'ReportsKHA', 'Save', '', '2013-07-12 02:46:33');
INSERT INTO `vtiger_audit_trial` (`auditid`, `userid`, `module`, `action`, `recordid`, `actiondate`) VALUES
(1576, 1, 'ReportsKHA', 'EditView', '', '2013-07-12 02:47:04'),
(1577, 1, 'ReportsKHA', 'ListView', '', '2013-07-12 02:47:07'),
(1578, 1, 'ReportsKHA', 'Delete', '300', '2013-07-12 02:47:09'),
(1579, 1, 'ReportsKHA', 'index', '', '2013-07-12 02:47:10'),
(1580, 1, 'ReportsKHA', 'ListView', '', '2013-07-12 02:47:14'),
(1581, 1, 'ReportsKHA', 'EditView', '', '2013-07-12 02:47:15'),
(1582, 1, 'ReportsKHA', 'Save', '', '2013-07-12 02:47:21'),
(1583, 1, 'ReportsKHA', 'EditView', '', '2013-07-12 02:48:54'),
(1584, 1, 'ReportsKHA', 'ListView', '', '2013-07-12 02:48:59'),
(1585, 1, 'ReportsKHA', 'Delete', '301', '2013-07-12 02:49:02'),
(1586, 1, 'ReportsKHA', 'index', '', '2013-07-12 02:49:02'),
(1587, 1, 'ReportsKHA', 'ListView', '', '2013-07-12 02:49:05'),
(1588, 1, 'ReportsKHA', 'EditView', '', '2013-07-12 02:49:07'),
(1589, 1, 'ReportsKHA', 'Save', '', '2013-07-12 02:49:13'),
(1590, 1, 'ReportsKHA', 'DetailView', '302', '2013-07-12 02:49:14'),
(1591, 1, 'ReportsKHA', 'HomePage', '291', '2013-07-12 02:49:55'),
(1592, 1, 'ReportsKHA', 'index', '', '2013-07-12 02:49:57'),
(1593, 1, 'ReportsKHA', 'HomePage', '302', '2013-07-12 02:49:59'),
(1594, 1, 'ReportsKHA', 'HomePage', '302', '2013-07-12 02:50:39'),
(1595, 1, 'ReportsKHA', 'ListView', '302', '2013-07-12 03:00:40'),
(1596, 1, 'ReportsKHA', 'Delete', '302', '2013-07-12 03:00:43'),
(1597, 1, 'ReportsKHA', 'index', '', '2013-07-12 03:00:43'),
(1598, 1, 'ReportsKHA', 'ListView', '', '2013-07-12 03:00:48'),
(1599, 1, 'ReportsKHA', 'EditView', '', '2013-07-12 03:00:50'),
(1600, 1, 'ReportsKHA', 'Save', '', '2013-07-12 03:00:59'),
(1601, 1, 'ReportsKHA', 'DetailView', '303', '2013-07-12 03:01:00'),
(1602, 1, 'ReportsKHA', 'Delete', '303', '2013-07-12 03:02:11'),
(1603, 1, 'ReportsKHA', 'index', '', '2013-07-12 03:02:12'),
(1604, 1, 'ReportsKHA', 'ListView', '', '2013-07-12 03:02:15'),
(1605, 1, 'ReportsKHA', 'EditView', '', '2013-07-12 03:02:17'),
(1606, 1, 'ReportsKHA', 'Save', '', '2013-07-12 03:02:23'),
(1607, 1, 'ReportsKHA', 'DetailView', '304', '2013-07-12 03:02:24'),
(1608, 1, 'ReportsKHA', 'Delete', '304', '2013-07-12 03:03:06'),
(1609, 1, 'ReportsKHA', 'index', '', '2013-07-12 03:03:07'),
(1610, 1, 'ReportsKHA', 'ListView', '', '2013-07-12 03:03:10'),
(1611, 1, 'ReportsKHA', 'EditView', '', '2013-07-12 03:03:12'),
(1612, 1, 'ReportsKHA', 'Save', '', '2013-07-12 03:03:18'),
(1613, 1, 'ReportsKHA', 'DetailView', '305', '2013-07-12 03:03:18'),
(1614, 1, 'ReportsKHA', 'Delete', '305', '2013-07-12 03:04:52'),
(1615, 1, 'ReportsKHA', 'index', '', '2013-07-12 03:04:53'),
(1616, 1, 'ReportsKHA', 'ListView', '', '2013-07-12 03:04:55'),
(1617, 1, 'ReportsKHA', 'EditView', '', '2013-07-12 03:04:57'),
(1618, 1, 'ReportsKHA', 'Save', '', '2013-07-12 03:05:02'),
(1619, 1, 'ReportsKHA', 'EditView', '', '2013-07-12 03:05:42'),
(1620, 1, 'ReportsKHA', 'ListView', '', '2013-07-12 03:05:49'),
(1621, 1, 'ReportsKHA', 'Delete', '306', '2013-07-12 03:05:52'),
(1622, 1, 'ReportsKHA', 'index', '', '2013-07-12 03:05:52'),
(1623, 1, 'ReportsKHA', 'ListView', '', '2013-07-12 03:05:56'),
(1624, 1, 'ReportsKHA', 'EditView', '', '2013-07-12 03:05:59'),
(1625, 1, 'ReportsKHA', 'Save', '', '2013-07-12 03:06:03'),
(1626, 1, 'ReportsKHA', 'EditView', '', '2013-07-12 03:06:40'),
(1627, 1, 'ReportsKHA', 'ListView', '', '2013-07-12 03:06:43'),
(1628, 1, 'ReportsKHA', 'Delete', '307', '2013-07-12 03:06:46'),
(1629, 1, 'ReportsKHA', 'index', '', '2013-07-12 03:06:46'),
(1630, 1, 'ReportsKHA', 'ListView', '', '2013-07-12 03:06:49'),
(1631, 1, 'ReportsKHA', 'EditView', '', '2013-07-12 03:06:51'),
(1632, 1, 'ReportsKHA', 'Save', '', '2013-07-12 03:06:56'),
(1633, 1, 'ReportsKHA', 'DetailView', '308', '2013-07-12 03:06:57'),
(1634, 1, 'ReportsKHA', 'HomePage', '302', '2013-07-12 03:07:00'),
(1635, 1, 'ReportsKHA', 'DetailView', '308', '2013-07-12 03:07:10'),
(1636, 1, 'ReportsKHA', 'index', '', '2013-07-12 03:07:11'),
(1637, 1, 'ReportsKHA', 'HomePage', '308', '2013-07-12 03:07:13'),
(1638, 1, 'Home', 'index', '', '2013-07-12 03:09:41'),
(1639, 1, 'Home', 'HomeAjax', '', '2013-07-12 03:09:42'),
(1640, 1, 'ReportsKHA', 'index', '', '2013-07-12 03:09:43'),
(1641, 1, 'ReportsKHA', 'ListView', '', '2013-07-12 03:09:48'),
(1642, 1, 'ReportsKHA', 'EditView', '', '2013-07-12 03:09:50'),
(1643, 1, 'ReportsKHA', 'Save', '', '2013-07-12 03:10:01'),
(1644, 1, 'ReportsKHA', 'DetailView', '309', '2013-07-12 03:10:02'),
(1645, 1, 'ReportsKHA', 'index', '', '2013-07-12 03:10:04'),
(1646, 1, 'ReportsKHA', 'HomePage', '309', '2013-07-12 03:10:05'),
(1647, 1, 'ReportsKHA', 'HomePage', '309', '2013-07-12 03:10:21'),
(1648, 1, 'ReportsKHA', 'HomePage', '308', '2013-07-12 03:10:31'),
(1649, 1, 'ReportsKHA', 'HomePage', '309', '2013-07-12 03:10:33'),
(1650, 1, 'ReportsKHA', 'HomePage', '308', '2013-07-12 03:11:04'),
(1651, 1, 'Settings', 'index', '', '2013-07-12 03:11:34'),
(1652, 1, 'com_vtiger_workflow', 'workflowlist', '', '2013-07-12 03:11:36'),
(1653, 1, 'com_vtiger_workflow', 'editworkflow', '', '2013-07-12 03:11:39'),
(1654, 1, 'com_vtiger_workflow', 'com_vtiger_workflowAjax', '', '2013-07-12 03:11:40'),
(1655, 1, 'com_vtiger_workflow', 'com_vtiger_workflowAjax', '', '2013-07-12 03:11:40'),
(1656, 1, 'com_vtiger_workflow', 'com_vtiger_workflowAjax', '', '2013-07-12 03:11:41'),
(1657, 1, 'com_vtiger_workflow', 'saveworkflow', '', '2013-07-12 03:11:54'),
(1658, 1, 'com_vtiger_workflow', 'editworkflow', '', '2013-07-12 03:11:55'),
(1659, 1, 'com_vtiger_workflow', 'com_vtiger_workflowAjax', '', '2013-07-12 03:11:56'),
(1660, 1, 'com_vtiger_workflow', 'com_vtiger_workflowAjax', '', '2013-07-12 03:11:56'),
(1661, 1, 'com_vtiger_workflow', 'com_vtiger_workflowAjax', '', '2013-07-12 03:11:56'),
(1662, 1, 'ReportsKHA', 'index', '', '2013-07-12 03:11:58'),
(1663, 1, 'ReportsKHA', 'ListView', '', '2013-07-12 03:12:05'),
(1664, 1, 'ReportsKHA', 'EditView', '308', '2013-07-12 03:12:08'),
(1665, 1, 'ReportsKHA', 'Save', '308', '2013-07-12 03:12:15'),
(1666, 1, 'ReportsKHA', 'index', '308', '2013-07-12 03:12:15'),
(1667, 1, 'ReportsKHA', 'index', '308', '2013-07-12 03:12:53'),
(1668, 1, 'ReportsKHA', 'index', '308', '2013-07-12 03:12:55'),
(1669, 1, 'ReportsKHA', 'ListView', '', '2013-07-12 03:13:22'),
(1670, 1, 'ReportsKHA', 'EditView', '308', '2013-07-12 03:13:25'),
(1671, 1, 'ReportsKHA', 'Save', '308', '2013-07-12 03:13:27'),
(1672, 1, 'ReportsKHA', 'index', '308', '2013-07-12 03:13:28'),
(1673, 1, 'ReportsKHA', 'HomePage', '309', '2013-07-12 03:13:31'),
(1674, 1, 'ReportsKHA', 'HomePage', '308', '2013-07-12 03:13:33'),
(1675, 1, 'ReportsKHA', 'index', '', '2013-07-12 03:13:41'),
(1676, 1, 'ReportsKHA', 'ListView', '', '2013-07-12 03:13:44'),
(1677, 1, 'ReportsKHA', 'EditView', '308', '2013-07-12 03:13:47'),
(1678, 1, 'ReportsKHA', 'Save', '308', '2013-07-12 03:13:51'),
(1679, 1, 'ReportsKHA', 'index', '308', '2013-07-12 03:13:51'),
(1680, 1, 'ReportsKHA', 'HomePage', '309', '2013-07-12 03:13:53'),
(1681, 1, 'ReportsKHA', 'HomePage', '308', '2013-07-12 03:13:56'),
(1682, 1, 'ReportsKHA', 'HomePage', '309', '2013-07-12 03:14:59'),
(1683, 1, 'ReportsKHA', 'HomePage', '309', '2013-07-12 03:17:59'),
(1684, 1, 'ReportsKHA', 'HomePage', '309', '2013-07-12 03:18:58'),
(1685, 1, 'ReportsKHA', 'HomePage', '309', '2013-07-12 03:19:58'),
(1686, 1, 'ReportsKHA', 'HomePage', '309', '2013-07-12 03:20:40'),
(1687, 1, 'ReportsKHA', 'HomePage', '309', '2013-07-12 03:20:57'),
(1688, 1, 'ReportsKHA', 'HomePage', '309', '2013-07-12 03:21:45'),
(1689, 1, 'ReportsKHA', 'HomePage', '309', '2013-07-12 03:21:51'),
(1690, 1, 'ReportsKHA', 'HomePage', '309', '2013-07-12 03:21:59'),
(1691, 1, 'ReportsKHA', 'HomePage', '309', '2013-07-12 03:22:29'),
(1692, 1, 'ReportsKHA', 'HomePage', '309', '2013-07-12 03:23:48'),
(1693, 1, 'ReportsKHA', 'ListView', '', '2013-07-12 03:25:07'),
(1694, 1, 'ReportsKHA', 'EditView', '308', '2013-07-12 03:25:11'),
(1695, 1, 'ReportsKHA', 'Save', '308', '2013-07-12 03:25:13'),
(1696, 1, 'ReportsKHA', 'index', '308', '2013-07-12 03:25:14'),
(1697, 1, 'ReportsKHA', 'HomePage', '309', '2013-07-12 03:25:16'),
(1698, 1, 'ReportsKHA', 'HomePage', '308', '2013-07-12 03:25:18'),
(1699, 1, 'ReportsKHA', 'HomePage', '308', '2013-07-12 03:25:56'),
(1700, 1, 'ReportsKHA', 'HomePage', '309', '2013-07-12 03:25:59'),
(1701, 1, 'ReportsKHA', 'HomePage', '308', '2013-07-12 03:26:01'),
(1702, 1, 'ReportsKHA', 'HomePage', '308', '2013-07-12 03:26:08'),
(1703, 1, 'ReportsKHA', 'HomePage', '309', '2013-07-12 03:30:34'),
(1704, 1, 'ReportsKHA', 'HomePage', '308', '2013-07-12 03:35:12'),
(1705, 1, 'ReportsKHA', 'HomePage', '308', '2013-07-12 03:36:19'),
(1706, 1, 'ReportsKHA', 'HomePage', '308', '2013-07-12 03:36:26'),
(1707, 1, 'ReportsKHA', 'HomePage', '308', '2013-07-12 03:37:09'),
(1708, 1, 'ReportsKHA', 'HomePage', '308', '2013-07-12 03:37:13'),
(1709, 1, 'ReportsKHA', 'HomePage', '308', '2013-07-12 03:37:17'),
(1710, 1, 'ReportsKHA', 'HomePage', '308', '2013-07-12 03:37:22'),
(1711, 1, 'ReportsKHA', 'HomePage', '308', '2013-07-12 03:37:28'),
(1712, 1, 'ReportsKHA', 'HomePage', '308', '2013-07-12 03:38:16'),
(1713, 1, 'ReportsKHA', 'HomePage', '308', '2013-07-12 03:38:28'),
(1714, 1, 'ReportsKHA', 'HomePage', '308', '2013-07-12 03:38:39'),
(1715, 1, 'ReportsKHA', 'HomePage', '308', '2013-07-12 03:38:46'),
(1716, 1, 'ReportsKHA', 'HomePage', '308', '2013-07-12 03:39:18'),
(1717, 1, 'ReportsKHA', 'HomePage', '308', '2013-07-12 03:39:28'),
(1718, 1, 'ReportsKHA', 'HomePage', '308', '2013-07-12 03:40:18'),
(1719, 1, 'ReportsKHA', 'HomePage', '308', '2013-07-12 03:40:42'),
(1720, 1, 'ReportsKHA', 'HomePage', '308', '2013-07-12 03:40:48'),
(1721, 1, 'ReportsKHA', 'HomePage', '308', '2013-07-12 03:40:50'),
(1722, 1, 'ReportsKHA', 'HomePage', '309', '2013-07-12 03:40:53'),
(1723, 1, 'ReportsKHA', 'HomePage', '308', '2013-07-12 03:40:59'),
(1724, 1, 'ReportsKHA', 'HomePage', '309', '2013-07-12 03:41:04'),
(1725, 1, 'ReportsKHA', 'HomePage', '308', '2013-07-12 03:41:13'),
(1726, 1, 'ReportsKHA', 'HomePage', '308', '2013-07-12 03:41:19'),
(1727, 1, 'ReportsKHA', 'HomePage', '309', '2013-07-12 03:42:02'),
(1728, 1, 'ReportsKHA', 'ListView', '', '2013-07-12 03:42:12'),
(1729, 1, 'ReportsKHA', 'EditView', '', '2013-07-12 03:42:15'),
(1730, 1, 'ReportsKHA', 'Save', '', '2013-07-12 03:42:20'),
(1731, 1, 'ReportsKHA', 'DetailView', '310', '2013-07-12 03:42:21'),
(1732, 1, 'ReportsKHA', 'HomePage', '309', '2013-07-12 03:42:24'),
(1733, 1, 'ReportsKHA', 'HomePage', '310', '2013-07-12 03:42:26'),
(1734, 1, 'ReportsKHA', 'HomePage', '310', '2013-07-12 03:42:44'),
(1735, 1, 'ReportsKHA', 'index', '', '2013-07-12 03:43:02'),
(1736, 1, 'ReportsKHA', 'ListView', '', '2013-07-12 03:43:06'),
(1737, 1, 'ReportsKHA', 'EditView', '', '2013-07-12 03:43:08'),
(1738, 1, 'ReportsKHA', 'Save', '', '2013-07-12 03:43:16'),
(1739, 1, 'ReportsKHA', 'DetailView', '311', '2013-07-12 03:43:17'),
(1740, 1, 'ReportsKHA', 'HomePage', '310', '2013-07-12 03:43:19'),
(1741, 1, 'ReportsKHA', 'HomePage', '311', '2013-07-12 03:43:21'),
(1742, 1, 'ReportsKHA', 'HomePage', '311', '2013-07-12 03:43:50'),
(1743, 1, 'ReportsKHA', 'HomePage', '311', '2013-07-12 03:45:06'),
(1744, 1, 'ReportsKHA', 'HomePage', '310', '2013-07-12 03:45:10'),
(1745, 1, 'ReportsKHA', 'HomePage', '309', '2013-07-12 03:45:11'),
(1746, 1, 'ReportsKHA', 'HomePage', '308', '2013-07-12 03:45:13'),
(1747, 1, 'ReportsKHA', 'HomePage', '309', '2013-07-12 03:46:07'),
(1748, 1, 'ReportsKHA', 'HomePage', '310', '2013-07-12 03:46:11'),
(1749, 1, 'ReportsKHA', 'HomePage', '310', '2013-07-12 03:58:30'),
(1750, 1, 'ReportsKHA', 'HomePage', '310', '2013-07-12 03:59:55'),
(1751, 1, 'ReportsKHA', 'HomePage', '310', '2013-07-12 04:00:17'),
(1752, 1, 'ReportsKHA', 'HomePage', '310', '2013-07-12 04:00:32'),
(1753, 1, 'ReportsKHA', 'HomePage', '310', '2013-07-12 04:00:39'),
(1754, 1, 'ReportsKHA', 'HomePage', '310', '2013-07-12 04:00:52'),
(1755, 1, 'ReportsKHA', 'HomePage', '310', '2013-07-12 04:01:01'),
(1756, 1, 'ReportsKHA', 'HomePage', '310', '2013-07-12 04:01:36'),
(1757, 1, 'ReportsKHA', 'HomePage', '310', '2013-07-12 04:10:23'),
(1758, 1, 'ReportsKHA', 'HomePage', '310', '2013-07-12 04:10:33'),
(1759, 1, 'ReportsKHA', 'HomePage', '311', '2013-07-12 04:37:28'),
(1760, 1, 'ReportsKHA', 'HomePage', '308', '2013-07-12 05:31:19'),
(1761, 1, 'ReportsKHA', 'HomePage', '309', '2013-07-12 05:31:21'),
(1762, 1, 'HomeOwner', 'index', '', '2013-07-12 05:31:35'),
(1763, 1, 'Tooltip', 'TooltipAjax', '', '2013-07-12 05:31:42'),
(1764, 1, 'HomeOwner', 'DetailView', '242', '2013-07-12 05:31:42'),
(1765, 1, 'HomeOwner', 'index', '', '2013-07-12 05:31:44'),
(1766, 1, 'Tooltip', 'TooltipAjax', '', '2013-07-12 05:31:47'),
(1767, 1, 'Tooltip', 'TooltipAjax', '', '2013-07-12 05:31:49'),
(1768, 1, 'HomeOwner', 'DetailView', '242', '2013-07-12 05:31:53'),
(1769, 1, 'House', 'DetailView', '243', '2013-07-12 05:31:57'),
(1770, 1, 'House', 'index', '', '2013-07-12 05:32:13'),
(1771, 1, 'Settings', 'ModuleManager', '', '2013-07-12 05:32:15'),
(1772, 1, 'Settings', 'LayoutBlockList', '', '2013-07-12 05:32:16'),
(1773, 1, 'Settings', 'SettingsAjax', '', '2013-07-12 05:33:34'),
(1774, 1, 'Settings', 'SettingsAjax', '', '2013-07-12 05:33:51'),
(1775, 1, 'Settings', 'SettingsAjax', '', '2013-07-12 05:33:54'),
(1776, 1, 'Settings', 'SettingsAjax', '', '2013-07-12 05:33:57'),
(1777, 1, 'Settings', 'SettingsAjax', '', '2013-07-12 05:33:58'),
(1778, 1, 'House', 'DetailView', '243', '2013-07-12 05:34:07'),
(1779, 1, 'House', 'EditView', '243', '2013-07-12 05:34:09'),
(1780, 1, 'House', 'EditView', '243', '2013-07-12 05:35:49'),
(1781, 1, 'House', 'EditView', '243', '2013-07-12 05:38:00'),
(1782, 1, 'House', 'Save', '243', '2013-07-12 05:38:12'),
(1783, 1, 'House', 'DetailView', '243', '2013-07-12 05:38:12'),
(1784, 1, 'House', 'EditView', '243', '2013-07-12 05:38:15'),
(1785, 1, 'House', 'Save', '243', '2013-07-12 05:38:19'),
(1786, 1, 'House', 'DetailView', '243', '2013-07-12 05:38:20'),
(1787, 1, 'House', 'EditView', '243', '2013-07-12 05:38:25'),
(1788, 1, 'House', 'EditView', '243', '2013-07-12 05:42:36'),
(1789, 1, 'House', 'index', '', '2013-07-12 05:42:45'),
(1790, 1, 'House', 'EditView', '', '2013-07-12 05:42:47'),
(1791, 1, 'House', 'EditView', '', '2013-07-12 05:42:50'),
(1792, 1, 'House', 'EditView', '', '2013-07-12 05:43:02'),
(1793, 1, 'House', 'EditView', '', '2013-07-12 05:43:03'),
(1794, 1, 'House', 'EditView', '', '2013-07-12 05:43:17'),
(1795, 1, 'House', 'EditView', '', '2013-07-12 05:43:25'),
(1796, 1, 'House', 'EditView', '', '2013-07-12 05:44:42'),
(1797, 1, 'House', 'EditView', '', '2013-07-12 05:45:06'),
(1798, 1, 'House', 'EditView', '', '2013-07-12 05:45:40'),
(1799, 1, 'House', 'EditView', '', '2013-07-12 05:46:06'),
(1800, 1, 'House', 'EditView', '', '2013-07-12 05:46:43'),
(1801, 1, 'House', 'EditView', '', '2013-07-12 05:46:54'),
(1802, 1, 'House', 'EditView', '', '2013-07-12 05:53:58'),
(1803, 1, 'House', 'EditView', '', '2013-07-12 05:55:36'),
(1804, 1, 'House', 'EditView', '', '2013-07-12 05:56:28'),
(1805, 1, 'House', 'EditView', '', '2013-07-12 05:56:50'),
(1806, 1, 'House', 'EditView', '', '2013-07-12 05:57:09'),
(1807, 1, 'House', 'EditView', '', '2013-07-12 05:57:33'),
(1808, 1, 'House', 'EditView', '', '2013-07-12 05:57:40'),
(1809, 1, 'House', 'EditView', '', '2013-07-12 05:58:11'),
(1810, 1, 'House', 'EditView', '', '2013-07-12 05:59:11'),
(1811, 1, 'House', 'EditView', '', '2013-07-12 05:59:27'),
(1812, 1, 'House', 'EditView', '', '2013-07-12 05:59:37'),
(1813, 1, 'House', 'EditView', '', '2013-07-12 05:59:49'),
(1814, 1, 'House', 'EditView', '', '2013-07-12 06:00:14'),
(1815, 1, 'House', 'EditView', '', '2013-07-12 06:00:45'),
(1816, 1, 'House', 'EditView', '', '2013-07-12 06:00:51'),
(1817, 1, 'House', 'EditView', '', '2013-07-12 06:01:22'),
(1818, 1, 'House', 'EditView', '', '2013-07-12 06:01:42'),
(1819, 1, 'House', 'EditView', '', '2013-07-12 06:03:47'),
(1820, 1, 'ReportsKHA', 'HomePage', '309', '2013-07-12 06:04:40'),
(1821, 1, 'House', 'EditView', '', '2013-07-12 06:04:40'),
(1822, 1, 'House', 'EditView', '', '2013-07-12 06:05:00'),
(1823, 1, 'House', 'EditView', '', '2013-07-12 06:06:19'),
(1824, 1, 'House', 'EditView', '', '2013-07-12 06:06:43'),
(1825, 1, 'House', 'EditView', '', '2013-07-12 06:07:14'),
(1826, 1, 'House', 'EditView', '', '2013-07-12 06:07:21'),
(1827, 1, 'House', 'EditView', '', '2013-07-12 06:07:41'),
(1828, 1, 'ReportsKHA', 'HomePage', '308', '2013-07-12 06:08:05'),
(1829, 1, 'House', 'EditView', '', '2013-07-12 06:08:12'),
(1830, 1, 'House', 'EditView', '', '2013-07-12 06:08:49'),
(1831, 1, 'House', 'EditView', '', '2013-07-12 06:09:04'),
(1832, 1, 'ReportsKHA', 'HomePage', '308', '2013-07-12 06:09:25'),
(1833, 1, 'House', 'EditView', '', '2013-07-12 06:09:27'),
(1834, 1, 'House', 'EditView', '', '2013-07-12 06:09:51'),
(1835, 1, 'House', 'EditView', '', '2013-07-12 06:10:41'),
(1836, 1, 'House', 'EditView', '', '2013-07-12 06:11:07'),
(1837, 1, 'House', 'EditView', '', '2013-07-12 06:12:10'),
(1838, 1, 'House', 'index', '', '2013-07-12 06:13:02'),
(1839, 1, 'House', 'EditView', '297', '2013-07-12 06:13:05'),
(1840, 1, 'House', 'index', '', '2013-07-12 06:13:19'),
(1841, 1, 'House', 'EditView', '', '2013-07-12 06:13:21'),
(1842, 1, 'House', 'EditView', '', '2013-07-12 06:16:57'),
(1843, 1, 'House', 'EditView', '', '2013-07-12 06:18:44'),
(1844, 1, 'House', 'EditView', '', '2013-07-12 06:19:54'),
(1845, 1, 'House', 'EditView', '', '2013-07-12 06:20:35'),
(1846, 1, 'House', 'EditView', '', '2013-07-12 06:20:49'),
(1847, 1, 'House', 'EditView', '', '2013-07-12 06:21:06'),
(1848, 1, 'House', 'EditView', '', '2013-07-12 06:21:28'),
(1849, 1, 'House', 'EditView', '', '2013-07-12 06:22:51'),
(1850, 1, 'House', 'EditView', '', '2013-07-12 06:23:18'),
(1851, 1, 'House', 'EditView', '', '2013-07-12 06:23:26'),
(1852, 1, 'House', 'EditView', '', '2013-07-12 06:23:42'),
(1853, 1, 'House', 'EditView', '', '2013-07-12 06:23:57'),
(1854, 1, 'House', 'index', '', '2013-07-12 06:24:24'),
(1855, 1, 'House', 'EditView', '297', '2013-07-12 06:24:26'),
(1856, 1, 'House', 'index', '', '2013-07-12 06:24:29'),
(1857, 1, 'House', 'EditView', '243', '2013-07-12 06:25:18'),
(1858, 1, 'House', 'EditView', '243', '2013-07-12 06:26:44'),
(1859, 1, 'House', 'EditView', '243', '2013-07-12 06:27:09'),
(1860, 1, 'House', 'EditView', '243', '2013-07-12 06:28:36'),
(1861, 1, 'House', 'EditView', '243', '2013-07-12 06:29:00'),
(1862, 1, 'House', 'EditView', '243', '2013-07-12 06:29:31'),
(1863, 1, 'House', 'EditView', '243', '2013-07-12 06:30:04'),
(1864, 1, 'House', 'EditView', '243', '2013-07-12 06:30:29'),
(1865, 1, 'House', 'EditView', '243', '2013-07-12 06:30:43'),
(1866, 1, 'House', 'EditView', '243', '2013-07-12 06:31:25'),
(1867, 1, 'House', 'EditView', '243', '2013-07-12 06:31:56'),
(1868, 1, 'House', 'EditView', '243', '2013-07-12 06:32:09'),
(1869, 1, 'House', 'EditView', '243', '2013-07-12 06:32:38'),
(1870, 1, 'House', 'EditView', '243', '2013-07-12 06:33:27'),
(1871, 1, 'House', 'EditView', '243', '2013-07-12 06:35:02'),
(1872, 1, 'House', 'EditView', '243', '2013-07-12 06:35:41'),
(1873, 1, 'House', 'EditView', '243', '2013-07-12 06:35:56'),
(1874, 1, 'House', 'EditView', '243', '2013-07-12 06:36:43'),
(1875, 1, 'House', 'EditView', '243', '2013-07-12 06:38:54'),
(1876, 1, 'House', 'EditView', '243', '2013-07-12 06:39:07'),
(1877, 1, 'House', 'EditView', '243', '2013-07-12 06:41:02'),
(1878, 1, 'House', 'EditView', '243', '2013-07-12 06:41:16'),
(1879, 1, 'House', 'EditView', '243', '2013-07-12 06:42:02'),
(1880, 1, 'House', 'EditView', '243', '2013-07-12 06:44:01'),
(1881, 1, 'House', 'EditView', '243', '2013-07-12 06:44:39'),
(1882, 1, 'House', 'EditView', '243', '2013-07-12 06:45:06'),
(1883, 1, 'House', 'EditView', '243', '2013-07-12 06:46:05'),
(1884, 1, 'House', 'EditView', '243', '2013-07-12 06:46:45'),
(1885, 1, 'House', 'EditView', '243', '2013-07-12 06:47:41'),
(1886, 1, 'House', 'EditView', '243', '2013-07-12 06:49:46'),
(1887, 1, 'House', 'EditView', '243', '2013-07-12 06:52:31'),
(1888, 1, 'House', 'EditView', '243', '2013-07-12 06:52:57'),
(1889, 1, 'House', 'EditView', '243', '2013-07-12 06:53:14'),
(1890, 1, 'House', 'EditView', '243', '2013-07-12 06:54:22'),
(1891, 1, 'House', 'Save', '243', '2013-07-12 06:54:28'),
(1892, 1, 'House', 'index', '243', '2013-07-12 06:54:29'),
(1893, 1, 'House', 'EditView', '243', '2013-07-12 06:54:32'),
(1894, 1, 'House', 'EditView', '243', '2013-07-12 06:55:21'),
(1895, 1, 'House', 'Save', '243', '2013-07-12 06:55:24'),
(1896, 1, 'House', 'index', '243', '2013-07-12 06:55:25'),
(1897, 1, 'House', 'EditView', '243', '2013-07-12 06:55:27'),
(1898, 1, 'House', 'index', '243', '2013-07-12 06:55:38'),
(1899, 1, 'House', 'EditView', '246', '2013-07-12 06:55:40'),
(1900, 1, 'House', 'Save', '246', '2013-07-12 06:55:43'),
(1901, 1, 'House', 'index', '246', '2013-07-12 06:55:44'),
(1902, 1, 'House', 'EditView', '264', '2013-07-12 06:55:46'),
(1903, 1, 'House', 'Save', '264', '2013-07-12 06:55:50'),
(1904, 1, 'House', 'index', '264', '2013-07-12 06:55:50'),
(1905, 1, 'House', 'EditView', '269', '2013-07-12 06:55:53'),
(1906, 1, 'House', 'Save', '269', '2013-07-12 06:55:56'),
(1907, 1, 'House', 'index', '269', '2013-07-12 06:55:56'),
(1908, 1, 'Tooltip', 'TooltipAjax', '', '2013-07-12 06:55:58'),
(1909, 1, 'House', 'EditView', '270', '2013-07-12 06:55:59'),
(1910, 1, 'House', 'Save', '270', '2013-07-12 06:56:05'),
(1911, 1, 'House', 'index', '270', '2013-07-12 06:56:06'),
(1912, 1, 'House', 'EditView', '297', '2013-07-12 06:56:08'),
(1913, 1, 'House', 'Save', '297', '2013-07-12 06:56:14'),
(1914, 1, 'House', 'index', '297', '2013-07-12 06:56:15'),
(1915, 1, 'Tooltip', 'TooltipAjax', '', '2013-07-12 06:56:17'),
(1916, 1, 'ReportsKHA', 'index', '', '2013-07-12 06:56:18'),
(1917, 1, 'ReportsKHA', 'HomePage', '309', '2013-07-12 06:56:20'),
(1918, 1, 'HomeOwner', 'index', '', '2013-07-12 06:56:47'),
(1919, 1, 'HomeOwner', 'DetailView', '242', '2013-07-12 06:56:49'),
(1920, 1, 'House', 'DetailView', '243', '2013-07-12 06:56:58'),
(1921, 1, 'House', 'DetailView', '243', '2013-07-12 06:57:17'),
(1922, 1, 'House', 'EditView', '243', '2013-07-12 06:57:20'),
(1923, 1, 'House', 'DetailView', '243', '2013-07-12 06:57:25'),
(1924, 1, 'House', 'DetailView', '243', '2013-07-12 06:59:04'),
(1925, 1, 'House', 'DetailView', '243', '2013-07-12 06:59:22'),
(1926, 1, 'Users', 'Logout', '', '2013-07-12 07:05:01'),
(1927, 1, 'Users', 'Authenticate', '', '2013-07-12 07:05:05'),
(1928, 1, 'Home', 'index', '', '2013-07-12 07:05:06'),
(1929, 1, 'Home', 'HomeAjax', '', '2013-07-12 07:05:07'),
(1930, 1, 'House', 'index', '', '2013-07-12 07:05:11'),
(1931, 1, 'Tooltip', 'TooltipAjax', '', '2013-07-12 07:05:14'),
(1932, 1, 'House', 'EditView', '243', '2013-07-12 07:05:15'),
(1933, 1, 'House', 'index', '', '2013-07-12 07:05:19'),
(1934, 1, 'HomeOwner', 'DetailView', '242', '2013-07-12 07:05:21'),
(1935, 1, 'House', 'DetailView', '243', '2013-07-12 07:05:55'),
(1936, 1, 'House', 'DetailView', '243', '2013-07-12 07:08:40'),
(1937, 1, 'House', 'DetailView', '243', '2013-07-12 07:09:08'),
(1938, 1, 'House', 'DetailView', '243', '2013-07-12 07:09:37'),
(1939, 1, 'House', 'DetailView', '243', '2013-07-12 07:10:09'),
(1940, 1, 'House', 'DetailView', '243', '2013-07-12 07:11:33'),
(1941, 1, 'House', 'DetailView', '243', '2013-07-12 07:12:08'),
(1942, 1, 'House', 'DetailView', '243', '2013-07-12 07:13:19'),
(1943, 1, 'House', 'DetailView', '243', '2013-07-12 07:13:58'),
(1944, 1, 'House', 'DetailView', '243', '2013-07-12 07:14:44'),
(1945, 1, 'House', 'DetailView', '243', '2013-07-12 07:15:28'),
(1946, 1, 'House', 'DetailView', '243', '2013-07-12 07:15:41'),
(1947, 1, 'House', 'DetailView', '243', '2013-07-12 07:16:10'),
(1948, 1, 'House', 'DetailView', '243', '2013-07-12 07:16:32'),
(1949, 1, 'House', 'DetailView', '243', '2013-07-12 07:16:56'),
(1950, 1, 'House', 'DetailView', '243', '2013-07-12 07:17:32'),
(1951, 1, 'House', 'DetailView', '243', '2013-07-12 07:17:52'),
(1952, 1, 'House', 'EditView', '243', '2013-07-12 07:18:41'),
(1953, 1, 'House', 'Save', '243', '2013-07-12 07:18:47'),
(1954, 1, 'House', 'DetailView', '243', '2013-07-12 07:18:48'),
(1955, 1, 'ReportsKHA', 'index', '', '2013-07-12 07:19:05'),
(1956, 1, 'ReportsKHA', 'HomePage', '308', '2013-07-12 07:19:20'),
(1957, 1, 'ReportsKHA', 'HomePage', '309', '2013-07-12 07:19:22'),
(1958, 1, 'HomeOwner', 'index', '', '2013-07-12 07:19:30'),
(1959, 1, 'ReportsKHA', 'index', '', '2013-07-12 07:26:17'),
(1960, 1, 'HomeOwner', 'DetailView', '242', '2013-07-12 07:26:19'),
(1961, 1, 'House', 'DetailView', '243', '2013-07-12 07:26:23'),
(1962, 1, 'ReportsKHA', 'HomePage', '308', '2013-07-12 07:26:31'),
(1963, 1, 'ReportsKHA', 'HomePage', '309', '2013-07-12 07:26:33'),
(1964, 1, 'ReportsKHA', 'HomePage', '308', '2013-07-12 07:27:01'),
(1965, 1, 'ReportsKHA', 'HomePage', '309', '2013-07-12 07:27:08'),
(1966, 1, 'House', 'EditView', '243', '2013-07-12 07:27:21'),
(1967, 1, 'House', 'Save', '243', '2013-07-12 07:27:25'),
(1968, 1, 'House', 'DetailView', '243', '2013-07-12 07:27:26'),
(1969, 1, 'ReportsKHA', 'HomePage', '308', '2013-07-12 07:27:47'),
(1970, 1, 'House', 'DetailView', '243', '2013-07-12 07:28:32'),
(1971, 1, 'ReportsKHA', 'HomePage', '309', '2013-07-12 07:28:48'),
(1972, 1, 'ReportsKHA', 'HomePage', '308', '2013-07-12 07:29:16'),
(1973, 1, 'ReportsKHA', 'HomePage', '310', '2013-07-12 07:29:18'),
(1974, 1, 'ReportsKHA', 'HomePage', '310', '2013-07-12 07:29:54'),
(1975, 1, 'ReportsKHA', 'HomePage', '309', '2013-07-12 07:29:58'),
(1976, 1, 'ReportsKHA', 'HomePage', '311', '2013-07-12 07:30:01'),
(1977, 1, 'ReportsKHA', 'index', '', '2013-07-12 07:30:03'),
(1978, 1, 'ReportsKHA', 'ListView', '', '2013-07-12 07:30:09'),
(1979, 1, 'Users', 'massdelete', '', '2013-07-12 07:30:12'),
(1980, 1, 'ReportsKHA', 'ReportsKHAAjax', '', '2013-07-12 07:30:13'),
(1981, 1, 'ReportsKHA', 'index', '', '2013-07-12 07:30:14'),
(1982, 1, 'ReportsKHA', 'index', '', '2013-07-12 07:30:28'),
(1983, 1, 'ReportsKHA', 'HomePage', '310', '2013-07-12 07:30:41'),
(1984, 1, 'ReportsKHA', 'HomePage', '309', '2013-07-12 07:30:44'),
(1985, 1, 'ReportsKHA', 'HomePage', '308', '2013-07-12 07:30:47'),
(1986, 1, 'ReportsKHA', 'HomePage', '308', '2013-07-12 07:30:54'),
(1987, 1, 'ReportsKHA', 'HomePage', '309', '2013-07-12 07:32:47'),
(1988, 1, 'ReportsKHA', 'HomePage', '310', '2013-07-12 07:32:50'),
(1989, 1, 'ReportsKHA', 'index', '', '2013-07-12 07:32:54'),
(1990, 1, 'HomeOwner', 'index', '', '2013-07-12 07:33:00'),
(1991, 1, 'House', 'EditView', '243', '2013-07-12 07:33:03'),
(1992, 1, 'House', 'DetailView', '243', '2013-07-12 07:33:09'),
(1993, 1, 'HomeOwner', 'DetailView', '242', '2013-07-12 07:33:32'),
(1994, 1, 'HomeOwner', 'index', '', '2013-07-12 07:33:37'),
(1995, 1, 'House', 'EditView', '243', '2013-07-12 07:33:53'),
(1996, 1, 'House', 'DetailView', '243', '2013-07-12 07:34:05'),
(1997, 1, 'HomeOwner', 'index', '', '2013-07-12 07:34:13'),
(1998, 1, 'Tooltip', 'TooltipAjax', '', '2013-07-12 07:34:16'),
(1999, 1, 'HomeOwner', 'DetailView', '263', '2013-07-12 07:34:17'),
(2000, 1, 'HomeOwner', 'ReportsPerHomeOwner', '263', '2013-07-12 07:34:22'),
(2001, 1, 'HomeOwner', 'DetailView', '263', '2013-07-12 07:34:25'),
(2002, 1, 'ReportsKHA', 'index', '', '2013-07-12 07:39:42'),
(2003, 1, 'ReportsKHA', 'HomePage', '310', '2013-07-12 07:39:45'),
(2004, 1, 'House', 'DetailView', '269', '2013-07-12 07:39:51'),
(2005, 1, 'House', 'EditView', '269', '2013-07-12 07:39:58'),
(2006, 1, 'House', 'DetailView', '269', '2013-07-12 07:40:05'),
(2007, 1, 'ReportsKHA', 'HomePage', '309', '2013-07-12 07:40:45'),
(2008, 1, 'ReportsKHA', 'HomePage', '308', '2013-07-12 07:40:48'),
(2009, 1, 'HomeOwner', 'index', '', '2013-07-12 07:40:52'),
(2010, 1, 'HomeOwner', 'index', '', '2013-07-12 07:41:25'),
(2011, 1, 'HomeOwner', 'EditView', '296', '2013-07-12 07:41:33'),
(2012, 1, 'HomeOwner', 'Save', '296', '2013-07-12 07:41:36'),
(2013, 1, 'HomeOwner', 'index', '296', '2013-07-12 07:41:37'),
(2014, 1, 'HomeOwner', 'DetailView', '296', '2013-07-12 07:41:40'),
(2015, 1, 'Users', 'Logout', '', '2013-07-12 07:41:43'),
(2016, 6, 'Users', 'Authenticate', '', '2013-07-12 07:41:47'),
(2017, 6, 'Home', 'index', '', '2013-07-12 07:41:48'),
(2018, 6, 'Home', 'HomeAjax', '', '2013-07-12 07:41:48'),
(2019, 6, 'HomeOwner', 'index', '', '2013-07-12 07:41:50'),
(2020, 6, 'HomeOwner', 'DetailView', '263', '2013-07-12 07:43:24'),
(2021, 6, 'HomeOwner', 'HomeOwnerAjax', '', '2013-07-12 07:43:25'),
(2022, 6, 'Emails', 'EmailsAjax', '', '2013-07-12 07:43:27'),
(2023, 6, 'Emails', 'EmailsAjax', '', '2013-07-12 07:43:30'),
(2024, 6, 'HomeOwner', 'ReportsPerHomeOwner', '263', '2013-07-12 07:43:36'),
(2025, 6, 'ReportsKHA', 'index', '', '2013-07-12 07:43:39'),
(2026, 6, 'Users', 'Logout', '', '2013-07-12 07:43:43'),
(2027, 1, 'Users', 'Authenticate', '', '2013-07-12 07:43:47'),
(2028, 1, 'Home', 'index', '', '2013-07-12 07:43:48'),
(2029, 1, 'Home', 'HomeAjax', '', '2013-07-12 07:43:49'),
(2030, 1, 'Settings', 'index', '', '2013-07-12 07:43:50'),
(2031, 1, 'Settings', 'ModuleManager', '', '2013-07-12 07:43:54'),
(2032, 1, 'Users', 'Logout', '', '2013-07-12 07:44:33'),
(2033, 6, 'Users', 'Authenticate', '', '2013-07-12 07:44:38'),
(2034, 6, 'Home', 'index', '', '2013-07-12 07:44:38'),
(2035, 6, 'Home', 'HomeAjax', '', '2013-07-12 07:44:39'),
(2036, 6, 'ReportsKHA', 'index', '', '2013-07-12 07:44:40'),
(2037, 6, 'Home', 'index', '', '2013-07-12 07:44:42'),
(2038, 6, 'Home', 'HomeAjax', '', '2013-07-12 07:44:43'),
(2039, 6, 'Users', 'Logout', '', '2013-07-12 07:44:48'),
(2040, 1, 'Users', 'Authenticate', '', '2013-07-12 07:44:51'),
(2041, 1, 'Home', 'index', '', '2013-07-12 07:44:52'),
(2042, 1, 'Home', 'HomeAjax', '', '2013-07-12 07:44:53'),
(2043, 1, 'Settings', 'index', '', '2013-07-12 07:44:54'),
(2044, 1, 'Settings', 'OrgSharingDetailView', '', '2013-07-12 07:44:57'),
(2045, 1, 'Settings', 'listroles', '', '2013-07-12 07:45:02'),
(2046, 1, 'Settings', 'RoleDetailView', '', '2013-07-12 07:45:04'),
(2047, 1, 'Settings', 'profilePrivileges', '', '2013-07-12 07:45:06'),
(2048, 1, 'Settings', 'profilePrivileges', '', '2013-07-12 07:45:08'),
(2049, 1, 'Users', 'UpdateProfileChanges', '', '2013-07-12 07:45:14'),
(2050, 1, 'Settings', 'profilePrivileges', '', '2013-07-12 07:45:18'),
(2051, 1, 'Settings', 'OrgSharingDetailView', '', '2013-07-12 07:45:21'),
(2052, 1, 'Users', 'RecalculateSharingRules', '', '2013-07-12 07:45:24'),
(2053, 1, 'Settings', 'OrgSharingDetailView', '', '2013-07-12 07:45:25'),
(2054, 1, 'Users', 'Logout', '', '2013-07-12 07:45:27'),
(2055, 6, 'Users', 'Authenticate', '', '2013-07-12 07:45:31'),
(2056, 6, 'Home', 'index', '', '2013-07-12 07:45:32'),
(2057, 6, 'Home', 'HomeAjax', '', '2013-07-12 07:45:33'),
(2058, 6, 'ReportsKHA', 'index', '', '2013-07-12 07:45:34'),
(2059, 6, 'ReportsKHA', 'HomePage', '308', '2013-07-12 07:45:36'),
(2060, 6, 'ReportsKHA', 'HomePage', '309', '2013-07-12 07:45:40'),
(2061, 6, 'ReportsKHA', 'HomePage', '310', '2013-07-12 07:45:45'),
(2062, 6, 'HomeOwner', 'index', '', '2013-07-12 07:45:49'),
(2063, 6, 'HomeOwner', 'DetailView', '242', '2013-07-12 07:45:52'),
(2064, 6, 'HomeOwner', 'HomeOwnerAjax', '', '2013-07-12 07:45:53'),
(2065, 6, 'House', 'DetailView', '243', '2013-07-12 07:45:56'),
(2066, 6, 'House', 'HouseAjax', '', '2013-07-12 07:45:57'),
(2067, 6, 'House', 'EditView', '243', '2013-07-12 07:46:00'),
(2068, 6, 'House', 'Save', '243', '2013-07-12 07:46:05'),
(2069, 6, 'House', 'DetailView', '243', '2013-07-12 07:46:06'),
(2070, 6, 'House', 'HouseAjax', '', '2013-07-12 07:46:06'),
(2071, 6, 'HomeOwner', 'DetailView', '242', '2013-07-12 07:46:11'),
(2072, 6, 'HomeOwner', 'HomeOwnerAjax', '', '2013-07-12 07:46:12'),
(2073, 6, 'MemoAdvice', 'MemoAdviceAjax', '', '2013-07-12 07:46:16'),
(2074, 6, 'Billing', 'BillingAjax', '', '2013-07-12 07:46:20'),
(2075, 6, 'Payments', 'EditView', '', '2013-07-12 07:46:23'),
(2076, 6, 'Billing', 'Popup', '', '2013-07-12 07:46:26'),
(2077, 6, 'HomeOwner', 'DetailView', '242', '2013-07-12 07:46:30'),
(2078, 6, 'HomeOwner', 'HomeOwnerAjax', '', '2013-07-12 07:46:31'),
(2079, 6, 'ReportsKHA', 'index', '', '2013-07-12 07:50:21'),
(2080, 6, 'ReportsKHA', 'HomePage', '308', '2013-07-12 07:50:23'),
(2081, 6, 'ReportsKHA', 'HomePage', '310', '2013-07-12 07:50:25'),
(2082, 6, 'ReportsKHA', 'HomePage', '309', '2013-07-12 07:50:27'),
(2083, 6, 'House', 'DetailView', '243', '2013-07-12 07:51:09'),
(2084, 6, 'House', 'HouseAjax', '', '2013-07-12 07:51:10'),
(2085, 6, 'Cars', 'DetailView', '258', '2013-07-12 07:51:22'),
(2086, 6, 'Cars', 'CarsAjax', '', '2013-07-12 07:51:23'),
(2087, 6, 'House', 'EditView', '243', '2013-07-12 08:27:49'),
(2088, 6, 'House', 'DetailView', '243', '2013-07-12 08:27:56'),
(2089, 6, 'House', 'HouseAjax', '', '2013-07-12 08:27:57'),
(2090, 6, 'House', 'EditView', '243', '2013-07-12 08:33:13'),
(2091, 6, 'House', 'Save', '243', '2013-07-12 08:33:25'),
(2092, 6, 'House', 'DetailView', '243', '2013-07-12 08:33:25'),
(2093, 6, 'House', 'HouseAjax', '', '2013-07-12 08:33:26'),
(2094, 6, 'ReportsKHA', 'index', '', '2013-07-12 08:33:42'),
(2095, 6, 'ReportsKHA', 'HomePage', '308', '2013-07-12 08:33:45'),
(2096, 6, 'ReportsKHA', 'HomePage', '309', '2013-07-12 08:33:48'),
(2097, 6, 'HomeOwner', 'index', '', '2013-07-12 08:34:13'),
(2098, 6, 'HomeOwner', 'DetailView', '263', '2013-07-12 08:34:16'),
(2099, 6, 'HomeOwner', 'HomeOwnerAjax', '', '2013-07-12 08:34:17'),
(2100, 6, 'House', 'DetailView', '269', '2013-07-12 08:34:20'),
(2101, 6, 'House', 'HouseAjax', '', '2013-07-12 08:34:21'),
(2102, 6, 'ReportsKHA', 'index', '', '2013-07-12 08:34:25'),
(2103, 6, 'ReportsKHA', 'HomePage', '309', '2013-07-12 08:34:27'),
(2104, 6, 'ReportsKHA', 'HomePage', '308', '2013-07-12 08:34:32'),
(2105, 6, 'ReportsKHA', 'HomePage', '310', '2013-07-12 08:34:35'),
(2106, 6, 'ReportsKHA', 'HomePage', '309', '2013-07-12 08:34:38'),
(2107, 6, 'House', 'EditView', '269', '2013-07-12 08:34:47'),
(2108, 6, 'House', 'Save', '269', '2013-07-12 08:34:55'),
(2109, 6, 'House', 'DetailView', '269', '2013-07-12 08:34:56'),
(2110, 6, 'House', 'HouseAjax', '', '2013-07-12 08:34:57'),
(2111, 6, 'ReportsKHA', 'HomePage', '309', '2013-07-12 08:35:00'),
(2112, 6, 'ReportsKHA', 'HomePage', '310', '2013-07-12 08:35:07'),
(2113, 6, 'ReportsKHA', 'ListView', '', '2013-07-12 08:35:15'),
(2114, 6, 'Users', 'Logout', '', '2013-07-12 08:35:19'),
(2115, 1, 'Users', 'Authenticate', '', '2013-07-12 08:35:22'),
(2116, 1, 'Home', 'index', '', '2013-07-12 08:35:23'),
(2117, 1, 'Home', 'HomeAjax', '', '2013-07-12 08:35:24'),
(2118, 1, 'ReportsKHA', 'index', '', '2013-07-12 08:35:25'),
(2119, 1, 'ReportsKHA', 'ListView', '', '2013-07-12 08:35:27'),
(2120, 1, 'ReportsKHA', 'EditView', '', '2013-07-12 08:35:29'),
(2121, 1, 'ReportsKHA', 'Save', '', '2013-07-12 08:35:37'),
(2122, 1, 'ReportsKHA', 'DetailView', '312', '2013-07-12 08:35:37'),
(2123, 1, 'ReportsKHA', 'index', '', '2013-07-12 08:35:39'),
(2124, 1, 'ReportsKHA', 'HomePage', '312', '2013-07-12 08:35:41'),
(2125, 1, 'ReportsKHA', 'index', '', '2013-07-12 08:36:05'),
(2126, 1, 'ReportsKHA', 'ListView', '', '2013-07-12 08:36:10'),
(2127, 1, 'Users', 'massdelete', '', '2013-07-12 08:36:15'),
(2128, 1, 'ReportsKHA', 'ReportsKHAAjax', '', '2013-07-12 08:36:15'),
(2129, 1, 'ReportsKHA', 'ListView', '', '2013-07-12 08:36:57'),
(2130, 1, 'House', 'EditView', '269', '2013-07-12 08:37:10'),
(2131, 1, 'House', 'DetailView', '269', '2013-07-12 08:37:15'),
(2132, 1, 'House', 'CallRelatedList', '269', '2013-07-12 08:37:29'),
(2133, 1, 'House', 'HouseAjax', '269', '2013-07-12 08:37:32'),
(2134, 1, 'House', 'HouseAjax', '269', '2013-07-12 08:37:33'),
(2135, 1, 'House', 'DetailView', '269', '2013-07-12 08:37:34'),
(2136, 1, 'HomeOwner', 'index', '', '2013-07-12 08:37:37'),
(2137, 1, 'HomeOwner', 'DetailView', '242', '2013-07-12 08:38:04'),
(2138, 1, 'HomeOwner', 'CallRelatedList', '242', '2013-07-12 08:38:06'),
(2139, 1, 'HomeOwner', 'HomeOwnerAjax', '242', '2013-07-12 08:38:07'),
(2140, 1, 'HomeOwner', 'CallRelatedList', '242', '2013-07-12 08:38:32'),
(2141, 1, 'HomeOwner', 'HomeOwnerAjax', '242', '2013-07-12 08:38:32'),
(2142, 1, 'HomeOwner', 'HomeOwnerAjax', '242', '2013-07-12 08:38:34'),
(2143, 1, 'Billing', 'EditView', '244', '2013-07-12 08:38:39'),
(2144, 1, 'Billing', 'Save', '244', '2013-07-12 08:38:41'),
(2145, 1, 'HomeOwner', 'CallRelatedList', '242', '2013-07-12 08:38:41'),
(2146, 1, 'HomeOwner', 'HomeOwnerAjax', '242', '2013-07-12 08:38:42'),
(2147, 1, 'HomeOwner', 'HomeOwnerAjax', '242', '2013-07-12 08:38:42'),
(2148, 1, 'HomeOwner', 'CallRelatedList', '242', '2013-07-12 08:38:55'),
(2149, 1, 'HomeOwner', 'HomeOwnerAjax', '242', '2013-07-12 08:38:56'),
(2150, 1, 'HomeOwner', 'HomeOwnerAjax', '242', '2013-07-12 08:38:56'),
(2151, 1, 'HomeOwner', 'HomeOwnerAjax', '242', '2013-07-12 08:38:59'),
(2152, 1, 'HomeOwner', 'HomeOwnerAjax', '242', '2013-07-12 08:39:01'),
(2153, 1, 'HomeOwner', 'HomeOwnerAjax', '242', '2013-07-12 08:39:03'),
(2154, 1, 'HomeOwner', 'HomeOwnerAjax', '242', '2013-07-12 08:39:05'),
(2155, 1, 'Cars', 'EditView', '', '2013-07-12 08:39:07'),
(2156, 1, 'HomeOwner', 'CallRelatedList', '242', '2013-07-12 08:39:12'),
(2157, 1, 'HomeOwner', 'HomeOwnerAjax', '242', '2013-07-12 08:39:12'),
(2158, 1, 'HomeOwner', 'HomeOwnerAjax', '242', '2013-07-12 08:39:13'),
(2159, 1, 'HomeOwner', 'HomeOwnerAjax', '242', '2013-07-12 08:39:13'),
(2160, 1, 'HomeOwner', 'HomeOwnerAjax', '242', '2013-07-12 08:39:14'),
(2161, 1, 'HomeOwner', 'HomeOwnerAjax', '242', '2013-07-12 08:39:14'),
(2162, 1, 'HomeOwner', 'HomeOwnerAjax', '242', '2013-07-12 08:39:14'),
(2163, 1, 'HomeOwner', 'ReportsPerHomeOwner', '242', '2013-07-12 08:39:14'),
(2164, 1, 'HomeOwner', 'DetailView', '242', '2013-07-12 08:39:16'),
(2165, 1, 'ReportsKHA', 'index', '', '2013-07-12 08:39:24'),
(2166, 1, 'ReportsKHA', 'HomePage', '310', '2013-07-12 08:39:26'),
(2167, 1, 'ReportsKHA', 'HomePage', '309', '2013-07-12 08:39:28'),
(2168, 1, 'House', 'DetailView', '269', '2013-07-12 08:46:42'),
(2169, 1, 'House', 'DetailView', '269', '2013-07-12 08:54:28'),
(2170, 1, 'Home', 'index', '', '2013-07-12 08:55:19'),
(2171, 1, 'Home', 'HomeAjax', '', '2013-07-12 08:55:19'),
(2172, 1, 'Home', 'index', '', '2013-07-12 08:55:25'),
(2173, 1, 'Home', 'HomeAjax', '', '2013-07-12 08:55:26'),
(2174, 1, 'ReportsKHA', 'index', '', '2013-07-12 08:55:26'),
(2175, 1, 'HomeOwner', 'index', '', '2013-07-12 08:55:27'),
(2176, 1, 'HomeOwner', 'DetailView', '242', '2013-07-12 08:55:29'),
(2177, 1, 'House', 'DetailView', '243', '2013-07-12 08:55:32'),
(2178, 1, 'HomeOwner', 'DetailView', '242', '2013-07-12 08:56:11'),
(2179, 1, 'House', 'DetailView', '243', '2013-07-12 08:56:14'),
(2180, 1, 'House', 'DetailView', '243', '2013-07-12 08:56:27'),
(2181, 1, 'House', 'EditView', '243', '2013-07-12 08:56:31'),
(2182, 1, 'House', 'Save', '243', '2013-07-12 08:56:34'),
(2183, 1, 'House', 'DetailView', '243', '2013-07-12 08:56:35'),
(2184, 1, 'House', 'EditView', '243', '2013-07-12 08:56:37'),
(2185, 1, 'House', 'Save', '243', '2013-07-12 08:56:41'),
(2186, 1, 'House', 'DetailView', '243', '2013-07-12 08:56:42'),
(2187, 1, 'House', 'DetailView', '243', '2013-07-12 08:58:20'),
(2188, 1, 'House', 'DetailView', '243', '2013-07-12 08:58:30'),
(2189, 1, 'House', 'DetailView', '243', '2013-07-12 08:58:50'),
(2190, 1, 'House', 'DetailView', '243', '2013-07-12 08:58:57'),
(2191, 1, 'House', 'DetailView', '243', '2013-07-12 08:58:57'),
(2192, 1, 'House', 'DetailView', '243', '2013-07-12 09:01:10'),
(2193, 1, 'House', 'DetailView', '243', '2013-07-12 09:01:46'),
(2194, 1, 'House', 'DetailView', '243', '2013-07-12 09:01:58'),
(2195, 1, 'House', 'index', '', '2013-07-12 09:02:16'),
(2196, 1, 'House', 'DetailView', '270', '2013-07-12 09:35:18'),
(2197, 1, 'House', 'EditView', '270', '2013-07-12 09:35:28'),
(2198, 1, 'House', 'Save', '270', '2013-07-12 09:35:33'),
(2199, 1, 'House', 'DetailView', '270', '2013-07-12 09:35:34'),
(2200, 1, 'HomeOwner', 'DetailView', '263', '2013-07-12 09:35:44'),
(2201, 1, 'ReportsKHA', 'index', '', '2013-07-12 09:38:10'),
(2202, 1, 'ReportsKHA', 'ListView', '', '2013-07-12 09:38:16'),
(2203, 1, 'ReportsKHA', 'EditView', '', '2013-07-12 09:38:18'),
(2204, 1, 'ReportsKHA', 'Save', '', '2013-07-12 09:38:27'),
(2205, 1, 'ReportsKHA', 'DetailView', '313', '2013-07-12 09:38:27'),
(2206, 1, 'ReportsKHA', 'index', '', '2013-07-12 09:38:29'),
(2207, 1, 'ReportsKHA', 'HomePage', '313', '2013-07-12 09:38:31'),
(2208, 1, 'ReportsKHA', 'ListView', '', '2013-07-12 09:40:06'),
(2209, 1, 'Users', 'massdelete', '', '2013-07-12 09:40:10'),
(2210, 1, 'ReportsKHA', 'ReportsKHAAjax', '', '2013-07-12 09:40:10'),
(2211, 1, 'ReportsKHA', 'index', '', '2013-07-12 09:40:12'),
(2212, 1, 'HomeOwner', 'index', '', '2013-07-12 09:40:30'),
(2213, 1, 'HomeOwner', 'DetailView', '263', '2013-07-12 09:40:35'),
(2214, 1, 'House', 'DetailView', '270', '2013-07-12 09:40:39'),
(2215, 1, 'House', 'DetailView', '270', '2013-07-12 09:40:48'),
(2216, 1, 'ReportsKHA', 'HomePage', '309', '2013-07-12 09:41:11'),
(2217, 1, 'HomeOwner', 'index', '', '2013-07-12 09:41:27'),
(2218, 1, 'House', 'DetailView', '270', '2013-07-12 09:45:02'),
(2219, 1, 'House', 'DetailView', '270', '2013-07-12 09:45:34'),
(2220, 1, 'House', 'DetailView', '270', '2013-07-12 09:45:56'),
(2221, 1, 'House', 'DetailView', '270', '2013-07-12 09:47:24'),
(2222, 1, 'ReportsKHA', 'index', '', '2013-07-12 09:50:02'),
(2223, 1, 'ReportsKHA', 'HomePage', '309', '2013-07-12 09:50:04'),
(2224, 1, 'ReportsKHA', 'HomePage', '308', '2013-07-12 09:50:09'),
(2225, 1, 'ReportsKHA', 'HomePage', '310', '2013-07-12 09:50:11'),
(2226, 1, 'ReportsKHA', 'HomePage', '309', '2013-07-12 09:50:16'),
(2227, 1, 'ReportsKHA', 'index', '', '2013-07-12 09:51:02'),
(2228, 1, 'ReportsKHA', 'HomePage', '309', '2013-07-12 09:51:04'),
(2229, 1, 'ReportsKHA', 'HomePage', '310', '2013-07-12 09:51:07'),
(2230, 1, 'ReportsKHA', 'HomePage', '308', '2013-07-12 09:51:09'),
(2231, 1, 'ReportsKHA', 'HomePage', '309', '2013-07-12 09:52:33'),
(2232, 1, 'ReportsKHA', 'HomePage', '310', '2013-07-12 09:52:39'),
(2233, 1, 'ReportsKHA', 'HomePage', '309', '2013-07-12 09:52:48'),
(2234, 1, 'ReportsKHA', 'HomePage', '308', '2013-07-12 09:53:26'),
(2235, 1, 'ReportsKHA', 'HomePage', '308', '2013-07-12 09:53:32'),
(2236, 1, 'HomeOwner', 'index', '', '2013-07-12 09:53:46'),
(2237, 1, 'Tooltip', 'TooltipAjax', '', '2013-07-12 09:53:48'),
(2238, 1, 'HomeOwner', 'DetailView', '263', '2013-07-12 09:53:49'),
(2239, 1, 'House', 'DetailView', '270', '2013-07-12 09:53:57'),
(2240, 1, 'Cars', 'DetailView', '268', '2013-07-12 09:54:10'),
(2241, 1, 'ModComments', 'ModCommentsAjax', '', '2013-07-12 09:55:23'),
(2242, 1, 'ModComments', 'ModCommentsAjax', '', '2013-07-12 09:55:25'),
(2243, 1, 'ReportsKHA', 'index', '', '2013-07-12 10:06:22'),
(2244, 1, 'ReportsKHA', 'HomePage', '308', '2013-07-12 10:06:25'),
(2245, 1, 'ReportsKHA', 'HomePage', '309', '2013-07-12 10:06:28'),
(2246, 1, 'HomeOwner', 'index', '', '2013-07-12 10:06:31'),
(2247, 1, 'HomeOwner', 'DetailView', '263', '2013-07-12 10:06:33'),
(2248, 1, 'House', 'DetailView', '270', '2013-07-12 10:06:37'),
(2249, 1, 'MemoAdvice', 'MemoAdviceAjax', '', '2013-07-12 10:11:40'),
(2250, 1, 'Billing', 'BillingAjax', '', '2013-07-12 10:11:46'),
(2251, 1, 'HomeOwner', 'ReportsPerHomeOwner', '263', '2013-07-12 10:11:58'),
(2252, 1, 'HomeOwner', 'DetailView', '263', '2013-07-12 10:12:00'),
(2253, 1, 'Users', 'Logout', '', '2013-07-12 10:26:00'),
(2254, 1, 'Users', 'Authenticate', '', '2013-07-15 01:31:46'),
(2255, 1, 'Home', 'index', '', '2013-07-15 01:31:46'),
(2256, 1, 'Home', 'HomeAjax', '', '2013-07-15 01:31:48'),
(2257, 1, 'ReportsKHA', 'index', '', '2013-07-15 01:31:53'),
(2258, 1, 'HomeOwner', 'index', '', '2013-07-15 01:31:57'),
(2259, 1, 'HomeOwner', 'DetailView', '296', '2013-07-15 01:32:00'),
(2260, 1, 'ReportsKHA', 'HomePage', '308', '2013-07-15 01:32:04'),
(2261, 1, 'ReportsKHA', 'HomePage', '310', '2013-07-15 01:32:06'),
(2262, 1, 'ReportsKHA', 'HomePage', '309', '2013-07-15 01:32:09'),
(2263, 1, 'House', 'DetailView', '297', '2013-07-15 01:32:20'),
(2264, 1, 'House', 'EditView', '297', '2013-07-15 01:32:41'),
(2265, 1, 'House', 'Save', '297', '2013-07-15 01:32:50'),
(2266, 1, 'House', 'DetailView', '297', '2013-07-15 01:32:51'),
(2267, 1, 'HomeOwner', 'index', '', '2013-07-15 01:33:01'),
(2268, 1, 'HomeOwner', 'ReportsPerHomeOwner', '296', '2013-07-15 01:41:14'),
(2269, 1, 'HomeOwner', 'index', '', '2013-07-15 01:41:18'),
(2270, 1, 'HomeOwner', 'DetailView', '242', '2013-07-15 01:41:20'),
(2271, 1, 'HomeOwner', 'ReportsPerHomeOwner', '242', '2013-07-15 01:41:22'),
(2272, 1, 'HomeOwner', 'DetailView', '242', '2013-07-15 01:41:25'),
(2273, 1, 'MemoAdvice', 'MemoAdviceAjax', '', '2013-07-15 01:42:15'),
(2274, 1, 'Billing', 'BillingAjax', '', '2013-07-15 01:42:24'),
(2275, 1, 'MemoAdvice', 'MemoAdviceAjax', '', '2013-07-15 01:42:30'),
(2276, 1, 'House', 'DetailView', '246', '2013-07-15 01:43:36'),
(2277, 1, 'House', 'DetailView', '246', '2013-07-15 01:44:38'),
(2278, 1, 'Users', 'Logout', '', '2013-07-15 01:45:10'),
(2279, 1, 'Users', 'Authenticate', '', '2013-07-15 02:44:47'),
(2280, 1, 'ReportsKHA', 'ListView', '', '2013-07-15 02:44:47'),
(2281, 1, 'Settings', 'index', '', '2013-07-15 02:44:49'),
(2282, 1, 'com_vtiger_workflow', 'workflowlist', '', '2013-07-15 02:44:53'),
(2283, 1, 'com_vtiger_workflow', 'editworkflow', '', '2013-07-15 02:44:57'),
(2284, 1, 'com_vtiger_workflow', 'com_vtiger_workflowAjax', '', '2013-07-15 02:44:58'),
(2285, 1, 'com_vtiger_workflow', 'com_vtiger_workflowAjax', '', '2013-07-15 02:44:58'),
(2286, 1, 'com_vtiger_workflow', 'com_vtiger_workflowAjax', '', '2013-07-15 02:44:58'),
(2287, 1, 'ReportsKHA', 'index', '', '2013-07-15 02:47:17'),
(2288, 1, 'Users', 'Authenticate', '', '2013-07-24 07:33:26'),
(2289, 1, 'ReportsKHA', 'ListView', '', '2013-07-24 07:33:27'),
(2290, 1, 'ReportsKHA', 'index', '', '2013-07-24 07:33:32'),
(2291, 1, 'ReportsKHA', 'HomePage', '308', '2013-07-24 07:33:35'),
(2292, 1, 'ReportsKHA', 'HomePage', '308', '2013-07-24 07:33:38'),
(2293, 1, 'ReportsKHA', 'index', '', '2013-07-24 07:33:40'),
(2294, 1, 'ReportsKHA', 'HomePage', '309', '2013-07-24 07:33:42'),
(2295, 1, 'ReportsKHA', 'index', '', '2013-07-24 07:33:44'),
(2296, 1, 'ReportsKHA', 'HomePage', '310', '2013-07-24 07:33:45'),
(2297, 1, 'ReportsKHA', 'HomePage', '310', '2013-07-24 07:34:52'),
(2298, 1, 'ReportsKHA', 'HomePage', '309', '2013-07-24 07:34:54'),
(2299, 1, 'ReportsKHA', 'HomePage', '308', '2013-07-24 07:35:10'),
(2300, 1, 'ReportsKHA', 'HomePage', '309', '2013-07-24 07:35:12'),
(2301, 1, 'HomeOwner', 'index', '', '2013-07-24 07:35:16'),
(2302, 1, 'HomeOwner', 'DetailView', '242', '2013-07-24 07:35:18'),
(2303, 1, 'House', 'DetailView', '246', '2013-07-24 07:35:24'),
(2304, 1, 'MemoAdvice', 'MemoAdviceAjax', '', '2013-07-24 07:36:08'),
(2305, 1, 'MemoAdvice', 'MemoAdviceAjax', '', '2013-07-24 07:36:10'),
(2306, 1, 'Billing', 'BillingAjax', '', '2013-07-24 07:36:11'),
(2307, 1, 'MemoAdvice', 'MemoAdviceAjax', '', '2013-07-24 07:36:14'),
(2308, 1, 'MemoAdvice', 'EditView', '273', '2013-07-24 07:36:17'),
(2309, 1, 'MemoAdvice', 'Save', '273', '2013-07-24 07:36:21'),
(2310, 1, 'MemoAdvice', 'index', '273', '2013-07-24 07:36:22'),
(2311, 1, 'HomeOwner', 'index', '', '2013-07-24 07:36:24'),
(2312, 1, 'HomeOwner', 'DetailView', '242', '2013-07-24 07:36:27'),
(2313, 1, 'MemoAdvice', 'MemoAdviceAjax', '', '2013-07-24 07:36:30'),
(2314, 1, 'Billing', 'BillingAjax', '', '2013-07-24 07:36:47'),
(2315, 1, 'House', 'DetailView', '243', '2013-07-24 07:37:11'),
(2316, 1, 'Users', 'Logout', '', '2013-07-24 07:37:30'),
(2317, 6, 'Users', 'Authenticate', '', '2013-07-24 07:37:35'),
(2318, 6, 'Home', 'index', '', '2013-07-24 07:37:36'),
(2319, 6, 'Home', 'HomeAjax', '', '2013-07-24 07:37:37'),
(2320, 6, 'ReportsKHA', 'index', '', '2013-07-24 07:37:38'),
(2321, 6, 'ReportsKHA', 'HomePage', '310', '2013-07-24 07:37:40'),
(2322, 6, 'ReportsKHA', 'HomePage', '309', '2013-07-24 07:37:42'),
(2323, 6, 'HomeOwner', 'index', '', '2013-07-24 07:40:42'),
(2324, 6, 'MemoAdvice', 'MemoAdviceAjax', '', '2013-07-24 07:41:00'),
(2325, 6, 'Cars', 'EditView', '', '2013-07-24 07:41:20'),
(2326, 6, 'HomeOwner', 'DetailView', '242', '2013-07-24 07:41:22'),
(2327, 6, 'HomeOwner', 'HomeOwnerAjax', '', '2013-07-24 07:41:23'),
(2328, 6, 'HomeOwner', 'ReportsPerHomeOwner', '242', '2013-07-24 07:42:20'),
(2329, 6, 'HomeOwner', 'CallRelatedList', '242', '2013-07-24 07:42:26'),
(2330, 6, 'HomeOwner', 'DetailView', '242', '2013-07-24 07:42:29'),
(2331, 6, 'HomeOwner', 'HomeOwnerAjax', '', '2013-07-24 07:42:30'),
(2332, 6, 'MemoAdvice', 'EditView', '', '2013-07-24 07:42:38'),
(2333, 6, 'HomeOwner', 'DetailView', '242', '2013-07-24 07:42:43'),
(2334, 6, 'HomeOwner', 'HomeOwnerAjax', '', '2013-07-24 07:42:44'),
(2335, 6, 'Users', 'Logout', '', '2013-07-24 08:32:25'),
(2336, 1, 'Users', 'Authenticate', '', '2013-07-25 09:14:22'),
(2337, 1, 'ReportsKHA', 'ListView', '', '2013-07-25 09:14:23'),
(2338, 1, 'ReportsKHA', 'index', '', '2013-07-25 09:14:25'),
(2339, 1, 'ReportsKHA', 'HomePage', '308', '2013-07-25 09:14:27'),
(2340, 1, 'HomeOwner', 'index', '', '2013-07-25 09:14:29'),
(2341, 1, 'Tooltip', 'TooltipAjax', '', '2013-07-25 09:14:31'),
(2342, 1, 'HomeOwner', 'DetailView', '296', '2013-07-25 09:14:32'),
(2343, 1, 'House', 'DetailView', '297', '2013-07-25 09:14:36'),
(2344, 1, 'Cars', 'DetailView', '298', '2013-07-25 09:14:43'),
(2345, 1, 'Cars', 'index', '', '2013-07-25 09:14:59'),
(2346, 1, 'Settings', 'ModuleManager', '', '2013-07-25 09:15:00'),
(2347, 1, 'Settings', 'LayoutBlockList', '', '2013-07-25 09:15:02'),
(2348, 1, 'Settings', 'SettingsAjax', '', '2013-07-25 09:15:13'),
(2349, 1, 'Settings', 'SettingsAjax', '', '2013-07-25 09:15:15'),
(2350, 1, 'Settings', 'SettingsAjax', '', '2013-07-25 09:15:18'),
(2351, 1, 'Settings', 'SettingsAjax', '', '2013-07-25 09:15:19'),
(2352, 1, 'Settings', 'SettingsAjax', '', '2013-07-25 09:15:21'),
(2353, 1, 'Cars', 'index', '', '2013-07-25 09:15:27'),
(2354, 1, 'Cars', 'DetailView', '258', '2013-07-25 09:15:30'),
(2355, 1, 'Cars', 'EditView', '258', '2013-07-25 09:15:32'),
(2356, 1, 'HomeOwner', 'index', '', '2013-07-25 09:15:33'),
(2357, 1, 'Tooltip', 'TooltipAjax', '', '2013-07-25 09:15:35'),
(2358, 1, 'HomeOwner', 'DetailView', '242', '2013-07-25 09:15:35'),
(2359, 1, 'Cars', 'DetailView', '271', '2013-07-25 09:15:48'),
(2360, 1, 'Cars', 'EditView', '271', '2013-07-25 09:15:51'),
(2361, 1, 'Cars', 'Save', '271', '2013-07-25 09:15:57'),
(2362, 1, 'Cars', 'DetailView', '271', '2013-07-25 09:15:57'),
(2363, 1, 'ModCreator', 'index', '', '2013-07-25 09:16:10'),
(2364, 1, 'ModCreator', 'index', '', '2013-07-25 09:16:16'),
(2365, 1, 'ModCreator', 'index', '', '2013-07-25 09:20:35'),
(2366, 1, 'ModCreator', 'index', '', '2013-07-25 09:20:38'),
(2367, 1, 'Home', 'index', '', '2013-07-25 09:20:45'),
(2368, 1, 'Home', 'HomeAjax', '', '2013-07-25 09:20:46'),
(2369, 1, 'CarLogger', 'index', '', '2013-07-25 09:20:48'),
(2370, 1, 'CarLogger', 'EditView', '', '2013-07-25 09:20:54'),
(2371, 1, 'Settings', 'CustomModEntityNo', '', '2013-07-25 09:20:56'),
(2372, 1, 'Settings', 'SettingsAjax', '', '2013-07-25 09:21:02'),
(2373, 1, 'Settings', 'SettingsAjax', '', '2013-07-25 09:21:43'),
(2374, 1, 'CarLogger', 'index', '', '2013-07-25 09:21:45'),
(2375, 1, 'CarLogger', 'EditView', '', '2013-07-25 09:21:52'),
(2376, 1, 'CarLogger', 'EditView', '', '2013-07-25 09:21:54'),
(2377, 1, 'CarLogger', 'EditView', '', '2013-07-25 09:22:00'),
(2378, 1, 'CarLogger', 'index', '', '2013-07-25 09:22:04');
INSERT INTO `vtiger_audit_trial` (`auditid`, `userid`, `module`, `action`, `recordid`, `actiondate`) VALUES
(2379, 1, 'Settings', 'ModuleManager', '', '2013-07-25 09:22:05'),
(2380, 1, 'Settings', 'LayoutBlockList', '', '2013-07-25 09:22:07'),
(2381, 1, 'Settings', 'SettingsAjax', '', '2013-07-25 09:22:10'),
(2382, 1, 'Settings', 'SettingsAjax', '', '2013-07-25 09:22:12'),
(2383, 1, 'Settings', 'SettingsAjax', '', '2013-07-25 09:22:15'),
(2384, 1, 'Settings', 'SettingsAjax', '', '2013-07-25 09:22:16'),
(2385, 1, 'Settings', 'SettingsAjax', '', '2013-07-25 09:22:17'),
(2386, 1, 'Settings', 'SettingsAjax', '', '2013-07-25 09:22:19'),
(2387, 1, 'Settings', 'SettingsAjax', '', '2013-07-25 09:22:22'),
(2388, 1, 'Settings', 'SettingsAjax', '', '2013-07-25 09:22:23'),
(2389, 1, 'Settings', 'SettingsAjax', '', '2013-07-25 09:22:24'),
(2390, 1, 'Settings', 'SettingsAjax', '', '2013-07-25 09:22:25'),
(2391, 1, 'CarLogger', 'index', '', '2013-07-25 09:22:29'),
(2392, 1, 'CarLogger', 'index', '', '2013-07-25 09:23:11'),
(2393, 1, 'CarLogger', 'CustomView', '80', '2013-07-25 09:23:13'),
(2394, 1, 'CustomView', 'Save', '80', '2013-07-25 09:23:26'),
(2395, 1, 'CarLogger', 'index', '', '2013-07-25 09:23:27'),
(2396, 1, 'CarLogger', 'index', '', '2013-07-25 09:23:35'),
(2397, 1, 'CarLogger', 'EditView', '', '2013-07-25 09:23:42'),
(2398, 1, 'Cars', 'Popup', '', '2013-07-25 09:23:45'),
(2399, 1, 'CarLogger', 'index', '', '2013-07-25 09:23:50'),
(2400, 1, 'HomeOwner', 'index', '', '2013-07-25 09:24:51'),
(2401, 1, 'HomeOwner', 'DetailView', '242', '2013-07-25 09:24:55'),
(2402, 1, 'CarLogger', 'index', '', '2013-07-25 09:27:04'),
(2403, 1, 'CarLogger', 'index', '', '2013-07-25 09:29:41'),
(2404, 1, 'CarLogger', 'index', '', '2013-07-25 09:29:50'),
(2405, 1, 'CarLogger', 'index', '', '2013-07-25 09:30:33'),
(2406, 1, 'CarLogger', 'index', '', '2013-07-25 09:32:39'),
(2407, 1, 'CarLogger', 'index', '', '2013-07-25 09:33:05'),
(2408, 1, 'CarLogger', 'index', '', '2013-07-25 09:33:19'),
(2409, 1, 'CarLogger', 'index', '', '2013-07-25 09:33:40'),
(2410, 1, 'CarLogger', 'index', '', '2013-07-25 09:34:14'),
(2411, 1, 'CarLogger', 'index', '', '2013-07-25 09:34:27'),
(2412, 1, 'CarLogger', 'index', '', '2013-07-25 09:35:02'),
(2413, 1, 'CarLogger', 'index', '', '2013-07-25 09:36:43'),
(2414, 1, 'CarLogger', 'index', '', '2013-07-25 09:37:40'),
(2415, 1, 'CarLogger', 'index', '', '2013-07-25 09:37:52'),
(2416, 1, 'CarLogger', 'index', '', '2013-07-25 09:38:05'),
(2417, 1, 'CarLogger', 'index', '', '2013-07-25 09:38:15'),
(2418, 1, 'CarLogger', 'index', '', '2013-07-25 09:39:19'),
(2419, 1, 'CarLogger', 'index', '', '2013-07-25 09:39:26'),
(2420, 1, 'CarLogger', 'index', '', '2013-07-25 09:39:39'),
(2421, 1, 'CarLogger', 'index', '', '2013-07-25 09:39:50'),
(2422, 1, 'CarLogger', 'index', '', '2013-07-25 09:40:21'),
(2423, 1, 'CarLogger', 'index', '', '2013-07-25 09:40:39'),
(2424, 1, 'CarLogger', 'index', '', '2013-07-25 09:42:18'),
(2425, 1, 'Home', 'index', '', '2013-07-25 09:42:22'),
(2426, 1, 'Home', 'HomeAjax', '', '2013-07-25 09:42:23'),
(2427, 1, 'CarLogger', 'index', '', '2013-07-25 09:42:25'),
(2428, 1, 'CarLogger', 'index', '', '2013-07-25 09:42:43'),
(2429, 1, 'CarLogger', 'index', '', '2013-07-25 09:42:54'),
(2430, 1, 'CarLogger', 'index', '', '2013-07-25 09:43:01'),
(2431, 1, 'CarLogger', 'index', '', '2013-07-25 09:43:29'),
(2432, 1, 'CarLogger', 'index', '', '2013-07-25 09:43:40'),
(2433, 1, 'Home', 'index', '', '2013-07-25 09:43:44'),
(2434, 1, 'Home', 'HomeAjax', '', '2013-07-25 09:43:45'),
(2435, 1, 'CarLogger', 'index', '', '2013-07-25 09:43:45'),
(2436, 1, 'CarLogger', 'index', '', '2013-07-25 09:46:48'),
(2437, 1, 'CarLogger', 'index', '', '2013-07-25 09:49:26'),
(2438, 1, 'CarLogger', 'index', '', '2013-07-25 09:50:52'),
(2439, 1, 'CarLogger', 'index', '', '2013-07-25 09:50:53'),
(2440, 1, 'CarLogger', 'index', '', '2013-07-25 09:51:23'),
(2441, 1, 'CarLogger', 'index', '', '2013-07-25 09:51:57'),
(2442, 1, 'CarLogger', 'index', '', '2013-07-25 09:52:11'),
(2443, 1, 'Home', 'index', '', '2013-07-25 09:52:13'),
(2444, 1, 'Home', 'HomeAjax', '', '2013-07-25 09:52:13'),
(2445, 1, 'CarLogger', 'index', '', '2013-07-25 09:52:15'),
(2446, 1, 'CarLogger', 'index', '', '2013-07-25 09:52:21'),
(2447, 1, 'CarLogger', 'index', '', '2013-07-25 09:53:04'),
(2448, 1, 'CarLogger', 'index', '', '2013-07-25 09:53:19'),
(2449, 1, 'CarLogger', 'index', '', '2013-07-25 09:54:08'),
(2450, 1, 'CarLogger', 'index', '', '2013-07-25 09:55:19'),
(2451, 1, 'HomeOwner', 'DetailView', '242', '2013-07-25 09:55:27'),
(2452, 1, 'HomeOwner', 'DetailView', '242', '2013-07-25 09:55:27'),
(2453, 1, 'HomeOwner', 'DetailView', '242', '2013-07-25 09:55:27'),
(2454, 1, 'CarLogger', 'index', '', '2013-07-25 09:55:32'),
(2455, 1, 'CarLogger', 'index', '', '2013-07-25 09:56:04'),
(2456, 1, 'CarLogger', 'index', '', '2013-07-25 09:56:48'),
(2457, 1, 'CarLogger', 'index', '', '2013-07-25 10:04:00'),
(2458, 1, 'CarLogger', 'index', '', '2013-07-25 10:04:18'),
(2459, 1, 'CarLogger', 'index', '', '2013-07-25 10:05:09'),
(2460, 1, 'CarLogger', 'index', '', '2013-07-25 10:05:18'),
(2461, 1, 'CarLogger', 'index', '', '2013-07-25 10:05:27'),
(2462, 1, 'CarLogger', 'index', '', '2013-07-25 10:05:33'),
(2463, 1, 'CarLogger', 'index', '', '2013-07-25 10:05:39'),
(2464, 1, 'CarLogger', 'index', '', '2013-07-25 10:05:48'),
(2465, 1, 'CarLogger', 'index', '', '2013-07-25 10:05:54'),
(2466, 1, 'CarLogger', 'index', '', '2013-07-25 10:06:00'),
(2467, 1, 'CarLogger', 'index', '', '2013-07-25 10:06:18'),
(2468, 1, 'CarLogger', 'index', '', '2013-07-25 10:06:31'),
(2469, 1, 'CarLogger', 'index', '', '2013-07-25 10:06:45'),
(2470, 1, 'CarLogger', 'index', '', '2013-07-25 10:07:04'),
(2471, 1, 'CarLogger', 'index', '', '2013-07-25 10:07:18'),
(2472, 1, 'CarLogger', 'index', '', '2013-07-25 10:07:29'),
(2473, 1, 'CarLogger', 'index', '', '2013-07-25 10:07:47'),
(2474, 1, 'CarLogger', 'index', '', '2013-07-25 10:07:57'),
(2475, 1, 'CarLogger', 'index', '', '2013-07-25 10:08:03'),
(2476, 1, 'CarLogger', 'index', '', '2013-07-25 10:08:14'),
(2477, 1, 'CarLogger', 'index', '', '2013-07-25 10:08:21'),
(2478, 1, 'CarLogger', 'index', '', '2013-07-25 10:08:30'),
(2479, 1, 'CarLogger', 'index', '', '2013-07-25 10:08:41'),
(2480, 1, 'CarLogger', 'index', '', '2013-07-25 10:08:54'),
(2481, 1, 'CarLogger', 'index', '', '2013-07-25 10:09:18'),
(2482, 1, 'CarLogger', 'index', '', '2013-07-25 10:09:26'),
(2483, 1, 'CarLogger', 'index', '', '2013-07-25 10:09:32'),
(2484, 1, 'CarLogger', 'index', '', '2013-07-25 10:09:40'),
(2485, 1, 'CarLogger', 'index', '', '2013-07-25 10:10:12'),
(2486, 1, 'CarLogger', 'index', '', '2013-07-25 10:10:16'),
(2487, 1, 'CarLogger', 'index', '', '2013-07-25 10:10:25'),
(2488, 1, 'CarLogger', 'index', '', '2013-07-25 10:10:34'),
(2489, 1, 'CarLogger', 'index', '', '2013-07-25 10:10:46'),
(2490, 1, 'CarLogger', 'index', '', '2013-07-25 10:11:03'),
(2491, 1, 'CarLogger', 'index', '', '2013-07-25 10:11:15'),
(2492, 1, 'CarLogger', 'index', '', '2013-07-25 10:11:24'),
(2493, 1, 'CarLogger', 'index', '', '2013-07-25 10:11:30'),
(2494, 1, 'CarLogger', 'index', '', '2013-07-25 10:11:37'),
(2495, 1, 'CarLogger', 'index', '', '2013-07-25 10:11:48'),
(2496, 1, 'CarLogger', 'index', '', '2013-07-25 10:11:55'),
(2497, 1, 'CarLogger', 'index', '', '2013-07-25 10:12:06'),
(2498, 1, 'CarLogger', 'index', '', '2013-07-25 10:12:13'),
(2499, 1, 'CarLogger', 'index', '', '2013-07-25 10:12:52'),
(2500, 1, 'CarLogger', 'index', '', '2013-07-25 10:13:42'),
(2501, 1, 'CarLogger', 'index', '', '2013-07-25 10:13:58'),
(2502, 1, 'CarLogger', 'index', '', '2013-07-25 10:14:12'),
(2503, 1, 'CarLogger', 'index', '', '2013-07-25 10:14:44'),
(2504, 1, 'CarLogger', 'index', '', '2013-07-25 10:14:56'),
(2505, 1, 'CarLogger', 'index', '', '2013-07-25 10:15:01'),
(2506, 1, 'CarLogger', 'index', '', '2013-07-25 10:15:07'),
(2507, 1, 'CarLogger', 'index', '', '2013-07-25 10:15:28'),
(2508, 1, 'CarLogger', 'index', '', '2013-07-25 10:15:34'),
(2509, 1, 'CarLogger', 'index', '', '2013-07-25 10:16:51'),
(2510, 1, 'CarLogger', 'index', '', '2013-07-25 10:17:12'),
(2511, 1, 'CarLogger', 'index', '', '2013-07-25 10:18:03'),
(2512, 1, 'CarLogger', 'index', '', '2013-07-25 10:18:07'),
(2513, 1, 'CarLogger', 'index', '', '2013-07-25 10:18:28'),
(2514, 1, 'CarLogger', 'index', '', '2013-07-25 10:18:32'),
(2515, 1, 'CarLogger', 'index', '', '2013-07-25 10:18:48'),
(2516, 1, 'CarLogger', 'index', '', '2013-07-25 10:18:59'),
(2517, 1, 'CarLogger', 'index', '', '2013-07-25 10:19:10'),
(2518, 1, 'CarLogger', 'index', '', '2013-07-25 10:19:29'),
(2519, 1, 'CarLogger', 'index', '', '2013-07-25 10:19:43'),
(2520, 1, 'CarLogger', 'index', '', '2013-07-25 10:21:45'),
(2521, 1, 'CarLogger', 'index', '', '2013-07-25 10:22:07'),
(2522, 1, 'CarLogger', 'index', '', '2013-07-25 10:22:23'),
(2523, 1, 'CarLogger', 'index', '', '2013-07-25 10:22:29'),
(2524, 1, 'CarLogger', 'index', '', '2013-07-25 10:22:37'),
(2525, 1, 'CarLogger', 'index', '', '2013-07-25 10:22:49'),
(2526, 1, 'CarLogger', 'index', '', '2013-07-25 10:22:55'),
(2527, 1, 'CarLogger', 'index', '', '2013-07-25 10:23:05'),
(2528, 1, 'CarLogger', 'index', '', '2013-07-25 10:24:02'),
(2529, 1, 'CarLogger', 'index', '', '2013-07-25 10:24:38'),
(2530, 1, 'CarLogger', 'index', '', '2013-07-25 10:24:42'),
(2531, 1, 'Users', 'Authenticate', '', '2013-07-26 01:29:55'),
(2532, 1, 'Home', 'index', '', '2013-07-26 01:29:56'),
(2533, 1, 'Home', 'HomeAjax', '', '2013-07-26 01:29:58'),
(2534, 1, 'CarLogger', 'index', '', '2013-07-26 01:30:08'),
(2535, 1, 'Users', 'Authenticate', '', '2013-07-26 01:53:20'),
(2536, 1, 'ReportsKHA', 'ListView', '', '2013-07-26 01:53:20'),
(2537, 1, 'CarLogger', 'index', '', '2013-07-26 01:53:25'),
(2538, 1, 'CarLogger', 'index', '', '2013-07-26 01:53:39'),
(2539, 1, 'CarLogger', 'index', '', '2013-07-26 01:54:02'),
(2540, 1, 'CarLogger', 'index', '', '2013-07-26 01:54:20'),
(2541, 1, 'CarLogger', 'index', '', '2013-07-26 01:54:49'),
(2542, 1, 'Cars', 'index', '', '2013-07-26 01:55:09'),
(2543, 1, 'Tooltip', 'TooltipAjax', '', '2013-07-26 02:04:17'),
(2544, 1, 'Cars', 'DetailView', '258', '2013-07-26 02:04:19'),
(2545, 1, 'CarLogger', 'index', '', '2013-07-26 02:13:10'),
(2546, 1, 'Cars', 'index', '', '2013-07-26 02:13:16'),
(2547, 1, 'Tooltip', 'TooltipAjax', '', '2013-07-26 02:13:18'),
(2548, 1, 'CarLogger', 'CarLoggerAjax', '', '2013-07-26 02:13:22'),
(2549, 1, 'CarLogger', 'CarLoggerAjax', '', '2013-07-26 02:13:39'),
(2550, 1, 'CarLogger', 'CarLoggerAjax', '', '2013-07-26 02:14:11'),
(2551, 1, 'CarLogger', 'index', '', '2013-07-26 02:14:12'),
(2552, 1, 'CarLogger', 'CarLoggerAjax', '', '2013-07-26 02:14:15'),
(2553, 1, 'CarLogger', 'index', '', '2013-07-26 02:22:58'),
(2554, 1, 'CarLogger', 'CarLoggerAjax', '', '2013-07-26 02:23:02'),
(2555, 1, 'CarLogger', 'index', '', '2013-07-26 02:23:16'),
(2556, 1, 'CarLogger', 'CarLoggerAjax', '', '2013-07-26 02:23:19'),
(2557, 1, 'CarLogger', 'index', '', '2013-07-26 02:23:39'),
(2558, 1, 'CarLogger', 'CarLoggerAjax', '', '2013-07-26 02:23:42'),
(2559, 1, 'CarLogger', 'CarLoggerAjax', '', '2013-07-26 02:23:46'),
(2560, 1, 'CarLogger', 'index', '', '2013-07-26 02:24:38'),
(2561, 1, 'CarLogger', 'CarLoggerAjax', '', '2013-07-26 02:24:41'),
(2562, 1, 'CarLogger', 'index', '', '2013-07-26 02:24:58'),
(2563, 1, 'CarLogger', 'CarLoggerAjax', '', '2013-07-26 02:25:01'),
(2564, 1, 'CarLogger', 'index', '', '2013-07-26 02:25:23'),
(2565, 1, 'CarLogger', 'CarLoggerAjax', '', '2013-07-26 02:25:25'),
(2566, 1, 'CarLogger', 'index', '', '2013-07-26 02:26:01'),
(2567, 1, 'CarLogger', 'CarLoggerAjax', '', '2013-07-26 02:26:04'),
(2568, 1, 'CarLogger', 'index', '', '2013-07-26 02:27:05'),
(2569, 1, 'CarLogger', 'CarLoggerAjax', '', '2013-07-26 02:27:07'),
(2570, 1, 'CarLogger', 'CarLoggerAjax', '', '2013-07-26 02:27:27'),
(2571, 1, 'CarLogger', 'CarLoggerAjax', '', '2013-07-26 02:27:49'),
(2572, 1, 'CarLogger', 'CarLoggerAjax', '', '2013-07-26 02:32:35'),
(2573, 1, 'CarLogger', 'index', '', '2013-07-26 02:32:38'),
(2574, 1, 'CarLogger', 'CarLoggerAjax', '', '2013-07-26 02:32:41'),
(2575, 1, 'CarLogger', 'index', '', '2013-07-26 02:35:54'),
(2576, 1, 'CarLogger', 'index', '', '2013-07-26 02:36:16'),
(2577, 1, 'CarLogger', 'CarLoggerAjax', '', '2013-07-26 02:36:19'),
(2578, 1, 'HomeOwner', 'index', '', '2013-07-26 02:36:24'),
(2579, 1, 'Tooltip', 'TooltipAjax', '', '2013-07-26 02:36:26'),
(2580, 1, 'Tooltip', 'TooltipAjax', '', '2013-07-26 02:36:28'),
(2581, 1, 'HomeOwner', 'DetailView', '263', '2013-07-26 02:36:28'),
(2582, 1, 'MemoAdvice', 'MemoAdviceAjax', '', '2013-07-26 02:36:34'),
(2583, 1, 'MemoAdvice', 'DetailView', '267', '2013-07-26 02:36:36'),
(2584, 1, 'Payments', 'EditView', '', '2013-07-26 02:36:38'),
(2585, 1, 'Payments', 'Save', '', '2013-07-26 02:36:43'),
(2586, 1, 'Payments', 'DetailView', '314', '2013-07-26 02:36:44'),
(2587, 1, 'HomeOwner', 'DetailView', '263', '2013-07-26 02:36:47'),
(2588, 1, 'Billing', 'BillingAjax', '', '2013-07-26 02:36:50'),
(2589, 1, 'Tooltip', 'TooltipAjax', '', '2013-07-26 02:36:53'),
(2590, 1, 'Billing', 'DetailView', '266', '2013-07-26 02:36:54'),
(2591, 1, 'Payments', 'EditView', '', '2013-07-26 02:36:55'),
(2592, 1, 'Payments', 'Save', '', '2013-07-26 02:36:59'),
(2593, 1, 'Payments', 'DetailView', '315', '2013-07-26 02:37:00'),
(2594, 1, 'HomeOwner', 'DetailView', '263', '2013-07-26 02:37:02'),
(2595, 1, 'CarLogger', 'CarLoggerAjax', '', '2013-07-26 02:37:10'),
(2596, 1, 'HomeOwner', 'index', '', '2013-07-26 02:37:25'),
(2597, 1, 'HomeOwner', 'DetailView', '242', '2013-07-26 02:37:27'),
(2598, 1, 'CarLogger', 'CarLoggerAjax', '', '2013-07-26 02:37:37'),
(2599, 1, 'HomeOwner', 'index', '', '2013-07-26 02:37:41'),
(2600, 1, 'HomeOwner', 'DetailView', '296', '2013-07-26 02:37:43'),
(2601, 1, 'Cars', 'EditView', '', '2013-07-26 02:37:48'),
(2602, 1, 'Cars', 'Save', '', '2013-07-26 02:38:02'),
(2603, 1, 'Cars', 'DetailView', '316', '2013-07-26 02:38:03'),
(2604, 1, 'HomeOwner', 'DetailView', '296', '2013-07-26 02:38:05'),
(2605, 1, 'CarLogger', 'CarLoggerAjax', '', '2013-07-26 02:38:10'),
(2606, 1, 'CarLogger', 'CarLoggerAjax', '', '2013-07-26 03:03:09'),
(2607, 1, 'CarLogger', 'CarLoggerAjax', '', '2013-07-26 03:03:47'),
(2608, 1, 'HomeOwner', 'index', '', '2013-07-26 03:03:58'),
(2609, 1, 'HomeOwner', 'DetailView', '263', '2013-07-26 03:04:00'),
(2610, 1, 'CarLogger', 'CarLoggerAjax', '', '2013-07-26 03:04:04'),
(2611, 1, 'HomeOwner', 'index', '', '2013-07-26 03:04:09'),
(2612, 1, 'HomeOwner', 'DetailView', '242', '2013-07-26 03:04:10'),
(2613, 1, 'CarLogger', 'CarLoggerAjax', '', '2013-07-26 03:04:15'),
(2614, 1, 'CarLogger', 'CarLoggerAjax', '', '2013-07-26 03:04:36'),
(2615, 1, 'CarLogger', 'CarLoggerAjax', '', '2013-07-26 03:05:45'),
(2616, 1, 'CarLogger', 'CarLoggerAjax', '', '2013-07-26 03:06:17'),
(2617, 1, 'CarLogger', 'CarLoggerAjax', '', '2013-07-26 03:06:28'),
(2618, 1, 'CarLogger', 'CarLoggerAjax', '', '2013-07-26 03:06:34'),
(2619, 1, 'CarLogger', 'CarLoggerAjax', '', '2013-07-26 03:07:47'),
(2620, 1, 'CarLogger', 'CarLoggerAjax', '', '2013-07-26 03:07:48'),
(2621, 1, 'CarLogger', 'index', '', '2013-07-26 03:07:49'),
(2622, 1, 'CarLogger', 'CarLoggerAjax', '', '2013-07-26 03:07:51'),
(2623, 1, 'CarLogger', 'index', '', '2013-07-26 03:07:58'),
(2624, 1, 'CarLogger', 'CarLoggerAjax', '', '2013-07-26 03:08:01'),
(2625, 1, 'CarLogger', 'index', '', '2013-07-26 03:08:14'),
(2626, 1, 'CarLogger', 'CarLoggerAjax', '', '2013-07-26 03:08:17'),
(2627, 1, 'CarLogger', 'index', '', '2013-07-26 03:08:42'),
(2628, 1, 'CarLogger', 'CarLoggerAjax', '', '2013-07-26 03:08:43'),
(2629, 1, 'CarLogger', 'CarLoggerAjax', '', '2013-07-26 03:10:00'),
(2630, 1, 'HomeOwner', 'index', '', '2013-07-26 03:10:17'),
(2631, 1, 'Settings', 'index', '', '2013-07-26 03:10:25'),
(2632, 1, 'Settings', 'MenuEditor', '', '2013-07-26 03:10:27'),
(2633, 1, 'Settings', 'SettingsAjax', '', '2013-07-26 03:10:34'),
(2634, 1, 'Settings', 'MenuEditor', '', '2013-07-26 03:10:36'),
(2635, 1, 'CarLogger', 'index', '', '2013-07-26 03:10:38'),
(2636, 1, 'CarLogger', 'CarLoggerAjax', '', '2013-07-26 03:10:40'),
(2637, 1, 'CarLogger', 'CarLoggerAjax', '', '2013-07-26 03:10:56'),
(2638, 1, 'CarLogger', 'CarLoggerAjax', '', '2013-07-26 03:11:06'),
(2639, 1, 'CarLogger', 'index', '', '2013-07-26 03:12:46'),
(2640, 1, 'CarLogger', 'CarLoggerAjax', '', '2013-07-26 03:12:48'),
(2641, 1, 'CarLogger', 'CarLoggerAjax', '', '2013-07-26 03:12:58'),
(2642, 1, 'Cars', 'index', '', '2013-07-26 03:13:05'),
(2643, 1, 'Tooltip', 'TooltipAjax', '', '2013-07-26 03:13:08'),
(2644, 1, 'CarLogger', 'CarLoggerAjax', '', '2013-07-26 03:13:11'),
(2645, 1, 'CarLogger', 'index', '', '2013-07-26 03:13:46'),
(2646, 1, 'CarLogger', 'index', '', '2013-07-26 03:13:52'),
(2647, 1, 'CarLogger', 'CarLoggerAjax', '', '2013-07-26 03:13:54'),
(2648, 1, 'CarLogger', 'CarLoggerAjax', '', '2013-07-26 03:13:57'),
(2649, 1, 'CarLogger', 'CarLoggerAjax', '', '2013-07-26 03:14:03'),
(2650, 1, 'CarLogger', 'CarLoggerAjax', '', '2013-07-26 03:14:06'),
(2651, 1, 'CarLogger', 'CarLoggerAjax', '', '2013-07-26 03:14:09'),
(2652, 1, 'CarLogger', 'CarLoggerAjax', '', '2013-07-26 03:14:14'),
(2653, 1, 'CarLogger', 'CarLoggerAjax', '', '2013-07-26 03:14:16'),
(2654, 1, 'CarLogger', 'CarLoggerAjax', '', '2013-07-26 03:14:18'),
(2655, 1, 'CarLogger', 'CarLoggerAjax', '', '2013-07-26 03:14:18'),
(2656, 1, 'CarLogger', 'CarLoggerAjax', '', '2013-07-26 03:14:18'),
(2657, 1, 'CarLogger', 'CarLoggerAjax', '', '2013-07-26 03:14:22'),
(2658, 1, 'CarLogger', 'CarLoggerAjax', '', '2013-07-26 03:15:32'),
(2659, 1, 'CarLogger', 'CarLoggerAjax', '', '2013-07-26 03:15:36'),
(2660, 1, 'CarLogger', 'CarLoggerAjax', '', '2013-07-26 03:17:39'),
(2661, 1, 'ReportsKHA', 'index', '', '2013-07-26 03:17:44'),
(2662, 1, 'ReportsKHA', 'HomePage', '310', '2013-07-26 03:17:47'),
(2663, 1, 'ReportsKHA', 'HomePage', '309', '2013-07-26 03:17:50'),
(2664, 1, 'ReportsKHA', 'HomePage', '308', '2013-07-26 03:18:00'),
(2665, 1, 'CarLogger', 'CarLoggerAjax', '', '2013-07-26 03:18:30'),
(2666, 1, 'CarLogger', 'CarLoggerAjax', '', '2013-07-26 03:18:37'),
(2667, 1, 'CarLogger', 'CarLoggerAjax', '', '2013-07-26 03:18:43'),
(2668, 1, 'CarLogger', 'CarLoggerAjax', '', '2013-07-26 03:18:49'),
(2669, 1, 'ReportsKHA', 'index', '', '2013-07-26 03:19:00'),
(2670, 1, 'Users', 'Authenticate', '', '2013-11-22 05:50:33'),
(2671, 1, 'Home', 'index', '', '2013-11-22 05:50:34'),
(2672, 1, 'Home', 'HomeAjax', '', '2013-11-22 05:50:36'),
(2673, 1, 'HomeOwner', 'index', '', '2013-11-22 05:51:24'),
(2674, 1, 'Tooltip', 'TooltipAjax', '', '2013-11-22 05:51:34'),
(2675, 1, 'ReportsKHA', 'index', '', '2013-11-22 05:51:38'),
(2676, 1, 'CarLogger', 'index', '', '2013-11-22 05:51:46'),
(2677, 1, 'ReportsKHA', 'index', '', '2013-11-22 05:52:06'),
(2678, 1, 'Users', 'Authenticate', '', '2013-11-22 05:53:50'),
(2679, 1, 'Home', 'index', '', '2013-11-22 05:53:51'),
(2680, 1, 'Home', 'HomeAjax', '', '2013-11-22 05:53:53'),
(2681, 1, 'MemoAdvice', 'index', '', '2013-11-22 05:54:05'),
(2682, 1, 'Tooltip', 'TooltipAjax', '', '2013-11-22 05:54:09'),
(2683, 1, 'Home', 'index', '', '2013-11-22 05:54:12'),
(2684, 1, 'Home', 'HomeAjax', '', '2013-11-22 05:54:14'),
(2685, 1, 'AdvancePayment', 'index', '', '2013-11-22 05:54:33'),
(2686, 1, 'Home', 'index', '', '2013-11-22 05:54:36'),
(2687, 1, 'Home', 'HomeAjax', '', '2013-11-22 05:54:37'),
(2688, 1, 'Settings', 'index', '', '2013-11-22 05:54:42'),
(2689, 1, 'Settings', 'ModuleManager', '', '2013-11-22 05:54:54'),
(2690, 1, 'Billing', 'index', '', '2013-11-22 05:56:43'),
(2691, 1, 'Settings', 'index', '', '2013-11-22 05:57:24'),
(2692, 1, 'Settings', 'ModuleManager', '', '2013-11-22 05:57:37'),
(2693, 1, 'Home', 'index', '', '2013-11-22 06:03:28'),
(2694, 1, 'Home', 'HomeAjax', '', '2013-11-22 06:03:29'),
(2695, 1, 'Settings', 'ModuleManager', '', '2013-11-22 06:07:17'),
(2696, 1, 'Settings', 'index', '', '2013-11-22 06:10:49'),
(2697, 1, 'Settings', 'OrgSharingDetailView', '', '2013-11-22 06:11:04'),
(2698, 1, 'Users', 'RecalculateSharingRules', '', '2013-11-22 06:11:10'),
(2699, 1, 'Settings', 'OrgSharingDetailView', '', '2013-11-22 06:11:10'),
(2700, 1, 'PickList', 'PickList', '', '2013-11-22 06:11:42'),
(2701, 1, 'Settings', 'OrgSharingDetailView', '', '2013-11-22 06:18:56'),
(2702, 1, 'Users', 'RecalculateSharingRules', '', '2013-11-22 06:19:00'),
(2703, 1, 'Settings', 'OrgSharingDetailView', '', '2013-11-22 06:19:00'),
(2704, 1, 'Settings', 'index', '', '2013-11-22 06:22:40'),
(2705, 1, 'Administration', 'index', '', '2013-11-22 06:22:43'),
(2706, 1, 'Users', 'DetailView', '1', '2013-11-22 06:22:47'),
(2707, 1, 'Users', 'EditView', '1', '2013-11-22 06:22:52'),
(2708, 1, 'Documents', 'index', '', '2013-11-22 06:24:13'),
(2709, 1, 'Documents', 'EditView', '', '2013-11-22 06:24:16'),
(2710, 1, 'Documents', 'index', '', '2013-11-22 06:24:36'),
(2711, 1, 'Documents', 'index', '', '2013-11-22 06:24:43'),
(2712, 1, 'Home', 'index', '', '2013-11-22 06:28:38'),
(2713, 1, 'Home', 'HomeAjax', '', '2013-11-22 06:28:39'),
(2714, 1, 'Users', 'Authenticate', '', '2013-11-22 06:48:43'),
(2715, 1, 'Home', 'index', '', '2013-11-22 06:48:44'),
(2716, 1, 'Home', 'HomeAjax', '', '2013-11-22 06:48:44'),
(2717, 1, 'Users', 'Logout', '', '2013-11-22 06:53:51'),
(2718, 1, 'Users', 'Authenticate', '', '2013-11-22 07:29:08'),
(2719, 1, 'Home', 'index', '', '2013-11-22 07:29:08'),
(2720, 1, 'Home', 'HomeAjax', '', '2013-11-22 07:29:10'),
(2721, 1, 'Settings', 'index', '', '2013-11-22 07:29:14'),
(2722, 1, 'Administration', 'index', '', '2013-11-22 07:29:16'),
(2723, 1, 'Users', 'DetailView', '6', '2013-11-22 07:32:35'),
(2724, 1, 'Administration', 'index', '', '2013-11-22 07:33:57'),
(2725, 1, 'Users', 'EditView', '', '2013-11-22 07:33:59'),
(2726, 1, 'Users', 'UsersAjax', '', '2013-11-22 07:34:33'),
(2727, 1, 'Users', 'UsersAjax', '', '2013-11-22 07:43:58'),
(2728, 1, 'Users', 'Save', '', '2013-11-22 07:43:58'),
(2729, 1, 'Users', 'ListView', '7', '2013-11-22 07:44:05'),
(2730, 1, 'Users', 'EditView', '1', '2013-11-22 07:45:02'),
(2731, 1, 'Users', 'ListView', '7', '2013-11-22 07:45:05'),
(2732, 1, 'Users', 'EditView', '6', '2013-11-22 07:45:07'),
(2733, 1, 'Users', 'Save', '6', '2013-11-22 07:45:24'),
(2734, 1, 'Users', 'ListView', '6', '2013-11-22 07:45:24'),
(2735, 1, 'Users', 'EditView', '1', '2013-11-22 07:45:31'),
(2736, 1, 'Users', 'Save', '1', '2013-11-22 07:45:40'),
(2737, 1, 'Users', 'ListView', '1', '2013-11-22 07:45:41'),
(2738, 1, 'Users', 'DetailView', '7', '2013-11-22 07:45:58'),
(2739, 1, 'Users', 'Authenticate', '', '2013-11-25 11:56:43'),
(2740, 1, 'Home', 'index', '', '2013-11-25 11:56:43'),
(2741, 1, 'Home', 'HomeAjax', '', '2013-11-25 11:56:46'),
(2742, 1, 'Settings', 'index', '', '2013-11-25 11:56:49'),
(2743, 1, 'Administration', 'index', '', '2013-11-25 11:56:52'),
(2744, 7, 'Users', 'Authenticate', '', '2013-11-25 11:57:09'),
(2745, 7, 'Home', 'index', '', '2013-11-25 11:57:10'),
(2746, 7, 'Home', 'HomeAjax', '', '2013-11-25 11:57:10'),
(2747, 7, 'Settings', 'index', '', '2013-11-25 11:57:15'),
(2748, 7, 'Administration', 'index', '', '2013-11-25 11:57:18'),
(2749, 7, 'Users', 'EditView', '7', '2013-11-25 11:57:29'),
(2750, 7, 'Users', 'Save', '7', '2013-11-25 11:57:36'),
(2751, 7, 'Users', 'ListView', '7', '2013-11-25 11:57:37'),
(2752, 1, 'Users', 'DetailView', '1', '2013-11-25 11:57:46'),
(2753, 1, 'Administration', 'index', '', '2013-11-25 11:57:47'),
(2754, 1, 'Users', 'DetailView', '6', '2013-11-25 11:57:49'),
(2755, 7, 'Users', 'DetailView', '1', '2013-11-25 11:57:51'),
(2756, 7, 'Users', 'ListView', '7', '2013-11-25 11:57:57'),
(2757, 7, 'Users', 'DetailView', '7', '2013-11-25 11:57:59'),
(2758, 7, 'Users', 'ListView', '7', '2013-11-25 11:58:00'),
(2759, 7, 'Users', 'DetailView', '6', '2013-11-25 11:58:01'),
(2760, 7, 'Users', 'ListView', '7', '2013-11-25 11:58:03'),
(2761, 1, 'Users', 'DetailView', '7', '2013-11-25 11:58:11'),
(2762, 7, 'Users', 'DetailView', '1', '2013-11-25 11:58:20'),
(2763, 1, 'Settings', 'listroles', '', '2013-11-25 11:58:25'),
(2764, 7, 'Settings', 'listroles', '', '2013-11-25 11:58:26'),
(2765, 1, 'Settings', 'RoleDetailView', '', '2013-11-25 11:58:27'),
(2766, 7, 'Settings', 'RoleDetailView', '', '2013-11-25 11:58:28'),
(2767, 7, 'Documents', 'index', '', '2013-11-25 12:05:40'),
(2768, 7, 'Settings', 'ModuleManager', '', '2013-11-25 12:05:42'),
(2769, 7, 'Settings', 'LayoutBlockList', '', '2013-11-25 12:05:44'),
(2770, 7, 'Settings', 'LayoutBlockList', '', '2013-11-25 12:06:15'),
(2771, 1, 'Users', 'Authenticate', '', '2013-11-27 14:34:04'),
(2772, 1, 'Home', 'index', '', '2013-11-27 14:34:04'),
(2773, 1, 'Home', 'HomeAjax', '', '2013-11-27 14:34:05'),
(2774, 1, 'Users', 'Authenticate', '', '2013-11-27 14:37:00'),
(2775, 1, 'Home', 'index', '', '2013-11-27 14:37:00'),
(2776, 1, 'Home', 'HomeAjax', '', '2013-11-27 14:37:01'),
(2777, 7, 'Home', 'index', '', '2014-01-14 14:08:49'),
(2778, 7, 'Home', 'HomeAjax', '', '2014-01-14 14:08:50'),
(2779, 7, 'Documents', 'index', '', '2014-01-14 14:08:57'),
(2780, 7, 'Documents', 'EditView', '', '2014-01-14 14:09:00'),
(2781, 7, 'Documents', 'EditView', '', '2014-01-14 14:11:27'),
(2782, 7, 'Home', 'index', '', '2014-08-27 21:46:29'),
(2783, 7, 'Home', 'HomeAjax', '', '2014-08-27 21:46:30'),
(2784, 7, 'Users', 'Authenticate', '', '2014-08-28 11:10:18'),
(2785, 7, 'Home', 'index', '', '2014-08-28 11:10:18'),
(2786, 7, 'Home', 'HomeAjax', '', '2014-08-28 11:10:21'),
(2787, 7, 'ModCreator', 'index', '', '2014-08-28 11:10:28'),
(2788, 7, 'ModCreator', 'index', '2', '2014-08-28 11:10:46'),
(2789, 7, 'ModCreator', 'index', '', '2014-08-28 11:10:59'),
(2790, 7, 'ModCreator', 'index', '3', '2014-08-28 11:11:13'),
(2791, 7, 'ModCreator', 'index', '', '2014-08-28 11:11:22'),
(2792, 7, 'Users', 'Authenticate', '', '2014-08-28 11:12:03'),
(2793, 7, 'Home', 'index', '', '2014-08-28 11:12:03'),
(2794, 7, 'Home', 'HomeAjax', '', '2014-08-28 11:12:04'),
(2795, 7, 'ModCreator', 'index', '', '2014-08-28 11:12:08'),
(2796, 7, 'ModCreator', 'index', '', '2014-08-28 11:12:21'),
(2797, 7, 'ModCreator', 'index', '', '2014-08-28 11:12:26'),
(2798, 7, 'Documents', 'index', '', '2014-08-28 11:12:35'),
(2799, 7, 'Settings', 'ModuleManager', '', '2014-08-28 11:12:37'),
(2800, 7, 'Settings', 'LayoutBlockList', '', '2014-08-28 11:12:44'),
(2801, 7, 'ModCreator', 'index', '', '2014-08-28 11:13:32'),
(2802, 7, 'ModCreator', 'index', '2', '2014-08-28 11:13:36'),
(2803, 7, 'ModCreator', 'index', '', '2014-08-28 11:13:53'),
(2804, 7, 'ModCreator', 'index', '', '2014-08-28 11:13:58'),
(2805, 7, 'ModCreator', 'index', '', '2014-08-28 11:14:10'),
(2806, 7, 'ModCreator', 'index', '', '2014-08-28 11:14:24'),
(2807, 7, 'ModCreator', 'index', '12', '2014-08-28 11:14:27'),
(2808, 7, 'ModCreator', 'index', '', '2014-08-28 11:14:31'),
(2809, 7, 'Users', 'Authenticate', '', '2014-09-23 11:45:26'),
(2810, 7, 'Home', 'index', '', '2014-09-23 11:45:26'),
(2811, 7, 'Home', 'HomeAjax', '', '2014-09-23 11:45:27'),
(2812, 7, 'ModCreator', 'index', '', '2014-09-23 11:45:32'),
(2813, 7, 'ModCreator', 'index', '12', '2014-09-23 11:46:05'),
(2814, 7, 'ModCreator', 'index', '', '2014-09-23 11:46:08'),
(2815, 7, 'ModCreator', 'index', '2', '2014-09-23 11:46:11'),
(2816, 7, 'ModCreator', 'index', '', '2014-09-23 11:46:14'),
(2817, 7, 'ModCreator', 'index', '', '2014-09-23 11:46:15'),
(2818, 7, 'TestModule', 'index', '', '2014-09-23 11:46:18'),
(2819, 7, 'TestModule', 'EditView', '', '2014-09-23 11:46:20'),
(2820, 7, 'TestModule', 'Save', '', '2014-09-23 11:46:25'),
(2821, 7, 'TestModule', 'DetailView', '317', '2014-09-23 11:46:25'),
(2822, 7, 'Users', 'Authenticate', '', '2014-09-23 12:03:00'),
(2823, 7, 'Home', 'index', '', '2014-09-23 12:03:01'),
(2824, 7, 'Home', 'HomeAjax', '', '2014-09-23 12:03:02'),
(2825, 7, 'TestModule', 'index', '', '2014-09-23 12:03:05'),
(2826, 7, 'TestModule', 'EditView', '', '2014-09-23 12:03:07'),
(2827, 7, 'TestModule', 'Save', '', '2014-09-23 12:03:12'),
(2828, 7, 'TestModule', 'DetailView', '318', '2014-09-23 12:03:12'),
(2829, 7, 'Users', 'Authenticate', '', '2014-09-23 12:03:21'),
(2830, 7, 'TestModule', 'DetailView', '318', '2014-09-23 12:03:22'),
(2831, 7, 'TestModule', 'EditView', '318', '2014-09-23 12:03:25'),
(2832, 7, 'TestModule', 'Save', '318', '2014-09-23 12:03:26'),
(2833, 7, 'TestModule', 'DetailView', '318', '2014-09-23 12:03:27'),
(2834, 7, 'TestModule', 'EditView', '', '2014-09-23 13:00:48'),
(2835, 7, 'Home', 'index', '', '2014-09-23 13:37:59'),
(2836, 7, 'Home', 'HomeAjax', '', '2014-09-23 13:38:00'),
(2837, 7, 'TestModule', 'index', '', '2014-09-23 13:38:02'),
(2838, 7, 'ModCreator', 'index', '', '2014-09-23 13:38:05'),
(2839, 7, 'ModCreator', 'index', '', '2014-09-23 13:38:06'),
(2840, 7, 'ModCreator', 'index', '', '2014-09-23 13:38:22'),
(2841, 7, 'ModCreator', 'index', '', '2014-09-23 13:40:53'),
(2842, 7, 'ModCreator', 'index', '', '2014-09-23 13:47:23'),
(2843, 7, 'ModCreator', 'index', '', '2014-09-23 13:47:33'),
(2844, 7, 'ModCreator', 'index', '', '2014-09-23 13:59:23'),
(2845, 7, 'ModCreator', 'index', '', '2014-09-23 13:59:49'),
(2846, 7, 'ModCreator', 'index', '', '2014-09-23 14:00:26'),
(2847, 7, 'ModCreator', 'index', '', '2014-09-23 14:01:35'),
(2848, 7, 'ModCreator', 'index', '', '2014-09-23 14:01:56'),
(2849, 7, 'TestModule', 'index', '', '2014-09-23 14:01:59'),
(2850, 7, 'TestModule', 'TestModuleAjax', '', '2014-09-23 14:02:26'),
(2851, 7, 'TestModule', 'TestModuleAjax', '', '2014-09-23 14:02:42'),
(2852, 7, 'TestModule', 'index', '', '2014-09-23 14:02:53'),
(2853, 7, 'Settings', 'index', '', '2014-09-23 14:03:21'),
(2854, 7, 'Administration', 'index', '', '2014-09-23 14:03:23'),
(2855, 7, 'Users', 'EditView', '6', '2014-09-23 14:03:32'),
(2856, 7, 'Users', 'Save', '6', '2014-09-23 14:03:39'),
(2857, 7, 'Users', 'ListView', '6', '2014-09-23 14:03:41'),
(2858, 7, 'Users', 'EditView', '6', '2014-09-23 14:03:44'),
(2859, 7, 'Users', 'ListView', '6', '2014-09-23 14:04:03'),
(2860, 7, 'Users', 'UsersAjax', '6', '2014-09-23 14:04:06'),
(2861, 7, 'Users', 'UsersAjax', '', '2014-09-23 14:04:09'),
(2862, 7, 'Users', 'UsersAjax', '', '2014-09-23 14:04:09'),
(2863, 7, 'Users', 'EditView', '', '2014-09-23 14:04:12'),
(2864, 7, 'Users', 'UsersAjax', '', '2014-09-23 14:04:26'),
(2865, 7, 'Users', 'ListView', '6', '2014-09-23 14:05:01'),
(2866, 7, 'Users', 'EditView', '', '2014-09-23 14:05:04'),
(2867, 7, 'Users', 'UsersAjax', '', '2014-09-23 14:05:14'),
(2868, 7, 'Users', 'UsersAjax', '', '2014-09-23 14:05:33'),
(2869, 7, 'Users', 'Save', '', '2014-09-23 14:05:34'),
(2870, 7, 'Users', 'ListView', '8', '2014-09-23 14:05:44'),
(2871, 7, 'Users', 'EditView', '7', '2014-09-23 14:05:50'),
(2872, 7, 'Users', 'Save', '7', '2014-09-23 14:05:56'),
(2873, 7, 'Users', 'ListView', '7', '2014-09-23 14:05:58'),
(2874, 7, 'Users', 'EditView', '1', '2014-09-23 14:06:01'),
(2875, 7, 'Users', 'Save', '1', '2014-09-23 14:06:09'),
(2876, 7, 'Users', 'ListView', '1', '2014-09-23 14:06:10'),
(2877, 7, 'Users', 'EditView', '1', '2014-09-23 14:06:13'),
(2878, 7, 'Users', 'ListView', '1', '2014-09-23 14:06:18'),
(2879, 7, 'Users', 'Logout', '', '2014-09-23 14:06:24'),
(2880, 8, 'Users', 'Authenticate', '', '2014-09-23 14:06:29'),
(2881, 8, 'Home', 'index', '', '2014-09-23 14:06:30'),
(2882, 8, 'Home', 'HomeAjax', '', '2014-09-23 14:06:31'),
(2883, 8, 'Users', 'Logout', '', '2014-09-23 14:06:35'),
(2884, 7, 'Users', 'Authenticate', '', '2014-09-23 14:06:56'),
(2885, 7, 'Home', 'index', '', '2014-09-23 14:06:57'),
(2886, 7, 'Home', 'HomeAjax', '', '2014-09-23 14:06:57'),
(2887, 7, 'Settings', 'index', '', '2014-09-23 14:07:00'),
(2888, 7, 'Settings', 'OrganizationConfig', '', '2014-09-23 14:07:23'),
(2889, 7, 'Settings', 'EditCompanyDetails', '', '2014-09-23 14:07:29'),
(2890, 7, 'Settings', 'OrganizationConfig', '', '2014-09-23 14:07:49'),
(2891, 7, 'Settings', 'index', '', '2014-09-23 14:07:50'),
(2892, 7, 'Users', 'Logout', '', '2014-09-23 14:07:53'),
(2893, 7, 'Users', 'Authenticate', '', '2014-09-23 14:31:51'),
(2894, 7, 'Home', 'index', '', '2014-09-23 14:31:52'),
(2895, 7, 'Home', 'HomeAjax', '', '2014-09-23 14:31:53'),
(2896, 7, 'Settings', 'index', '', '2014-09-23 14:31:55'),
(2897, 7, 'Settings', 'OrganizationConfig', '', '2014-09-23 14:31:58'),
(2898, 7, 'Settings', 'EditCompanyDetails', '', '2014-09-23 14:32:01'),
(2899, 7, 'Settings', 'add2db', '', '2014-09-23 14:33:10'),
(2900, 7, 'Settings', 'OrganizationConfig', '', '2014-09-23 14:33:10'),
(2901, 7, 'Users', 'Logout', '', '2014-09-23 14:33:16'),
(2902, 7, 'Users', 'Authenticate', '', '2014-09-23 14:33:45'),
(2903, 7, 'Home', 'index', '', '2014-09-23 14:33:46'),
(2904, 7, 'Home', 'HomeAjax', '', '2014-09-23 14:33:47'),
(2905, 7, 'Settings', 'index', '', '2014-09-23 14:33:49'),
(2906, 7, 'Settings', 'OrganizationConfig', '', '2014-09-23 14:33:52'),
(2907, 7, 'Users', 'Logout', '', '2014-09-23 14:34:36'),
(2908, 7, 'Users', 'Authenticate', '', '2014-09-23 18:10:21'),
(2909, 7, 'Home', 'index', '', '2014-09-23 18:10:21'),
(2910, 7, 'Home', 'HomeAjax', '', '2014-09-23 18:10:24'),
(2911, 7, 'Home', 'index', '', '2014-09-23 18:10:26'),
(2912, 7, 'Home', 'HomeAjax', '', '2014-09-23 18:10:27'),
(2913, 7, 'Home', 'index', '', '2014-09-23 18:10:29'),
(2914, 7, 'Home', 'HomeAjax', '', '2014-09-23 18:10:30'),
(2915, 7, 'Users', 'Logout', '', '2014-09-23 18:25:05'),
(2916, 7, 'Users', 'Authenticate', '', '2014-09-24 10:16:52'),
(2917, 7, 'Home', 'index', '', '2014-09-24 10:16:53'),
(2918, 7, 'Home', 'HomeAjax', '', '2014-09-24 10:16:58'),
(2919, 7, 'Settings', 'index', '', '2014-09-24 10:17:00'),
(2920, 7, 'Settings', 'ListProfiles', '', '2014-09-24 10:17:41'),
(2921, 7, 'Settings', 'profilePrivileges', '', '2014-09-24 10:17:45'),
(2922, 7, 'Users', 'DetailView', '7', '2014-09-24 10:17:54'),
(2923, 7, 'Users', 'EditView', '7', '2014-09-24 10:18:02'),
(2924, 7, 'Users', 'Save', '7', '2014-09-24 10:18:13'),
(2925, 7, 'Users', 'DetailView', '7', '2014-09-24 10:18:15'),
(2926, 7, 'Users', 'DetailView', '7', '2014-09-24 10:18:30'),
(2927, 7, 'Users', 'EditView', '7', '2014-09-24 10:18:38'),
(2928, 7, 'Users', 'Save', '7', '2014-09-24 10:18:46'),
(2929, 7, 'Users', 'DetailView', '7', '2014-09-24 10:18:47'),
(2930, 7, 'TestModule', 'index', '', '2014-09-24 10:18:55'),
(2931, 7, 'ModCreator', 'index', '', '2014-09-24 10:20:15'),
(2932, 7, 'ModCreator', 'index', '', '2014-09-24 10:20:19'),
(2933, 7, 'ModCreator', 'index', '', '2014-09-24 10:20:25'),
(2934, 7, 'TestModule', 'index', '', '2014-09-24 10:20:28'),
(2935, 7, 'ModCreator', 'index', '', '2014-09-24 10:20:59'),
(2936, 7, 'ModCreator', 'index', '', '2014-09-24 10:21:01'),
(2937, 7, 'MailManager', 'index', '', '2014-09-24 10:21:37'),
(2938, 7, 'MailManager', 'MailManagerAjax', '', '2014-09-24 10:21:40'),
(2939, 7, 'MailManager', 'MailManagerAjax', '', '2014-09-24 10:21:41'),
(2940, 7, 'MailManager', 'MailManagerAjax', '', '2014-09-24 10:21:42'),
(2941, 7, 'TestModule', 'index', '', '2014-09-24 10:21:45'),
(2942, 7, 'TestModule', 'EditView', '', '2014-09-24 10:21:48'),
(2943, 7, 'TestModule', 'index', '', '2014-09-24 10:22:06'),
(2944, 7, 'TestModule', 'TestModuleAjax', '', '2014-09-24 10:22:54'),
(2945, 7, 'Tooltip', 'TooltipAjax', '', '2014-09-24 10:23:04'),
(2946, 7, 'TestModule', 'DetailView', '317', '2014-09-24 10:23:04'),
(2947, 7, 'TestModule', 'index', '', '2014-09-24 10:23:10'),
(2948, 7, 'Tooltip', 'TooltipAjax', '', '2014-09-24 10:23:57'),
(2949, 7, 'TestModule', 'DetailView', '317', '2014-09-24 10:24:07'),
(2950, 7, 'Users', 'Logout', '', '2014-09-24 11:08:36'),
(2951, 7, 'Users', 'Authenticate', '', '2014-09-24 15:51:20'),
(2952, 7, 'Home', 'index', '', '2014-09-24 15:51:22'),
(2953, 7, 'Home', 'HomeAjax', '', '2014-09-24 15:51:26'),
(2954, 7, 'Home', 'index', '', '2014-09-24 15:51:30'),
(2955, 7, 'Home', 'index', '', '2014-09-24 15:51:59'),
(2956, 7, 'Home', 'HomeAjax', '', '2014-09-24 15:52:00'),
(2957, 7, 'Home', 'index', '', '2014-09-24 15:52:10'),
(2958, 7, 'Home', 'HomeAjax', '', '2014-09-24 15:52:10'),
(2959, 7, 'Home', 'index', '', '2014-09-24 15:52:12'),
(2960, 7, 'Home', 'HomeAjax', '', '2014-09-24 15:52:13'),
(2961, 7, 'Home', 'index', '', '2014-09-24 15:52:16'),
(2962, 7, 'Home', 'HomeAjax', '', '2014-09-24 15:52:16'),
(2963, 7, 'TestModule', 'index', '', '2014-09-24 15:52:19'),
(2964, 7, 'Home', 'index', '', '2014-09-24 15:53:24'),
(2965, 7, 'Home', 'HomeAjax', '', '2014-09-24 15:53:25'),
(2966, 7, 'Home', 'index', '', '2014-09-24 15:54:12'),
(2967, 7, 'Home', 'HomeAjax', '', '2014-09-24 15:54:12'),
(2968, 7, 'Home', 'index', '', '2014-09-24 17:32:30'),
(2969, 7, 'Home', 'HomeAjax', '', '2014-09-24 17:32:33'),
(2970, 7, 'Settings', 'index', '', '2014-09-24 17:32:37'),
(2971, 7, 'PickList', 'PickList', '', '2014-09-24 17:32:40'),
(2972, 7, 'TestModule', 'index', '', '2014-09-24 17:32:50'),
(2973, 7, 'Settings', 'ModuleManager', '', '2014-09-24 17:32:53'),
(2974, 7, 'Settings', 'LayoutBlockList', '', '2014-09-24 17:32:56'),
(2975, 7, 'Settings', 'SettingsAjax', '', '2014-09-24 17:33:49'),
(2976, 7, 'TestModule', 'index', '', '2014-09-24 17:33:55'),
(2977, 7, 'TestModule', 'EditView', '', '2014-09-24 17:33:58'),
(2978, 7, 'Settings', 'index', '', '2014-09-24 17:34:02'),
(2979, 7, 'PickList', 'PickList', '', '2014-09-24 17:34:04'),
(2980, 7, 'PickList', 'PickListAjax', '', '2014-09-24 17:34:07'),
(2981, 7, 'Users', 'Authenticate', '', '2014-09-26 11:02:24'),
(2982, 7, 'Home', 'index', '', '2014-09-26 11:02:26'),
(2983, 7, 'Home', 'HomeAjax', '', '2014-09-26 11:02:29'),
(2984, 7, 'ModCreator', 'index', '', '2014-09-26 11:02:33'),
(2985, 7, 'ModCreator', 'index', '', '2014-09-26 11:02:35'),
(2986, 7, 'ModCreator', 'index', '', '2014-09-26 11:02:39'),
(2987, 7, 'ModCreator', 'index', '2', '2014-09-26 11:02:42'),
(2988, 7, 'ModCreator', 'index', '', '2014-09-26 11:03:29'),
(2989, 7, 'ModCreator', 'index', '', '2014-09-26 11:03:38'),
(2990, 7, 'ModBaToh', 'index', '', '2014-09-26 11:03:41'),
(2991, 7, 'ModBaToh', 'EditView', '', '2014-09-26 11:03:45'),
(2992, 7, 'ModBaToh', 'Save', '', '2014-09-26 11:03:50'),
(2993, 7, 'ModBaToh', 'DetailView', '319', '2014-09-26 11:03:51'),
(2994, 7, 'ModBaToh', 'EditView', '319', '2014-09-26 11:03:57'),
(2995, 7, 'ModBaToh', 'Save', '319', '2014-09-26 11:04:02'),
(2996, 7, 'ModBaToh', 'DetailView', '319', '2014-09-26 11:04:03'),
(2997, 7, 'TestModule', 'index', '', '2014-09-26 11:04:06'),
(2998, 7, 'ModBaToh', 'index', '', '2014-09-26 11:04:09'),
(2999, 7, 'Settings', 'ModuleManager', '', '2014-09-26 11:04:13'),
(3000, 7, 'Settings', 'LayoutBlockList', '', '2014-09-26 11:04:16'),
(3001, 7, 'Settings', 'SettingsAjax', '', '2014-09-26 11:04:46'),
(3002, 7, 'TestModule', 'index', '', '2014-09-26 11:04:54'),
(3003, 7, 'ModBaToh', 'index', '', '2014-09-26 11:04:57'),
(3004, 7, 'ModBaToh', 'EditView', '', '2014-09-26 11:05:00'),
(3005, 7, 'ModBaToh', 'Popup', '', '2014-09-26 11:05:15'),
(3006, 7, 'ModBaToh', 'Save', '', '2014-09-26 11:05:21'),
(3007, 7, 'ModBaToh', 'DetailView', '320', '2014-09-26 11:05:21'),
(3008, 7, 'TestModule', 'index', '', '2014-09-26 11:05:25'),
(3009, 7, 'TestModule', 'index', '', '2014-09-26 11:10:28'),
(3010, 7, 'Tooltip', 'TooltipAjax', '', '2014-09-26 11:10:30'),
(3011, 7, 'TestModule', 'TestModuleAjax', '', '2014-09-26 11:11:28'),
(3012, 7, 'Tooltip', 'TooltipAjax', '', '2014-09-26 11:11:56'),
(3013, 7, 'TestModule', 'DetailView', '317', '2014-09-26 11:11:58'),
(3014, 7, 'TestModule', 'DetailView', '317', '2014-09-26 11:12:36'),
(3015, 7, 'TestModule', 'EditView', '317', '2014-09-26 11:12:43'),
(3016, 7, 'TestModule', 'DetailView', '317', '2014-09-26 11:12:48'),
(3017, 7, 'TestModule', 'index', '', '2014-09-26 11:12:50'),
(3018, 7, 'Tooltip', 'TooltipAjax', '', '2014-09-26 11:12:52'),
(3019, 7, 'TestModule', 'index', '', '2014-09-26 11:13:04'),
(3020, 7, 'TestModule', 'DetailView', '317', '2014-09-26 11:13:07'),
(3021, 7, 'Tooltip', 'TooltipAjax', '', '2014-09-26 11:13:08'),
(3022, 7, 'TestModule', 'index', '', '2014-09-26 11:13:10'),
(3023, 7, 'Tooltip', 'TooltipAjax', '', '2014-09-26 11:13:12'),
(3024, 7, 'TestModule', 'index', '', '2014-09-26 11:13:52'),
(3025, 7, 'TestModule', 'index', '', '2014-09-26 11:14:59'),
(3026, 7, 'TestModule', 'index', '', '2014-09-26 11:15:17'),
(3027, 7, 'TestModule', 'index', '', '2014-09-26 11:15:30'),
(3028, 7, 'TestModule', 'index', '', '2014-09-26 11:15:41'),
(3029, 7, 'TestModule', 'index', '', '2014-09-26 11:19:30'),
(3030, 7, 'TestModule', 'index', '', '2014-09-26 11:20:20'),
(3031, 7, 'TestModule', 'index', '', '2014-09-26 11:21:56'),
(3032, 7, 'TestModule', 'index', '', '2014-09-26 11:22:27'),
(3033, 7, 'TestModule', 'index', '', '2014-09-26 11:23:03'),
(3034, 7, 'TestModule', 'index', '', '2014-09-26 11:23:06'),
(3035, 7, 'TestModule', 'index', '', '2014-09-26 11:23:38'),
(3036, 7, 'TestModule', 'index', '', '2014-09-26 11:24:30'),
(3037, 7, 'TestModule', 'index', '', '2014-09-26 11:28:46'),
(3038, 7, 'TestModule', 'index', '', '2014-09-26 11:33:24'),
(3039, 7, 'TestModule', 'index', '', '2014-09-26 11:33:27'),
(3040, 7, 'TestModule', 'index', '', '2014-09-26 11:33:56'),
(3041, 7, 'TestModule', 'index', '', '2014-09-26 11:33:58'),
(3042, 7, 'TestModule', 'index', '', '2014-09-26 11:34:25'),
(3043, 7, 'TestModule', 'index', '', '2014-09-26 11:34:50'),
(3044, 7, 'TestModule', 'index', '', '2014-09-26 11:35:13'),
(3045, 7, 'TestModule', 'index', '', '2014-09-26 11:35:29'),
(3046, 7, 'Tooltip', 'TooltipAjax', '', '2014-09-26 11:35:34'),
(3047, 7, 'TestModule', 'DetailView', '317', '2014-09-26 11:35:36'),
(3048, 7, 'Tooltip', 'TooltipAjax', '', '2014-09-26 11:35:37'),
(3049, 7, 'TestModule', 'DetailView', '317', '2014-09-26 11:35:57'),
(3050, 7, 'TestModule', 'index', '', '2014-09-26 11:36:17'),
(3051, 7, 'TestModule', 'DetailView', '317', '2014-09-26 11:37:28'),
(3052, 7, 'TestModule', 'DetailView', '317', '2014-09-26 11:37:28'),
(3053, 7, 'Tooltip', 'TooltipAjax', '', '2014-09-26 11:37:29'),
(3054, 7, 'TestModule', 'DetailView', '317', '2014-09-26 11:37:49'),
(3055, 7, 'TestModule', 'DetailView', '317', '2014-09-26 11:38:26'),
(3056, 7, 'TestModule', 'DetailView', '317', '2014-09-26 11:44:28'),
(3057, 7, 'TestModule', 'DetailView', '317', '2014-09-26 11:45:45'),
(3058, 7, 'TestModule', 'DetailView', '317', '2014-09-26 11:51:50'),
(3059, 7, 'TestModule', 'DetailView', '317', '2014-09-26 11:52:23'),
(3060, 7, 'TestModule', 'index', '', '2014-09-26 11:53:46'),
(3061, 7, 'Settings', 'index', '', '2014-09-26 11:55:51'),
(3062, 7, 'Settings', 'index', '', '2014-09-26 11:55:52'),
(3063, 7, 'Users', 'Logout', '', '2014-09-26 11:55:56'),
(3064, 7, 'Users', 'Authenticate', '', '2014-09-26 14:01:04'),
(3065, 7, 'Home', 'index', '', '2014-09-26 14:01:05'),
(3066, 7, 'Home', 'HomeAjax', '', '2014-09-26 14:01:08'),
(3067, 7, 'Settings', 'index', '', '2014-09-26 14:01:32'),
(3068, 7, 'Users', 'Logout', '', '2014-09-26 14:17:49'),
(3069, 7, 'Users', 'Authenticate', '', '2014-09-26 14:43:00'),
(3070, 7, 'Home', 'index', '', '2014-09-26 14:43:01'),
(3071, 7, 'Home', 'HomeAjax', '', '2014-09-26 14:43:02'),
(3072, 7, 'TestModule', 'index', '', '2014-09-26 14:43:08'),
(3073, 7, 'TestModule', 'DetailView', '317', '2014-09-26 14:43:12'),
(3074, 7, 'Tooltip', 'TooltipAjax', '', '2014-09-26 14:43:14'),
(3075, 7, 'Users', 'Logout', '', '2014-09-26 14:45:06'),
(3076, 7, 'Users', 'Authenticate', '', '2014-09-26 17:17:54'),
(3077, 7, 'Home', 'index', '', '2014-09-26 17:17:56'),
(3078, 7, 'Home', 'HomeAjax', '', '2014-09-26 17:18:00'),
(3079, 7, 'ModCreator', 'index', '', '2014-09-26 17:18:01'),
(3080, 7, 'ModCreator', 'index', '', '2014-09-26 17:18:04'),
(3081, 7, 'Users', 'Logout', '', '2014-09-26 18:27:33'),
(3082, 7, 'Users', 'Authenticate', '', '2014-09-26 18:27:50'),
(3083, 7, 'Home', 'index', '', '2014-09-26 18:27:51'),
(3084, 7, 'Home', 'HomeAjax', '', '2014-09-26 18:27:55'),
(3085, 7, 'TestModule', 'index', '', '2014-09-26 18:27:56'),
(3086, 7, 'TestModule', 'DetailView', '317', '2014-09-26 18:28:03'),
(3087, 7, 'Tooltip', 'TooltipAjax', '', '2014-09-26 18:28:04'),
(3088, 7, 'Users', 'Authenticate', '', '2014-09-29 11:25:47'),
(3089, 7, 'Home', 'index', '', '2014-09-29 11:25:48'),
(3090, 7, 'Home', 'HomeAjax', '', '2014-09-29 11:25:51'),
(3091, 7, 'TestModule', 'index', '', '2014-09-29 11:25:54'),
(3092, 7, 'Tooltip', 'TooltipAjax', '', '2014-09-29 11:25:58'),
(3093, 7, 'TestModule', 'DetailView', '317', '2014-09-29 11:25:59'),
(3094, 7, 'TestModule', 'EditView', '317', '2014-09-29 11:26:05'),
(3095, 7, 'TestModule', 'Save', '317', '2014-09-29 11:26:12'),
(3096, 7, 'TestModule', 'DetailView', '317', '2014-09-29 11:26:14'),
(3097, 7, 'TestModule', 'index', '', '2014-09-29 11:26:19'),
(3098, 7, 'ModBaToh', 'index', '', '2014-09-29 11:26:22'),
(3099, 7, 'ModBaToh', 'DetailView', '319', '2014-09-29 11:26:27'),
(3100, 7, 'ModBaToh', 'EditView', '319', '2014-09-29 11:26:30'),
(3101, 7, 'ModBaToh', 'Popup', '', '2014-09-29 11:26:32'),
(3102, 7, 'ModBaToh', 'Save', '319', '2014-09-29 11:26:36'),
(3103, 7, 'ModBaToh', 'DetailView', '319', '2014-09-29 11:26:37');

-- --------------------------------------------------------

--
-- Table structure for table `vtiger_audit_trial_seq`
--

CREATE TABLE IF NOT EXISTS `vtiger_audit_trial_seq` (
  `id` int(11) NOT NULL
) ENGINE=InnoDB DEFAULT CHARSET=latin1;

--
-- Dumping data for table `vtiger_audit_trial_seq`
--

INSERT INTO `vtiger_audit_trial_seq` (`id`) VALUES
(3103);

-- --------------------------------------------------------

--
-- Table structure for table `vtiger_blocks`
--

CREATE TABLE IF NOT EXISTS `vtiger_blocks` (
  `blockid` int(19) NOT NULL,
  `tabid` int(19) NOT NULL,
  `blocklabel` varchar(100) NOT NULL,
  `sequence` int(10) DEFAULT NULL,
  `show_title` int(2) DEFAULT NULL,
  `visible` int(2) NOT NULL DEFAULT '0',
  `create_view` int(2) NOT NULL DEFAULT '0',
  `edit_view` int(2) NOT NULL DEFAULT '0',
  `detail_view` int(2) NOT NULL DEFAULT '0',
  `display_status` int(1) NOT NULL DEFAULT '1',
  `iscustom` int(1) NOT NULL DEFAULT '0',
  PRIMARY KEY (`blockid`),
  KEY `block_tabid_idx` (`tabid`)
) ENGINE=InnoDB DEFAULT CHARSET=utf8;

--
-- Dumping data for table `vtiger_blocks`
--

INSERT INTO `vtiger_blocks` (`blockid`, `tabid`, `blocklabel`, `sequence`, `show_title`, `visible`, `create_view`, `edit_view`, `detail_view`, `display_status`, `iscustom`) VALUES
(1, 2, 'LBL_OPPORTUNITY_INFORMATION', 1, 0, 0, 0, 0, 0, 1, 0),
(2, 2, 'LBL_CUSTOM_INFORMATION', 2, 0, 0, 0, 0, 0, 1, 0),
(3, 2, 'LBL_DESCRIPTION_INFORMATION', 3, 0, 0, 0, 0, 0, 1, 0),
(4, 4, 'LBL_CONTACT_INFORMATION', 1, 0, 0, 0, 0, 0, 1, 0),
(5, 4, 'LBL_CUSTOM_INFORMATION', 2, 0, 0, 0, 0, 0, 1, 0),
(6, 4, 'LBL_CUSTOMER_PORTAL_INFORMATION', 3, 0, 0, 0, 0, 0, 1, 0),
(7, 4, 'LBL_ADDRESS_INFORMATION', 4, 0, 0, 0, 0, 0, 1, 0),
(8, 4, 'LBL_DESCRIPTION_INFORMATION', 5, 0, 0, 0, 0, 0, 1, 0),
(9, 6, 'LBL_ACCOUNT_INFORMATION', 1, 0, 0, 0, 0, 0, 1, 0),
(10, 6, 'LBL_CUSTOM_INFORMATION', 2, 0, 0, 0, 0, 0, 1, 0),
(11, 6, 'LBL_ADDRESS_INFORMATION', 3, 0, 0, 0, 0, 0, 1, 0),
(12, 6, 'LBL_DESCRIPTION_INFORMATION', 4, 0, 0, 0, 0, 0, 1, 0),
(13, 7, 'LBL_LEAD_INFORMATION', 1, 0, 0, 0, 0, 0, 1, 0),
(14, 7, 'LBL_CUSTOM_INFORMATION', 2, 0, 0, 0, 0, 0, 1, 0),
(15, 7, 'LBL_ADDRESS_INFORMATION', 3, 0, 0, 0, 0, 0, 1, 0),
(16, 7, 'LBL_DESCRIPTION_INFORMATION', 4, 0, 0, 0, 0, 0, 1, 0),
(17, 8, 'LBL_NOTE_INFORMATION', 1, 0, 0, 0, 0, 0, 1, 0),
(18, 8, 'LBL_FILE_INFORMATION', 3, 1, 0, 0, 0, 0, 1, 0),
(19, 9, 'LBL_TASK_INFORMATION', 1, 0, 0, 0, 0, 0, 1, 0),
(20, 9, '', 2, 1, 0, 0, 0, 0, 1, 0),
(21, 10, 'LBL_EMAIL_INFORMATION', 1, 0, 0, 0, 0, 0, 1, 0),
(22, 10, '', 2, 1, 0, 0, 0, 0, 1, 0),
(23, 10, '', 3, 1, 0, 0, 0, 0, 1, 0),
(24, 10, '', 4, 1, 0, 0, 0, 0, 1, 0),
(25, 13, 'LBL_TICKET_INFORMATION', 1, 0, 0, 0, 0, 0, 1, 0),
(26, 13, '', 2, 1, 0, 0, 0, 0, 1, 0),
(27, 13, 'LBL_CUSTOM_INFORMATION', 3, 0, 0, 0, 0, 0, 1, 0),
(28, 13, 'LBL_DESCRIPTION_INFORMATION', 4, 0, 0, 0, 0, 0, 1, 0),
(29, 13, 'LBL_TICKET_RESOLUTION', 5, 0, 0, 1, 0, 0, 1, 0),
(30, 13, 'LBL_COMMENTS', 6, 0, 0, 1, 0, 0, 1, 0),
(31, 14, 'LBL_PRODUCT_INFORMATION', 1, 0, 0, 0, 0, 0, 1, 0),
(32, 14, 'LBL_PRICING_INFORMATION', 2, 0, 0, 0, 0, 0, 1, 0),
(33, 14, 'LBL_STOCK_INFORMATION', 3, 0, 0, 0, 0, 0, 1, 0),
(34, 14, 'LBL_CUSTOM_INFORMATION', 4, 0, 0, 0, 0, 0, 1, 0),
(35, 14, 'LBL_IMAGE_INFORMATION', 5, 0, 0, 0, 0, 0, 1, 0),
(36, 14, 'LBL_DESCRIPTION_INFORMATION', 6, 0, 0, 0, 0, 0, 1, 0),
(37, 15, 'LBL_FAQ_INFORMATION', 1, 0, 0, 0, 0, 0, 1, 0),
(38, 15, 'LBL_COMMENT_INFORMATION', 4, 0, 0, 1, 0, 0, 1, 0),
(39, 16, 'LBL_EVENT_INFORMATION', 1, 0, 0, 0, 0, 0, 1, 0),
(40, 16, '', 2, 1, 0, 0, 0, 0, 1, 0),
(41, 16, '', 3, 1, 0, 0, 0, 0, 1, 0),
(42, 18, 'LBL_VENDOR_INFORMATION', 1, 0, 0, 0, 0, 0, 1, 0),
(43, 18, 'LBL_CUSTOM_INFORMATION', 2, 0, 0, 0, 0, 0, 1, 0),
(44, 18, 'LBL_VENDOR_ADDRESS_INFORMATION', 3, 0, 0, 0, 0, 0, 1, 0),
(45, 18, 'LBL_DESCRIPTION_INFORMATION', 4, 0, 0, 0, 0, 0, 1, 0),
(46, 19, 'LBL_PRICEBOOK_INFORMATION', 1, 0, 0, 0, 0, 0, 1, 0),
(47, 19, 'LBL_CUSTOM_INFORMATION', 2, 0, 0, 0, 0, 0, 1, 0),
(48, 19, 'LBL_DESCRIPTION_INFORMATION', 3, 0, 0, 0, 0, 0, 1, 0),
(49, 20, 'LBL_QUOTE_INFORMATION', 1, 0, 0, 0, 0, 0, 1, 0),
(50, 20, 'LBL_CUSTOM_INFORMATION', 2, 0, 0, 0, 0, 0, 1, 0),
(51, 20, 'LBL_ADDRESS_INFORMATION', 3, 0, 0, 0, 0, 0, 1, 0),
(52, 20, 'LBL_RELATED_PRODUCTS', 4, 0, 0, 0, 0, 0, 1, 0),
(53, 20, 'LBL_TERMS_INFORMATION', 5, 0, 0, 0, 0, 0, 1, 0),
(54, 20, 'LBL_DESCRIPTION_INFORMATION', 6, 0, 0, 0, 0, 0, 1, 0),
(55, 21, 'LBL_PO_INFORMATION', 1, 0, 0, 0, 0, 0, 1, 0),
(56, 21, 'LBL_CUSTOM_INFORMATION', 2, 0, 0, 0, 0, 0, 1, 0),
(57, 21, 'LBL_ADDRESS_INFORMATION', 3, 0, 0, 0, 0, 0, 1, 0),
(58, 21, 'LBL_RELATED_PRODUCTS', 4, 0, 0, 0, 0, 0, 1, 0),
(59, 21, 'LBL_TERMS_INFORMATION', 5, 0, 0, 0, 0, 0, 1, 0),
(60, 21, 'LBL_DESCRIPTION_INFORMATION', 6, 0, 0, 0, 0, 0, 1, 0),
(61, 22, 'LBL_SO_INFORMATION', 1, 0, 0, 0, 0, 0, 1, 0),
(62, 22, 'LBL_CUSTOM_INFORMATION', 3, 0, 0, 0, 0, 0, 1, 0),
(63, 22, 'LBL_ADDRESS_INFORMATION', 4, 0, 0, 0, 0, 0, 1, 0),
(64, 22, 'LBL_RELATED_PRODUCTS', 5, 0, 0, 0, 0, 0, 1, 0),
(65, 22, 'LBL_TERMS_INFORMATION', 6, 0, 0, 0, 0, 0, 1, 0),
(66, 22, 'LBL_DESCRIPTION_INFORMATION', 7, 0, 0, 0, 0, 0, 1, 0),
(67, 23, 'LBL_INVOICE_INFORMATION', 1, 0, 0, 0, 0, 0, 1, 0),
(68, 23, 'LBL_CUSTOM_INFORMATION', 2, 0, 0, 0, 0, 0, 1, 0),
(69, 23, 'LBL_ADDRESS_INFORMATION', 3, 0, 0, 0, 0, 0, 1, 0),
(70, 23, 'LBL_RELATED_PRODUCTS', 4, 0, 0, 0, 0, 0, 1, 0),
(71, 23, 'LBL_TERMS_INFORMATION', 5, 0, 0, 0, 0, 0, 1, 0),
(72, 23, 'LBL_DESCRIPTION_INFORMATION', 6, 0, 0, 0, 0, 0, 1, 0),
(73, 4, 'LBL_IMAGE_INFORMATION', 6, 0, 0, 0, 0, 0, 1, 0),
(74, 26, 'LBL_CAMPAIGN_INFORMATION', 1, 0, 0, 0, 0, 0, 1, 0),
(75, 26, 'LBL_CUSTOM_INFORMATION', 2, 0, 0, 0, 0, 0, 1, 0),
(76, 26, 'LBL_EXPECTATIONS_AND_ACTUALS', 3, 0, 0, 0, 0, 0, 1, 0),
(77, 29, 'LBL_USERLOGIN_ROLE', 1, 0, 0, 0, 0, 0, 1, 0),
(78, 29, 'LBL_CURRENCY_CONFIGURATION', 2, 0, 0, 0, 0, 0, 1, 0),
(79, 29, 'LBL_MORE_INFORMATION', 3, 0, 0, 0, 0, 0, 1, 0),
(80, 29, 'LBL_ADDRESS_INFORMATION', 4, 0, 0, 0, 0, 0, 1, 0),
(81, 26, 'LBL_DESCRIPTION_INFORMATION', 4, 0, 0, 0, 0, 0, 1, 0),
(82, 29, 'LBL_USER_IMAGE_INFORMATION', 4, 0, 0, 0, 0, 0, 1, 0),
(83, 29, 'LBL_USER_ADV_OPTIONS', 5, 0, 0, 0, 0, 0, 1, 0),
(84, 8, 'LBL_DESCRIPTION', 2, 0, 0, 0, 0, 0, 1, 0),
(85, 22, 'Recurring Invoice Information', 2, 0, 0, 0, 0, 0, 1, 0),
(86, 9, 'LBL_CUSTOM_INFORMATION', 3, 0, 0, 0, 0, 0, 1, 0),
(87, 16, 'LBL_CUSTOM_INFORMATION', 4, 0, 0, 0, 0, 0, 1, 0),
(88, 36, 'LBL_CALL_INFORMATION', 1, 0, 0, 0, 0, 0, 1, 0),
(89, 36, 'LBL_CUSTOM_INFORMATION', 2, 0, 0, 0, 0, 0, 1, 0),
(90, 29, 'Asterisk Configuration', 6, 0, 0, 0, 0, 0, 1, 0),
(91, 37, 'LBL_SERVICE_CONTRACT_INFORMATION', 1, 0, 0, 0, 0, 0, 1, 0),
(92, 37, 'LBL_CUSTOM_INFORMATION', 2, 0, 0, 0, 0, 0, 1, 0),
(93, 38, 'LBL_SERVICE_INFORMATION', 1, 0, 0, 0, 0, 0, 1, 0),
(94, 38, 'LBL_PRICING_INFORMATION', 2, 0, 0, 0, 0, 0, 1, 0),
(95, 38, 'LBL_CUSTOM_INFORMATION', 3, 0, 0, 0, 0, 0, 1, 0),
(96, 38, 'LBL_DESCRIPTION_INFORMATION', 4, 0, 0, 0, 0, 0, 1, 0),
(97, 41, 'LBL_ASSET_INFORMATION', 1, 0, 0, 0, 0, 0, 1, 0),
(98, 41, 'LBL_CUSTOM_INFORMATION', 2, 0, 0, 0, 0, 0, 1, 0),
(99, 41, 'LBL_DESCRIPTION_INFORMATION', 3, 0, 0, 0, 0, 0, 1, 0),
(100, 45, 'LBL_MODCOMMENTS_INFORMATION', 1, 0, 0, 0, 0, 0, 1, 0),
(101, 45, 'LBL_OTHER_INFORMATION', 2, 0, 0, 0, 0, 0, 1, 0),
(102, 45, 'LBL_CUSTOM_INFORMATION', 3, 0, 0, 0, 0, 0, 1, 0),
(103, 46, 'LBL_PROJECT_MILESTONE_INFORMATION', 1, 0, 0, 0, 0, 0, 1, 0),
(104, 46, 'LBL_CUSTOM_INFORMATION', 2, 0, 0, 0, 0, 0, 1, 0),
(105, 46, 'LBL_DESCRIPTION_INFORMATION', 3, 0, 0, 0, 0, 0, 1, 0),
(106, 47, 'LBL_PROJECT_TASK_INFORMATION', 1, 0, 0, 0, 0, 0, 1, 0),
(107, 47, 'LBL_CUSTOM_INFORMATION', 2, 0, 0, 0, 0, 0, 1, 0),
(108, 47, 'LBL_DESCRIPTION_INFORMATION', 3, 0, 0, 0, 0, 0, 1, 0),
(109, 48, 'LBL_PROJECT_INFORMATION', 1, 0, 0, 0, 0, 0, 1, 0),
(110, 48, 'LBL_CUSTOM_INFORMATION', 2, 0, 0, 0, 0, 0, 1, 0),
(111, 48, 'LBL_DESCRIPTION_INFORMATION', 3, 0, 0, 0, 0, 0, 1, 0),
(112, 50, 'LBL_SMSNOTIFIER_INFORMATION', 1, 0, 0, 0, 0, 0, 1, 0),
(113, 50, 'LBL_CUSTOM_INFORMATION', 2, 0, 0, 0, 0, 0, 1, 0),
(114, 50, 'StatusInformation', 3, 0, 0, 0, 0, 0, 1, 0),
(155, 55, 'General Information', 1, 0, 0, 0, 0, 0, 1, 0),
(156, 56, 'General Information', 1, 0, 0, 0, 0, 0, 1, 0);

-- --------------------------------------------------------

--
-- Table structure for table `vtiger_blocks_seq`
--

CREATE TABLE IF NOT EXISTS `vtiger_blocks_seq` (
  `id` int(11) NOT NULL
) ENGINE=InnoDB DEFAULT CHARSET=utf8;

--
-- Dumping data for table `vtiger_blocks_seq`
--

INSERT INTO `vtiger_blocks_seq` (`id`) VALUES
(156);

-- --------------------------------------------------------

--
-- Table structure for table `vtiger_businesstype`
--

CREATE TABLE IF NOT EXISTS `vtiger_businesstype` (
  `businesstypeid` int(19) NOT NULL AUTO_INCREMENT,
  `businesstype` varchar(200) NOT NULL,
  `sortorderid` int(19) NOT NULL DEFAULT '0',
  `presence` int(1) NOT NULL DEFAULT '1',
  PRIMARY KEY (`businesstypeid`),
  UNIQUE KEY `businesstype_businesstype_idx` (`businesstype`)
) ENGINE=InnoDB DEFAULT CHARSET=utf8 AUTO_INCREMENT=1 ;

-- --------------------------------------------------------

--
-- Table structure for table `vtiger_campaign`
--

CREATE TABLE IF NOT EXISTS `vtiger_campaign` (
  `campaign_no` varchar(100) NOT NULL,
  `campaignname` varchar(255) DEFAULT NULL,
  `campaigntype` varchar(200) DEFAULT NULL,
  `campaignstatus` varchar(200) DEFAULT NULL,
  `expectedrevenue` decimal(25,3) DEFAULT NULL,
  `budgetcost` decimal(25,3) DEFAULT NULL,
  `actualcost` decimal(25,3) DEFAULT NULL,
  `expectedresponse` varchar(200) DEFAULT NULL,
  `numsent` decimal(11,0) DEFAULT NULL,
  `product_id` int(19) DEFAULT NULL,
  `sponsor` varchar(255) DEFAULT NULL,
  `targetaudience` varchar(255) DEFAULT NULL,
  `targetsize` int(19) DEFAULT NULL,
  `expectedresponsecount` int(19) DEFAULT NULL,
  `expectedsalescount` int(19) DEFAULT NULL,
  `expectedroi` decimal(25,3) DEFAULT NULL,
  `actualresponsecount` int(19) DEFAULT NULL,
  `actualsalescount` int(19) DEFAULT NULL,
  `actualroi` decimal(25,3) DEFAULT NULL,
  `campaignid` int(19) NOT NULL,
  `closingdate` date DEFAULT NULL,
  PRIMARY KEY (`campaignid`),
  KEY `campaign_campaignstatus_idx` (`campaignstatus`),
  KEY `campaign_campaignname_idx` (`campaignname`),
  KEY `campaign_campaignid_idx` (`campaignid`)
) ENGINE=InnoDB DEFAULT CHARSET=utf8;

--
-- Dumping data for table `vtiger_campaign`
--

INSERT INTO `vtiger_campaign` (`campaign_no`, `campaignname`, `campaigntype`, `campaignstatus`, `expectedrevenue`, `budgetcost`, `actualcost`, `expectedresponse`, `numsent`, `product_id`, `sponsor`, `targetaudience`, `targetsize`, `expectedresponsecount`, `expectedsalescount`, `expectedroi`, `actualresponsecount`, `actualsalescount`, `actualroi`, `campaignid`, `closingdate`) VALUES
('CAM1', 'User Conference', 'Conference', 'Planning', '250000.000', '25000.000', '23500.000', '', '2000', 0, 'Finace', 'Managers', 210000, 2500, 25000, '23.000', 250, 1250, '21.000', 122, '2003-01-02'),
('CAM2', 'International Electrical Engineers Association Trade Show', 'Trade Show', 'Planning', '750000.000', '50000.000', '45000.000', '', '2500', 0, 'Marketing', 'CEOs', 13390, 7500, 50000, '45.000', 750, 5200, '14.000', 123, '2004-02-03'),
('CAM3', 'DM Campaign to Top Customers', 'Direct Mail', 'Completed', '500000.000', '90000.000', '80000.000', '', '3000', 0, 'Sales', 'Rookies', 187424, 5000, 90000, '82.000', 1500, 2390, '12.000', 124, '2005-04-12');

-- --------------------------------------------------------

--
-- Table structure for table `vtiger_campaignaccountrel`
--

CREATE TABLE IF NOT EXISTS `vtiger_campaignaccountrel` (
  `campaignid` int(19) DEFAULT NULL,
  `accountid` int(19) DEFAULT NULL,
  `campaignrelstatusid` int(19) DEFAULT NULL
) ENGINE=InnoDB DEFAULT CHARSET=utf8;

-- --------------------------------------------------------

--
-- Table structure for table `vtiger_campaigncontrel`
--

CREATE TABLE IF NOT EXISTS `vtiger_campaigncontrel` (
  `campaignid` int(19) NOT NULL DEFAULT '0',
  `contactid` int(19) NOT NULL DEFAULT '0',
  `campaignrelstatusid` int(19) NOT NULL DEFAULT '0',
  PRIMARY KEY (`campaignid`,`contactid`,`campaignrelstatusid`),
  KEY `campaigncontrel_contractid_idx` (`contactid`)
) ENGINE=InnoDB DEFAULT CHARSET=utf8;

-- --------------------------------------------------------

--
-- Table structure for table `vtiger_campaignleadrel`
--

CREATE TABLE IF NOT EXISTS `vtiger_campaignleadrel` (
  `campaignid` int(19) NOT NULL DEFAULT '0',
  `leadid` int(19) NOT NULL DEFAULT '0',
  `campaignrelstatusid` int(19) NOT NULL DEFAULT '0',
  PRIMARY KEY (`campaignid`,`leadid`,`campaignrelstatusid`),
  KEY `campaignleadrel_leadid_campaignid_idx` (`leadid`,`campaignid`)
) ENGINE=InnoDB DEFAULT CHARSET=utf8;

-- --------------------------------------------------------

--
-- Table structure for table `vtiger_campaignrelstatus`
--

CREATE TABLE IF NOT EXISTS `vtiger_campaignrelstatus` (
  `campaignrelstatusid` int(19) DEFAULT NULL,
  `campaignrelstatus` varchar(256) DEFAULT NULL,
  `sortorderid` int(19) DEFAULT NULL,
  `presence` int(19) DEFAULT NULL
) ENGINE=InnoDB DEFAULT CHARSET=utf8;

--
-- Dumping data for table `vtiger_campaignrelstatus`
--

INSERT INTO `vtiger_campaignrelstatus` (`campaignrelstatusid`, `campaignrelstatus`, `sortorderid`, `presence`) VALUES
(1, '--None--', 0, 1),
(2, 'Contacted - Successful', 1, 1),
(3, 'Contacted - Unsuccessful', 2, 1),
(4, 'Contacted - Never Contact Again', 3, 1);

-- --------------------------------------------------------

--
-- Table structure for table `vtiger_campaignrelstatus_seq`
--

CREATE TABLE IF NOT EXISTS `vtiger_campaignrelstatus_seq` (
  `id` int(11) NOT NULL
) ENGINE=InnoDB DEFAULT CHARSET=utf8;

--
-- Dumping data for table `vtiger_campaignrelstatus_seq`
--

INSERT INTO `vtiger_campaignrelstatus_seq` (`id`) VALUES
(4);

-- --------------------------------------------------------

--
-- Table structure for table `vtiger_campaignscf`
--

CREATE TABLE IF NOT EXISTS `vtiger_campaignscf` (
  `campaignid` int(19) NOT NULL DEFAULT '0',
  PRIMARY KEY (`campaignid`)
) ENGINE=InnoDB DEFAULT CHARSET=utf8;

--
-- Dumping data for table `vtiger_campaignscf`
--

INSERT INTO `vtiger_campaignscf` (`campaignid`) VALUES
(122),
(123),
(124);

-- --------------------------------------------------------

--
-- Table structure for table `vtiger_campaignstatus`
--

CREATE TABLE IF NOT EXISTS `vtiger_campaignstatus` (
  `campaignstatusid` int(19) NOT NULL AUTO_INCREMENT,
  `campaignstatus` varchar(200) NOT NULL,
  `presence` int(1) NOT NULL DEFAULT '1',
  `picklist_valueid` int(19) NOT NULL DEFAULT '0',
  PRIMARY KEY (`campaignstatusid`),
  KEY `campaignstatus_campaignstatus_idx` (`campaignstatus`)
) ENGINE=InnoDB  DEFAULT CHARSET=utf8 AUTO_INCREMENT=7 ;

--
-- Dumping data for table `vtiger_campaignstatus`
--

INSERT INTO `vtiger_campaignstatus` (`campaignstatusid`, `campaignstatus`, `presence`, `picklist_valueid`) VALUES
(1, '--None--', 1, 14),
(2, 'Planning', 1, 15),
(3, 'Active', 1, 16),
(4, 'Inactive', 1, 17),
(5, 'Completed', 1, 18),
(6, 'Cancelled', 1, 19);

-- --------------------------------------------------------

--
-- Table structure for table `vtiger_campaignstatus_seq`
--

CREATE TABLE IF NOT EXISTS `vtiger_campaignstatus_seq` (
  `id` int(11) NOT NULL
) ENGINE=InnoDB DEFAULT CHARSET=utf8;

--
-- Dumping data for table `vtiger_campaignstatus_seq`
--

INSERT INTO `vtiger_campaignstatus_seq` (`id`) VALUES
(6);

-- --------------------------------------------------------

--
-- Table structure for table `vtiger_campaigntype`
--

CREATE TABLE IF NOT EXISTS `vtiger_campaigntype` (
  `campaigntypeid` int(19) NOT NULL AUTO_INCREMENT,
  `campaigntype` varchar(200) NOT NULL,
  `presence` int(1) NOT NULL DEFAULT '1',
  `picklist_valueid` int(19) NOT NULL DEFAULT '0',
  PRIMARY KEY (`campaigntypeid`),
  UNIQUE KEY `campaigntype_campaigntype_idx` (`campaigntype`)
) ENGINE=InnoDB  DEFAULT CHARSET=utf8 AUTO_INCREMENT=14 ;

--
-- Dumping data for table `vtiger_campaigntype`
--

INSERT INTO `vtiger_campaigntype` (`campaigntypeid`, `campaigntype`, `presence`, `picklist_valueid`) VALUES
(1, '--None--', 1, 20),
(2, 'Conference', 1, 21),
(3, 'Webinar', 1, 22),
(4, 'Trade Show', 1, 23),
(5, 'Public Relations', 1, 24),
(6, 'Partners', 1, 25),
(7, 'Referral Program', 1, 26),
(8, 'Advertisement', 1, 27),
(9, 'Banner Ads', 1, 28),
(10, 'Direct Mail', 1, 29),
(11, 'Email', 1, 30),
(12, 'Telemarketing', 1, 31),
(13, 'Others', 1, 32);

-- --------------------------------------------------------

--
-- Table structure for table `vtiger_campaigntype_seq`
--

CREATE TABLE IF NOT EXISTS `vtiger_campaigntype_seq` (
  `id` int(11) NOT NULL
) ENGINE=InnoDB DEFAULT CHARSET=utf8;

--
-- Dumping data for table `vtiger_campaigntype_seq`
--

INSERT INTO `vtiger_campaigntype_seq` (`id`) VALUES
(13);

-- --------------------------------------------------------

--
-- Table structure for table `vtiger_carrier`
--

CREATE TABLE IF NOT EXISTS `vtiger_carrier` (
  `carrierid` int(19) NOT NULL AUTO_INCREMENT,
  `carrier` varchar(200) NOT NULL,
  `presence` int(1) NOT NULL DEFAULT '1',
  `picklist_valueid` int(19) NOT NULL DEFAULT '0',
  PRIMARY KEY (`carrierid`),
  UNIQUE KEY `carrier_carrier_idx` (`carrier`)
) ENGINE=InnoDB  DEFAULT CHARSET=utf8 AUTO_INCREMENT=6 ;

--
-- Dumping data for table `vtiger_carrier`
--

INSERT INTO `vtiger_carrier` (`carrierid`, `carrier`, `presence`, `picklist_valueid`) VALUES
(1, 'FedEx', 1, 33),
(2, 'UPS', 1, 34),
(3, 'USPS', 1, 35),
(4, 'DHL', 1, 36),
(5, 'BlueDart', 1, 37);

-- --------------------------------------------------------

--
-- Table structure for table `vtiger_carrier_seq`
--

CREATE TABLE IF NOT EXISTS `vtiger_carrier_seq` (
  `id` int(11) NOT NULL
) ENGINE=InnoDB DEFAULT CHARSET=utf8;

--
-- Dumping data for table `vtiger_carrier_seq`
--

INSERT INTO `vtiger_carrier_seq` (`id`) VALUES
(5);

-- --------------------------------------------------------

--
-- Table structure for table `vtiger_chat_msg`
--

CREATE TABLE IF NOT EXISTS `vtiger_chat_msg` (
  `id` int(20) NOT NULL AUTO_INCREMENT,
  `chat_from` int(20) NOT NULL DEFAULT '0',
  `chat_to` int(20) NOT NULL DEFAULT '0',
  `born` datetime DEFAULT NULL,
  `msg` varchar(255) NOT NULL,
  PRIMARY KEY (`id`),
  KEY `chat_msg_chat_from_idx` (`chat_from`),
  KEY `chat_msg_chat_to_idx` (`chat_to`),
  KEY `chat_msg_born_idx` (`born`)
) ENGINE=InnoDB DEFAULT CHARSET=utf8 AUTO_INCREMENT=1 ;

-- --------------------------------------------------------

--
-- Table structure for table `vtiger_chat_pchat`
--

CREATE TABLE IF NOT EXISTS `vtiger_chat_pchat` (
  `id` int(20) NOT NULL AUTO_INCREMENT,
  `msg` int(20) DEFAULT '0',
  PRIMARY KEY (`id`),
  UNIQUE KEY `chat_pchat_msg_idx` (`msg`)
) ENGINE=InnoDB DEFAULT CHARSET=utf8 AUTO_INCREMENT=1 ;

-- --------------------------------------------------------

--
-- Table structure for table `vtiger_chat_pvchat`
--

CREATE TABLE IF NOT EXISTS `vtiger_chat_pvchat` (
  `id` int(20) NOT NULL AUTO_INCREMENT,
  `msg` int(20) DEFAULT '0',
  PRIMARY KEY (`id`),
  UNIQUE KEY `chat_pvchat_msg_idx` (`msg`)
) ENGINE=InnoDB DEFAULT CHARSET=utf8 AUTO_INCREMENT=1 ;

-- --------------------------------------------------------

--
-- Table structure for table `vtiger_chat_users`
--

CREATE TABLE IF NOT EXISTS `vtiger_chat_users` (
  `id` int(20) NOT NULL AUTO_INCREMENT,
  `nick` varchar(50) NOT NULL,
  `session` varchar(50) NOT NULL,
  `ip` varchar(20) NOT NULL DEFAULT '000.000.000.000',
  `ping` datetime DEFAULT NULL,
  PRIMARY KEY (`id`),
  KEY `chat_users_nick_idx` (`nick`),
  KEY `chat_users_session_idx` (`session`),
  KEY `chat_users_ping_idx` (`ping`)
) ENGINE=InnoDB  DEFAULT CHARSET=utf8 AUTO_INCREMENT=5 ;

--
-- Dumping data for table `vtiger_chat_users`
--

INSERT INTO `vtiger_chat_users` (`id`, `nick`, `session`, `ip`, `ping`) VALUES
(4, 'admin', '3u7em7najk3lgvu5b9i10udep4', '192.168.1.101', '2013-07-11 14:45:02');

-- --------------------------------------------------------

--
-- Table structure for table `vtiger_cntactivityrel`
--

CREATE TABLE IF NOT EXISTS `vtiger_cntactivityrel` (
  `contactid` int(19) NOT NULL DEFAULT '0',
  `activityid` int(19) NOT NULL DEFAULT '0',
  PRIMARY KEY (`contactid`,`activityid`),
  KEY `cntactivityrel_contactid_idx` (`contactid`),
  KEY `cntactivityrel_activityid_idx` (`activityid`)
) ENGINE=InnoDB DEFAULT CHARSET=utf8;

-- --------------------------------------------------------

--
-- Table structure for table `vtiger_competitor`
--

CREATE TABLE IF NOT EXISTS `vtiger_competitor` (
  `competitorid` int(19) NOT NULL,
  `competitorname` varchar(100) NOT NULL,
  `website` varchar(100) DEFAULT NULL,
  `strength` varchar(250) DEFAULT NULL,
  `weakness` varchar(250) DEFAULT NULL,
  PRIMARY KEY (`competitorid`)
) ENGINE=InnoDB DEFAULT CHARSET=utf8;

-- --------------------------------------------------------

--
-- Table structure for table `vtiger_contactaddress`
--

CREATE TABLE IF NOT EXISTS `vtiger_contactaddress` (
  `contactaddressid` int(19) NOT NULL DEFAULT '0',
  `mailingcity` varchar(40) DEFAULT NULL,
  `mailingstreet` varchar(250) DEFAULT NULL,
  `mailingcountry` varchar(40) DEFAULT NULL,
  `othercountry` varchar(30) DEFAULT NULL,
  `mailingstate` varchar(30) DEFAULT NULL,
  `mailingpobox` varchar(30) DEFAULT NULL,
  `othercity` varchar(40) DEFAULT NULL,
  `otherstate` varchar(50) DEFAULT NULL,
  `mailingzip` varchar(30) DEFAULT NULL,
  `otherzip` varchar(30) DEFAULT NULL,
  `otherstreet` varchar(250) DEFAULT NULL,
  `otherpobox` varchar(30) DEFAULT NULL,
  PRIMARY KEY (`contactaddressid`)
) ENGINE=InnoDB DEFAULT CHARSET=utf8;

-- --------------------------------------------------------

--
-- Table structure for table `vtiger_contactdetails`
--

CREATE TABLE IF NOT EXISTS `vtiger_contactdetails` (
  `contactid` int(19) NOT NULL DEFAULT '0',
  `contact_no` varchar(100) NOT NULL,
  `accountid` int(19) DEFAULT NULL,
  `salutation` varchar(200) DEFAULT NULL,
  `firstname` varchar(40) DEFAULT NULL,
  `lastname` varchar(80) NOT NULL,
  `email` varchar(100) DEFAULT NULL,
  `phone` varchar(50) DEFAULT NULL,
  `mobile` varchar(50) DEFAULT NULL,
  `title` varchar(50) DEFAULT NULL,
  `department` varchar(30) DEFAULT NULL,
  `fax` varchar(50) DEFAULT NULL,
  `reportsto` varchar(30) DEFAULT NULL,
  `training` varchar(50) DEFAULT NULL,
  `usertype` varchar(50) DEFAULT NULL,
  `contacttype` varchar(50) DEFAULT NULL,
  `otheremail` varchar(100) DEFAULT NULL,
  `secondaryemail` varchar(100) DEFAULT NULL,
  `donotcall` varchar(3) DEFAULT NULL,
  `emailoptout` varchar(3) DEFAULT '0',
  `imagename` varchar(150) DEFAULT NULL,
  `reference` varchar(3) DEFAULT NULL,
  `notify_owner` varchar(3) DEFAULT '0',
  PRIMARY KEY (`contactid`),
  KEY `contactdetails_accountid_idx` (`accountid`)
) ENGINE=InnoDB DEFAULT CHARSET=utf8;

-- --------------------------------------------------------

--
-- Table structure for table `vtiger_contactscf`
--

CREATE TABLE IF NOT EXISTS `vtiger_contactscf` (
  `contactid` int(19) NOT NULL DEFAULT '0',
  PRIMARY KEY (`contactid`)
) ENGINE=InnoDB DEFAULT CHARSET=utf8;

-- --------------------------------------------------------

--
-- Table structure for table `vtiger_contactsubdetails`
--

CREATE TABLE IF NOT EXISTS `vtiger_contactsubdetails` (
  `contactsubscriptionid` int(19) NOT NULL DEFAULT '0',
  `homephone` varchar(50) DEFAULT NULL,
  `otherphone` varchar(50) DEFAULT NULL,
  `assistant` varchar(30) DEFAULT NULL,
  `assistantphone` varchar(50) DEFAULT NULL,
  `birthday` date DEFAULT NULL,
  `laststayintouchrequest` int(30) DEFAULT '0',
  `laststayintouchsavedate` int(19) DEFAULT '0',
  `leadsource` varchar(200) DEFAULT NULL,
  PRIMARY KEY (`contactsubscriptionid`)
) ENGINE=InnoDB DEFAULT CHARSET=utf8;

-- --------------------------------------------------------

--
-- Table structure for table `vtiger_contacttype`
--

CREATE TABLE IF NOT EXISTS `vtiger_contacttype` (
  `contacttypeid` int(19) NOT NULL AUTO_INCREMENT,
  `contacttype` varchar(200) NOT NULL,
  `sortorderid` int(19) NOT NULL DEFAULT '0',
  `presence` int(1) NOT NULL DEFAULT '1',
  PRIMARY KEY (`contacttypeid`),
  UNIQUE KEY `contacttype_contacttype_idx` (`contacttype`)
) ENGINE=InnoDB DEFAULT CHARSET=utf8 AUTO_INCREMENT=1 ;

-- --------------------------------------------------------

--
-- Table structure for table `vtiger_contpotentialrel`
--

CREATE TABLE IF NOT EXISTS `vtiger_contpotentialrel` (
  `contactid` int(19) NOT NULL DEFAULT '0',
  `potentialid` int(19) NOT NULL DEFAULT '0',
  PRIMARY KEY (`contactid`,`potentialid`),
  KEY `contpotentialrel_potentialid_idx` (`potentialid`),
  KEY `contpotentialrel_contactid_idx` (`contactid`)
) ENGINE=InnoDB DEFAULT CHARSET=utf8;

-- --------------------------------------------------------

--
-- Table structure for table `vtiger_contract_priority`
--

CREATE TABLE IF NOT EXISTS `vtiger_contract_priority` (
  `contract_priorityid` int(11) NOT NULL AUTO_INCREMENT,
  `contract_priority` varchar(200) NOT NULL,
  `presence` int(1) NOT NULL DEFAULT '1',
  `picklist_valueid` int(11) NOT NULL DEFAULT '0',
  PRIMARY KEY (`contract_priorityid`)
) ENGINE=InnoDB  DEFAULT CHARSET=utf8 AUTO_INCREMENT=4 ;

--
-- Dumping data for table `vtiger_contract_priority`
--

INSERT INTO `vtiger_contract_priority` (`contract_priorityid`, `contract_priority`, `presence`, `picklist_valueid`) VALUES
(1, 'Low', 1, 220),
(2, 'Normal', 1, 221),
(3, 'High', 1, 222);

-- --------------------------------------------------------

--
-- Table structure for table `vtiger_contract_priority_seq`
--

CREATE TABLE IF NOT EXISTS `vtiger_contract_priority_seq` (
  `id` int(11) NOT NULL
) ENGINE=InnoDB DEFAULT CHARSET=utf8;

--
-- Dumping data for table `vtiger_contract_priority_seq`
--

INSERT INTO `vtiger_contract_priority_seq` (`id`) VALUES
(3);

-- --------------------------------------------------------

--
-- Table structure for table `vtiger_contract_status`
--

CREATE TABLE IF NOT EXISTS `vtiger_contract_status` (
  `contract_statusid` int(11) NOT NULL AUTO_INCREMENT,
  `contract_status` varchar(200) NOT NULL,
  `presence` int(1) NOT NULL DEFAULT '1',
  `picklist_valueid` int(11) NOT NULL DEFAULT '0',
  PRIMARY KEY (`contract_statusid`)
) ENGINE=InnoDB  DEFAULT CHARSET=utf8 AUTO_INCREMENT=7 ;

--
-- Dumping data for table `vtiger_contract_status`
--

INSERT INTO `vtiger_contract_status` (`contract_statusid`, `contract_status`, `presence`, `picklist_valueid`) VALUES
(1, 'Undefined', 1, 214),
(2, 'In Planning', 1, 215),
(3, 'In Progress', 1, 216),
(4, 'On Hold', 1, 217),
(5, 'Complete', 0, 218),
(6, 'Archived', 1, 219);

-- --------------------------------------------------------

--
-- Table structure for table `vtiger_contract_status_seq`
--

CREATE TABLE IF NOT EXISTS `vtiger_contract_status_seq` (
  `id` int(11) NOT NULL
) ENGINE=InnoDB DEFAULT CHARSET=utf8;

--
-- Dumping data for table `vtiger_contract_status_seq`
--

INSERT INTO `vtiger_contract_status_seq` (`id`) VALUES
(6);

-- --------------------------------------------------------

--
-- Table structure for table `vtiger_contract_type`
--

CREATE TABLE IF NOT EXISTS `vtiger_contract_type` (
  `contract_typeid` int(11) NOT NULL AUTO_INCREMENT,
  `contract_type` varchar(200) NOT NULL,
  `presence` int(1) NOT NULL DEFAULT '1',
  `picklist_valueid` int(11) NOT NULL DEFAULT '0',
  PRIMARY KEY (`contract_typeid`)
) ENGINE=InnoDB  DEFAULT CHARSET=utf8 AUTO_INCREMENT=4 ;

--
-- Dumping data for table `vtiger_contract_type`
--

INSERT INTO `vtiger_contract_type` (`contract_typeid`, `contract_type`, `presence`, `picklist_valueid`) VALUES
(1, 'Support', 1, 223),
(2, 'Services', 1, 224),
(3, 'Administrative', 1, 225);

-- --------------------------------------------------------

--
-- Table structure for table `vtiger_contract_type_seq`
--

CREATE TABLE IF NOT EXISTS `vtiger_contract_type_seq` (
  `id` int(11) NOT NULL
) ENGINE=InnoDB DEFAULT CHARSET=utf8;

--
-- Dumping data for table `vtiger_contract_type_seq`
--

INSERT INTO `vtiger_contract_type_seq` (`id`) VALUES
(3);

-- --------------------------------------------------------

--
-- Table structure for table `vtiger_convertleadmapping`
--

CREATE TABLE IF NOT EXISTS `vtiger_convertleadmapping` (
  `cfmid` int(19) NOT NULL AUTO_INCREMENT,
  `leadfid` int(19) NOT NULL,
  `accountfid` int(19) DEFAULT NULL,
  `contactfid` int(19) DEFAULT NULL,
  `potentialfid` int(19) DEFAULT NULL,
  `editable` int(19) DEFAULT '1',
  PRIMARY KEY (`cfmid`)
) ENGINE=InnoDB  DEFAULT CHARSET=utf8 AUTO_INCREMENT=32 ;

--
-- Dumping data for table `vtiger_convertleadmapping`
--

INSERT INTO `vtiger_convertleadmapping` (`cfmid`, `leadfid`, `accountfid`, `contactfid`, `potentialfid`, `editable`) VALUES
(1, 43, 1, 0, 110, 0),
(2, 49, 14, 0, 0, 1),
(3, 40, 3, 69, 0, NULL),
(4, 0, 0, 0, 0, NULL),
(5, 44, 5, 77, 0, 1),
(6, 52, 13, 0, 0, 1),
(7, 46, 9, 80, 0, 0),
(8, 48, 4, 0, 0, 1),
(9, 61, 26, 98, 0, 1),
(10, 60, 30, 0, 0, 1),
(11, 62, 32, 104, 0, 1),
(12, 63, 28, 100, 0, 1),
(13, 59, 24, 96, 0, 1),
(14, 64, 34, 106, 0, 1),
(15, 61, 27, 0, 0, 1),
(16, 60, 31, 0, 0, 1),
(17, 62, 33, 0, 0, 1),
(18, 63, 29, 0, 0, 1),
(19, 59, 25, 0, 0, 1),
(20, 64, 35, 0, 0, 1),
(21, 65, 36, 109, 125, 1),
(22, 37, 0, 66, 0, 1),
(23, 38, 0, 67, 0, 0),
(24, 41, 0, 70, 0, 0),
(25, 42, 0, 71, 0, 1),
(26, 45, 0, 76, 0, 1),
(27, 55, 0, 83, 0, 1),
(28, 47, 0, 74, 117, 1),
(29, 50, 0, 0, 0, 1),
(30, 53, 10, 0, 0, 1),
(31, 51, 17, 0, 0, 1);

-- --------------------------------------------------------

--
-- Table structure for table `vtiger_crmcomments`
--

CREATE TABLE IF NOT EXISTS `vtiger_crmcomments` (
  `commentid` int(19) NOT NULL AUTO_INCREMENT,
  `crmid` int(19) DEFAULT NULL,
  `comments` text,
  `ownerid` int(19) NOT NULL DEFAULT '0',
  `ownertype` varchar(10) DEFAULT NULL,
  `createdtime` datetime NOT NULL,
  PRIMARY KEY (`commentid`),
  KEY `crmcomments_crmid_idx` (`crmid`)
) ENGINE=InnoDB DEFAULT CHARSET=utf8 AUTO_INCREMENT=1 ;

-- --------------------------------------------------------

--
-- Table structure for table `vtiger_crmentity`
--

CREATE TABLE IF NOT EXISTS `vtiger_crmentity` (
  `crmid` int(19) NOT NULL,
  `smcreatorid` int(19) NOT NULL DEFAULT '0',
  `smownerid` int(19) NOT NULL DEFAULT '0',
  `modifiedby` int(19) NOT NULL DEFAULT '0',
  `setype` varchar(30) NOT NULL,
  `description` text,
  `createdtime` datetime NOT NULL,
  `modifiedtime` datetime NOT NULL,
  `viewedtime` datetime DEFAULT NULL,
  `status` varchar(50) DEFAULT NULL,
  `version` int(19) NOT NULL DEFAULT '0',
  `presence` int(1) DEFAULT '1',
  `deleted` int(1) NOT NULL DEFAULT '0',
  PRIMARY KEY (`crmid`),
  KEY `crmentity_smcreatorid_idx` (`smcreatorid`),
  KEY `crmentity_modifiedby_idx` (`modifiedby`),
  KEY `crmentity_deleted_idx` (`deleted`),
  KEY `crm_ownerid_del_setype_idx` (`smownerid`,`deleted`,`setype`)
) ENGINE=InnoDB DEFAULT CHARSET=utf8;

--
-- Dumping data for table `vtiger_crmentity`
--

INSERT INTO `vtiger_crmentity` (`crmid`, `smcreatorid`, `smownerid`, `modifiedby`, `setype`, `description`, `createdtime`, `modifiedtime`, `viewedtime`, `status`, `version`, `presence`, `deleted`) VALUES
(236, 1, 1, 1, 'HomeOwner', NULL, '2013-07-04 07:08:19', '2013-07-05 07:29:56', '2013-07-05 07:29:53', NULL, 0, 1, 1),
(237, 1, 1, 1, 'House', NULL, '2013-07-04 07:08:32', '2013-07-05 07:30:44', '2013-07-04 07:08:32', NULL, 0, 1, 1),
(238, 1, 1, 1, 'House', NULL, '2013-07-04 07:09:01', '2013-07-05 07:30:44', '2013-07-04 08:25:25', NULL, 0, 1, 1),
(239, 1, 1, 1, 'Billing', NULL, '2013-07-04 07:09:17', '2013-07-05 07:30:27', '2013-07-04 07:09:18', NULL, 0, 1, 1),
(240, 1, 1, 1, 'Billing', NULL, '2013-07-04 07:09:31', '2013-07-05 07:30:27', '2013-07-04 07:09:32', NULL, 0, 1, 1),
(241, 1, 1, 1, 'MemoAdvice', '', '2013-07-04 07:10:05', '2013-07-05 07:30:18', '2013-07-04 07:10:06', NULL, 0, 1, 1),
(242, 1, 1, 1, 'HomeOwner', NULL, '2013-07-04 07:10:37', '2013-07-25 09:15:57', '2013-07-24 07:42:43', NULL, 0, 1, 0),
(243, 1, 1, 1, 'House', NULL, '2013-07-04 07:10:46', '2013-07-12 08:56:41', '2013-07-12 08:33:26', NULL, 0, 1, 0),
(244, 1, 1, 1, 'Billing', NULL, '2013-07-04 07:11:18', '2013-07-12 08:38:41', '2013-07-04 07:11:18', NULL, 0, 1, 0),
(245, 1, 1, 1, 'MemoAdvice', '', '2013-07-04 07:11:34', '2013-07-04 07:12:30', '2013-07-04 07:12:21', NULL, 0, 1, 0),
(246, 1, 1, 1, 'House', NULL, '2013-07-04 07:11:52', '2013-07-12 06:55:43', '2013-07-08 01:31:56', NULL, 0, 1, 0),
(247, 1, 1, 1, 'Payments', NULL, '2013-07-04 07:12:17', '2013-07-04 07:12:17', '2013-07-04 07:12:18', NULL, 0, 1, 0),
(248, 1, 1, 1, 'Payments', NULL, '2013-07-04 07:12:30', '2013-07-04 07:12:30', '2013-07-04 07:12:31', NULL, 0, 1, 0),
(249, 1, 1, 1, 'MemoAdvice', '', '2013-07-04 07:14:57', '2013-07-05 07:30:18', '2013-07-04 07:14:58', NULL, 0, 1, 1),
(250, 1, 1, 1, 'ModComments', NULL, '2013-07-04 07:17:51', '2013-07-04 07:17:51', NULL, NULL, 0, 1, 0),
(251, 1, 1, 1, 'ModComments', NULL, '2013-07-04 07:18:03', '2013-07-04 07:18:03', NULL, NULL, 0, 1, 0),
(252, 1, 1, 1, 'Cars', NULL, '2013-07-04 07:30:41', '2013-07-04 07:30:51', '2013-07-04 07:30:47', NULL, 0, 1, 1),
(253, 1, 1, 1, 'Cars', NULL, '2013-07-04 07:31:48', '2013-07-04 07:31:51', '2013-07-04 07:31:49', NULL, 0, 1, 1),
(254, 1, 1, 1, 'Cars', NULL, '2013-07-04 07:32:20', '2013-07-05 07:31:00', '2013-07-04 07:56:57', NULL, 0, 1, 1),
(255, 1, 1, 1, 'Cars', NULL, '2013-07-04 07:56:16', '2013-07-04 07:56:23', '2013-07-04 07:56:21', NULL, 0, 1, 1),
(256, 1, 1, 1, 'Cars', NULL, '2013-07-04 07:57:20', '2013-07-05 07:31:00', '2013-07-04 08:27:24', NULL, 0, 1, 1),
(257, 1, 1, 1, 'Cars', NULL, '2013-07-04 08:05:40', '2013-07-05 07:31:00', '2013-07-04 08:25:46', NULL, 0, 1, 1),
(258, 1, 1, 1, 'Cars', NULL, '2013-07-04 08:15:57', '2013-07-05 08:02:25', '2013-07-12 07:51:22', NULL, 0, 1, 0),
(259, 1, 1, 1, 'MemoAdvice', '', '2013-07-04 08:26:28', '2013-07-05 07:30:18', '2013-07-04 08:26:28', NULL, 0, 1, 1),
(260, 1, 1, 1, 'Emails', '<p>\r\n	cc</p>', '2013-07-04 09:54:17', '2013-07-04 09:54:17', NULL, NULL, 0, 1, 0),
(261, 1, 1, 1, 'MemoAdvice', '', '2013-07-05 07:29:11', '2013-07-05 07:30:18', '2013-07-05 07:29:12', NULL, 0, 1, 1),
(262, 1, 1, 1, 'MemoAdvice', '', '2013-07-05 07:31:22', '2013-07-05 08:17:18', '2013-07-05 07:31:23', NULL, 0, 1, 0),
(263, 1, 1, 1, 'HomeOwner', NULL, '2013-07-05 07:37:28', '2013-07-12 06:55:50', '2013-07-12 08:34:17', NULL, 0, 1, 0),
(264, 1, 1, 1, 'House', NULL, '2013-07-05 07:37:41', '2013-07-12 06:55:50', '2013-07-08 10:25:33', NULL, 0, 1, 0),
(265, 1, 1, 1, 'Cars', NULL, '2013-07-05 07:38:11', '2013-07-05 07:38:11', '2013-07-05 07:38:12', NULL, 0, 1, 0),
(266, 1, 1, 1, 'Billing', NULL, '2013-07-05 07:40:50', '2013-07-26 02:36:59', '2013-07-05 07:41:48', NULL, 0, 1, 0),
(267, 1, 1, 1, 'MemoAdvice', '', '2013-07-05 07:41:04', '2013-07-26 02:36:43', '2013-07-05 07:41:05', NULL, 0, 1, 0),
(268, 1, 1, 1, 'Cars', NULL, '2013-07-05 07:42:05', '2013-07-05 07:42:05', '2013-07-05 07:42:05', NULL, 0, 1, 0),
(269, 1, 1, 1, 'House', NULL, '2013-07-05 07:42:20', '2013-07-12 08:34:55', '2013-07-12 08:34:56', NULL, 0, 1, 0),
(270, 1, 1, 1, 'House', NULL, '2013-07-05 07:43:07', '2013-07-12 09:35:33', '2013-07-05 07:43:08', NULL, 0, 1, 0),
(271, 1, 1, 1, 'Cars', NULL, '2013-07-05 08:02:11', '2013-07-25 09:15:57', '2013-07-25 09:15:58', NULL, 0, 1, 0),
(272, 1, 1, 1, 'Cars', NULL, '2013-07-05 08:04:59', '2013-07-05 08:04:59', '2013-07-05 08:14:22', NULL, 0, 1, 0),
(273, 1, 1, 1, 'MemoAdvice', '', '2013-07-05 08:05:46', '2013-07-24 07:36:21', '2013-07-10 01:43:26', NULL, 0, 1, 0),
(274, 1, 1, 1, 'ModComments', NULL, '2013-07-05 08:14:39', '2013-07-05 08:14:39', NULL, NULL, 0, 1, 0),
(275, 1, 1, 1, 'Billing', NULL, '2013-07-08 02:20:18', '2013-07-08 03:41:22', '2013-07-08 03:58:18', NULL, 0, 1, 0),
(276, 1, 1, 1, 'Billing', NULL, '2013-07-08 02:20:51', '2013-07-09 07:32:56', '2013-07-09 07:32:45', NULL, 0, 1, 0),
(277, 1, 1, 1, 'Payments', NULL, '2013-07-08 02:21:35', '2013-07-08 02:21:35', '2013-07-08 02:21:36', NULL, 0, 1, 0),
(278, 1, 1, 1, 'Payments', NULL, '2013-07-08 03:39:59', '2013-07-08 03:39:59', '2013-07-08 03:40:49', NULL, 0, 1, 0),
(279, 1, 1, 1, 'Payments', NULL, '2013-07-08 03:40:18', '2013-07-08 03:41:22', '2013-07-08 03:41:23', NULL, 0, 1, 0),
(280, 1, 1, 1, 'Billing', NULL, '2013-07-08 03:46:06', '2013-07-08 06:14:23', '2013-07-09 09:22:46', NULL, 0, 1, 0),
(281, 1, 1, 1, 'Payments', NULL, '2013-07-08 04:00:49', '2013-07-08 04:00:49', '2013-07-08 06:13:31', NULL, 0, 1, 0),
(282, 1, 1, 1, 'Payments', NULL, '2013-07-08 04:01:10', '2013-07-08 04:01:10', '2013-07-08 04:01:11', NULL, 0, 1, 0),
(283, 1, 1, 1, 'Billing', NULL, '2013-07-08 05:35:50', '2013-07-08 10:24:43', '2013-07-08 10:24:36', NULL, 0, 1, 0),
(284, 1, 1, 1, 'Billing', NULL, '2013-07-08 05:36:18', '2013-07-08 05:36:34', '2013-07-08 05:36:28', NULL, 0, 1, 0),
(285, 1, 1, 1, 'Payments', NULL, '2013-07-08 05:36:24', '2013-07-08 05:36:24', '2013-07-08 06:11:16', NULL, 0, 1, 0),
(286, 1, 1, 1, 'Payments', NULL, '2013-07-08 05:36:34', '2013-07-08 05:36:34', '2013-07-08 06:03:53', NULL, 0, 1, 0),
(287, 1, 1, 1, 'Payments', NULL, '2013-07-08 06:14:23', '2013-07-08 06:14:23', '2013-07-08 06:14:24', NULL, 0, 1, 0),
(288, 1, 1, 1, 'ModComments', NULL, '2013-07-08 10:03:44', '2013-07-08 10:03:44', NULL, NULL, 0, 1, 0),
(289, 1, 1, 1, 'Payments', NULL, '2013-07-08 10:24:43', '2013-07-08 10:24:43', '2013-07-08 10:24:43', NULL, 0, 1, 0),
(290, 1, 1, 1, 'Payments', NULL, '2013-07-09 07:32:56', '2013-07-09 07:32:56', '2013-07-09 07:32:57', NULL, 0, 1, 0),
(291, 1, 1, 1, 'ReportsKHA', NULL, '2013-07-10 02:34:54', '2013-07-12 02:44:31', '2013-07-12 02:41:06', NULL, 0, 1, 1),
(292, 1, 1, 1, 'ReportsKHA', NULL, '2013-07-10 09:26:00', '2013-07-12 02:14:23', '2013-07-11 02:39:52', NULL, 0, 1, 1),
(293, 1, 1, 1, 'ReportsKHA', NULL, '2013-07-10 09:32:55', '2013-07-12 02:14:23', '2013-07-11 02:39:17', NULL, 0, 1, 1),
(294, 1, 1, 1, 'ReportsKHA', NULL, '2013-07-11 02:39:27', '2013-07-12 02:14:23', '2013-07-11 02:39:28', NULL, 0, 1, 1),
(295, 1, 1, 1, 'ReportsKHA', NULL, '2013-07-11 02:40:12', '2013-07-12 02:14:23', '2013-07-11 06:54:52', NULL, 0, 1, 1),
(296, 1, 1, 1, 'HomeOwner', NULL, '2013-07-11 03:48:22', '2013-07-15 01:32:50', '2013-07-11 06:29:10', NULL, 0, 1, 0),
(297, 1, 1, 1, 'House', NULL, '2013-07-11 03:48:35', '2013-07-15 01:32:50', '2013-07-11 03:48:35', NULL, 0, 1, 0),
(298, 1, 1, 1, 'Cars', NULL, '2013-07-11 03:48:53', '2013-07-11 03:48:53', '2013-07-25 09:14:44', NULL, 0, 1, 0),
(299, 1, 1, 1, 'ReportsKHA', NULL, '2013-07-12 02:45:05', '2013-07-12 02:46:19', NULL, NULL, 0, 1, 1),
(300, 1, 1, 1, 'ReportsKHA', NULL, '2013-07-12 02:46:33', '2013-07-12 02:47:09', NULL, NULL, 0, 1, 1),
(301, 1, 1, 1, 'ReportsKHA', NULL, '2013-07-12 02:47:21', '2013-07-12 02:49:02', NULL, NULL, 0, 1, 1),
(302, 1, 1, 1, 'ReportsKHA', NULL, '2013-07-12 02:49:13', '2013-07-12 03:00:43', '2013-07-12 02:49:14', NULL, 0, 1, 1),
(303, 1, 1, 1, 'ReportsKHA', NULL, '2013-07-12 03:00:59', '2013-07-12 03:02:12', '2013-07-12 03:01:00', NULL, 0, 1, 1),
(304, 1, 1, 1, 'ReportsKHA', NULL, '2013-07-12 03:02:23', '2013-07-12 03:03:06', '2013-07-12 03:02:24', NULL, 0, 1, 1),
(305, 1, 1, 1, 'ReportsKHA', NULL, '2013-07-12 03:03:18', '2013-07-12 03:04:52', '2013-07-12 03:03:18', NULL, 0, 1, 1),
(306, 1, 1, 1, 'ReportsKHA', NULL, '2013-07-12 03:05:02', '2013-07-12 03:05:52', NULL, NULL, 0, 1, 1),
(307, 1, 1, 1, 'ReportsKHA', NULL, '2013-07-12 03:06:03', '2013-07-12 03:06:46', NULL, NULL, 0, 1, 1),
(308, 1, 1, 1, 'ReportsKHA', NULL, '2013-07-12 03:06:56', '2013-07-12 03:25:13', '2013-07-12 03:07:10', NULL, 0, 1, 0),
(309, 1, 1, 1, 'ReportsKHA', NULL, '2013-07-12 03:10:01', '2013-07-12 03:10:01', '2013-07-12 03:10:02', NULL, 0, 1, 0),
(310, 1, 1, 1, 'ReportsKHA', NULL, '2013-07-12 03:42:20', '2013-07-12 03:42:20', '2013-07-12 03:42:21', NULL, 0, 1, 0),
(311, 1, 1, 1, 'ReportsKHA', NULL, '2013-07-12 03:43:16', '2013-07-12 07:30:13', '2013-07-12 03:43:17', NULL, 0, 1, 1),
(312, 1, 1, 1, 'ReportsKHA', NULL, '2013-07-12 08:35:37', '2013-07-12 08:36:15', '2013-07-12 08:35:37', NULL, 0, 1, 1),
(313, 1, 1, 1, 'ReportsKHA', NULL, '2013-07-12 09:38:27', '2013-07-12 09:40:10', '2013-07-12 09:38:27', NULL, 0, 1, 1),
(314, 1, 1, 1, 'Payments', NULL, '2013-07-26 02:36:43', '2013-07-26 02:36:43', '2013-07-26 02:36:44', NULL, 0, 1, 0),
(315, 1, 1, 1, 'Payments', NULL, '2013-07-26 02:36:59', '2013-07-26 02:36:59', '2013-07-26 02:37:01', NULL, 0, 1, 0),
(316, 1, 1, 1, 'Cars', NULL, '2013-07-26 02:38:02', '2013-07-26 02:38:02', NULL, NULL, 0, 1, 0),
(317, 7, 7, 7, 'TestModule', NULL, '2014-09-23 11:46:25', '2014-09-29 11:26:12', '2014-09-29 11:26:14', NULL, 0, 1, 0),
(318, 7, 7, 7, 'TestModule', NULL, '2014-09-23 12:03:12', '2014-09-23 12:03:27', '2014-09-23 12:03:28', NULL, 0, 1, 0),
(319, 7, 7, 7, 'ModBaToh', NULL, '2014-09-26 11:03:50', '2014-09-29 11:26:36', '2014-09-29 11:26:37', NULL, 0, 1, 0),
(320, 7, 7, 7, 'ModBaToh', NULL, '2014-09-26 11:05:21', '2014-09-26 11:05:21', '2014-09-26 11:05:22', NULL, 0, 1, 0);

-- --------------------------------------------------------

--
-- Table structure for table `vtiger_crmentitynotesrel`
--

CREATE TABLE IF NOT EXISTS `vtiger_crmentitynotesrel` (
  `crmid` int(19) NOT NULL DEFAULT '0',
  `notesid` int(19) NOT NULL DEFAULT '0',
  PRIMARY KEY (`crmid`,`notesid`),
  KEY `crmentitynotesrel_notesid_idx` (`notesid`),
  KEY `crmentitynotesrel_crmid_idx` (`crmid`)
) ENGINE=InnoDB DEFAULT CHARSET=utf8;

-- --------------------------------------------------------

--
-- Table structure for table `vtiger_crmentityrel`
--

CREATE TABLE IF NOT EXISTS `vtiger_crmentityrel` (
  `crmid` int(11) NOT NULL,
  `module` varchar(100) NOT NULL,
  `relcrmid` int(11) NOT NULL,
  `relmodule` varchar(100) NOT NULL
) ENGINE=InnoDB DEFAULT CHARSET=utf8;

--
-- Dumping data for table `vtiger_crmentityrel`
--

INSERT INTO `vtiger_crmentityrel` (`crmid`, `module`, `relcrmid`, `relmodule`) VALUES
(134, 'HomeOwner', 143, 'AdvancePayment'),
(134, 'HomeOwner', 144, 'Payments'),
(134, 'HomeOwner', 145, 'Payments'),
(134, 'HomeOwner', 146, 'Payments'),
(134, 'HomeOwner', 148, 'Payments'),
(134, 'HomeOwner', 157, 'Billing'),
(134, 'HomeOwner', 158, 'Billing'),
(134, 'HomeOwner', 159, 'Billing'),
(134, 'HomeOwner', 160, 'Billing');

-- --------------------------------------------------------

--
-- Table structure for table `vtiger_crmentity_seq`
--

CREATE TABLE IF NOT EXISTS `vtiger_crmentity_seq` (
  `id` int(11) NOT NULL
) ENGINE=InnoDB DEFAULT CHARSET=utf8;

--
-- Dumping data for table `vtiger_crmentity_seq`
--

INSERT INTO `vtiger_crmentity_seq` (`id`) VALUES
(320);

-- --------------------------------------------------------

--
-- Table structure for table `vtiger_cron_task`
--

CREATE TABLE IF NOT EXISTS `vtiger_cron_task` (
  `id` int(11) NOT NULL AUTO_INCREMENT,
  `name` varchar(100) DEFAULT NULL,
  `handler_file` varchar(100) DEFAULT NULL,
  `frequency` int(11) DEFAULT NULL,
  `laststart` mediumtext,
  `lastend` mediumtext,
  `status` int(11) DEFAULT NULL,
  `module` varchar(100) DEFAULT NULL,
  `sequence` int(11) DEFAULT NULL,
  `description` text,
  PRIMARY KEY (`id`),
  UNIQUE KEY `name` (`name`),
  UNIQUE KEY `handler_file` (`handler_file`)
) ENGINE=InnoDB  DEFAULT CHARSET=utf8 AUTO_INCREMENT=7 ;

--
-- Dumping data for table `vtiger_cron_task`
--

INSERT INTO `vtiger_cron_task` (`id`, `name`, `handler_file`, `frequency`, `laststart`, `lastend`, `status`, `module`, `sequence`, `description`) VALUES
(1, 'Workflow', 'cron/modules/com_vtiger_workflow/com_vtiger_workflow.service', 900, NULL, NULL, 1, 'com_vtiger_workflow', 1, 'Recommended frequency for Workflow is 15 mins'),
(2, 'RecurringInvoice', 'cron/modules/SalesOrder/RecurringInvoice.service', 43200, NULL, NULL, 1, 'SalesOrder', 2, 'Recommended frequency for RecurringInvoice is 12 hours'),
(3, 'SendReminder', 'cron/SendReminder.service', 900, NULL, NULL, 1, 'Calendar', 3, 'Recommended frequency for SendReminder is 15 mins'),
(4, 'ScheduleReports', 'cron/modules/Reports/ScheduleReports.service', 900, NULL, NULL, 1, 'Reports', 4, 'Recommended frequency for ScheduleReports is 15 mins'),
(5, 'MailScanner', 'cron/MailScanner.service', 900, NULL, NULL, 1, 'Settings', 5, 'Recommended frequency for MailScanner is 15 mins'),
(6, 'Scheduled Import', 'cron/modules/Import/ScheduledImport.service', 900, NULL, NULL, 1, 'Import', 6, '');

-- --------------------------------------------------------

--
-- Table structure for table `vtiger_currencies`
--

CREATE TABLE IF NOT EXISTS `vtiger_currencies` (
  `currencyid` int(19) NOT NULL AUTO_INCREMENT,
  `currency_name` varchar(200) DEFAULT NULL,
  `currency_code` varchar(50) DEFAULT NULL,
  `currency_symbol` varchar(11) DEFAULT NULL,
  PRIMARY KEY (`currencyid`)
) ENGINE=InnoDB  DEFAULT CHARSET=utf8 AUTO_INCREMENT=130 ;

--
-- Dumping data for table `vtiger_currencies`
--

INSERT INTO `vtiger_currencies` (`currencyid`, `currency_name`, `currency_code`, `currency_symbol`) VALUES
(1, 'Albania, Leke', 'ALL', 'Lek'),
(2, 'Argentina, Pesos', 'ARS', '$'),
(3, 'Aruba, Guilders', 'AWG', ''),
(4, 'Australia, Dollars', 'AUD', '$'),
(5, 'Azerbaijan, New Manats', 'AZN', ''),
(6, 'Bahamas, Dollars', 'BSD', '$'),
(7, 'Bahrain, Dinar', 'BHD', 'BD'),
(8, 'Barbados, Dollars', 'BBD', '$'),
(9, 'Belarus, Rubles', 'BYR', 'p.'),
(10, 'Belize, Dollars', 'BZD', 'BZ$'),
(11, 'Bermuda, Dollars', 'BMD', '$'),
(12, 'Bolivia, Bolivianos', 'BOB', '$b'),
(13, 'China, Yuan Renminbi', 'CNY', ''),
(14, 'Convertible Marka', 'BAM', 'KM'),
(15, 'Botswana, Pulas', 'BWP', 'P'),
(16, 'Bulgaria, Leva', 'BGN', ''),
(17, 'Brazil, Reais', 'BRL', 'R$'),
(18, 'Great Britain Pounds', 'GBP', ''),
(19, 'Brunei Darussalam, Dollars', 'BND', '$'),
(20, 'Canada, Dollars', 'CAD', '$'),
(21, 'Cayman Islands, Dollars', 'KYD', '$'),
(22, 'Chile, Pesos', 'CLP', '$'),
(23, 'Colombia, Pesos', 'COP', '$'),
(24, 'Costa Rica, Coln', 'CRC', ''),
(25, 'Croatia, Kuna', 'HRK', 'kn'),
(26, 'Cuba, Pesos', 'CUP', ''),
(27, 'Czech Republic, Koruny', 'CZK', 'K'),
(28, 'Cyprus, Pounds', 'CYP', ''),
(29, 'Denmark, Kroner', 'DKK', 'kr'),
(30, 'Dominican Republic, Pesos', 'DOP', 'RD$'),
(31, 'East Caribbean, Dollars', 'XCD', '$'),
(32, 'Egypt, Pounds', 'EGP', ''),
(33, 'El Salvador, Coln', 'SVC', ''),
(34, 'England, Pounds', 'GBP', ''),
(35, 'Estonia, Krooni', 'EEK', 'kr'),
(36, 'Euro', 'EUR', ''),
(37, 'Falkland Islands, Pounds', 'FKP', ''),
(38, 'Fiji, Dollars', 'FJD', '$'),
(39, 'Ghana, Cedis', 'GHC', ''),
(40, 'Gibraltar, Pounds', 'GIP', ''),
(41, 'Guatemala, Quetzales', 'GTQ', 'Q'),
(42, 'Guernsey, Pounds', 'GGP', ''),
(43, 'Guyana, Dollars', 'GYD', '$'),
(44, 'Honduras, Lempiras', 'HNL', 'L'),
(45, 'LvHong Kong, Dollars ', 'HKD', 'HK$'),
(46, 'Hungary, Forint', 'HUF', 'Ft'),
(47, 'Iceland, Krona', 'ISK', 'kr'),
(48, 'India, Rupees', 'INR', ''),
(49, 'Indonesia, Rupiahs', 'IDR', 'Rp'),
(50, 'Iran, Rials', 'IRR', ''),
(51, 'Isle of Man, Pounds', 'IMP', ''),
(52, 'Israel, New Shekels', 'ILS', ''),
(53, 'Jamaica, Dollars', 'JMD', 'J$'),
(54, 'Japan, Yen', 'JPY', ''),
(55, 'Jersey, Pounds', 'JEP', ''),
(56, 'Jordan, Dinar', 'JOD', 'JOD'),
(57, 'Kazakhstan, Tenge', 'KZT', ''),
(58, 'Kenya, Shilling', 'KES', 'KES'),
(59, 'Korea (North), Won', 'KPW', ''),
(60, 'Korea (South), Won', 'KRW', ''),
(61, 'Kuwait, Dinar', 'KWD', 'KWD'),
(62, 'Kyrgyzstan, Soms', 'KGS', ''),
(63, 'Laos, Kips', 'LAK', ''),
(64, 'Latvia, Lati', 'LVL', 'Ls'),
(65, 'Lebanon, Pounds', 'LBP', ''),
(66, 'Liberia, Dollars', 'LRD', '$'),
(67, 'Switzerland Francs', 'CHF', 'CHF'),
(68, 'Lithuania, Litai', 'LTL', 'Lt'),
(69, 'MADAGASCAR, Malagasy Ariary', 'MGA', 'MGA'),
(70, 'Macedonia, Denars', 'MKD', ''),
(71, 'Malaysia, Ringgits', 'MYR', 'RM'),
(72, 'Malta, Liri', 'MTL', ''),
(73, 'Mauritius, Rupees', 'MUR', ''),
(74, 'Mexico, Pesos', 'MXN', '$'),
(75, 'Mongolia, Tugriks', 'MNT', ''),
(76, 'Mozambique, Meticais', 'MZN', 'MT'),
(77, 'Namibia, Dollars', 'NAD', '$'),
(78, 'Nepal, Rupees', 'NPR', ''),
(79, 'Netherlands Antilles, Guilders', 'ANG', ''),
(80, 'New Zealand, Dollars', 'NZD', '$'),
(81, 'Nicaragua, Cordobas', 'NIO', 'C$'),
(82, 'Nigeria, Nairas', 'NGN', ''),
(83, 'North Korea, Won', 'KPW', ''),
(84, 'Norway, Krone', 'NOK', 'kr'),
(85, 'Oman, Rials', 'OMR', ''),
(86, 'Pakistan, Rupees', 'PKR', ''),
(87, 'Panama, Balboa', 'PAB', 'B/.'),
(88, 'Paraguay, Guarani', 'PYG', 'Gs'),
(89, 'Peru, Nuevos Soles', 'PEN', 'S/.'),
(90, 'Philippines, Pesos', 'PHP', 'Php'),
(91, 'Poland, Zlotych', 'PLN', 'z'),
(92, 'Qatar, Rials', 'QAR', ''),
(93, 'Romania, New Lei', 'RON', 'lei'),
(94, 'Russia, Rubles', 'RUB', ''),
(95, 'Saint Helena, Pounds', 'SHP', ''),
(96, 'Saudi Arabia, Riyals', 'SAR', ''),
(97, 'Serbia, Dinars', 'RSD', '.'),
(98, 'Seychelles, Rupees', 'SCR', ''),
(99, 'Singapore, Dollars', 'SGD', '$'),
(100, 'Solomon Islands, Dollars', 'SBD', '$'),
(101, 'Somalia, Shillings', 'SOS', 'S'),
(102, 'South Africa, Rand', 'ZAR', 'R'),
(103, 'South Korea, Won', 'KRW', ''),
(104, 'Sri Lanka, Rupees', 'LKR', ''),
(105, 'Sweden, Kronor', 'SEK', 'kr'),
(106, 'Switzerland, Francs', 'CHF', 'CHF'),
(107, 'Suriname, Dollars', 'SRD', '$'),
(108, 'Syria, Pounds', 'SYP', ''),
(109, 'Taiwan, New Dollars', 'TWD', 'NT$'),
(110, 'Thailand, Baht', 'THB', ''),
(111, 'Trinidad and Tobago, Dollars', 'TTD', 'TT$'),
(112, 'Turkey, New Lira', 'TRY', 'YTL'),
(113, 'Turkey, Liras', 'TRL', ''),
(114, 'Tuvalu, Dollars', 'TVD', '$'),
(115, 'Ukraine, Hryvnia', 'UAH', ''),
(116, 'United Arab Emirates, Dirham', 'AED', 'AED'),
(117, 'United Kingdom, Pounds', 'GBP', ''),
(118, 'United Republic of Tanzania, Shilling', 'TZS', 'TZS'),
(119, 'USA, Dollars', 'USD', '$'),
(120, 'Uruguay, Pesos', 'UYU', '$U'),
(121, 'Uzbekistan, Sums', 'UZS', ''),
(122, 'Venezuela, Bolivares Fuertes', 'VEF', 'Bs'),
(123, 'Vietnam, Dong', 'VND', ''),
(124, 'Zambia, Kwacha', 'ZMK', 'ZMK'),
(125, 'Yemen, Rials', 'YER', ''),
(126, 'Zimbabwe Dollars', 'ZWD', 'Z$'),
(127, 'Malawi, Kwacha', 'MWK', 'MK'),
(128, 'Tunisian, Dinar', 'TD', 'TD'),
(129, 'Moroccan, Dirham', 'MAD', '');

-- --------------------------------------------------------

--
-- Table structure for table `vtiger_currencies_seq`
--

CREATE TABLE IF NOT EXISTS `vtiger_currencies_seq` (
  `id` int(11) NOT NULL
) ENGINE=InnoDB DEFAULT CHARSET=utf8;

--
-- Dumping data for table `vtiger_currencies_seq`
--

INSERT INTO `vtiger_currencies_seq` (`id`) VALUES
(129);

-- --------------------------------------------------------

--
-- Table structure for table `vtiger_currency`
--

CREATE TABLE IF NOT EXISTS `vtiger_currency` (
  `currencyid` int(19) NOT NULL AUTO_INCREMENT,
  `currency` varchar(200) NOT NULL,
  `sortorderid` int(19) NOT NULL DEFAULT '0',
  `presence` int(1) NOT NULL DEFAULT '1',
  PRIMARY KEY (`currencyid`),
  UNIQUE KEY `currency_currency_idx` (`currency`)
) ENGINE=InnoDB DEFAULT CHARSET=utf8 AUTO_INCREMENT=1 ;

-- --------------------------------------------------------

--
-- Table structure for table `vtiger_currency_decimal_separator`
--

CREATE TABLE IF NOT EXISTS `vtiger_currency_decimal_separator` (
  `currency_decimal_separatorid` int(19) NOT NULL AUTO_INCREMENT,
  `currency_decimal_separator` varchar(2) NOT NULL,
  `sortorderid` int(19) NOT NULL DEFAULT '0',
  `presence` int(1) NOT NULL DEFAULT '1',
  PRIMARY KEY (`currency_decimal_separatorid`)
) ENGINE=InnoDB  DEFAULT CHARSET=utf8 AUTO_INCREMENT=6 ;

--
-- Dumping data for table `vtiger_currency_decimal_separator`
--

INSERT INTO `vtiger_currency_decimal_separator` (`currency_decimal_separatorid`, `currency_decimal_separator`, `sortorderid`, `presence`) VALUES
(1, '.', 0, 1),
(2, ',', 1, 1),
(3, '''', 2, 1),
(4, ' ', 3, 1),
(5, '$', 4, 1);

-- --------------------------------------------------------

--
-- Table structure for table `vtiger_currency_decimal_separator_seq`
--

CREATE TABLE IF NOT EXISTS `vtiger_currency_decimal_separator_seq` (
  `id` int(11) NOT NULL
) ENGINE=InnoDB DEFAULT CHARSET=utf8;

--
-- Dumping data for table `vtiger_currency_decimal_separator_seq`
--

INSERT INTO `vtiger_currency_decimal_separator_seq` (`id`) VALUES
(5);

-- --------------------------------------------------------

--
-- Table structure for table `vtiger_currency_grouping_pattern`
--

CREATE TABLE IF NOT EXISTS `vtiger_currency_grouping_pattern` (
  `currency_grouping_patternid` int(19) NOT NULL AUTO_INCREMENT,
  `currency_grouping_pattern` varchar(200) NOT NULL,
  `sortorderid` int(19) NOT NULL DEFAULT '0',
  `presence` int(1) NOT NULL DEFAULT '1',
  PRIMARY KEY (`currency_grouping_patternid`)
) ENGINE=InnoDB  DEFAULT CHARSET=utf8 AUTO_INCREMENT=5 ;

--
-- Dumping data for table `vtiger_currency_grouping_pattern`
--

INSERT INTO `vtiger_currency_grouping_pattern` (`currency_grouping_patternid`, `currency_grouping_pattern`, `sortorderid`, `presence`) VALUES
(1, '123,456,789', 0, 1),
(2, '123456789', 1, 1),
(3, '123456,789', 2, 1),
(4, '12,34,56,789', 3, 1);

-- --------------------------------------------------------

--
-- Table structure for table `vtiger_currency_grouping_pattern_seq`
--

CREATE TABLE IF NOT EXISTS `vtiger_currency_grouping_pattern_seq` (
  `id` int(11) NOT NULL
) ENGINE=InnoDB DEFAULT CHARSET=utf8;

--
-- Dumping data for table `vtiger_currency_grouping_pattern_seq`
--

INSERT INTO `vtiger_currency_grouping_pattern_seq` (`id`) VALUES
(4);

-- --------------------------------------------------------

--
-- Table structure for table `vtiger_currency_grouping_separator`
--

CREATE TABLE IF NOT EXISTS `vtiger_currency_grouping_separator` (
  `currency_grouping_separatorid` int(19) NOT NULL AUTO_INCREMENT,
  `currency_grouping_separator` varchar(2) NOT NULL,
  `sortorderid` int(19) NOT NULL DEFAULT '0',
  `presence` int(1) NOT NULL DEFAULT '1',
  PRIMARY KEY (`currency_grouping_separatorid`)
) ENGINE=InnoDB  DEFAULT CHARSET=utf8 AUTO_INCREMENT=6 ;

--
-- Dumping data for table `vtiger_currency_grouping_separator`
--

INSERT INTO `vtiger_currency_grouping_separator` (`currency_grouping_separatorid`, `currency_grouping_separator`, `sortorderid`, `presence`) VALUES
(1, '.', 0, 1),
(2, ',', 1, 1),
(3, '''', 2, 1),
(4, ' ', 3, 1),
(5, '$', 4, 1);

-- --------------------------------------------------------

--
-- Table structure for table `vtiger_currency_grouping_separator_seq`
--

CREATE TABLE IF NOT EXISTS `vtiger_currency_grouping_separator_seq` (
  `id` int(11) NOT NULL
) ENGINE=InnoDB DEFAULT CHARSET=utf8;

--
-- Dumping data for table `vtiger_currency_grouping_separator_seq`
--

INSERT INTO `vtiger_currency_grouping_separator_seq` (`id`) VALUES
(5);

-- --------------------------------------------------------

--
-- Table structure for table `vtiger_currency_info`
--

CREATE TABLE IF NOT EXISTS `vtiger_currency_info` (
  `id` int(11) NOT NULL AUTO_INCREMENT,
  `currency_name` varchar(100) DEFAULT NULL,
  `currency_code` varchar(100) DEFAULT NULL,
  `currency_symbol` varchar(30) DEFAULT NULL,
  `conversion_rate` decimal(10,3) DEFAULT NULL,
  `currency_status` varchar(25) DEFAULT NULL,
  `defaultid` varchar(10) NOT NULL DEFAULT '0',
  `deleted` int(1) NOT NULL DEFAULT '0',
  PRIMARY KEY (`id`)
) ENGINE=InnoDB  DEFAULT CHARSET=utf8 AUTO_INCREMENT=2 ;

--
-- Dumping data for table `vtiger_currency_info`
--

INSERT INTO `vtiger_currency_info` (`id`, `currency_name`, `currency_code`, `currency_symbol`, `conversion_rate`, `currency_status`, `defaultid`, `deleted`) VALUES
(1, 'Philippines, Pesos', 'PHP', 'Php', '1.000', 'Active', '-11', 0);

-- --------------------------------------------------------

--
-- Table structure for table `vtiger_currency_info_seq`
--

CREATE TABLE IF NOT EXISTS `vtiger_currency_info_seq` (
  `id` int(11) NOT NULL
) ENGINE=InnoDB DEFAULT CHARSET=utf8;

--
-- Dumping data for table `vtiger_currency_info_seq`
--

INSERT INTO `vtiger_currency_info_seq` (`id`) VALUES
(1);

-- --------------------------------------------------------

--
-- Table structure for table `vtiger_currency_symbol_placement`
--

CREATE TABLE IF NOT EXISTS `vtiger_currency_symbol_placement` (
  `currency_symbol_placementid` int(19) NOT NULL AUTO_INCREMENT,
  `currency_symbol_placement` varchar(30) NOT NULL,
  `sortorderid` int(19) NOT NULL DEFAULT '0',
  `presence` int(1) NOT NULL DEFAULT '1',
  PRIMARY KEY (`currency_symbol_placementid`)
) ENGINE=InnoDB  DEFAULT CHARSET=utf8 AUTO_INCREMENT=3 ;

--
-- Dumping data for table `vtiger_currency_symbol_placement`
--

INSERT INTO `vtiger_currency_symbol_placement` (`currency_symbol_placementid`, `currency_symbol_placement`, `sortorderid`, `presence`) VALUES
(1, '$1.0', 0, 1),
(2, '1.0$', 1, 1);

-- --------------------------------------------------------

--
-- Table structure for table `vtiger_currency_symbol_placement_seq`
--

CREATE TABLE IF NOT EXISTS `vtiger_currency_symbol_placement_seq` (
  `id` int(11) NOT NULL
) ENGINE=InnoDB DEFAULT CHARSET=utf8;

--
-- Dumping data for table `vtiger_currency_symbol_placement_seq`
--

INSERT INTO `vtiger_currency_symbol_placement_seq` (`id`) VALUES
(2);

-- --------------------------------------------------------

--
-- Table structure for table `vtiger_customaction`
--

CREATE TABLE IF NOT EXISTS `vtiger_customaction` (
  `cvid` int(19) NOT NULL,
  `subject` varchar(250) NOT NULL,
  `module` varchar(50) NOT NULL,
  `content` text,
  KEY `customaction_cvid_idx` (`cvid`)
) ENGINE=InnoDB DEFAULT CHARSET=utf8;

-- --------------------------------------------------------

--
-- Table structure for table `vtiger_customerdetails`
--

CREATE TABLE IF NOT EXISTS `vtiger_customerdetails` (
  `customerid` int(19) NOT NULL,
  `portal` varchar(3) DEFAULT NULL,
  `support_start_date` date DEFAULT NULL,
  `support_end_date` date DEFAULT NULL,
  PRIMARY KEY (`customerid`)
) ENGINE=InnoDB DEFAULT CHARSET=utf8;

-- --------------------------------------------------------

--
-- Table structure for table `vtiger_customerportal_fields`
--

CREATE TABLE IF NOT EXISTS `vtiger_customerportal_fields` (
  `tabid` int(19) NOT NULL,
  `fieldid` int(19) DEFAULT NULL,
  `visible` int(1) DEFAULT NULL
) ENGINE=InnoDB DEFAULT CHARSET=utf8;

-- --------------------------------------------------------

--
-- Table structure for table `vtiger_customerportal_prefs`
--

CREATE TABLE IF NOT EXISTS `vtiger_customerportal_prefs` (
  `tabid` int(19) NOT NULL,
  `prefkey` varchar(100) NOT NULL,
  `prefvalue` int(20) DEFAULT NULL,
  PRIMARY KEY (`tabid`,`prefkey`)
) ENGINE=InnoDB DEFAULT CHARSET=utf8;

--
-- Dumping data for table `vtiger_customerportal_prefs`
--

INSERT INTO `vtiger_customerportal_prefs` (`tabid`, `prefkey`, `prefvalue`) VALUES
(0, 'defaultassignee', 1),
(0, 'userid', 1),
(4, 'showrelatedinfo', 1),
(6, 'showrelatedinfo', 1),
(8, 'showrelatedinfo', 1),
(13, 'showrelatedinfo', 1),
(14, 'showrelatedinfo', 1),
(15, 'showrelatedinfo', 1),
(20, 'showrelatedinfo', 1),
(23, 'showrelatedinfo', 1),
(38, 'showrelatedinfo', 1),
(41, 'showrelatedinfo', 1),
(46, 'showrelatedinfo', 1),
(47, 'showrelatedinfo', 1),
(48, 'showrelatedinfo', 1);

-- --------------------------------------------------------

--
-- Table structure for table `vtiger_customerportal_tabs`
--

CREATE TABLE IF NOT EXISTS `vtiger_customerportal_tabs` (
  `tabid` int(19) NOT NULL,
  `visible` int(1) DEFAULT '1',
  `sequence` int(1) DEFAULT NULL,
  PRIMARY KEY (`tabid`)
) ENGINE=InnoDB DEFAULT CHARSET=utf8;

--
-- Dumping data for table `vtiger_customerportal_tabs`
--

INSERT INTO `vtiger_customerportal_tabs` (`tabid`, `visible`, `sequence`) VALUES
(4, 1, 9),
(6, 1, 10),
(8, 1, 8),
(13, 1, 2),
(14, 1, 6),
(15, 1, 3),
(20, 1, 5),
(23, 1, 4),
(38, 1, 7),
(41, 1, 11),
(46, 1, 12),
(47, 1, 13),
(48, 1, 14);

-- --------------------------------------------------------

--
-- Table structure for table `vtiger_customview`
--

CREATE TABLE IF NOT EXISTS `vtiger_customview` (
  `cvid` int(19) NOT NULL,
  `viewname` varchar(100) NOT NULL,
  `setdefault` int(1) DEFAULT '0',
  `setmetrics` int(1) DEFAULT '0',
  `entitytype` varchar(25) NOT NULL,
  `status` int(1) DEFAULT '1',
  `userid` int(19) DEFAULT '1',
  PRIMARY KEY (`cvid`),
  KEY `customview_entitytype_idx` (`entitytype`)
) ENGINE=InnoDB DEFAULT CHARSET=utf8;

--
-- Dumping data for table `vtiger_customview`
--

INSERT INTO `vtiger_customview` (`cvid`, `viewname`, `setdefault`, `setmetrics`, `entitytype`, `status`, `userid`) VALUES
(1, 'All', 1, 0, 'Leads', 0, 1),
(2, 'Hot Leads', 0, 1, 'Leads', 3, 1),
(3, 'This Month Leads', 0, 0, 'Leads', 3, 1),
(4, 'All', 1, 0, 'Accounts', 0, 1),
(5, 'Prospect Accounts', 0, 1, 'Accounts', 3, 1),
(6, 'New This Week', 0, 0, 'Accounts', 3, 1),
(7, 'All', 1, 0, 'Contacts', 0, 1),
(8, 'Contacts Address', 0, 0, 'Contacts', 3, 1),
(9, 'Todays Birthday', 0, 0, 'Contacts', 3, 1),
(10, 'All', 1, 0, 'Potentials', 0, 1),
(11, 'Potentials Won', 0, 1, 'Potentials', 3, 1),
(12, 'Prospecting', 0, 0, 'Potentials', 3, 1),
(13, 'All', 1, 0, 'HelpDesk', 0, 1),
(14, 'Open Tickets', 0, 1, 'HelpDesk', 3, 1),
(15, 'High Prioriy Tickets', 0, 0, 'HelpDesk', 3, 1),
(16, 'All', 1, 0, 'Quotes', 0, 1),
(17, 'Open Quotes', 0, 1, 'Quotes', 3, 1),
(18, 'Rejected Quotes', 0, 0, 'Quotes', 3, 1),
(19, 'All', 1, 0, 'Calendar', 0, 1),
(20, 'All', 1, 0, 'Emails', 0, 1),
(21, 'All', 1, 0, 'Invoice', 0, 1),
(22, 'All', 1, 0, 'Documents', 0, 1),
(23, 'All', 1, 0, 'PriceBooks', 0, 1),
(24, 'All', 1, 0, 'Products', 0, 1),
(25, 'All', 1, 0, 'PurchaseOrder', 0, 1),
(26, 'All', 1, 0, 'SalesOrder', 0, 1),
(27, 'All', 1, 0, 'Vendors', 0, 1),
(28, 'All', 1, 0, 'Faq', 0, 1),
(29, 'All', 1, 0, 'Campaigns', 0, 1),
(30, 'All', 1, 0, 'Webmails', 0, 1),
(31, 'Drafted FAQ', 0, 0, 'Faq', 3, 1),
(32, 'Published FAQ', 0, 0, 'Faq', 3, 1),
(33, 'Open Purchase Orders', 0, 0, 'PurchaseOrder', 3, 1),
(34, 'Received Purchase Orders', 0, 0, 'PurchaseOrder', 3, 1),
(35, 'Open Invoices', 0, 0, 'Invoice', 3, 1),
(36, 'Paid Invoices', 0, 0, 'Invoice', 3, 1),
(37, 'Pending Sales Orders', 0, 0, 'SalesOrder', 3, 1),
(38, 'All', 1, 0, 'PBXManager', 0, 1),
(39, 'Missed', 0, 0, 'PBXManager', 3, 1),
(40, 'Dialed', 0, 0, 'PBXManager', 3, 1),
(41, 'Received', 0, 0, 'PBXManager', 3, 1),
(42, 'All', 1, 0, 'ServiceContracts', 0, 1),
(43, 'All', 1, 0, 'Services', 0, 1),
(44, 'All', 1, 0, 'Assets', 0, 1),
(45, 'All', 0, 0, 'ModComments', 0, 1),
(46, 'All', 1, 0, 'ProjectMilestone', 0, 1),
(47, 'All', 1, 0, 'ProjectTask', 0, 1),
(48, 'All', 1, 0, 'Project', 0, 1),
(49, 'All', 0, 0, 'SMSNotifier', 0, 1),
(82, 'All', 1, 0, 'TestModule', 0, 1),
(83, 'All', 1, 0, 'ModBaToh', 0, 1);

-- --------------------------------------------------------

--
-- Table structure for table `vtiger_customview_seq`
--

CREATE TABLE IF NOT EXISTS `vtiger_customview_seq` (
  `id` int(11) NOT NULL
) ENGINE=InnoDB DEFAULT CHARSET=utf8;

--
-- Dumping data for table `vtiger_customview_seq`
--

INSERT INTO `vtiger_customview_seq` (`id`) VALUES
(83);

-- --------------------------------------------------------

--
-- Table structure for table `vtiger_cvadvfilter`
--

CREATE TABLE IF NOT EXISTS `vtiger_cvadvfilter` (
  `cvid` int(19) NOT NULL,
  `columnindex` int(11) NOT NULL,
  `columnname` varchar(250) DEFAULT '',
  `comparator` varchar(10) DEFAULT '',
  `value` varchar(200) DEFAULT '',
  `groupid` int(11) DEFAULT '1',
  `column_condition` varchar(255) DEFAULT 'and',
  PRIMARY KEY (`cvid`,`columnindex`),
  KEY `cvadvfilter_cvid_idx` (`cvid`)
) ENGINE=InnoDB DEFAULT CHARSET=utf8;

--
-- Dumping data for table `vtiger_cvadvfilter`
--

INSERT INTO `vtiger_cvadvfilter` (`cvid`, `columnindex`, `columnname`, `comparator`, `value`, `groupid`, `column_condition`) VALUES
(2, 0, 'vtiger_leaddetails:leadstatus:leadstatus:Leads_Lead_Status:V', 'e', 'Hot', 1, 'and'),
(5, 0, 'vtiger_account:account_type:accounttype:Accounts_Type:V', 'e', 'Prospect', 1, 'and'),
(11, 0, 'vtiger_potential:sales_stage:sales_stage:Potentials_Sales_Stage:V', 'e', 'Closed Won', 1, 'and'),
(12, 0, 'vtiger_potential:sales_stage:sales_stage:Potentials_Sales_Stage:V', 'e', 'Prospecting', 1, 'and'),
(14, 0, 'vtiger_troubletickets:status:ticketstatus:HelpDesk_Status:V', 'n', 'Closed', 1, 'and'),
(15, 0, 'vtiger_troubletickets:priority:ticketpriorities:HelpDesk_Priority:V', 'e', 'High', 1, 'and'),
(17, 0, 'vtiger_quotes:quotestage:quotestage:Quotes_Quote_Stage:V', 'n', 'Accepted', 1, 'and'),
(17, 1, 'vtiger_quotes:quotestage:quotestage:Quotes_Quote_Stage:V', 'n', 'Rejected', 1, 'and'),
(18, 0, 'vtiger_quotes:quotestage:quotestage:Quotes_Quote_Stage:V', 'e', 'Rejected', 1, 'and'),
(31, 0, 'vtiger_faq:status:faqstatus:Faq_Status:V', 'e', 'Draft', 1, 'and'),
(32, 0, 'vtiger_faq:status:faqstatus:Faq_Status:V', 'e', 'Published', 1, 'and'),
(33, 0, 'vtiger_purchaseorder:postatus:postatus:PurchaseOrder_Status:V', 'e', 'Created, Approved, Delivered', 1, 'and'),
(34, 0, 'vtiger_purchaseorder:postatus:postatus:PurchaseOrder_Status:V', 'e', 'Received Shipment', 1, 'and'),
(35, 0, 'vtiger_invoice:invoicestatus:invoicestatus:Invoice_Status:V', 'e', 'Created, Approved, Sent', 1, 'and'),
(36, 0, 'vtiger_invoice:invoicestatus:invoicestatus:Invoice_Status:V', 'e', 'Paid', 1, 'and'),
(37, 0, 'vtiger_salesorder:sostatus:sostatus:SalesOrder_Status:V', 'e', 'Created, Approved', 1, 'and'),
(39, 0, 'vtiger_pbxmanager:status:status:PBXManager_Status:V', 'c', 'Missed', 1, 'and'),
(40, 0, 'vtiger_pbxmanager:status:status:PBXManager_Status:V', 'c', 'outgoing', 1, 'and'),
(41, 0, 'vtiger_pbxmanager:status:status:PBXManager_Status:V', 'c', 'received', 1, 'and');

-- --------------------------------------------------------

--
-- Table structure for table `vtiger_cvadvfilter_grouping`
--

CREATE TABLE IF NOT EXISTS `vtiger_cvadvfilter_grouping` (
  `groupid` int(11) NOT NULL,
  `cvid` int(19) NOT NULL,
  `group_condition` varchar(255) DEFAULT NULL,
  `condition_expression` text,
  PRIMARY KEY (`groupid`,`cvid`)
) ENGINE=InnoDB DEFAULT CHARSET=utf8;

--
-- Dumping data for table `vtiger_cvadvfilter_grouping`
--

INSERT INTO `vtiger_cvadvfilter_grouping` (`groupid`, `cvid`, `group_condition`, `condition_expression`) VALUES
(1, 2, '', ''),
(1, 5, '', ''),
(1, 11, '', ''),
(1, 12, '', ''),
(1, 14, '', ''),
(1, 15, '', ''),
(1, 17, '', ''),
(1, 18, '', ''),
(1, 31, '', ''),
(1, 32, '', ''),
(1, 33, '', ''),
(1, 34, '', ''),
(1, 35, '', ''),
(1, 36, '', ''),
(1, 37, '', ''),
(1, 72, '', ' 0 '),
(1, 73, '', ' 0 ');

-- --------------------------------------------------------

--
-- Table structure for table `vtiger_cvcolumnlist`
--

CREATE TABLE IF NOT EXISTS `vtiger_cvcolumnlist` (
  `cvid` int(19) NOT NULL,
  `columnindex` int(11) NOT NULL,
  `columnname` varchar(250) DEFAULT '',
  PRIMARY KEY (`cvid`,`columnindex`),
  KEY `cvcolumnlist_columnindex_idx` (`columnindex`),
  KEY `cvcolumnlist_cvid_idx` (`cvid`)
) ENGINE=InnoDB DEFAULT CHARSET=utf8;

--
-- Dumping data for table `vtiger_cvcolumnlist`
--

INSERT INTO `vtiger_cvcolumnlist` (`cvid`, `columnindex`, `columnname`) VALUES
(1, 0, 'vtiger_leaddetails:lead_no:lead_no:Leads_Lead_No:V'),
(1, 1, 'vtiger_leaddetails:lastname:lastname:Leads_Last_Name:V'),
(1, 2, 'vtiger_leaddetails:firstname:firstname:Leads_First_Name:V'),
(1, 3, 'vtiger_leaddetails:company:company:Leads_Company:V'),
(1, 4, 'vtiger_leadaddress:phone:phone:Leads_Phone:V'),
(1, 5, 'vtiger_leadsubdetails:website:website:Leads_Website:V'),
(1, 6, 'vtiger_leaddetails:email:email:Leads_Email:E'),
(1, 7, 'vtiger_crmentity:smownerid:assigned_user_id:Leads_Assigned_To:V'),
(2, 0, 'vtiger_leaddetails:firstname:firstname:Leads_First_Name:V'),
(2, 1, 'vtiger_leaddetails:lastname:lastname:Leads_Last_Name:V'),
(2, 2, 'vtiger_leaddetails:company:company:Leads_Company:V'),
(2, 3, 'vtiger_leaddetails:leadsource:leadsource:Leads_Lead_Source:V'),
(2, 4, 'vtiger_leadsubdetails:website:website:Leads_Website:V'),
(2, 5, 'vtiger_leaddetails:email:email:Leads_Email:E'),
(3, 0, 'vtiger_leaddetails:firstname:firstname:Leads_First_Name:V'),
(3, 1, 'vtiger_leaddetails:lastname:lastname:Leads_Last_Name:V'),
(3, 2, 'vtiger_leaddetails:company:company:Leads_Company:V'),
(3, 3, 'vtiger_leaddetails:leadsource:leadsource:Leads_Lead_Source:V'),
(3, 4, 'vtiger_leadsubdetails:website:website:Leads_Website:V'),
(3, 5, 'vtiger_leaddetails:email:email:Leads_Email:E'),
(4, 0, 'vtiger_account:account_no:account_no:Accounts_Account_No:V'),
(4, 1, 'vtiger_account:accountname:accountname:Accounts_Account_Name:V'),
(4, 2, 'vtiger_accountbillads:bill_city:bill_city:Accounts_City:V'),
(4, 3, 'vtiger_account:website:website:Accounts_Website:V'),
(4, 4, 'vtiger_account:phone:phone:Accounts_Phone:V'),
(4, 5, 'vtiger_crmentity:smownerid:assigned_user_id:Accounts_Assigned_To:V'),
(5, 0, 'vtiger_account:accountname:accountname:Accounts_Account_Name:V'),
(5, 1, 'vtiger_account:phone:phone:Accounts_Phone:V'),
(5, 2, 'vtiger_account:website:website:Accounts_Website:V'),
(5, 3, 'vtiger_account:rating:rating:Accounts_Rating:V'),
(5, 4, 'vtiger_crmentity:smownerid:assigned_user_id:Accounts_Assigned_To:V'),
(6, 0, 'vtiger_account:accountname:accountname:Accounts_Account_Name:V'),
(6, 1, 'vtiger_account:phone:phone:Accounts_Phone:V'),
(6, 2, 'vtiger_account:website:website:Accounts_Website:V'),
(6, 3, 'vtiger_accountbillads:bill_city:bill_city:Accounts_City:V'),
(6, 4, 'vtiger_crmentity:smownerid:assigned_user_id:Accounts_Assigned_To:V'),
(7, 0, 'vtiger_contactdetails:contact_no:contact_no:Contacts_Contact_Id:V'),
(7, 1, 'vtiger_contactdetails:firstname:firstname:Contacts_First_Name:V'),
(7, 2, 'vtiger_contactdetails:lastname:lastname:Contacts_Last_Name:V'),
(7, 3, 'vtiger_contactdetails:title:title:Contacts_Title:V'),
(7, 4, 'vtiger_contactdetails:accountid:account_id:Contacts_Account_Name:I'),
(7, 5, 'vtiger_contactdetails:email:email:Contacts_Email:E'),
(7, 6, 'vtiger_contactdetails:phone:phone:Contacts_Office_Phone:V'),
(7, 7, 'vtiger_crmentity:smownerid:assigned_user_id:Contacts_Assigned_To:V'),
(8, 0, 'vtiger_contactdetails:firstname:firstname:Contacts_First_Name:V'),
(8, 1, 'vtiger_contactdetails:lastname:lastname:Contacts_Last_Name:V'),
(8, 2, 'vtiger_contactaddress:mailingstreet:mailingstreet:Contacts_Mailing_Street:V'),
(8, 3, 'vtiger_contactaddress:mailingcity:mailingcity:Contacts_Mailing_City:V'),
(8, 4, 'vtiger_contactaddress:mailingstate:mailingstate:Contacts_Mailing_State:V'),
(8, 5, 'vtiger_contactaddress:mailingzip:mailingzip:Contacts_Mailing_Zip:V'),
(8, 6, 'vtiger_contactaddress:mailingcountry:mailingcountry:Contacts_Mailing_Country:V'),
(9, 0, 'vtiger_contactdetails:firstname:firstname:Contacts_First_Name:V'),
(9, 1, 'vtiger_contactdetails:lastname:lastname:Contacts_Last_Name:V'),
(9, 2, 'vtiger_contactdetails:title:title:Contacts_Title:V'),
(9, 3, 'vtiger_contactdetails:accountid:account_id:Contacts_Account_Name:I'),
(9, 4, 'vtiger_contactdetails:email:email:Contacts_Email:E'),
(9, 5, 'vtiger_contactsubdetails:otherphone:otherphone:Contacts_Phone:V'),
(9, 6, 'vtiger_crmentity:smownerid:assigned_user_id:Contacts_Assigned_To:V'),
(10, 0, 'vtiger_potential:potential_no:potential_no:Potentials_Potential_No:V'),
(10, 1, 'vtiger_potential:potentialname:potentialname:Potentials_Potential_Name:V'),
(10, 2, 'vtiger_potential:related_to:related_to:Potentials_Related_To:V'),
(10, 3, 'vtiger_potential:sales_stage:sales_stage:Potentials_Sales_Stage:V'),
(10, 4, 'vtiger_potential:leadsource:leadsource:Potentials_Lead_Source:V'),
(10, 5, 'vtiger_potential:closingdate:closingdate:Potentials_Expected_Close_Date:D'),
(10, 6, 'vtiger_crmentity:smownerid:assigned_user_id:Potentials_Assigned_To:V'),
(11, 0, 'vtiger_potential:potentialname:potentialname:Potentials_Potential_Name:V'),
(11, 1, 'vtiger_potential:related_to:related_to:Potentials_Related_To:V'),
(11, 2, 'vtiger_potential:amount:amount:Potentials_Amount:N'),
(11, 3, 'vtiger_potential:closingdate:closingdate:Potentials_Expected_Close_Date:D'),
(11, 4, 'vtiger_crmentity:smownerid:assigned_user_id:Potentials_Assigned_To:V'),
(12, 0, 'vtiger_potential:potentialname:potentialname:Potentials_Potential_Name:V'),
(12, 1, 'vtiger_potential:related_to:related_to:Potentials_Related_To:V'),
(12, 2, 'vtiger_potential:amount:amount:Potentials_Amount:N'),
(12, 3, 'vtiger_potential:leadsource:leadsource:Potentials_Lead_Source:V'),
(12, 4, 'vtiger_potential:closingdate:closingdate:Potentials_Expected_Close_Date:D'),
(12, 5, 'vtiger_crmentity:smownerid:assigned_user_id:Potentials_Assigned_To:V'),
(13, 0, 'vtiger_troubletickets:ticket_no:ticket_no:HelpDesk_Ticket_No:V'),
(13, 1, 'vtiger_troubletickets:title:ticket_title:HelpDesk_Title:V'),
(13, 2, 'vtiger_troubletickets:parent_id:parent_id:HelpDesk_Related_To:I'),
(13, 3, 'vtiger_troubletickets:status:ticketstatus:HelpDesk_Status:V'),
(13, 4, 'vtiger_troubletickets:priority:ticketpriorities:HelpDesk_Priority:V'),
(13, 5, 'vtiger_crmentity:smownerid:assigned_user_id:HelpDesk_Assigned_To:V'),
(14, 0, 'vtiger_troubletickets:title:ticket_title:HelpDesk_Title:V'),
(14, 1, 'vtiger_troubletickets:parent_id:parent_id:HelpDesk_Related_To:I'),
(14, 2, 'vtiger_troubletickets:priority:ticketpriorities:HelpDesk_Priority:V'),
(14, 3, 'vtiger_troubletickets:product_id:product_id:HelpDesk_Product_Name:I'),
(14, 4, 'vtiger_crmentity:smownerid:assigned_user_id:HelpDesk_Assigned_To:V'),
(15, 0, 'vtiger_troubletickets:title:ticket_title:HelpDesk_Title:V'),
(15, 1, 'vtiger_troubletickets:parent_id:parent_id:HelpDesk_Related_To:I'),
(15, 2, 'vtiger_troubletickets:status:ticketstatus:HelpDesk_Status:V'),
(15, 3, 'vtiger_troubletickets:product_id:product_id:HelpDesk_Product_Name:I'),
(15, 4, 'vtiger_crmentity:smownerid:assigned_user_id:HelpDesk_Assigned_To:V'),
(16, 0, 'vtiger_quotes:quote_no:quote_no:Quotes_Quote_No:V'),
(16, 1, 'vtiger_quotes:subject:subject:Quotes_Subject:V'),
(16, 2, 'vtiger_quotes:quotestage:quotestage:Quotes_Quote_Stage:V'),
(16, 3, 'vtiger_quotes:potentialid:potential_id:Quotes_Potential_Name:I'),
(16, 4, 'vtiger_quotes:accountid:account_id:Quotes_Account_Name:I'),
(16, 5, 'vtiger_quotes:total:hdnGrandTotal:Quotes_Total:I'),
(16, 6, 'vtiger_crmentity:smownerid:assigned_user_id:Quotes_Assigned_To:V'),
(17, 0, 'vtiger_quotes:subject:subject:Quotes_Subject:V'),
(17, 1, 'vtiger_quotes:quotestage:quotestage:Quotes_Quote_Stage:V'),
(17, 2, 'vtiger_quotes:potentialid:potential_id:Quotes_Potential_Name:I'),
(17, 3, 'vtiger_quotes:accountid:account_id:Quotes_Account_Name:I'),
(17, 4, 'vtiger_quotes:validtill:validtill:Quotes_Valid_Till:D'),
(17, 5, 'vtiger_crmentity:smownerid:assigned_user_id:Quotes_Assigned_To:V'),
(18, 0, 'vtiger_quotes:subject:subject:Quotes_Subject:V'),
(18, 1, 'vtiger_quotes:potentialid:potential_id:Quotes_Potential_Name:I'),
(18, 2, 'vtiger_quotes:accountid:account_id:Quotes_Account_Name:I'),
(18, 3, 'vtiger_quotes:validtill:validtill:Quotes_Valid_Till:D'),
(18, 4, 'vtiger_crmentity:smownerid:assigned_user_id:Quotes_Assigned_To:V'),
(19, 0, 'vtiger_activity:status:taskstatus:Calendar_Status:V'),
(19, 1, 'vtiger_activity:activitytype:activitytype:Calendar_Type:V'),
(19, 2, 'vtiger_activity:subject:subject:Calendar_Subject:V'),
(19, 3, 'vtiger_seactivityrel:crmid:parent_id:Calendar_Related_to:V'),
(19, 4, 'vtiger_activity:date_start:date_start:Calendar_Start_Date:D'),
(19, 5, 'vtiger_activity:due_date:due_date:Calendar_End_Date:D'),
(19, 6, 'vtiger_crmentity:smownerid:assigned_user_id:Calendar_Assigned_To:V'),
(20, 0, 'vtiger_activity:subject:subject:Emails_Subject:V'),
(20, 1, 'vtiger_emaildetails:to_email:saved_toid:Emails_To:V'),
(20, 2, 'vtiger_activity:date_start:date_start:Emails_Date_Sent:D'),
(21, 0, 'vtiger_invoice:invoice_no:invoice_no:Invoice_Invoice_No:V'),
(21, 1, 'vtiger_invoice:subject:subject:Invoice_Subject:V'),
(21, 2, 'vtiger_invoice:salesorderid:salesorder_id:Invoice_Sales_Order:I'),
(21, 3, 'vtiger_invoice:invoicestatus:invoicestatus:Invoice_Status:V'),
(21, 4, 'vtiger_invoice:total:hdnGrandTotal:Invoice_Total:I'),
(21, 5, 'vtiger_crmentity:smownerid:assigned_user_id:Invoice_Assigned_To:V'),
(22, 0, 'vtiger_notes:note_no:note_no:Notes_Note_No:V'),
(22, 1, 'vtiger_notes:title:notes_title:Notes_Title:V'),
(22, 2, 'vtiger_notes:filename:filename:Notes_File:V'),
(22, 3, 'vtiger_crmentity:modifiedtime:modifiedtime:Notes_Modified_Time:DT'),
(22, 4, 'vtiger_crmentity:smownerid:assigned_user_id:Notes_Assigned_To:V'),
(23, 0, 'vtiger_pricebook:pricebook_no:pricebook_no:PriceBooks_PriceBook_No:V'),
(23, 1, 'vtiger_pricebook:bookname:bookname:PriceBooks_Price_Book_Name:V'),
(23, 2, 'vtiger_pricebook:active:active:PriceBooks_Active:V'),
(23, 3, 'vtiger_pricebook:currency_id:currency_id:PriceBooks_Currency:I'),
(24, 0, 'vtiger_products:product_no:product_no:Products_Product_No:V'),
(24, 1, 'vtiger_products:productname:productname:Products_Product_Name:V'),
(24, 2, 'vtiger_products:productcode:productcode:Products_Part_Number:V'),
(24, 3, 'vtiger_products:commissionrate:commissionrate:Products_Commission_Rate:V'),
(24, 4, 'vtiger_products:qtyinstock:qtyinstock:Products_Quantity_In_Stock:V'),
(24, 5, 'vtiger_products:qty_per_unit:qty_per_unit:Products_Qty/Unit:V'),
(24, 6, 'vtiger_products:unit_price:unit_price:Products_Unit_Price:V'),
(25, 0, 'vtiger_purchaseorder:purchaseorder_no:purchaseorder_no:PurchaseOrder_PurchaseOrder_No:V'),
(25, 1, 'vtiger_purchaseorder:subject:subject:PurchaseOrder_Subject:V'),
(25, 2, 'vtiger_purchaseorder:vendorid:vendor_id:PurchaseOrder_Vendor_Name:I'),
(25, 3, 'vtiger_purchaseorder:tracking_no:tracking_no:PurchaseOrder_Tracking_Number:V'),
(25, 4, 'vtiger_purchaseorder:total:hdnGrandTotal:PurchaseOrder_Total:V'),
(25, 5, 'vtiger_crmentity:smownerid:assigned_user_id:PurchaseOrder_Assigned_To:V'),
(26, 0, 'vtiger_salesorder:salesorder_no:salesorder_no:SalesOrder_SalesOrder_No:V'),
(26, 1, 'vtiger_salesorder:subject:subject:SalesOrder_Subject:V'),
(26, 2, 'vtiger_salesorder:accountid:account_id:SalesOrder_Account_Name:I'),
(26, 3, 'vtiger_salesorder:quoteid:quote_id:SalesOrder_Quote_Name:I'),
(26, 4, 'vtiger_salesorder:total:hdnGrandTotal:SalesOrder_Total:V'),
(26, 5, 'vtiger_crmentity:smownerid:assigned_user_id:SalesOrder_Assigned_To:V'),
(27, 0, 'vtiger_vendor:vendor_no:vendor_no:Vendors_Vendor_No:V'),
(27, 1, 'vtiger_vendor:vendorname:vendorname:Vendors_Vendor_Name:V'),
(27, 2, 'vtiger_vendor:phone:phone:Vendors_Phone:V'),
(27, 3, 'vtiger_vendor:email:email:Vendors_Email:E'),
(27, 4, 'vtiger_vendor:category:category:Vendors_Category:V'),
(28, 0, 'vtiger_faq:faq_no:faq_no:Faq_Faq_No:V'),
(28, 1, 'vtiger_faq:question:question:Faq_Question:V'),
(28, 2, 'vtiger_faq:category:faqcategories:Faq_Category:V'),
(28, 3, 'vtiger_faq:product_id:product_id:Faq_Product_Name:I'),
(28, 4, 'vtiger_crmentity:createdtime:createdtime:Faq_Created_Time:DT'),
(28, 5, 'vtiger_crmentity:modifiedtime:modifiedtime:Faq_Modified_Time:DT'),
(29, 0, 'vtiger_campaign:campaign_no:campaign_no:Campaigns_Campaign_No:V'),
(29, 1, 'vtiger_campaign:campaignname:campaignname:Campaigns_Campaign_Name:V'),
(29, 2, 'vtiger_campaign:campaigntype:campaigntype:Campaigns_Campaign_Type:N'),
(29, 3, 'vtiger_campaign:campaignstatus:campaignstatus:Campaigns_Campaign_Status:N'),
(29, 4, 'vtiger_campaign:expectedrevenue:expectedrevenue:Campaigns_Expected_Revenue:V'),
(29, 5, 'vtiger_campaign:closingdate:closingdate:Campaigns_Expected_Close_Date:D'),
(29, 6, 'vtiger_crmentity:smownerid:assigned_user_id:Campaigns_Assigned_To:V'),
(30, 0, 'subject:subject:subject:Subject:V'),
(30, 1, 'from:fromname:fromname:From:N'),
(30, 2, 'to:tpname:toname:To:N'),
(30, 3, 'body:body:body:Body:V'),
(31, 0, 'vtiger_faq:question:question:Faq_Question:V'),
(31, 1, 'vtiger_faq:status:faqstatus:Faq_Status:V'),
(31, 2, 'vtiger_faq:product_id:product_id:Faq_Product_Name:I'),
(31, 3, 'vtiger_faq:category:faqcategories:Faq_Category:V'),
(31, 4, 'vtiger_crmentity:createdtime:createdtime:Faq_Created_Time:DT'),
(32, 0, 'vtiger_faq:question:question:Faq_Question:V'),
(32, 1, 'vtiger_faq:answer:faq_answer:Faq_Answer:V'),
(32, 2, 'vtiger_faq:status:faqstatus:Faq_Status:V'),
(32, 3, 'vtiger_faq:product_id:product_id:Faq_Product_Name:I'),
(32, 4, 'vtiger_faq:category:faqcategories:Faq_Category:V'),
(32, 5, 'vtiger_crmentity:createdtime:createdtime:Faq_Created_Time:DT'),
(33, 0, 'vtiger_purchaseorder:subject:subject:PurchaseOrder_Subject:V'),
(33, 1, 'vtiger_purchaseorder:postatus:postatus:PurchaseOrder_Status:V'),
(33, 2, 'vtiger_purchaseorder:vendorid:vendor_id:PurchaseOrder_Vendor_Name:I'),
(33, 3, 'vtiger_crmentity:smownerid:assigned_user_id:PurchaseOrder_Assigned_To:V'),
(33, 4, 'vtiger_purchaseorder:duedate:duedate:PurchaseOrder_Due_Date:V'),
(34, 0, 'vtiger_purchaseorder:subject:subject:PurchaseOrder_Subject:V'),
(34, 1, 'vtiger_purchaseorder:vendorid:vendor_id:PurchaseOrder_Vendor_Name:I'),
(34, 2, 'vtiger_crmentity:smownerid:assigned_user_id:PurchaseOrder_Assigned_To:V'),
(34, 3, 'vtiger_purchaseorder:postatus:postatus:PurchaseOrder_Status:V'),
(34, 4, 'vtiger_purchaseorder:carrier:carrier:PurchaseOrder_Carrier:V'),
(34, 5, 'vtiger_poshipads:ship_street:ship_street:PurchaseOrder_Shipping_Address:V'),
(35, 0, 'vtiger_invoice:invoice_no:invoice_no:Invoice_Invoice_No:V'),
(35, 1, 'vtiger_invoice:subject:subject:Invoice_Subject:V'),
(35, 2, 'vtiger_invoice:accountid:account_id:Invoice_Account_Name:I'),
(35, 3, 'vtiger_invoice:salesorderid:salesorder_id:Invoice_Sales_Order:I'),
(35, 4, 'vtiger_invoice:invoicestatus:invoicestatus:Invoice_Status:V'),
(35, 5, 'vtiger_crmentity:smownerid:assigned_user_id:Invoice_Assigned_To:V'),
(35, 6, 'vtiger_crmentity:createdtime:createdtime:Invoice_Created_Time:DT'),
(36, 0, 'vtiger_invoice:invoice_no:invoice_no:Invoice_Invoice_No:V'),
(36, 1, 'vtiger_invoice:subject:subject:Invoice_Subject:V'),
(36, 2, 'vtiger_invoice:accountid:account_id:Invoice_Account_Name:I'),
(36, 3, 'vtiger_invoice:salesorderid:salesorder_id:Invoice_Sales_Order:I'),
(36, 4, 'vtiger_invoice:invoicestatus:invoicestatus:Invoice_Status:V'),
(36, 5, 'vtiger_invoiceshipads:ship_street:ship_street:Invoice_Shipping_Address:V'),
(36, 6, 'vtiger_crmentity:smownerid:assigned_user_id:Invoice_Assigned_To:V'),
(37, 0, 'vtiger_salesorder:subject:subject:SalesOrder_Subject:V'),
(37, 1, 'vtiger_salesorder:accountid:account_id:SalesOrder_Account_Name:I'),
(37, 2, 'vtiger_salesorder:sostatus:sostatus:SalesOrder_Status:V'),
(37, 3, 'vtiger_crmentity:smownerid:assigned_user_id:SalesOrder_Assigned_To:V'),
(37, 4, 'vtiger_soshipads:ship_street:ship_street:SalesOrder_Shipping_Address:V'),
(37, 5, 'vtiger_salesorder:carrier:carrier:SalesOrder_Carrier:V'),
(38, 0, 'vtiger_pbxmanager:callfrom:callfrom:PBXManager_Call_From:V'),
(38, 1, 'vtiger_pbxmanager:callto:callto:PBXManager_Call_To:V'),
(38, 2, 'vtiger_pbxmanager:timeofcall:timeofcall:PBXManager_Time_Of_Call:V'),
(38, 3, 'vtiger_pbxmanager:status:status:PBXManager_Status:V'),
(39, 0, 'vtiger_pbxmanager:callfrom:callfrom:PBXManager_Call_From:V'),
(39, 1, 'vtiger_pbxmanager:callto:callto:PBXManager_Call_To:V'),
(39, 2, 'vtiger_pbxmanager:timeofcall:timeofcall:PBXManager_Time_Of_Call:V'),
(39, 3, 'vtiger_pbxmanager:status:status:PBXManager_Status:V'),
(40, 0, 'vtiger_pbxmanager:callfrom:callfrom:PBXManager_Call_From:V'),
(40, 1, 'vtiger_pbxmanager:callto:callto:PBXManager_Call_To:V'),
(40, 2, 'vtiger_pbxmanager:timeofcall:timeofcall:PBXManager_Time_Of_Call:V'),
(40, 3, 'vtiger_pbxmanager:status:status:PBXManager_Status:V'),
(41, 0, 'vtiger_pbxmanager:callfrom:callfrom:PBXManager_Call_From:V'),
(41, 1, 'vtiger_pbxmanager:callto:callto:PBXManager_Call_To:V'),
(41, 2, 'vtiger_pbxmanager:timeofcall:timeofcall:PBXManager_Time_Of_Call:V'),
(41, 3, 'vtiger_pbxmanager:status:status:PBXManager_Status:V'),
(42, 0, 'vtiger_servicecontracts:contract_no:contract_no:ServiceContracts_Contract_No:V'),
(42, 1, 'vtiger_servicecontracts:subject:subject:ServiceContracts_Subject:V'),
(42, 2, 'vtiger_servicecontracts:sc_related_to:sc_related_to:ServiceContracts_Related_to:V'),
(42, 3, 'vtiger_crmentity:smownerid:assigned_user_id:ServiceContracts_Assigned_To:V'),
(42, 4, 'vtiger_servicecontracts:start_date:start_date:ServiceContracts_Start_Date:D'),
(42, 5, 'vtiger_servicecontracts:due_date:due_date:ServiceContracts_Due_date:D'),
(42, 7, 'vtiger_servicecontracts:progress:progress:ServiceContracts_Progress:N'),
(42, 8, 'vtiger_servicecontracts:contract_status:contract_status:ServiceContracts_Status:V'),
(43, 0, 'vtiger_service:service_no:service_no:Services_Service_No:V'),
(43, 1, 'vtiger_service:servicename:servicename:Services_Service_Name:V'),
(43, 2, 'vtiger_service:service_usageunit:service_usageunit:Services_Usage_Unit:V'),
(43, 3, 'vtiger_service:unit_price:unit_price:Services_Price:N'),
(43, 4, 'vtiger_service:qty_per_unit:qty_per_unit:Services_No_of_Units:N'),
(43, 5, 'vtiger_service:servicecategory:servicecategory:Services_Service_Category:V'),
(43, 6, 'vtiger_crmentity:smownerid:assigned_user_id:Services_Owner:I'),
(44, 0, 'vtiger_assets:asset_no:asset_no:Assets_Asset_No:V'),
(44, 1, 'vtiger_assets:assetname:assetname:Assets_Asset_Name:V'),
(44, 2, 'vtiger_assets:account:account:Assets_Customer_Name:V'),
(44, 3, 'vtiger_assets:product:product:Assets_Product_Name:V'),
(45, 0, 'vtiger_modcomments:commentcontent:commentcontent:ModComments_Comment:V'),
(45, 1, 'vtiger_modcomments:related_to:related_to:ModComments_Related_To:V'),
(45, 2, 'vtiger_crmentity:modifiedtime:modifiedtime:ModComments_Modified_Time:T'),
(45, 3, 'vtiger_crmentity:smownerid:assigned_user_id:ModComments_Assigned_To:V'),
(46, 0, 'vtiger_projectmilestone:projectmilestonename:projectmilestonename:ProjectMilestone_Project_Milestone_Name:V'),
(46, 1, 'vtiger_projectmilestone:projectmilestonedate:projectmilestonedate:ProjectMilestone_Milestone_Date:D'),
(46, 3, 'vtiger_crmentity:description:description:ProjectMilestone_description:V'),
(46, 4, 'vtiger_crmentity:createdtime:createdtime:ProjectMilestone_Created_Time:T'),
(46, 5, 'vtiger_crmentity:modifiedtime:modifiedtime:ProjectMilestone_Modified_Time:T'),
(47, 2, 'vtiger_projecttask:projecttaskname:projecttaskname:ProjectTask_Project_Task_Name:V'),
(47, 3, 'vtiger_projecttask:projectid:projectid:ProjectTask_Related_to:V'),
(47, 4, 'vtiger_projecttask:projecttaskpriority:projecttaskpriority:ProjectTask_Priority:V'),
(47, 5, 'vtiger_projecttask:projecttaskprogress:projecttaskprogress:ProjectTask_Progress:V'),
(47, 6, 'vtiger_projecttask:projecttaskhours:projecttaskhours:ProjectTask_Worked_Hours:V'),
(47, 7, 'vtiger_projecttask:startdate:startdate:ProjectTask_Start_Date:D'),
(47, 8, 'vtiger_projecttask:enddate:enddate:ProjectTask_End_Date:D'),
(47, 9, 'vtiger_crmentity:smownerid:assigned_user_id:ProjectTask_Assigned_To:V'),
(48, 0, 'vtiger_project:projectname:projectname:Project_Project_Name:V'),
(48, 1, 'vtiger_project:linktoaccountscontacts:linktoaccountscontacts:Project_Related_to:V'),
(48, 2, 'vtiger_project:startdate:startdate:Project_Start_Date:D'),
(48, 3, 'vtiger_project:targetenddate:targetenddate:Project_Target_End_Date:D'),
(48, 4, 'vtiger_project:actualenddate:actualenddate:Project_Actual_End_Date:D'),
(48, 5, 'vtiger_project:targetbudget:targetbudget:Project_Target_Budget:V'),
(48, 6, 'vtiger_project:progress:progress:Project_Progress:V'),
(48, 7, 'vtiger_project:projectstatus:projectstatus:Project_Status:V'),
(48, 8, 'vtiger_crmentity:smownerid:assigned_user_id:Project_Assigned_To:V'),
(49, 0, 'vtiger_smsnotifier:message:message:SMSNotifier_message:V'),
(49, 2, 'vtiger_crmentity:smownerid:assigned_user_id:SMSNotifier_Assigned_To:V'),
(49, 3, 'vtiger_crmentity:createdtime:createdtime:SMSNotifier_Created_Time:T'),
(49, 4, 'vtiger_crmentity:modifiedtime:modifiedtime:SMSNotifier_Modified_Time:T'),
(82, 0, 'vtiger_testmodule:middlename:middlename:TestModule_Middlename:V'),
(82, 1, 'vtiger_testmodule:lastname:lastname:TestModule_Lastname:V'),
(82, 2, 'vtiger_testmodule:firstname:firstname:TestModule_Firstname:V'),
(82, 3, 'vtiger_crmentity:smownerid:assigned_user_id:TestModule_Assigned_To:V'),
(82, 4, 'vtiger_crmentity:modifiedtime:ModifiedTime:TestModule_Modified_Time:T'),
(82, 5, 'vtiger_crmentity:createdtime:CreatedTime:TestModule_Created_Time:T'),
(83, 0, 'vtiger_modbatoh:middlename:middlename:ModBaToh_Middlename:V'),
(83, 1, 'vtiger_modbatoh:lastname:lastname:ModBaToh_Lastname:V'),
(83, 2, 'vtiger_modbatoh:firstname:firstname:ModBaToh_Firstname:V'),
(83, 3, 'vtiger_crmentity:smownerid:assigned_user_id:ModBaToh_Assigned_To:V'),
(83, 4, 'vtiger_crmentity:modifiedtime:ModifiedTime:ModBaToh_Modified_Time:T'),
(83, 5, 'vtiger_crmentity:createdtime:CreatedTime:ModBaToh_Created_Time:T');

-- --------------------------------------------------------

--
-- Table structure for table `vtiger_cvstdfilter`
--

CREATE TABLE IF NOT EXISTS `vtiger_cvstdfilter` (
  `cvid` int(19) NOT NULL,
  `columnname` varchar(250) DEFAULT '',
  `stdfilter` varchar(250) DEFAULT '',
  `startdate` date DEFAULT NULL,
  `enddate` date DEFAULT NULL,
  PRIMARY KEY (`cvid`),
  KEY `cvstdfilter_cvid_idx` (`cvid`)
) ENGINE=InnoDB DEFAULT CHARSET=utf8;

--
-- Dumping data for table `vtiger_cvstdfilter`
--

INSERT INTO `vtiger_cvstdfilter` (`cvid`, `columnname`, `stdfilter`, `startdate`, `enddate`) VALUES
(3, 'vtiger_crmentity:modifiedtime:modifiedtime:Leads_Modified_Time', 'thismonth', '2005-06-01', '2005-06-30'),
(6, 'vtiger_crmentity:createdtime:createdtime:Accounts_Created_Time', 'thisweek', '2005-06-19', '2005-06-25'),
(9, 'vtiger_contactsubdetails:birthday:birthday:Contacts_Birthdate', 'today', '2005-06-25', '2005-06-25');

-- --------------------------------------------------------

--
-- Table structure for table `vtiger_datashare_grp2grp`
--

CREATE TABLE IF NOT EXISTS `vtiger_datashare_grp2grp` (
  `shareid` int(19) NOT NULL,
  `share_groupid` int(19) DEFAULT NULL,
  `to_groupid` int(19) DEFAULT NULL,
  `permission` int(19) DEFAULT NULL,
  PRIMARY KEY (`shareid`),
  KEY `datashare_grp2grp_share_groupid_idx` (`share_groupid`),
  KEY `datashare_grp2grp_to_groupid_idx` (`to_groupid`)
) ENGINE=InnoDB DEFAULT CHARSET=utf8;

-- --------------------------------------------------------

--
-- Table structure for table `vtiger_datashare_grp2role`
--

CREATE TABLE IF NOT EXISTS `vtiger_datashare_grp2role` (
  `shareid` int(19) NOT NULL,
  `share_groupid` int(19) DEFAULT NULL,
  `to_roleid` varchar(255) DEFAULT NULL,
  `permission` int(19) DEFAULT NULL,
  PRIMARY KEY (`shareid`),
  KEY `idx_datashare_grp2role_share_groupid` (`share_groupid`),
  KEY `idx_datashare_grp2role_to_roleid` (`to_roleid`)
) ENGINE=InnoDB DEFAULT CHARSET=utf8;

-- --------------------------------------------------------

--
-- Table structure for table `vtiger_datashare_grp2rs`
--

CREATE TABLE IF NOT EXISTS `vtiger_datashare_grp2rs` (
  `shareid` int(19) NOT NULL,
  `share_groupid` int(19) DEFAULT NULL,
  `to_roleandsubid` varchar(255) DEFAULT NULL,
  `permission` int(19) DEFAULT NULL,
  PRIMARY KEY (`shareid`),
  KEY `datashare_grp2rs_share_groupid_idx` (`share_groupid`),
  KEY `datashare_grp2rs_to_roleandsubid_idx` (`to_roleandsubid`)
) ENGINE=InnoDB DEFAULT CHARSET=utf8;

-- --------------------------------------------------------

--
-- Table structure for table `vtiger_datashare_module_rel`
--

CREATE TABLE IF NOT EXISTS `vtiger_datashare_module_rel` (
  `shareid` int(19) NOT NULL,
  `tabid` int(19) NOT NULL,
  `relationtype` varchar(200) DEFAULT NULL,
  PRIMARY KEY (`shareid`),
  KEY `idx_datashare_module_rel_tabid` (`tabid`)
) ENGINE=InnoDB DEFAULT CHARSET=utf8;

-- --------------------------------------------------------

--
-- Table structure for table `vtiger_datashare_relatedmodules`
--

CREATE TABLE IF NOT EXISTS `vtiger_datashare_relatedmodules` (
  `datashare_relatedmodule_id` int(19) NOT NULL,
  `tabid` int(19) DEFAULT NULL,
  `relatedto_tabid` int(19) DEFAULT NULL,
  PRIMARY KEY (`datashare_relatedmodule_id`),
  KEY `datashare_relatedmodules_tabid_idx` (`tabid`),
  KEY `datashare_relatedmodules_relatedto_tabid_idx` (`relatedto_tabid`)
) ENGINE=InnoDB DEFAULT CHARSET=utf8;

--
-- Dumping data for table `vtiger_datashare_relatedmodules`
--

INSERT INTO `vtiger_datashare_relatedmodules` (`datashare_relatedmodule_id`, `tabid`, `relatedto_tabid`) VALUES
(1, 6, 2),
(2, 6, 13),
(3, 6, 20),
(4, 6, 22),
(5, 6, 23),
(6, 2, 20),
(7, 2, 22),
(8, 20, 22),
(9, 22, 23);

-- --------------------------------------------------------

--
-- Table structure for table `vtiger_datashare_relatedmodules_seq`
--

CREATE TABLE IF NOT EXISTS `vtiger_datashare_relatedmodules_seq` (
  `id` int(11) NOT NULL
) ENGINE=InnoDB DEFAULT CHARSET=utf8;

--
-- Dumping data for table `vtiger_datashare_relatedmodules_seq`
--

INSERT INTO `vtiger_datashare_relatedmodules_seq` (`id`) VALUES
(9);

-- --------------------------------------------------------

--
-- Table structure for table `vtiger_datashare_relatedmodule_permission`
--

CREATE TABLE IF NOT EXISTS `vtiger_datashare_relatedmodule_permission` (
  `shareid` int(19) NOT NULL,
  `datashare_relatedmodule_id` int(19) NOT NULL,
  `permission` int(19) DEFAULT NULL,
  PRIMARY KEY (`shareid`,`datashare_relatedmodule_id`),
  KEY `datashare_relatedmodule_permission_shareid_permissions_idx` (`shareid`,`permission`)
) ENGINE=InnoDB DEFAULT CHARSET=utf8;

-- --------------------------------------------------------

--
-- Table structure for table `vtiger_datashare_role2group`
--

CREATE TABLE IF NOT EXISTS `vtiger_datashare_role2group` (
  `shareid` int(19) NOT NULL,
  `share_roleid` varchar(255) DEFAULT NULL,
  `to_groupid` int(19) DEFAULT NULL,
  `permission` int(19) DEFAULT NULL,
  PRIMARY KEY (`shareid`),
  KEY `idx_datashare_role2group_share_roleid` (`share_roleid`),
  KEY `idx_datashare_role2group_to_groupid` (`to_groupid`)
) ENGINE=InnoDB DEFAULT CHARSET=utf8;

-- --------------------------------------------------------

--
-- Table structure for table `vtiger_datashare_role2role`
--

CREATE TABLE IF NOT EXISTS `vtiger_datashare_role2role` (
  `shareid` int(19) NOT NULL,
  `share_roleid` varchar(255) DEFAULT NULL,
  `to_roleid` varchar(255) DEFAULT NULL,
  `permission` int(19) DEFAULT NULL,
  PRIMARY KEY (`shareid`),
  KEY `datashare_role2role_share_roleid_idx` (`share_roleid`),
  KEY `datashare_role2role_to_roleid_idx` (`to_roleid`)
) ENGINE=InnoDB DEFAULT CHARSET=utf8;

-- --------------------------------------------------------

--
-- Table structure for table `vtiger_datashare_role2rs`
--

CREATE TABLE IF NOT EXISTS `vtiger_datashare_role2rs` (
  `shareid` int(19) NOT NULL,
  `share_roleid` varchar(255) DEFAULT NULL,
  `to_roleandsubid` varchar(255) DEFAULT NULL,
  `permission` int(19) DEFAULT NULL,
  PRIMARY KEY (`shareid`),
  KEY `datashare_role2s_share_roleid_idx` (`share_roleid`),
  KEY `datashare_role2s_to_roleandsubid_idx` (`to_roleandsubid`)
) ENGINE=InnoDB DEFAULT CHARSET=utf8;

-- --------------------------------------------------------

--
-- Table structure for table `vtiger_datashare_rs2grp`
--

CREATE TABLE IF NOT EXISTS `vtiger_datashare_rs2grp` (
  `shareid` int(19) NOT NULL,
  `share_roleandsubid` varchar(255) DEFAULT NULL,
  `to_groupid` int(19) DEFAULT NULL,
  `permission` int(19) DEFAULT NULL,
  PRIMARY KEY (`shareid`),
  KEY `datashare_rs2grp_share_roleandsubid_idx` (`share_roleandsubid`),
  KEY `datashare_rs2grp_to_groupid_idx` (`to_groupid`)
) ENGINE=InnoDB DEFAULT CHARSET=utf8;

-- --------------------------------------------------------

--
-- Table structure for table `vtiger_datashare_rs2role`
--

CREATE TABLE IF NOT EXISTS `vtiger_datashare_rs2role` (
  `shareid` int(19) NOT NULL,
  `share_roleandsubid` varchar(255) DEFAULT NULL,
  `to_roleid` varchar(255) DEFAULT NULL,
  `permission` int(19) DEFAULT NULL,
  PRIMARY KEY (`shareid`),
  KEY `datashare_rs2role_share_roleandsubid_idx` (`share_roleandsubid`),
  KEY `datashare_rs2role_to_roleid_idx` (`to_roleid`)
) ENGINE=InnoDB DEFAULT CHARSET=utf8;

-- --------------------------------------------------------

--
-- Table structure for table `vtiger_datashare_rs2rs`
--

CREATE TABLE IF NOT EXISTS `vtiger_datashare_rs2rs` (
  `shareid` int(19) NOT NULL,
  `share_roleandsubid` varchar(255) DEFAULT NULL,
  `to_roleandsubid` varchar(255) DEFAULT NULL,
  `permission` int(19) DEFAULT NULL,
  PRIMARY KEY (`shareid`),
  KEY `datashare_rs2rs_share_roleandsubid_idx` (`share_roleandsubid`),
  KEY `idx_datashare_rs2rs_to_roleandsubid_idx` (`to_roleandsubid`)
) ENGINE=InnoDB DEFAULT CHARSET=utf8;

-- --------------------------------------------------------

--
-- Table structure for table `vtiger_date_format`
--

CREATE TABLE IF NOT EXISTS `vtiger_date_format` (
  `date_formatid` int(19) NOT NULL AUTO_INCREMENT,
  `date_format` varchar(200) NOT NULL,
  `sortorderid` int(19) NOT NULL DEFAULT '0',
  `presence` int(1) NOT NULL DEFAULT '1',
  PRIMARY KEY (`date_formatid`)
) ENGINE=InnoDB  DEFAULT CHARSET=utf8 AUTO_INCREMENT=4 ;

--
-- Dumping data for table `vtiger_date_format`
--

INSERT INTO `vtiger_date_format` (`date_formatid`, `date_format`, `sortorderid`, `presence`) VALUES
(1, 'dd-mm-yyyy', 0, 1),
(2, 'mm-dd-yyyy', 1, 1),
(3, 'yyyy-mm-dd', 2, 1);

-- --------------------------------------------------------

--
-- Table structure for table `vtiger_date_format_seq`
--

CREATE TABLE IF NOT EXISTS `vtiger_date_format_seq` (
  `id` int(11) NOT NULL
) ENGINE=InnoDB DEFAULT CHARSET=utf8;

--
-- Dumping data for table `vtiger_date_format_seq`
--

INSERT INTO `vtiger_date_format_seq` (`id`) VALUES
(3);

-- --------------------------------------------------------

--
-- Table structure for table `vtiger_dealintimation`
--

CREATE TABLE IF NOT EXISTS `vtiger_dealintimation` (
  `dealintimationid` int(19) NOT NULL DEFAULT '0',
  `dealname` varchar(100) NOT NULL,
  `intimationamount` int(19) NOT NULL DEFAULT '0',
  `dealprobability` decimal(3,2) NOT NULL DEFAULT '0.00',
  `dealintimationactive` int(1) DEFAULT NULL,
  `fromname` varchar(120) NOT NULL,
  `fromemailid` varchar(100) NOT NULL,
  `notifyemails` varchar(50) NOT NULL,
  `notifybccemails` varchar(50) NOT NULL,
  `notifyccmails` varchar(50) NOT NULL,
  `notifypotentialowner` int(1) DEFAULT NULL,
  PRIMARY KEY (`dealintimationid`),
  UNIQUE KEY `dealintimation_dealname_idx` (`dealname`)
) ENGINE=InnoDB DEFAULT CHARSET=utf8;

-- --------------------------------------------------------

--
-- Table structure for table `vtiger_defaultcv`
--

CREATE TABLE IF NOT EXISTS `vtiger_defaultcv` (
  `tabid` int(19) NOT NULL,
  `defaultviewname` varchar(50) NOT NULL,
  `query` text,
  PRIMARY KEY (`tabid`)
) ENGINE=InnoDB DEFAULT CHARSET=utf8;

-- --------------------------------------------------------

--
-- Table structure for table `vtiger_def_org_field`
--

CREATE TABLE IF NOT EXISTS `vtiger_def_org_field` (
  `tabid` int(10) DEFAULT NULL,
  `fieldid` int(19) NOT NULL,
  `visible` int(19) DEFAULT NULL,
  `readonly` int(19) DEFAULT NULL,
  PRIMARY KEY (`fieldid`),
  KEY `def_org_field_tabid_fieldid_idx` (`tabid`,`fieldid`),
  KEY `def_org_field_tabid_idx` (`tabid`),
  KEY `def_org_field_visible_fieldid_idx` (`visible`,`fieldid`)
) ENGINE=InnoDB DEFAULT CHARSET=utf8;

--
-- Dumping data for table `vtiger_def_org_field`
--

INSERT INTO `vtiger_def_org_field` (`tabid`, `fieldid`, `visible`, `readonly`) VALUES
(6, 1, 0, 0),
(6, 2, 0, 0),
(6, 3, 0, 0),
(6, 4, 0, 0),
(6, 5, 0, 0),
(6, 6, 0, 0),
(6, 7, 0, 0),
(6, 8, 0, 0),
(6, 9, 0, 0),
(6, 10, 0, 0),
(6, 11, 0, 0),
(6, 12, 0, 0),
(6, 13, 0, 0),
(6, 14, 0, 0),
(6, 15, 0, 0),
(6, 16, 0, 0),
(6, 17, 0, 0),
(6, 18, 0, 0),
(6, 19, 0, 0),
(6, 20, 0, 0),
(6, 21, 0, 0),
(6, 22, 0, 0),
(6, 23, 0, 0),
(6, 24, 0, 0),
(6, 25, 0, 0),
(6, 26, 0, 0),
(6, 27, 0, 0),
(6, 28, 0, 0),
(6, 29, 0, 0),
(6, 30, 0, 0),
(6, 31, 0, 0),
(6, 32, 0, 0),
(6, 33, 0, 0),
(6, 34, 0, 0),
(6, 35, 0, 0),
(6, 36, 0, 0),
(7, 37, 0, 0),
(7, 38, 0, 0),
(7, 39, 0, 0),
(7, 40, 0, 0),
(7, 41, 0, 0),
(7, 42, 0, 0),
(7, 43, 0, 0),
(7, 44, 0, 0),
(7, 45, 0, 0),
(7, 46, 0, 0),
(7, 47, 0, 0),
(7, 48, 0, 0),
(7, 49, 0, 0),
(7, 50, 0, 0),
(7, 51, 0, 0),
(7, 52, 0, 0),
(7, 53, 0, 0),
(7, 54, 0, 0),
(7, 55, 0, 0),
(7, 56, 0, 0),
(7, 57, 0, 0),
(7, 58, 0, 0),
(7, 59, 0, 0),
(7, 60, 0, 0),
(7, 61, 0, 0),
(7, 62, 0, 0),
(7, 63, 0, 0),
(7, 64, 0, 0),
(7, 65, 0, 0),
(4, 66, 0, 0),
(4, 67, 0, 0),
(4, 68, 0, 0),
(4, 69, 0, 0),
(4, 70, 0, 0),
(4, 71, 0, 0),
(4, 72, 0, 0),
(4, 73, 0, 0),
(4, 74, 0, 0),
(4, 75, 0, 0),
(4, 76, 0, 0),
(4, 77, 0, 0),
(4, 78, 0, 0),
(4, 79, 0, 0),
(4, 80, 0, 0),
(4, 81, 0, 0),
(4, 82, 0, 0),
(4, 83, 0, 0),
(4, 84, 0, 0),
(4, 85, 0, 0),
(4, 86, 0, 0),
(4, 87, 0, 0),
(4, 88, 0, 0),
(4, 89, 0, 0),
(4, 90, 0, 0),
(4, 91, 0, 0),
(4, 92, 0, 0),
(4, 93, 0, 0),
(4, 94, 0, 0),
(4, 95, 0, 0),
(4, 96, 0, 0),
(4, 97, 0, 0),
(4, 98, 0, 0),
(4, 99, 0, 0),
(4, 100, 0, 0),
(4, 101, 0, 0),
(4, 102, 0, 0),
(4, 103, 0, 0),
(4, 104, 0, 0),
(4, 105, 0, 0),
(4, 106, 0, 0),
(4, 107, 0, 0),
(4, 108, 0, 0),
(4, 109, 0, 0),
(2, 110, 0, 0),
(2, 111, 0, 0),
(2, 112, 0, 0),
(2, 113, 0, 0),
(2, 114, 0, 0),
(2, 115, 0, 0),
(2, 116, 0, 0),
(2, 117, 0, 0),
(2, 118, 0, 0),
(2, 119, 0, 0),
(2, 120, 0, 0),
(2, 121, 0, 0),
(2, 122, 0, 0),
(2, 123, 0, 0),
(2, 124, 0, 0),
(2, 125, 0, 0),
(26, 126, 0, 0),
(26, 127, 0, 0),
(26, 128, 0, 0),
(26, 129, 0, 0),
(26, 130, 0, 0),
(26, 131, 0, 0),
(26, 132, 0, 0),
(26, 133, 0, 0),
(26, 134, 0, 0),
(26, 135, 0, 0),
(26, 136, 0, 0),
(26, 137, 0, 0),
(26, 138, 0, 0),
(26, 139, 0, 0),
(26, 140, 0, 0),
(26, 141, 0, 0),
(26, 142, 0, 0),
(26, 143, 0, 0),
(26, 144, 0, 0),
(26, 145, 0, 0),
(26, 146, 0, 0),
(26, 147, 0, 0),
(26, 148, 0, 0),
(26, 149, 0, 0),
(26, 150, 0, 0),
(4, 151, 0, 0),
(6, 152, 0, 0),
(7, 153, 0, 0),
(26, 154, 0, 0),
(13, 155, 0, 0),
(13, 156, 0, 0),
(13, 157, 0, 0),
(13, 158, 0, 0),
(13, 159, 0, 0),
(13, 160, 0, 0),
(13, 161, 0, 0),
(13, 162, 0, 0),
(13, 163, 0, 0),
(13, 164, 0, 0),
(13, 165, 0, 0),
(13, 166, 0, 0),
(13, 167, 0, 0),
(13, 168, 0, 0),
(13, 169, 0, 0),
(13, 170, 0, 0),
(13, 171, 0, 0),
(13, 172, 0, 0),
(13, 173, 0, 0),
(14, 174, 0, 0),
(14, 175, 0, 0),
(14, 176, 0, 0),
(14, 177, 0, 0),
(14, 178, 0, 0),
(14, 179, 0, 0),
(14, 180, 0, 0),
(14, 181, 0, 0),
(14, 182, 0, 0),
(14, 183, 0, 0),
(14, 184, 0, 0),
(14, 185, 0, 0),
(14, 186, 0, 0),
(14, 187, 0, 0),
(14, 188, 0, 0),
(14, 189, 0, 0),
(14, 190, 0, 0),
(14, 191, 0, 0),
(14, 192, 0, 0),
(14, 193, 0, 0),
(14, 194, 0, 0),
(14, 195, 0, 0),
(14, 196, 0, 0),
(14, 197, 0, 0),
(14, 198, 0, 0),
(14, 199, 0, 0),
(14, 200, 0, 0),
(14, 201, 0, 0),
(14, 202, 0, 0),
(14, 203, 0, 0),
(14, 204, 0, 0),
(8, 205, 0, 0),
(8, 206, 0, 0),
(8, 207, 0, 0),
(8, 208, 0, 0),
(8, 209, 0, 0),
(8, 210, 0, 0),
(8, 211, 0, 0),
(8, 212, 0, 0),
(8, 213, 0, 0),
(8, 214, 0, 0),
(8, 215, 0, 0),
(8, 216, 0, 0),
(8, 217, 0, 0),
(8, 218, 0, 0),
(8, 219, 0, 0),
(10, 220, 0, 0),
(10, 221, 0, 0),
(10, 222, 0, 0),
(10, 223, 0, 0),
(10, 224, 0, 0),
(10, 225, 0, 0),
(10, 226, 0, 0),
(10, 227, 0, 0),
(10, 228, 0, 0),
(10, 229, 0, 0),
(10, 230, 0, 0),
(10, 231, 0, 0),
(9, 232, 0, 0),
(9, 233, 0, 0),
(9, 234, 0, 0),
(9, 235, 0, 0),
(9, 236, 0, 0),
(9, 237, 0, 0),
(9, 238, 0, 0),
(9, 239, 0, 0),
(9, 240, 0, 0),
(9, 241, 0, 0),
(9, 242, 0, 0),
(9, 243, 0, 0),
(9, 244, 0, 0),
(9, 245, 0, 0),
(9, 246, 0, 0),
(9, 247, 0, 0),
(9, 248, 0, 0),
(9, 249, 0, 0),
(9, 250, 0, 0),
(9, 251, 0, 0),
(9, 252, 0, 0),
(9, 253, 0, 0),
(9, 254, 0, 0),
(9, 255, 0, 0),
(16, 256, 0, 0),
(16, 257, 0, 0),
(16, 258, 0, 0),
(16, 259, 0, 0),
(16, 260, 0, 0),
(16, 261, 0, 0),
(16, 262, 0, 0),
(16, 263, 0, 0),
(16, 264, 0, 0),
(16, 265, 0, 0),
(16, 266, 0, 0),
(16, 267, 0, 0),
(16, 268, 0, 0),
(16, 269, 0, 0),
(16, 270, 0, 0),
(16, 271, 0, 0),
(16, 272, 0, 0),
(16, 273, 0, 0),
(16, 274, 0, 0),
(16, 275, 0, 0),
(16, 276, 0, 0),
(16, 277, 0, 0),
(16, 278, 0, 0),
(15, 279, 0, 0),
(15, 280, 0, 0),
(15, 281, 0, 0),
(15, 282, 0, 0),
(15, 283, 0, 0),
(15, 284, 0, 0),
(15, 285, 0, 0),
(15, 286, 0, 0),
(15, 287, 0, 0),
(15, 288, 0, 0),
(18, 289, 0, 0),
(18, 290, 0, 0),
(18, 291, 0, 0),
(18, 292, 0, 0),
(18, 293, 0, 0),
(18, 294, 0, 0),
(18, 295, 0, 0),
(18, 296, 0, 0),
(18, 297, 0, 0),
(18, 298, 0, 0),
(18, 299, 0, 0),
(18, 300, 0, 0),
(18, 301, 0, 0),
(18, 302, 0, 0),
(18, 303, 0, 0),
(18, 304, 0, 0),
(18, 305, 0, 0),
(19, 306, 0, 0),
(19, 307, 0, 0),
(19, 308, 0, 0),
(19, 309, 0, 0),
(19, 310, 0, 0),
(19, 311, 0, 0),
(19, 312, 0, 0),
(19, 313, 0, 0),
(20, 314, 0, 0),
(20, 315, 0, 0),
(20, 316, 0, 0),
(20, 317, 0, 0),
(20, 318, 0, 0),
(20, 319, 0, 0),
(20, 320, 0, 0),
(20, 321, 0, 0),
(20, 322, 0, 0),
(20, 323, 0, 0),
(20, 324, 0, 0),
(20, 325, 0, 0),
(20, 326, 0, 0),
(20, 327, 0, 0),
(20, 328, 0, 0),
(20, 329, 0, 0),
(20, 330, 0, 0),
(20, 331, 0, 0),
(20, 332, 0, 0),
(20, 333, 0, 0),
(20, 334, 0, 0),
(20, 335, 0, 0),
(20, 336, 0, 0),
(20, 337, 0, 0),
(20, 338, 0, 0),
(20, 339, 0, 0),
(20, 340, 0, 0),
(20, 341, 0, 0),
(20, 342, 0, 0),
(20, 343, 0, 0),
(20, 344, 0, 0),
(20, 345, 0, 0),
(20, 346, 0, 0),
(20, 347, 0, 0),
(20, 348, 0, 0),
(20, 349, 0, 0),
(20, 350, 0, 0),
(21, 351, 0, 0),
(21, 352, 0, 0),
(21, 353, 0, 0),
(21, 354, 0, 0),
(21, 355, 0, 0),
(21, 356, 0, 0),
(21, 357, 0, 0),
(21, 358, 0, 0),
(21, 359, 0, 0),
(21, 360, 0, 0),
(21, 361, 0, 0),
(21, 362, 0, 0),
(21, 363, 0, 0),
(21, 364, 0, 0),
(21, 365, 0, 0),
(21, 366, 0, 0),
(21, 367, 0, 0),
(21, 368, 0, 0),
(21, 369, 0, 0),
(21, 370, 0, 0),
(21, 371, 0, 0),
(21, 372, 0, 0),
(21, 373, 0, 0),
(21, 374, 0, 0),
(21, 375, 0, 0),
(21, 376, 0, 0),
(21, 377, 0, 0),
(21, 378, 0, 0),
(21, 379, 0, 0),
(21, 380, 0, 0),
(21, 381, 0, 0),
(21, 382, 0, 0),
(21, 383, 0, 0),
(21, 384, 0, 0),
(21, 385, 0, 0),
(21, 386, 0, 0),
(21, 387, 0, 0),
(21, 388, 0, 0),
(22, 389, 0, 0),
(22, 390, 0, 0),
(22, 391, 0, 0),
(22, 392, 0, 0),
(22, 393, 0, 0),
(22, 394, 0, 0),
(22, 395, 0, 0),
(22, 396, 0, 0),
(22, 397, 0, 0),
(22, 398, 0, 0),
(22, 399, 0, 0),
(22, 400, 0, 0),
(22, 401, 0, 0),
(22, 402, 0, 0),
(22, 403, 0, 0),
(22, 404, 0, 0),
(22, 405, 0, 0),
(22, 406, 0, 0),
(22, 407, 0, 0),
(22, 408, 0, 0),
(22, 409, 0, 0),
(22, 410, 0, 0),
(22, 411, 0, 0),
(22, 412, 0, 0),
(22, 413, 0, 0),
(22, 414, 0, 0),
(22, 415, 0, 0),
(22, 416, 0, 0),
(22, 417, 0, 0),
(22, 418, 0, 0),
(22, 419, 0, 0),
(22, 420, 0, 0),
(22, 421, 0, 0),
(22, 422, 0, 0),
(22, 423, 0, 0),
(22, 424, 0, 0),
(22, 425, 0, 0),
(22, 426, 0, 0),
(22, 427, 0, 0),
(22, 428, 0, 0),
(22, 429, 0, 0),
(22, 430, 0, 0),
(22, 431, 0, 0),
(22, 432, 0, 0),
(22, 433, 0, 0),
(22, 434, 0, 0),
(22, 435, 0, 0),
(23, 436, 0, 0),
(23, 437, 0, 0),
(23, 438, 0, 0),
(23, 439, 0, 0),
(23, 440, 0, 0),
(23, 441, 0, 0),
(23, 442, 0, 0),
(23, 443, 0, 0),
(23, 444, 0, 0),
(23, 445, 0, 0),
(23, 446, 0, 0),
(23, 447, 0, 0),
(23, 448, 0, 0),
(23, 449, 0, 0),
(23, 450, 0, 0),
(23, 451, 0, 0),
(23, 452, 0, 0),
(23, 453, 0, 0),
(23, 454, 0, 0),
(23, 455, 0, 0),
(23, 456, 0, 0),
(23, 457, 0, 0),
(23, 458, 0, 0),
(23, 459, 0, 0),
(23, 460, 0, 0),
(23, 461, 0, 0),
(23, 462, 0, 0),
(23, 463, 0, 0),
(23, 464, 0, 0),
(23, 465, 0, 0),
(23, 466, 0, 0),
(23, 467, 0, 0),
(23, 468, 0, 0),
(23, 469, 0, 0),
(23, 470, 0, 0),
(23, 471, 0, 0),
(23, 472, 0, 0),
(23, 473, 0, 0),
(23, 474, 0, 0),
(10, 519, 0, 0),
(10, 520, 0, 0),
(10, 521, 0, 0),
(10, 522, 0, 0),
(10, 523, 0, 0),
(10, 524, 0, 0),
(36, 525, 0, 0),
(36, 526, 0, 0),
(36, 527, 0, 0),
(36, 528, 0, 0),
(37, 531, 0, 0),
(37, 532, 0, 0),
(37, 533, 0, 0),
(37, 534, 0, 0),
(37, 535, 0, 0),
(37, 536, 0, 0),
(37, 537, 0, 0),
(37, 538, 0, 0),
(37, 539, 0, 0),
(37, 540, 0, 0),
(37, 541, 0, 0),
(37, 542, 0, 0),
(37, 543, 0, 0),
(37, 544, 0, 0),
(37, 545, 0, 0),
(37, 546, 0, 0),
(37, 547, 0, 0),
(37, 548, 0, 0),
(37, 549, 0, 0),
(38, 550, 0, 0),
(38, 551, 0, 0),
(38, 552, 0, 0),
(38, 553, 0, 0),
(38, 554, 0, 0),
(38, 555, 0, 0),
(38, 556, 0, 0),
(38, 557, 0, 0),
(38, 558, 0, 0),
(38, 559, 0, 0),
(38, 560, 0, 0),
(38, 561, 0, 0),
(38, 562, 0, 0),
(38, 563, 0, 0),
(38, 564, 0, 0),
(38, 565, 0, 0),
(38, 566, 0, 0),
(38, 567, 0, 0),
(38, 568, 0, 0),
(41, 569, 0, 0),
(41, 570, 0, 0),
(41, 571, 0, 0),
(41, 572, 0, 0),
(41, 573, 0, 0),
(41, 574, 0, 0),
(41, 575, 0, 0),
(41, 576, 0, 0),
(41, 577, 0, 0),
(41, 578, 0, 0),
(41, 579, 0, 0),
(41, 580, 0, 0),
(41, 581, 0, 0),
(41, 582, 0, 0),
(41, 583, 0, 0),
(41, 584, 0, 0),
(41, 585, 0, 0),
(45, 586, 0, 0),
(45, 587, 0, 0),
(45, 588, 0, 0),
(45, 589, 0, 0),
(45, 590, 0, 0),
(45, 591, 0, 0),
(45, 592, 0, 0),
(46, 593, 0, 0),
(46, 594, 0, 0),
(46, 595, 0, 0),
(46, 596, 0, 0),
(46, 597, 0, 0),
(46, 598, 0, 0),
(46, 599, 0, 0),
(46, 600, 0, 0),
(46, 601, 0, 0),
(46, 602, 0, 0),
(47, 603, 0, 0),
(47, 604, 0, 0),
(47, 605, 0, 0),
(47, 606, 0, 0),
(47, 607, 0, 0),
(47, 608, 0, 0),
(47, 609, 0, 0),
(47, 610, 0, 0),
(47, 611, 0, 0),
(47, 612, 0, 0),
(47, 613, 0, 0),
(47, 614, 0, 0),
(47, 615, 0, 0),
(47, 616, 0, 0),
(47, 617, 0, 0),
(48, 618, 0, 0),
(48, 619, 0, 0),
(48, 620, 0, 0),
(48, 621, 0, 0),
(48, 622, 0, 0),
(48, 623, 0, 0),
(48, 624, 0, 0),
(48, 625, 0, 0),
(48, 626, 0, 0),
(48, 627, 0, 0),
(48, 628, 0, 0),
(48, 629, 0, 0),
(48, 630, 0, 0),
(48, 631, 0, 0),
(48, 632, 0, 0),
(48, 633, 0, 0),
(48, 634, 0, 0),
(50, 635, 0, 0),
(50, 636, 0, 0),
(50, 637, 0, 0),
(50, 638, 0, 0),
(50, 639, 0, 0),
(54, 640, 0, 0),
(54, 641, 0, 0),
(54, 642, 0, 0),
(54, 643, 0, 0),
(54, 644, 0, 0),
(54, 645, 0, 0),
(55, 646, 0, 0),
(55, 647, 0, 0),
(55, 648, 0, 0),
(55, 649, 0, 0),
(55, 650, 0, 0),
(55, 651, 0, 0),
(55, 652, 0, 0),
(55, 653, 0, 0),
(56, 654, 0, 0),
(56, 655, 0, 0),
(56, 656, 0, 0),
(56, 657, 0, 0),
(56, 658, 0, 0),
(56, 659, 0, 0),
(56, 660, 0, 0),
(56, 661, 0, 0),
(55, 662, 0, 0),
(56, 663, 0, 0),
(56, 664, 0, 0),
(56, 665, 0, 0),
(56, 666, 0, 0),
(56, 667, 0, 0),
(56, 668, 0, 0),
(57, 669, 0, 0),
(57, 670, 0, 0),
(57, 671, 0, 0),
(57, 672, 0, 0),
(57, 673, 0, 0),
(57, 674, 0, 0),
(57, 675, 0, 0),
(57, 676, 0, 0),
(57, 677, 0, 0),
(57, 678, 0, 0),
(57, 679, 0, 0),
(57, 680, 0, 0),
(57, 681, 0, 0),
(57, 682, 0, 0),
(57, 683, 0, 0),
(57, 684, 0, 0),
(57, 685, 0, 0),
(57, 686, 0, 0),
(57, 687, 0, 0),
(57, 688, 0, 0),
(56, 689, 0, 0),
(56, 690, 0, 0),
(56, 691, 0, 0),
(56, 692, 0, 0),
(56, 693, 0, 0),
(56, 694, 0, 0),
(56, 695, 0, 0),
(57, 696, 0, 0),
(57, 697, 0, 0),
(57, 698, 0, 0),
(57, 699, 0, 0),
(57, 700, 0, 0),
(57, 701, 0, 0),
(57, 702, 0, 0),
(57, 703, 0, 0),
(57, 704, 0, 0),
(58, 705, 0, 0),
(58, 706, 0, 0),
(58, 707, 0, 0),
(58, 708, 0, 0),
(58, 709, 0, 0),
(58, 710, 0, 0),
(58, 711, 0, 0),
(58, 712, 0, 0),
(58, 713, 0, 0),
(58, 714, 0, 0),
(58, 715, 0, 0),
(58, 716, 0, 0),
(58, 717, 0, 0),
(58, 718, 0, 0),
(58, 719, 0, 0),
(58, 720, 0, 0),
(58, 721, 0, 0),
(58, 722, 0, 0),
(59, 723, 0, 0),
(59, 724, 0, 0),
(59, 725, 0, 0),
(59, 726, 0, 0),
(59, 727, 0, 0),
(59, 728, 0, 0),
(59, 729, 0, 0),
(59, 730, 0, 0),
(59, 731, 0, 0),
(59, 732, 0, 0),
(59, 733, 0, 0),
(59, 734, 0, 0),
(59, 735, 0, 0),
(59, 736, 0, 0),
(59, 737, 0, 0),
(59, 738, 0, 0),
(59, 739, 0, 0),
(59, 740, 0, 0),
(60, 741, 0, 0),
(60, 742, 0, 0),
(60, 743, 0, 0),
(60, 744, 0, 0),
(60, 745, 0, 0),
(60, 746, 0, 0),
(60, 747, 0, 0),
(60, 748, 0, 0),
(60, 749, 0, 0),
(60, 750, 0, 0),
(60, 751, 0, 0),
(60, 752, 0, 0),
(60, 753, 0, 0),
(60, 754, 0, 0),
(60, 755, 0, 0),
(60, 756, 0, 0),
(60, 757, 0, 0),
(60, 758, 0, 0),
(61, 759, 0, 0),
(61, 760, 0, 0),
(61, 761, 0, 0),
(61, 762, 0, 0),
(61, 763, 0, 0),
(61, 764, 0, 0),
(61, 765, 0, 0),
(61, 766, 0, 0),
(61, 767, 0, 0),
(61, 768, 0, 0),
(61, 769, 0, 0),
(61, 770, 0, 0),
(61, 771, 0, 0),
(61, 772, 0, 0),
(61, 773, 0, 0),
(61, 774, 0, 0),
(61, 775, 0, 0),
(62, 776, 0, 0),
(62, 777, 0, 0),
(62, 778, 0, 0),
(62, 779, 0, 0),
(62, 780, 0, 0),
(62, 781, 0, 0),
(62, 782, 0, 0),
(62, 783, 0, 0),
(59, 784, 0, 0),
(62, 785, 0, 0),
(62, 786, 0, 0),
(62, 787, 0, 0),
(62, 788, 0, 0),
(62, 789, 0, 0),
(62, 790, 0, 0),
(62, 792, 0, 0),
(62, 793, 0, 0),
(62, 794, 0, 0),
(62, 795, 0, 0),
(63, 796, 0, 0),
(63, 797, 0, 0),
(63, 798, 0, 0),
(63, 799, 0, 0),
(63, 800, 0, 0),
(63, 801, 0, 0),
(63, 802, 0, 0),
(63, 803, 0, 0),
(63, 804, 0, 0),
(63, 805, 0, 0),
(63, 806, 0, 0),
(62, 807, 0, 0),
(60, 808, 0, 0),
(60, 809, 0, 0),
(60, 810, 0, 0),
(63, 811, 0, 0),
(63, 812, 0, 0),
(63, 813, 0, 0),
(63, 814, 0, 0),
(63, 815, 0, 0),
(63, 816, 0, 0),
(63, 817, 0, 0),
(64, 818, 0, 0),
(64, 819, 0, 0),
(64, 820, 0, 0),
(64, 821, 0, 0),
(64, 822, 0, 0),
(64, 823, 0, 0),
(64, 824, 0, 0),
(60, 825, 0, 0),
(59, 826, 0, 0),
(62, 827, 0, 0),
(60, 828, 0, 0),
(63, 829, 0, 0),
(64, 830, 0, 0),
(64, 831, 0, 0),
(64, 832, 0, 0),
(64, 833, 0, 0),
(64, 834, 0, 0),
(64, 835, 0, 0),
(64, 836, 0, 0),
(65, 837, 0, 0),
(65, 838, 0, 0),
(65, 839, 0, 0),
(65, 840, 0, 0),
(65, 841, 0, 0),
(65, 842, 0, 0),
(65, 843, 0, 0),
(60, 844, 0, 0),
(60, 845, 0, 0),
(60, 846, 0, 0),
(64, 847, 0, 0),
(60, 848, 0, 0),
(65, 849, 0, 0),
(65, 850, 0, 0),
(65, 851, 0, 0),
(65, 852, 0, 0),
(65, 853, 0, 0),
(66, 854, 0, 0),
(66, 855, 0, 0),
(66, 856, 0, 0),
(66, 857, 0, 0),
(66, 858, 0, 0),
(65, 859, 0, 0),
(65, 860, 0, 0),
(65, 861, 0, 0),
(63, 862, 0, 0),
(63, 863, 0, 0),
(64, 864, 0, 0),
(66, 865, 0, 0),
(66, 866, 0, 0),
(66, 867, 0, 0),
(66, 868, 0, 0),
(66, 869, 0, 0),
(66, 870, 0, 0),
(66, 871, 0, 0),
(67, 872, 0, 0),
(67, 873, 0, 0),
(67, 874, 0, 0),
(67, 875, 0, 0),
(67, 876, 0, 0),
(67, 877, 0, 0),
(67, 878, 0, 0),
(55, 879, 0, 0),
(55, 880, 0, 0),
(55, 881, 0, 0),
(55, 882, 0, 0),
(55, 883, 0, 0),
(55, 884, 0, 0),
(55, 885, 0, 0),
(56, 886, 0, 0),
(56, 887, 0, 0),
(56, 888, 0, 0),
(56, 889, 0, 0),
(56, 890, 0, 0),
(56, 891, 0, 0),
(56, 892, 0, 0);

-- --------------------------------------------------------

--
-- Table structure for table `vtiger_def_org_share`
--

CREATE TABLE IF NOT EXISTS `vtiger_def_org_share` (
  `ruleid` int(11) NOT NULL AUTO_INCREMENT,
  `tabid` int(11) NOT NULL,
  `permission` int(19) DEFAULT NULL,
  `editstatus` int(19) DEFAULT NULL,
  PRIMARY KEY (`ruleid`),
  KEY `fk_1_vtiger_def_org_share` (`permission`)
) ENGINE=InnoDB  DEFAULT CHARSET=utf8 AUTO_INCREMENT=24 ;

--
-- Dumping data for table `vtiger_def_org_share`
--

INSERT INTO `vtiger_def_org_share` (`ruleid`, `tabid`, `permission`, `editstatus`) VALUES
(1, 2, 2, 0),
(2, 4, 2, 2),
(3, 6, 2, 0),
(4, 7, 2, 0),
(5, 9, 3, 1),
(6, 13, 2, 0),
(7, 16, 3, 2),
(8, 20, 2, 0),
(9, 21, 2, 0),
(10, 22, 2, 0),
(11, 23, 2, 0),
(12, 26, 2, 0),
(13, 8, 2, 0),
(14, 14, 2, 0),
(15, 36, 3, 0),
(16, 37, 2, 0),
(17, 38, 2, 0),
(18, 41, 2, 0),
(19, 45, 2, 0),
(20, 46, 2, 0),
(21, 47, 2, 0),
(22, 48, 2, 0),
(23, 50, 2, 0);

-- --------------------------------------------------------

--
-- Table structure for table `vtiger_def_org_share_seq`
--

CREATE TABLE IF NOT EXISTS `vtiger_def_org_share_seq` (
  `id` int(11) NOT NULL
) ENGINE=InnoDB DEFAULT CHARSET=utf8;

--
-- Dumping data for table `vtiger_def_org_share_seq`
--

INSERT INTO `vtiger_def_org_share_seq` (`id`) VALUES
(23);

-- --------------------------------------------------------

--
-- Table structure for table `vtiger_downloadpurpose`
--

CREATE TABLE IF NOT EXISTS `vtiger_downloadpurpose` (
  `downloadpurposeid` int(19) NOT NULL AUTO_INCREMENT,
  `purpose` varchar(200) NOT NULL,
  `sortorderid` int(19) NOT NULL DEFAULT '0',
  `presence` int(1) NOT NULL DEFAULT '1',
  PRIMARY KEY (`downloadpurposeid`),
  UNIQUE KEY `downloadpurpose_purpose_idx` (`purpose`)
) ENGINE=InnoDB DEFAULT CHARSET=utf8 AUTO_INCREMENT=1 ;

-- --------------------------------------------------------

--
-- Table structure for table `vtiger_durationhrs`
--

CREATE TABLE IF NOT EXISTS `vtiger_durationhrs` (
  `hrsid` int(19) NOT NULL AUTO_INCREMENT,
  `hrs` varchar(50) DEFAULT NULL,
  `sortorderid` int(19) NOT NULL DEFAULT '0',
  `presence` int(1) NOT NULL DEFAULT '1',
  PRIMARY KEY (`hrsid`)
) ENGINE=InnoDB DEFAULT CHARSET=utf8 AUTO_INCREMENT=1 ;

-- --------------------------------------------------------

--
-- Table structure for table `vtiger_durationmins`
--

CREATE TABLE IF NOT EXISTS `vtiger_durationmins` (
  `minsid` int(19) NOT NULL AUTO_INCREMENT,
  `mins` varchar(50) DEFAULT NULL,
  `sortorderid` int(19) NOT NULL DEFAULT '0',
  `presence` int(1) NOT NULL DEFAULT '1',
  PRIMARY KEY (`minsid`)
) ENGINE=InnoDB DEFAULT CHARSET=utf8 AUTO_INCREMENT=1 ;

-- --------------------------------------------------------

--
-- Table structure for table `vtiger_duration_minutes`
--

CREATE TABLE IF NOT EXISTS `vtiger_duration_minutes` (
  `minutesid` int(19) NOT NULL AUTO_INCREMENT,
  `duration_minutes` varchar(200) NOT NULL,
  `sortorderid` int(19) NOT NULL DEFAULT '0',
  `presence` int(1) NOT NULL DEFAULT '1',
  PRIMARY KEY (`minutesid`)
) ENGINE=InnoDB  DEFAULT CHARSET=utf8 AUTO_INCREMENT=5 ;

--
-- Dumping data for table `vtiger_duration_minutes`
--

INSERT INTO `vtiger_duration_minutes` (`minutesid`, `duration_minutes`, `sortorderid`, `presence`) VALUES
(1, '00', 0, 1),
(2, '15', 1, 1),
(3, '30', 2, 1),
(4, '45', 3, 1);

-- --------------------------------------------------------

--
-- Table structure for table `vtiger_duration_minutes_seq`
--

CREATE TABLE IF NOT EXISTS `vtiger_duration_minutes_seq` (
  `id` int(11) NOT NULL
) ENGINE=InnoDB DEFAULT CHARSET=utf8;

--
-- Dumping data for table `vtiger_duration_minutes_seq`
--

INSERT INTO `vtiger_duration_minutes_seq` (`id`) VALUES
(4);

-- --------------------------------------------------------

--
-- Table structure for table `vtiger_emaildetails`
--

CREATE TABLE IF NOT EXISTS `vtiger_emaildetails` (
  `emailid` int(19) NOT NULL,
  `from_email` varchar(50) NOT NULL DEFAULT '',
  `to_email` text,
  `cc_email` text,
  `bcc_email` text,
  `assigned_user_email` varchar(50) NOT NULL DEFAULT '',
  `idlists` text,
  `email_flag` varchar(50) NOT NULL DEFAULT '',
  PRIMARY KEY (`emailid`)
) ENGINE=InnoDB DEFAULT CHARSET=utf8;

--
-- Dumping data for table `vtiger_emaildetails`
--

INSERT INTO `vtiger_emaildetails` (`emailid`, `from_email`, `to_email`, `cc_email`, `bcc_email`, `assigned_user_email`, `idlists`, `email_flag`) VALUES
(94, 'crm@gmail.com', '["a@a.com"]', '[""]', '[""]', '', '', ''),
(95, 'crm@gmail.com', '["b@b.com"]', '[""]', '[""]', '', '', ''),
(96, 'crm@gmail.com', '["tester@testvtiger.com"]', '[""]', '[""]', '', '', ''),
(97, 'crm@gmail.com', '["xanth@yaz.com"]', '[""]', '[""]', '', '', ''),
(98, 'crm@gmail.com', '["violet@bing.com"]', '[""]', '[""]', '', '', ''),
(126, 'crm@gmail.com', '["Smith Mary<gideonrosales@gmail.com>"]', '[""]', '[""]', '', '22@80|', 'SENT'),
(199, 'crm@gmail.com', '["gideon@nextixsystems.com"]', '[""]', '[""]', '', '134@-1|', 'SENT'),
(200, 'gideon@nextixsystems.com', '["gideon@nextixsystems.com"]', '[""]', '[""]', '', '134@-1|', 'SENT'),
(260, 'gideonrosales@gmail.com', '["<gideon@nextixsystems.com>","<gideonrosales@gmail.com>"]', '[""]', '[""]', '', '236@808|236@810|', 'SENT');

-- --------------------------------------------------------

--
-- Table structure for table `vtiger_emailtemplates`
--

CREATE TABLE IF NOT EXISTS `vtiger_emailtemplates` (
  `foldername` varchar(100) DEFAULT NULL,
  `templatename` varchar(100) DEFAULT NULL,
  `subject` varchar(100) DEFAULT NULL,
  `description` text,
  `body` text,
  `deleted` int(1) NOT NULL DEFAULT '0',
  `templateid` int(19) NOT NULL AUTO_INCREMENT,
  PRIMARY KEY (`templateid`),
  KEY `emailtemplates_foldernamd_templatename_subject_idx` (`foldername`,`templatename`,`subject`)
) ENGINE=InnoDB  DEFAULT CHARSET=utf8 AUTO_INCREMENT=13 ;

--
-- Dumping data for table `vtiger_emailtemplates`
--

INSERT INTO `vtiger_emailtemplates` (`foldername`, `templatename`, `subject`, `description`, `body`, `deleted`, `templateid`) VALUES
('Public', 'Announcement for Release', 'Announcement for Release', 'Announcement of a release', '<p>\r\n	Hello!<br />\r\n	<br />\r\n	On behalf of the team, I am pleased to announce the release of crm4.2 . This is a feature packed release including the mass email template handling, custom view feature, reports feature and a host of other utilities. runs on all platforms.<br />\r\n	&nbsp;</p>\r\n', 0, 1),
('Public', 'Pending Invoices', 'Invoices Pending', 'Payment Due', 'name <br />\nstreet, <br />\ncity, <br />\nstate, <br />\n zip) <br />\n  <br />\n Dear <br />\n <br />\n Please check the following invoices that are yet to be paid by you: <br />\n <br />\n No. Date      Amount <br />\n 1   1/1/01    $4000 <br />\n 2   2/2//01   $5000 <br />\n 3   3/3/01    $10000 <br />\n 4   7/4/01    $23560 <br />\n <br />\n Kindly let us know if there are any issues that you feel are pending to be discussed. <br />\n We will be more than happy to give you a call. <br />\n We would like to continue our business with you.', 0, 2),
('Public', 'Acceptance Proposal', 'Acceptance Proposal', 'Acceptance of Proposal', ' Dear <br />\n <br />\nYour proposal on the project XYZW has been reviewed by us <br />\nand is acceptable in its entirety. <br />\n <br />\nWe are eagerly looking forward to this project <br />\nand are pleased about having the opportunity to work <br />\ntogether. We look forward to a long standing relationship <br />\nwith your esteemed firm. <br />\n<br />\nI would like to take this opportunity to invite you <br />\nto a game of golf on Wednesday morning 9am at the <br />\nCuff Links Ground. We will be waiting for you in the <br />\nExecutive Lounge. <br />\n<br />\nLooking forward to seeing you there.', 0, 3),
('Public', 'Goods received acknowledgement', 'Goods received acknowledgement', 'Acknowledged Receipt of Goods', ' The undersigned hereby acknowledges receipt and delivery of the goods. <br />\nThe undersigned will release the payment subject to the goods being discovered not satisfactory. <br />\n<br />\nSigned under seal this <date>', 0, 4),
('Public', 'Accept Order', 'Accept Order', 'Acknowledgement/Acceptance of Order', ' Dear <br />\n         We are in receipt of your order as contained in the <br />\n   purchase order form.We consider this to be final and binding on both sides. <br />\nIf there be any exceptions noted, we shall consider them <br />\nonly if the objection is received within ten days of receipt of <br />\nthis notice. <br />\n <br />\nThank you for your patronage.', 0, 5),
('Public', 'Address Change', 'Change of Address', 'Address Change', 'Dear <br />\n <br />\nWe are relocating our office to <br />\n11111,XYZDEF Cross, <br />\nUVWWX Circle <br />\nThe telephone number for this new location is (101) 1212-1328. <br />\n<br />\nOur Manufacturing Division will continue operations <br />\nat 3250 Lovedale Square Avenue, in Frankfurt. <br />\n<br />\nWe hope to keep in touch with you all. <br />\nPlease update your addressbooks.', 0, 6),
('Public', 'Follow Up', 'Follow Up', 'Follow Up of meeting', 'Dear <br />\n<br />\nThank you for extending us the opportunity to meet with <br />\nyou and members of your staff. <br />\n<br />\nI know that John Doe serviced your account <br />\nfor many years and made many friends at your firm. He has personally <br />\ndiscussed with me the deep relationship that he had with your firm. <br />\nWhile his presence will be missed, I can promise that we will <br />\ncontinue to provide the fine service that was accorded by <br />\nJohn to your firm. <br />\n<br />\nI was genuinely touched to receive such fine hospitality. <br />\n<br />\nThank you once again.', 0, 7),
('Public', 'Target Crossed!', 'Target Crossed!', 'Fantastic Sales Spree!', 'Congratulations! <br />\n<br />\nThe numbers are in and I am proud to inform you that our <br />\ntotal sales for the previous quarter <br />\namounts to $100,000,00.00!. This is the first time <br />\nwe have exceeded the target by almost 30%. <br />\nWe have also beat the previous quarter record by a <br />\nwhopping 75%! <br />\n<br />\nLet us meet at Smoking Joe for a drink in the evening! <br />\n\nC you all there guys!', 0, 8),
('Public', 'Thanks Note', 'Thanks Note', 'Note of thanks', 'Dear <br />\n<br />\nThank you for your confidence in our ability to serve you. <br />\nWe are glad to be given the chance to serve you.I look <br />\nforward to establishing a long term partnership with you. <br />\nConsider me as a friend. <br />\nShould any need arise,please do give us a call.', 0, 9),
('Public', 'Customer Login Details', 'Customer Portal Login Details', 'Send Portal login details to customer', '<table align="center" border="0" cellpadding="0" cellspacing="0" style="font-family: Arial,Helvetica,sans-serif; font-size: 12px; font-weight: normal; text-decoration: none; background-color: rgb(122, 122, 254);" width="700">\r\n	<tbody>\r\n		<tr>\r\n			<td>\r\n				&nbsp;</td>\r\n			<td>\r\n				&nbsp;</td>\r\n			<td>\r\n				&nbsp;</td>\r\n		</tr>\r\n		<tr>\r\n			<td>\r\n				&nbsp;</td>\r\n			<td>\r\n				&nbsp;</td>\r\n			<td>\r\n				&nbsp;</td>\r\n		</tr>\r\n		<tr>\r\n			<td>\r\n				&nbsp;</td>\r\n			<td>\r\n				&nbsp;</td>\r\n			<td>\r\n				&nbsp;</td>\r\n		</tr>\r\n		<tr>\r\n			<td width="50">\r\n				&nbsp;</td>\r\n			<td>\r\n				<table border="0" cellpadding="0" cellspacing="0" width="100%">\r\n					<tbody>\r\n						<tr>\r\n							<td>\r\n								<table border="0" cellpadding="0" cellspacing="0" style="background-color: rgb(27, 77, 140); font-family: Arial,Helvetica,sans-serif; font-size: 14px; color: rgb(255, 255, 255); font-weight: normal; line-height: 25px;" width="100%">\r\n									<tbody>\r\n										<tr>\r\n											<td align="center" rowspan="4">\r\n												$logo$</td>\r\n											<td align="center">\r\n												&nbsp;</td>\r\n										</tr>\r\n										<tr>\r\n											<td align="left" style="background-color: rgb(27, 77, 140); font-family: Arial,Helvetica,sans-serif; font-size: 24px; color: rgb(255, 255, 255); font-weight: bolder; line-height: 35px;">\r\n												CRM</td>\r\n										</tr>\r\n										<tr>\r\n											<td align="right" style="padding-right: 100px;">\r\n												&nbsp;</td>\r\n										</tr>\r\n										<tr>\r\n											<td>\r\n												&nbsp;</td>\r\n										</tr>\r\n									</tbody>\r\n								</table>\r\n							</td>\r\n						</tr>\r\n						<tr>\r\n							<td>\r\n								<table border="0" cellpadding="0" cellspacing="0" style="font-family: Arial,Helvetica,sans-serif; font-size: 12px; font-weight: normal; color: rgb(0, 0, 0); background-color: rgb(255, 255, 255);" width="100%">\r\n									<tbody>\r\n										<tr>\r\n											<td valign="top">\r\n												<table border="0" cellpadding="5" cellspacing="0" width="100%">\r\n													<tbody>\r\n														<tr>\r\n															<td align="right" style="font-family: Arial,Helvetica,sans-serif; font-size: 12px; font-weight: bolder; text-decoration: none; color: rgb(66, 66, 253);">\r\n																&nbsp;</td>\r\n														</tr>\r\n														<tr>\r\n															<td>\r\n																&nbsp;</td>\r\n														</tr>\r\n														<tr>\r\n															<td style="font-family: Arial,Helvetica,sans-serif; font-size: 14px; color: rgb(22, 72, 134); font-weight: bolder; line-height: 15px;">\r\n																Dear $contact_name$,</td>\r\n														</tr>\r\n														<tr>\r\n															<td style="font-family: Arial,Helvetica,sans-serif; font-size: 12px; color: rgb(0, 0, 0); font-weight: normal; text-align: justify; line-height: 20px;">\r\n																Thank you very much for subscribing to the vtiger CRM - annual support service.<br />\r\n																Here is your self service portal login details:</td>\r\n														</tr>\r\n														<tr>\r\n															<td align="center">\r\n																<table border="0" cellpadding="10" cellspacing="0" style="border: 2px solid rgb(180, 180, 179); background-color: rgb(226, 226, 225); font-family: Arial,Helvetica,sans-serif; font-size: 12px; color: rgb(0, 0, 0); font-weight: normal;" width="75%">\r\n																	<tbody>\r\n																		<tr>\r\n																			<td>\r\n																				<br />\r\n																				User ID : <font color="#990000"><strong> $login_name$</strong></font></td>\r\n																		</tr>\r\n																		<tr>\r\n																			<td>\r\n																				Password: <font color="#990000"><strong> $password$</strong></font></td>\r\n																		</tr>\r\n																		<tr>\r\n																			<td align="center">\r\n																				<strong>$URL$<br />\r\n																				</strong></td>\r\n																		</tr>\r\n																	</tbody>\r\n																</table>\r\n															</td>\r\n														</tr>\r\n														<tr>\r\n															<td style="font-family: Arial,Helvetica,sans-serif; font-size: 12px; color: rgb(0, 0, 0); font-weight: normal; text-align: justify; line-height: 20px;">\r\n																<strong>NOTE:</strong> We suggest you to change your password after logging in first time.<br />\r\n																<br />\r\n																<strong><u>Help Documentation</u></strong><br />\r\n																<br />\r\n																After logging in to vtiger Self-service Portal first time, you can access the vtiger CRM documents from the <strong>Documents</strong> tab. Following documents are available for your reference:<br />\r\n																<ul>\r\n																	<li>\r\n																		&nbsp;</li>\r\n																</ul>\r\n																<br />\r\n																<br />\r\n																<strong><u>Knowledge Base</u></strong><br />\r\n																<br />\r\n																Periodically we update frequently asked question based on our customer experiences. You can access the latest articles from the <strong>FAQ</strong> tab.<br />\r\n																<br />\r\n																<strong><u>CRM - Details</u></strong><br />\r\n																<br />\r\n																Kindly let us know your current CRM version and system specification so that we can provide you necessary guidelines to enhance your CRM system performance. Based on your system specification we alert you about the latest security &amp; upgrade patches.<br />\r\n																<br />\r\n																Thank you once again and wish you a wonderful experience with CRM.</td>\r\n														</tr>\r\n														<tr>\r\n															<td align="right">\r\n																<br />\r\n																<br />\r\n																<strong style="padding: 2px; font-family: Arial,Helvetica,sans-serif; font-size: 12px; color: rgb(0, 0, 0); font-weight: bold;">Best Regards</strong></td>\r\n														</tr>\r\n														<tr>\r\n															<td align="right" style="font-family: Arial,Helvetica,sans-serif; font-size: 12px; color: rgb(0, 0, 0); font-weight: normal; line-height: 20px;">\r\n																$support_team$</td>\r\n														</tr>\r\n														<tr>\r\n															<td align="right">\r\n																&nbsp;</td>\r\n														</tr>\r\n														<tr>\r\n															<td>\r\n																&nbsp;</td>\r\n														</tr>\r\n													</tbody>\r\n												</table>\r\n											</td>\r\n											<td valign="top" width="1%">\r\n												&nbsp;</td>\r\n										</tr>\r\n									</tbody>\r\n								</table>\r\n							</td>\r\n						</tr>\r\n						<tr>\r\n							<td>\r\n								<table border="0" cellpadding="5" cellspacing="0" style="font-family: Arial,Helvetica,sans-serif; font-size: 12px; color: rgb(255, 255, 255); font-weight: normal; line-height: 15px; background-color: rgb(51, 51, 51);" width="100%">\r\n									<tbody>\r\n										<tr>\r\n											<td align="center">\r\n												Cebu City</td>\r\n										</tr>\r\n										<tr>\r\n											<td align="center">\r\n												Telephone No: +9333403829</td>\r\n										</tr>\r\n										<tr>\r\n											<td align="center">\r\n												Email Id: <a href="mailto:support@vtiger.com" style="font-family: Arial,Helvetica,sans-serif; font-size: 12px; font-weight: bolder; text-decoration: none; color: rgb(255, 255, 255);">g</a>ideonrosales@gmail.com</td>\r\n										</tr>\r\n									</tbody>\r\n								</table>\r\n							</td>\r\n						</tr>\r\n					</tbody>\r\n				</table>\r\n			</td>\r\n			<td width="50">\r\n				&nbsp;</td>\r\n		</tr>\r\n		<tr>\r\n			<td>\r\n				&nbsp;</td>\r\n			<td>\r\n				&nbsp;</td>\r\n			<td>\r\n				&nbsp;</td>\r\n		</tr>\r\n		<tr>\r\n			<td>\r\n				&nbsp;</td>\r\n			<td>\r\n				&nbsp;</td>\r\n			<td>\r\n				&nbsp;</td>\r\n		</tr>\r\n		<tr>\r\n			<td>\r\n				&nbsp;</td>\r\n			<td>\r\n				&nbsp;</td>\r\n			<td>\r\n				&nbsp;</td>\r\n		</tr>\r\n	</tbody>\r\n</table>', 0, 10),
('Public', 'Support end notification before a week', 'VtigerCRM Support Notification', 'Send Notification mail to customer before a week of support end date', '<table align="center" border="0" cellpadding="0" cellspacing="0" style="font-family: Arial,Helvetica,sans-serif; font-size: 12px; font-weight: normal; text-decoration: none; background-color: rgb(122, 122, 254);" width="700">\r\n	<tbody>\r\n		<tr>\r\n			<td>\r\n				&nbsp;</td>\r\n			<td>\r\n				&nbsp;</td>\r\n			<td>\r\n				&nbsp;</td>\r\n		</tr>\r\n		<tr>\r\n			<td>\r\n				&nbsp;</td>\r\n			<td>\r\n				&nbsp;</td>\r\n			<td>\r\n				&nbsp;</td>\r\n		</tr>\r\n		<tr>\r\n			<td>\r\n				&nbsp;</td>\r\n			<td>\r\n				&nbsp;</td>\r\n			<td>\r\n				&nbsp;</td>\r\n		</tr>\r\n		<tr>\r\n			<td width="50">\r\n				&nbsp;</td>\r\n			<td>\r\n				<table border="0" cellpadding="0" cellspacing="0" width="100%">\r\n					<tbody>\r\n						<tr>\r\n							<td>\r\n								<table border="0" cellpadding="0" cellspacing="0" style="background-color: rgb(27, 77, 140); font-family: Arial,Helvetica,sans-serif; font-size: 14px; color: rgb(255, 255, 255); font-weight: normal; line-height: 25px;" width="100%">\r\n									<tbody>\r\n										<tr>\r\n											<td align="center" rowspan="4">\r\n												$logo$</td>\r\n											<td align="center">\r\n												&nbsp;</td>\r\n										</tr>\r\n										<tr>\r\n											<td align="left" style="background-color: rgb(27, 77, 140); font-family: Arial,Helvetica,sans-serif; font-size: 24px; color: rgb(255, 255, 255); font-weight: bolder; line-height: 35px;">\r\n												CRM</td>\r\n										</tr>\r\n										<tr>\r\n											<td align="right" style="padding-right: 100px;">\r\n												&nbsp;</td>\r\n										</tr>\r\n										<tr>\r\n											<td>\r\n												&nbsp;</td>\r\n										</tr>\r\n									</tbody>\r\n								</table>\r\n							</td>\r\n						</tr>\r\n						<tr>\r\n							<td>\r\n								<table border="0" cellpadding="0" cellspacing="0" style="font-family: Arial,Helvetica,sans-serif; font-size: 12px; font-weight: normal; color: rgb(0, 0, 0); background-color: rgb(255, 255, 255);" width="100%">\r\n									<tbody>\r\n										<tr>\r\n											<td valign="top">\r\n												<table border="0" cellpadding="5" cellspacing="0" width="100%">\r\n													<tbody>\r\n														<tr>\r\n															<td align="right" style="font-family: Arial,Helvetica,sans-serif; font-size: 12px; font-weight: bolder; text-decoration: none; color: rgb(66, 66, 253);">\r\n																&nbsp;</td>\r\n														</tr>\r\n														<tr>\r\n															<td>\r\n																&nbsp;</td>\r\n														</tr>\r\n														<tr>\r\n															<td style="font-family: Arial,Helvetica,sans-serif; font-size: 14px; color: rgb(22, 72, 134); font-weight: bolder; line-height: 15px;">\r\n																Dear $contacts-lastname$,</td>\r\n														</tr>\r\n														<tr>\r\n															<td style="font-family: Arial,Helvetica,sans-serif; font-size: 12px; color: rgb(0, 0, 0); font-weight: normal; text-align: justify; line-height: 20px;">\r\n																This is just a notification mail regarding your support end.<br />\r\n																<span style="font-weight: bold;">Priority:</span> Urgent<br />\r\n																Your Support is going to expire on next week<br />\r\n																Please contact gideonrosales@gmail.com.<br />\r\n																<br />\r\n																&nbsp;</td>\r\n														</tr>\r\n														<tr>\r\n															<td align="center">\r\n																&nbsp;</td>\r\n														</tr>\r\n														<tr>\r\n															<td align="right">\r\n																<br />\r\n																<br />\r\n																<strong style="padding: 2px; font-family: Arial,Helvetica,sans-serif; font-size: 12px; color: rgb(0, 0, 0); font-weight: bold;">Sincerly</strong></td>\r\n														</tr>\r\n														<tr>\r\n															<td align="right" style="font-family: Arial,Helvetica,sans-serif; font-size: 12px; color: rgb(0, 0, 0); font-weight: normal; line-height: 20px;">\r\n																Support Team</td>\r\n														</tr>\r\n														<tr>\r\n															<td align="right">\r\n																&nbsp;</td>\r\n														</tr>\r\n														<tr>\r\n															<td>\r\n																&nbsp;</td>\r\n														</tr>\r\n													</tbody>\r\n												</table>\r\n											</td>\r\n											<td valign="top" width="1%">\r\n												&nbsp;</td>\r\n										</tr>\r\n									</tbody>\r\n								</table>\r\n							</td>\r\n						</tr>\r\n						<tr>\r\n							<td>\r\n								<table border="0" cellpadding="5" cellspacing="0" style="font-family: Arial,Helvetica,sans-serif; font-size: 12px; color: rgb(255, 255, 255); font-weight: normal; line-height: 15px; background-color: rgb(51, 51, 51);" width="100%">\r\n									<tbody>\r\n										<tr>\r\n											<td align="center">\r\n												Cebu City</td>\r\n										</tr>\r\n										<tr>\r\n											<td align="center">\r\n												Telephone No: +9333403829</td>\r\n										</tr>\r\n										<tr>\r\n											<td align="center">\r\n												Email Id: gideonrosales@gmail.com</td>\r\n										</tr>\r\n									</tbody>\r\n								</table>\r\n							</td>\r\n						</tr>\r\n					</tbody>\r\n				</table>\r\n			</td>\r\n			<td width="50">\r\n				&nbsp;</td>\r\n		</tr>\r\n		<tr>\r\n			<td>\r\n				&nbsp;</td>\r\n			<td>\r\n				&nbsp;</td>\r\n			<td>\r\n				&nbsp;</td>\r\n		</tr>\r\n		<tr>\r\n			<td>\r\n				&nbsp;</td>\r\n			<td>\r\n				&nbsp;</td>\r\n			<td>\r\n				&nbsp;</td>\r\n		</tr>\r\n		<tr>\r\n			<td>\r\n				&nbsp;</td>\r\n			<td>\r\n				&nbsp;</td>\r\n			<td>\r\n				&nbsp;</td>\r\n		</tr>\r\n	</tbody>\r\n</table>', 0, 11),
('Public', 'Support end notification before a month', 'VtigerCRM Support Notification', 'Send Notification mail to customer before a month of support end date', '<table align="center" border="0" cellpadding="0" cellspacing="0" style="font-family: Arial,Helvetica,sans-serif; font-size: 12px; font-weight: normal; text-decoration: none; background-color: rgb(122, 122, 254);" width="700">\r\n	<tbody>\r\n		<tr>\r\n			<td>\r\n				&nbsp;</td>\r\n			<td>\r\n				&nbsp;</td>\r\n			<td>\r\n				&nbsp;</td>\r\n		</tr>\r\n		<tr>\r\n			<td>\r\n				&nbsp;</td>\r\n			<td>\r\n				&nbsp;</td>\r\n			<td>\r\n				&nbsp;</td>\r\n		</tr>\r\n		<tr>\r\n			<td>\r\n				&nbsp;</td>\r\n			<td>\r\n				&nbsp;</td>\r\n			<td>\r\n				&nbsp;</td>\r\n		</tr>\r\n		<tr>\r\n			<td width="50">\r\n				&nbsp;</td>\r\n			<td>\r\n				<table border="0" cellpadding="0" cellspacing="0" width="100%">\r\n					<tbody>\r\n						<tr>\r\n							<td>\r\n								<table border="0" cellpadding="0" cellspacing="0" style="background-color: rgb(27, 77, 140); font-family: Arial,Helvetica,sans-serif; font-size: 14px; color: rgb(255, 255, 255); font-weight: normal; line-height: 25px;" width="100%">\r\n									<tbody>\r\n										<tr>\r\n											<td align="center" rowspan="4">\r\n												$logo$</td>\r\n											<td align="center">\r\n												&nbsp;</td>\r\n										</tr>\r\n										<tr>\r\n											<td align="left" style="background-color: rgb(27, 77, 140); font-family: Arial,Helvetica,sans-serif; font-size: 24px; color: rgb(255, 255, 255); font-weight: bolder; line-height: 35px;">\r\n												CRM</td>\r\n										</tr>\r\n										<tr>\r\n											<td align="right" style="padding-right: 100px;">\r\n												&nbsp;</td>\r\n										</tr>\r\n										<tr>\r\n											<td>\r\n												&nbsp;</td>\r\n										</tr>\r\n									</tbody>\r\n								</table>\r\n							</td>\r\n						</tr>\r\n						<tr>\r\n							<td>\r\n								<table border="0" cellpadding="0" cellspacing="0" style="font-family: Arial,Helvetica,sans-serif; font-size: 12px; font-weight: normal; color: rgb(0, 0, 0); background-color: rgb(255, 255, 255);" width="100%">\r\n									<tbody>\r\n										<tr>\r\n											<td valign="top">\r\n												<table border="0" cellpadding="5" cellspacing="0" width="100%">\r\n													<tbody>\r\n														<tr>\r\n															<td align="right" style="font-family: Arial,Helvetica,sans-serif; font-size: 12px; font-weight: bolder; text-decoration: none; color: rgb(66, 66, 253);">\r\n																&nbsp;</td>\r\n														</tr>\r\n														<tr>\r\n															<td>\r\n																&nbsp;</td>\r\n														</tr>\r\n														<tr>\r\n															<td style="font-family: Arial,Helvetica,sans-serif; font-size: 14px; color: rgb(22, 72, 134); font-weight: bolder; line-height: 15px;">\r\n																Dear $contacts-lastname$,</td>\r\n														</tr>\r\n														<tr>\r\n															<td style="font-family: Arial,Helvetica,sans-serif; font-size: 12px; color: rgb(0, 0, 0); font-weight: normal; text-align: justify; line-height: 20px;">\r\n																This is just a notification mail regarding your support end.<br />\r\n																<span style="font-weight: bold;">Priority:</span> Normal<br />\r\n																Your Support is going to expire on next month.<br />\r\n																Please contact gideonrosales@gmail.com<br />\r\n																<br />\r\n																&nbsp;</td>\r\n														</tr>\r\n														<tr>\r\n															<td align="center">\r\n																&nbsp;</td>\r\n														</tr>\r\n														<tr>\r\n															<td align="right">\r\n																<br />\r\n																<br />\r\n																<strong style="padding: 2px; font-family: Arial,Helvetica,sans-serif; font-size: 12px; color: rgb(0, 0, 0); font-weight: bold;">Sincerly</strong></td>\r\n														</tr>\r\n														<tr>\r\n															<td align="right" style="font-family: Arial,Helvetica,sans-serif; font-size: 12px; color: rgb(0, 0, 0); font-weight: normal; line-height: 20px;">\r\n																Support Team</td>\r\n														</tr>\r\n														<tr>\r\n															<td align="right">\r\n																&nbsp;</td>\r\n														</tr>\r\n														<tr>\r\n															<td>\r\n																&nbsp;</td>\r\n														</tr>\r\n													</tbody>\r\n												</table>\r\n											</td>\r\n											<td valign="top" width="1%">\r\n												&nbsp;</td>\r\n										</tr>\r\n									</tbody>\r\n								</table>\r\n							</td>\r\n						</tr>\r\n						<tr>\r\n							<td>\r\n								<table border="0" cellpadding="5" cellspacing="0" style="font-family: Arial,Helvetica,sans-serif; font-size: 12px; color: rgb(255, 255, 255); font-weight: normal; line-height: 15px; background-color: rgb(51, 51, 51);" width="100%">\r\n									<tbody>\r\n										<tr>\r\n											<td align="center">\r\n												Cebu City</td>\r\n										</tr>\r\n										<tr>\r\n											<td align="center">\r\n												Telephone No: +09333403820</td>\r\n										</tr>\r\n										<tr>\r\n											<td align="center">\r\n												Email Id: gideonrosales@gmail.com</td>\r\n										</tr>\r\n									</tbody>\r\n								</table>\r\n							</td>\r\n						</tr>\r\n					</tbody>\r\n				</table>\r\n			</td>\r\n			<td width="50">\r\n				&nbsp;</td>\r\n		</tr>\r\n		<tr>\r\n			<td>\r\n				&nbsp;</td>\r\n			<td>\r\n				&nbsp;</td>\r\n			<td>\r\n				&nbsp;</td>\r\n		</tr>\r\n		<tr>\r\n			<td>\r\n				&nbsp;</td>\r\n			<td>\r\n				&nbsp;</td>\r\n			<td>\r\n				&nbsp;</td>\r\n		</tr>\r\n		<tr>\r\n			<td>\r\n				&nbsp;</td>\r\n			<td>\r\n				&nbsp;</td>\r\n			<td>\r\n				&nbsp;</td>\r\n		</tr>\r\n	</tbody>\r\n</table>', 0, 12);

-- --------------------------------------------------------

--
-- Table structure for table `vtiger_emailtemplates_seq`
--

CREATE TABLE IF NOT EXISTS `vtiger_emailtemplates_seq` (
  `id` int(11) NOT NULL
) ENGINE=InnoDB DEFAULT CHARSET=utf8;

--
-- Dumping data for table `vtiger_emailtemplates_seq`
--

INSERT INTO `vtiger_emailtemplates_seq` (`id`) VALUES
(12);

-- --------------------------------------------------------

--
-- Table structure for table `vtiger_email_access`
--

CREATE TABLE IF NOT EXISTS `vtiger_email_access` (
  `crmid` int(11) DEFAULT NULL,
  `mailid` int(11) DEFAULT NULL,
  `accessdate` date DEFAULT NULL,
  `accesstime` datetime DEFAULT NULL
) ENGINE=InnoDB DEFAULT CHARSET=utf8;

-- --------------------------------------------------------

--
-- Table structure for table `vtiger_email_track`
--

CREATE TABLE IF NOT EXISTS `vtiger_email_track` (
  `crmid` int(11) DEFAULT NULL,
  `mailid` int(11) DEFAULT NULL,
  `access_count` int(11) DEFAULT NULL,
  UNIQUE KEY `link_tabidtype_idx` (`crmid`,`mailid`)
) ENGINE=InnoDB DEFAULT CHARSET=utf8;

-- --------------------------------------------------------

--
-- Table structure for table `vtiger_entityname`
--

CREATE TABLE IF NOT EXISTS `vtiger_entityname` (
  `tabid` int(19) NOT NULL DEFAULT '0',
  `modulename` varchar(50) NOT NULL,
  `tablename` varchar(100) NOT NULL,
  `fieldname` varchar(150) NOT NULL,
  `entityidfield` varchar(150) NOT NULL,
  `entityidcolumn` varchar(150) NOT NULL,
  PRIMARY KEY (`tabid`),
  KEY `entityname_tabid_idx` (`tabid`)
) ENGINE=InnoDB DEFAULT CHARSET=utf8;

--
-- Dumping data for table `vtiger_entityname`
--

INSERT INTO `vtiger_entityname` (`tabid`, `modulename`, `tablename`, `fieldname`, `entityidfield`, `entityidcolumn`) VALUES
(2, 'Potentials', 'vtiger_potential', 'potentialname', 'potentialid', 'potential_id'),
(4, 'Contacts', 'vtiger_contactdetails', 'firstname,lastname', 'contactid', 'contact_id'),
(6, 'Accounts', 'vtiger_account', 'accountname', 'accountid', 'account_id'),
(7, 'Leads', 'vtiger_leaddetails', 'firstname,lastname', 'leadid', 'leadid'),
(8, 'Documents', 'vtiger_notes', 'title', 'notesid', 'notesid'),
(9, 'Calendar', 'vtiger_activity', 'subject', 'activityid', 'activityid'),
(10, 'Emails', 'vtiger_activity', 'subject', 'activityid', 'activityid'),
(13, 'HelpDesk', 'vtiger_troubletickets', 'title', 'ticketid', 'ticketid'),
(14, 'Products', 'vtiger_products', 'productname', 'productid', 'product_id'),
(15, 'Faq', 'vtiger_faq', 'question', 'id', 'id'),
(18, 'Vendors', 'vtiger_vendor', 'vendorname', 'vendorid', 'vendor_id'),
(19, 'PriceBooks', 'vtiger_pricebook', 'bookname', 'pricebookid', 'pricebookid'),
(20, 'Quotes', 'vtiger_quotes', 'subject', 'quoteid', 'quote_id'),
(21, 'PurchaseOrder', 'vtiger_purchaseorder', 'subject', 'purchaseorderid', 'purchaseorderid'),
(22, 'SalesOrder', 'vtiger_salesorder', 'subject', 'salesorderid', 'salesorder_id'),
(23, 'Invoice', 'vtiger_invoice', 'subject', 'invoiceid', 'invoiceid'),
(26, 'Campaigns', 'vtiger_campaign', 'campaignname', 'campaignid', 'campaignid'),
(29, 'Users', 'vtiger_users', 'first_name,last_name', 'id', 'id'),
(36, 'PBXManager', 'vtiger_pbxmanager', 'callfrom', 'pbxmanagerid', 'pbxmanagerid'),
(37, 'ServiceContracts', 'vtiger_servicecontracts', 'subject', 'servicecontractsid', 'servicecontractsid'),
(38, 'Services', 'vtiger_service', 'servicename', 'serviceid', 'serviceid'),
(41, 'Assets', 'vtiger_assets', 'assetname', 'assetsid', 'assetsid'),
(45, 'ModComments', 'vtiger_modcomments', 'commentcontent', 'modcommentsid', 'modcommentsid'),
(46, 'ProjectMilestone', 'vtiger_projectmilestone', 'projectmilestonename', 'projectmilestoneid', 'projectmilestoneid'),
(47, 'ProjectTask', 'vtiger_projecttask', 'projecttaskname', 'projecttaskid', 'projecttaskid'),
(48, 'Project', 'vtiger_project', 'projectname', 'projectid', 'projectid'),
(50, 'SMSNotifier', 'vtiger_smsnotifier', 'message', 'smsnotifierid', 'smsnotifierid'),
(55, 'TestModule', 'vtiger_testmodule', 'firstname', 'testmoduleid', 'testmoduleid'),
(56, 'ModBaToh', 'vtiger_modbatoh', 'firstname', 'modbatohid', 'modbatohid');

-- --------------------------------------------------------

--
-- Table structure for table `vtiger_evaluationstatus`
--

CREATE TABLE IF NOT EXISTS `vtiger_evaluationstatus` (
  `evalstatusid` int(19) NOT NULL AUTO_INCREMENT,
  `status` varchar(200) NOT NULL,
  `sortorderid` int(19) NOT NULL DEFAULT '0',
  `presence` int(1) NOT NULL DEFAULT '1',
  PRIMARY KEY (`evalstatusid`),
  UNIQUE KEY `evaluationstatus_status_idx` (`status`)
) ENGINE=InnoDB DEFAULT CHARSET=utf8 AUTO_INCREMENT=1 ;

-- --------------------------------------------------------

--
-- Table structure for table `vtiger_eventhandlers`
--

CREATE TABLE IF NOT EXISTS `vtiger_eventhandlers` (
  `eventhandler_id` int(11) NOT NULL AUTO_INCREMENT,
  `event_name` varchar(100) NOT NULL,
  `handler_path` varchar(400) NOT NULL,
  `handler_class` varchar(100) NOT NULL,
  `cond` text,
  `is_active` int(1) NOT NULL,
  `dependent_on` varchar(255) DEFAULT '[]',
  PRIMARY KEY (`eventhandler_id`,`event_name`,`handler_class`),
  UNIQUE KEY `eventhandler_idx` (`eventhandler_id`)
) ENGINE=InnoDB  DEFAULT CHARSET=utf8 AUTO_INCREMENT=13 ;

--
-- Dumping data for table `vtiger_eventhandlers`
--

INSERT INTO `vtiger_eventhandlers` (`eventhandler_id`, `event_name`, `handler_path`, `handler_class`, `cond`, `is_active`, `dependent_on`) VALUES
(1, 'vtiger.entity.aftersave', 'modules/SalesOrder/RecurringInvoiceHandler.php', 'RecurringInvoiceHandler', '', 1, '[]'),
(2, 'vtiger.entity.beforesave', 'data/VTEntityDelta.php', 'VTEntityDelta', '', 1, '[]'),
(3, 'vtiger.entity.aftersave', 'data/VTEntityDelta.php', 'VTEntityDelta', '', 1, '[]'),
(4, 'vtiger.entity.aftersave', 'modules/com_vtiger_workflow/VTEventHandler.inc', 'VTWorkflowEventHandler', '', 1, '["VTEntityDelta"]'),
(5, 'vtiger.entity.afterrestore', 'modules/com_vtiger_workflow/VTEventHandler.inc', 'VTWorkflowEventHandler', '', 1, '[]'),
(6, 'vtiger.entity.aftersave.final', 'modules/HelpDesk/HelpDeskHandler.php', 'HelpDeskHandler', '', 1, '[]'),
(7, 'vtiger.entity.aftersave.final', 'modules/ModTracker/ModTrackerHandler.php', 'ModTrackerHandler', '', 1, '[]'),
(8, 'vtiger.entity.beforedelete', 'modules/ModTracker/ModTrackerHandler.php', 'ModTrackerHandler', '', 1, '[]'),
(9, 'vtiger.entity.beforesave', 'modules/ServiceContracts/ServiceContractsHandler.php', 'ServiceContractsHandler', '', 0, '[]'),
(10, 'vtiger.entity.aftersave', 'modules/ServiceContracts/ServiceContractsHandler.php', 'ServiceContractsHandler', '', 0, '[]'),
(11, 'vtiger.entity.aftersave', 'modules/WSAPP/WorkFlowHandlers/WSAPPAssignToTracker.php', 'WSAPPAssignToTracker', '', 1, '["VTEntityDelta"]'),
(12, 'vtiger.entity.beforesave.modifiable', 'modules/FieldFormulas/VTFieldFormulasEventHandler.inc', 'VTFieldFormulasEventHandler', '', 0, '[]');

-- --------------------------------------------------------

--
-- Table structure for table `vtiger_eventhandlers_seq`
--

CREATE TABLE IF NOT EXISTS `vtiger_eventhandlers_seq` (
  `id` int(11) NOT NULL
) ENGINE=InnoDB DEFAULT CHARSET=utf8;

--
-- Dumping data for table `vtiger_eventhandlers_seq`
--

INSERT INTO `vtiger_eventhandlers_seq` (`id`) VALUES
(12);

-- --------------------------------------------------------

--
-- Table structure for table `vtiger_eventhandler_module`
--

CREATE TABLE IF NOT EXISTS `vtiger_eventhandler_module` (
  `eventhandler_module_id` int(11) NOT NULL AUTO_INCREMENT,
  `module_name` varchar(100) DEFAULT NULL,
  `handler_class` varchar(100) DEFAULT NULL,
  PRIMARY KEY (`eventhandler_module_id`)
) ENGINE=InnoDB  DEFAULT CHARSET=utf8 AUTO_INCREMENT=4 ;

--
-- Dumping data for table `vtiger_eventhandler_module`
--

INSERT INTO `vtiger_eventhandler_module` (`eventhandler_module_id`, `module_name`, `handler_class`) VALUES
(1, 'ModTracker', 'ModTrackerHandler'),
(2, 'ServiceContracts', 'ServiceContractsHandler'),
(3, 'FieldFormulas', 'VTFieldFormulasEventHandler');

-- --------------------------------------------------------

--
-- Table structure for table `vtiger_eventhandler_module_seq`
--

CREATE TABLE IF NOT EXISTS `vtiger_eventhandler_module_seq` (
  `id` int(11) NOT NULL
) ENGINE=InnoDB DEFAULT CHARSET=utf8;

--
-- Dumping data for table `vtiger_eventhandler_module_seq`
--

INSERT INTO `vtiger_eventhandler_module_seq` (`id`) VALUES
(3);

-- --------------------------------------------------------

--
-- Table structure for table `vtiger_eventstatus`
--

CREATE TABLE IF NOT EXISTS `vtiger_eventstatus` (
  `eventstatusid` int(19) NOT NULL AUTO_INCREMENT,
  `eventstatus` varchar(200) NOT NULL,
  `presence` int(1) NOT NULL DEFAULT '1',
  `picklist_valueid` int(19) NOT NULL DEFAULT '0',
  PRIMARY KEY (`eventstatusid`)
) ENGINE=InnoDB  DEFAULT CHARSET=utf8 AUTO_INCREMENT=4 ;

--
-- Dumping data for table `vtiger_eventstatus`
--

INSERT INTO `vtiger_eventstatus` (`eventstatusid`, `eventstatus`, `presence`, `picklist_valueid`) VALUES
(1, 'Planned', 0, 38),
(2, 'Held', 0, 39),
(3, 'Not Held', 0, 40);

-- --------------------------------------------------------

--
-- Table structure for table `vtiger_eventstatus_seq`
--

CREATE TABLE IF NOT EXISTS `vtiger_eventstatus_seq` (
  `id` int(11) NOT NULL
) ENGINE=InnoDB DEFAULT CHARSET=utf8;

--
-- Dumping data for table `vtiger_eventstatus_seq`
--

INSERT INTO `vtiger_eventstatus_seq` (`id`) VALUES
(3);

-- --------------------------------------------------------

--
-- Table structure for table `vtiger_expectedresponse`
--

CREATE TABLE IF NOT EXISTS `vtiger_expectedresponse` (
  `expectedresponseid` int(19) NOT NULL AUTO_INCREMENT,
  `expectedresponse` varchar(200) NOT NULL,
  `presence` int(1) NOT NULL DEFAULT '1',
  `picklist_valueid` int(19) NOT NULL DEFAULT '0',
  PRIMARY KEY (`expectedresponseid`),
  UNIQUE KEY `CampaignExpRes_UK01` (`expectedresponse`)
) ENGINE=InnoDB  DEFAULT CHARSET=utf8 AUTO_INCREMENT=6 ;

--
-- Dumping data for table `vtiger_expectedresponse`
--

INSERT INTO `vtiger_expectedresponse` (`expectedresponseid`, `expectedresponse`, `presence`, `picklist_valueid`) VALUES
(1, '--None--', 1, 41),
(2, 'Excellent', 1, 42),
(3, 'Good', 1, 43),
(4, 'Average', 1, 44),
(5, 'Poor', 1, 45);

-- --------------------------------------------------------

--
-- Table structure for table `vtiger_expectedresponse_seq`
--

CREATE TABLE IF NOT EXISTS `vtiger_expectedresponse_seq` (
  `id` int(11) NOT NULL
) ENGINE=InnoDB DEFAULT CHARSET=utf8;

--
-- Dumping data for table `vtiger_expectedresponse_seq`
--

INSERT INTO `vtiger_expectedresponse_seq` (`id`) VALUES
(5);

-- --------------------------------------------------------

--
-- Table structure for table `vtiger_faq`
--

CREATE TABLE IF NOT EXISTS `vtiger_faq` (
  `id` int(11) NOT NULL AUTO_INCREMENT,
  `faq_no` varchar(100) NOT NULL,
  `product_id` varchar(100) DEFAULT NULL,
  `question` text,
  `answer` text,
  `category` varchar(200) NOT NULL,
  `status` varchar(200) NOT NULL,
  PRIMARY KEY (`id`),
  KEY `faq_id_idx` (`id`)
) ENGINE=InnoDB DEFAULT CHARSET=utf8 AUTO_INCREMENT=1 ;

-- --------------------------------------------------------

--
-- Table structure for table `vtiger_faqcategories`
--

CREATE TABLE IF NOT EXISTS `vtiger_faqcategories` (
  `faqcategories_id` int(19) NOT NULL AUTO_INCREMENT,
  `faqcategories` varchar(200) DEFAULT NULL,
  `presence` int(1) NOT NULL DEFAULT '1',
  `picklist_valueid` int(19) NOT NULL DEFAULT '0',
  PRIMARY KEY (`faqcategories_id`)
) ENGINE=InnoDB  DEFAULT CHARSET=utf8 AUTO_INCREMENT=2 ;

--
-- Dumping data for table `vtiger_faqcategories`
--

INSERT INTO `vtiger_faqcategories` (`faqcategories_id`, `faqcategories`, `presence`, `picklist_valueid`) VALUES
(1, 'General', 1, 46);

-- --------------------------------------------------------

--
-- Table structure for table `vtiger_faqcategories_seq`
--

CREATE TABLE IF NOT EXISTS `vtiger_faqcategories_seq` (
  `id` int(11) NOT NULL
) ENGINE=InnoDB DEFAULT CHARSET=utf8;

--
-- Dumping data for table `vtiger_faqcategories_seq`
--

INSERT INTO `vtiger_faqcategories_seq` (`id`) VALUES
(1);

-- --------------------------------------------------------

--
-- Table structure for table `vtiger_faqcomments`
--

CREATE TABLE IF NOT EXISTS `vtiger_faqcomments` (
  `commentid` int(19) NOT NULL AUTO_INCREMENT,
  `faqid` int(19) DEFAULT NULL,
  `comments` text,
  `createdtime` datetime NOT NULL,
  PRIMARY KEY (`commentid`),
  KEY `faqcomments_faqid_idx` (`faqid`)
) ENGINE=InnoDB DEFAULT CHARSET=utf8 AUTO_INCREMENT=1 ;

-- --------------------------------------------------------

--
-- Table structure for table `vtiger_faqstatus`
--

CREATE TABLE IF NOT EXISTS `vtiger_faqstatus` (
  `faqstatus_id` int(19) NOT NULL AUTO_INCREMENT,
  `faqstatus` varchar(200) DEFAULT NULL,
  `presence` int(1) NOT NULL DEFAULT '1',
  `picklist_valueid` int(19) NOT NULL DEFAULT '0',
  PRIMARY KEY (`faqstatus_id`)
) ENGINE=InnoDB  DEFAULT CHARSET=utf8 AUTO_INCREMENT=5 ;

--
-- Dumping data for table `vtiger_faqstatus`
--

INSERT INTO `vtiger_faqstatus` (`faqstatus_id`, `faqstatus`, `presence`, `picklist_valueid`) VALUES
(1, 'Draft', 0, 47),
(2, 'Reviewed', 0, 48),
(3, 'Published', 0, 49),
(4, 'Obsolete', 0, 50);

-- --------------------------------------------------------

--
-- Table structure for table `vtiger_faqstatus_seq`
--

CREATE TABLE IF NOT EXISTS `vtiger_faqstatus_seq` (
  `id` int(11) NOT NULL
) ENGINE=InnoDB DEFAULT CHARSET=utf8;

--
-- Dumping data for table `vtiger_faqstatus_seq`
--

INSERT INTO `vtiger_faqstatus_seq` (`id`) VALUES
(4);

-- --------------------------------------------------------

--
-- Table structure for table `vtiger_field`
--

CREATE TABLE IF NOT EXISTS `vtiger_field` (
  `tabid` int(19) NOT NULL,
  `fieldid` int(19) NOT NULL AUTO_INCREMENT,
  `columnname` varchar(30) NOT NULL,
  `tablename` varchar(50) NOT NULL,
  `generatedtype` int(19) NOT NULL DEFAULT '0',
  `uitype` varchar(30) NOT NULL,
  `fieldname` varchar(50) NOT NULL,
  `fieldlabel` varchar(50) NOT NULL,
  `readonly` int(1) NOT NULL,
  `presence` int(19) NOT NULL DEFAULT '1',
  `defaultvalue` text,
  `maximumlength` int(19) DEFAULT NULL,
  `sequence` int(19) DEFAULT NULL,
  `block` int(19) DEFAULT NULL,
  `displaytype` int(19) DEFAULT NULL,
  `typeofdata` varchar(100) DEFAULT NULL,
  `quickcreate` int(10) NOT NULL DEFAULT '1',
  `quickcreatesequence` int(19) DEFAULT NULL,
  `info_type` varchar(20) DEFAULT NULL,
  `masseditable` int(10) NOT NULL DEFAULT '1',
  `helpinfo` text,
  PRIMARY KEY (`fieldid`),
  KEY `field_tabid_idx` (`tabid`),
  KEY `field_fieldname_idx` (`fieldname`),
  KEY `field_block_idx` (`block`),
  KEY `field_displaytype_idx` (`displaytype`)
) ENGINE=InnoDB  DEFAULT CHARSET=utf8 AUTO_INCREMENT=893 ;

--
-- Dumping data for table `vtiger_field`
--

INSERT INTO `vtiger_field` (`tabid`, `fieldid`, `columnname`, `tablename`, `generatedtype`, `uitype`, `fieldname`, `fieldlabel`, `readonly`, `presence`, `defaultvalue`, `maximumlength`, `sequence`, `block`, `displaytype`, `typeofdata`, `quickcreate`, `quickcreatesequence`, `info_type`, `masseditable`, `helpinfo`) VALUES
(6, 1, 'accountname', 'vtiger_account', 1, '2', 'accountname', 'Account Name', 1, 0, '', 100, 1, 9, 1, 'V~M', 0, 1, 'BAS', 0, NULL),
(6, 2, 'account_no', 'vtiger_account', 1, '4', 'account_no', 'Account No', 1, 0, '', 100, 2, 9, 1, 'V~O', 3, NULL, 'BAS', 0, NULL),
(6, 3, 'phone', 'vtiger_account', 1, '11', 'phone', 'Phone', 1, 2, '', 100, 4, 9, 1, 'V~O', 2, 2, 'BAS', 1, NULL),
(6, 4, 'website', 'vtiger_account', 1, '17', 'website', 'Website', 1, 2, '', 100, 3, 9, 1, 'V~O', 2, 3, 'BAS', 1, NULL),
(6, 5, 'fax', 'vtiger_account', 1, '11', 'fax', 'Fax', 1, 2, '', 100, 6, 9, 1, 'V~O', 1, NULL, 'BAS', 1, NULL),
(6, 6, 'tickersymbol', 'vtiger_account', 1, '1', 'tickersymbol', 'Ticker Symbol', 1, 2, '', 100, 5, 9, 1, 'V~O', 1, NULL, 'BAS', 1, NULL),
(6, 7, 'otherphone', 'vtiger_account', 1, '11', 'otherphone', 'Other Phone', 1, 2, '', 100, 8, 9, 1, 'V~O', 1, NULL, 'ADV', 1, NULL),
(6, 8, 'parentid', 'vtiger_account', 1, '51', 'account_id', 'Member Of', 1, 2, '', 100, 7, 9, 1, 'I~O', 1, NULL, 'BAS', 0, NULL),
(6, 9, 'email1', 'vtiger_account', 1, '13', 'email1', 'Email', 1, 2, '', 100, 10, 9, 1, 'E~O', 1, NULL, 'BAS', 1, NULL),
(6, 10, 'employees', 'vtiger_account', 1, '7', 'employees', 'Employees', 1, 2, '', 100, 9, 9, 1, 'I~O', 1, NULL, 'ADV', 1, NULL),
(6, 11, 'email2', 'vtiger_account', 1, '13', 'email2', 'Other Email', 1, 2, '', 100, 11, 9, 1, 'E~O', 1, NULL, 'ADV', 1, NULL),
(6, 12, 'ownership', 'vtiger_account', 1, '1', 'ownership', 'Ownership', 1, 2, '', 100, 12, 9, 1, 'V~O', 1, NULL, 'ADV', 1, NULL),
(6, 13, 'rating', 'vtiger_account', 1, '15', 'rating', 'Rating', 1, 2, '', 100, 14, 9, 1, 'V~O', 1, NULL, 'ADV', 1, NULL),
(6, 14, 'industry', 'vtiger_account', 1, '15', 'industry', 'industry', 1, 2, '', 100, 13, 9, 1, 'V~O', 1, NULL, 'ADV', 1, NULL),
(6, 15, 'siccode', 'vtiger_account', 1, '1', 'siccode', 'SIC Code', 1, 2, '', 100, 16, 9, 1, 'V~O', 1, NULL, 'ADV', 1, NULL),
(6, 16, 'account_type', 'vtiger_account', 1, '15', 'accounttype', 'Type', 1, 2, '', 100, 15, 9, 1, 'V~O', 1, NULL, 'ADV', 1, NULL),
(6, 17, 'annualrevenue', 'vtiger_account', 1, '71', 'annual_revenue', 'Annual Revenue', 1, 2, '', 100, 18, 9, 1, 'I~O', 1, NULL, 'ADV', 1, NULL),
(6, 18, 'emailoptout', 'vtiger_account', 1, '56', 'emailoptout', 'Email Opt Out', 1, 2, '', 100, 17, 9, 1, 'C~O', 1, NULL, 'ADV', 1, NULL),
(6, 19, 'notify_owner', 'vtiger_account', 1, '56', 'notify_owner', 'Notify Owner', 1, 2, '', 10, 20, 9, 1, 'C~O', 1, NULL, 'ADV', 1, NULL),
(6, 20, 'smownerid', 'vtiger_crmentity', 1, '53', 'assigned_user_id', 'Assigned To', 1, 0, '', 100, 19, 9, 1, 'V~M', 0, 4, 'BAS', 1, NULL),
(6, 21, 'createdtime', 'vtiger_crmentity', 1, '70', 'createdtime', 'Created Time', 1, 0, '', 100, 22, 9, 2, 'DT~O', 3, NULL, 'BAS', 0, NULL),
(6, 22, 'modifiedtime', 'vtiger_crmentity', 1, '70', 'modifiedtime', 'Modified Time', 1, 0, '', 100, 21, 9, 2, 'DT~O', 3, NULL, 'BAS', 0, NULL),
(6, 23, 'modifiedby', 'vtiger_crmentity', 1, '52', 'modifiedby', 'Last Modified By', 1, 0, '', 100, 23, 9, 3, 'V~O', 3, NULL, 'BAS', 0, NULL),
(6, 24, 'bill_street', 'vtiger_accountbillads', 1, '21', 'bill_street', 'Billing Address', 1, 2, '', 100, 1, 11, 1, 'V~O', 1, NULL, 'BAS', 1, NULL),
(6, 25, 'ship_street', 'vtiger_accountshipads', 1, '21', 'ship_street', 'Shipping Address', 1, 2, '', 100, 2, 11, 1, 'V~O', 1, NULL, 'BAS', 1, NULL),
(6, 26, 'bill_city', 'vtiger_accountbillads', 1, '1', 'bill_city', 'Billing City', 1, 2, '', 100, 5, 11, 1, 'V~O', 1, NULL, 'BAS', 1, NULL),
(6, 27, 'ship_city', 'vtiger_accountshipads', 1, '1', 'ship_city', 'Shipping City', 1, 2, '', 100, 6, 11, 1, 'V~O', 1, NULL, 'BAS', 1, NULL),
(6, 28, 'bill_state', 'vtiger_accountbillads', 1, '1', 'bill_state', 'Billing State', 1, 2, '', 100, 7, 11, 1, 'V~O', 1, NULL, 'BAS', 1, NULL),
(6, 29, 'ship_state', 'vtiger_accountshipads', 1, '1', 'ship_state', 'Shipping State', 1, 2, '', 100, 8, 11, 1, 'V~O', 1, NULL, 'BAS', 1, NULL),
(6, 30, 'bill_code', 'vtiger_accountbillads', 1, '1', 'bill_code', 'Billing Code', 1, 2, '', 100, 9, 11, 1, 'V~O', 1, NULL, 'BAS', 1, NULL),
(6, 31, 'ship_code', 'vtiger_accountshipads', 1, '1', 'ship_code', 'Shipping Code', 1, 2, '', 100, 10, 11, 1, 'V~O', 1, NULL, 'BAS', 1, NULL),
(6, 32, 'bill_country', 'vtiger_accountbillads', 1, '1', 'bill_country', 'Billing Country', 1, 2, '', 100, 11, 11, 1, 'V~O', 1, NULL, 'BAS', 1, NULL),
(6, 33, 'ship_country', 'vtiger_accountshipads', 1, '1', 'ship_country', 'Shipping Country', 1, 2, '', 100, 12, 11, 1, 'V~O', 1, NULL, 'BAS', 1, NULL),
(6, 34, 'bill_pobox', 'vtiger_accountbillads', 1, '1', 'bill_pobox', 'Billing Po Box', 1, 2, '', 100, 3, 11, 1, 'V~O', 1, NULL, 'BAS', 1, NULL),
(6, 35, 'ship_pobox', 'vtiger_accountshipads', 1, '1', 'ship_pobox', 'Shipping Po Box', 1, 2, '', 100, 4, 11, 1, 'V~O', 1, NULL, 'BAS', 1, NULL),
(6, 36, 'description', 'vtiger_crmentity', 1, '19', 'description', 'Description', 1, 2, '', 100, 1, 12, 1, 'V~O', 1, NULL, 'BAS', 1, NULL),
(7, 37, 'salutation', 'vtiger_leaddetails', 1, '55', 'salutationtype', 'Salutation', 1, 0, '', 100, 1, 13, 3, 'V~O', 1, NULL, 'BAS', 1, NULL),
(7, 38, 'firstname', 'vtiger_leaddetails', 1, '55', 'firstname', 'First Name', 1, 0, '', 100, 2, 13, 1, 'V~O', 2, 1, 'BAS', 1, NULL),
(7, 39, 'lead_no', 'vtiger_leaddetails', 1, '4', 'lead_no', 'Lead No', 1, 0, '', 100, 3, 13, 1, 'V~O', 3, NULL, 'BAS', 0, NULL),
(7, 40, 'phone', 'vtiger_leadaddress', 1, '11', 'phone', 'Phone', 1, 2, '', 100, 5, 13, 1, 'V~O', 2, 4, 'BAS', 1, NULL),
(7, 41, 'lastname', 'vtiger_leaddetails', 1, '255', 'lastname', 'Last Name', 1, 0, '', 100, 4, 13, 1, 'V~M', 0, 2, 'BAS', 1, NULL),
(7, 42, 'mobile', 'vtiger_leadaddress', 1, '11', 'mobile', 'Mobile', 1, 2, '', 100, 7, 13, 1, 'V~O', 1, NULL, 'BAS', 1, NULL),
(7, 43, 'company', 'vtiger_leaddetails', 1, '2', 'company', 'Company', 1, 2, '', 100, 6, 13, 1, 'V~M', 2, 3, 'BAS', 1, NULL),
(7, 44, 'fax', 'vtiger_leadaddress', 1, '11', 'fax', 'Fax', 1, 2, '', 100, 9, 13, 1, 'V~O', 1, NULL, 'BAS', 1, NULL),
(7, 45, 'designation', 'vtiger_leaddetails', 1, '1', 'designation', 'Designation', 1, 2, '', 100, 8, 13, 1, 'V~O', 1, NULL, 'BAS', 1, NULL),
(7, 46, 'email', 'vtiger_leaddetails', 1, '13', 'email', 'Email', 1, 2, '', 100, 11, 13, 1, 'E~O', 2, 5, 'BAS', 1, NULL),
(7, 47, 'leadsource', 'vtiger_leaddetails', 1, '15', 'leadsource', 'Lead Source', 1, 2, '', 100, 10, 13, 1, 'V~O', 1, NULL, 'BAS', 1, NULL),
(7, 48, 'website', 'vtiger_leadsubdetails', 1, '17', 'website', 'Website', 1, 2, '', 100, 13, 13, 1, 'V~O', 1, NULL, 'ADV', 1, NULL),
(7, 49, 'industry', 'vtiger_leaddetails', 1, '15', 'industry', 'Industry', 1, 2, '', 100, 12, 13, 1, 'V~O', 1, NULL, 'ADV', 1, NULL),
(7, 50, 'leadstatus', 'vtiger_leaddetails', 1, '15', 'leadstatus', 'Lead Status', 1, 2, '', 100, 15, 13, 1, 'V~O', 1, NULL, 'BAS', 1, NULL),
(7, 51, 'annualrevenue', 'vtiger_leaddetails', 1, '71', 'annualrevenue', 'Annual Revenue', 1, 2, '', 100, 14, 13, 1, 'I~O', 1, NULL, 'ADV', 1, NULL),
(7, 52, 'rating', 'vtiger_leaddetails', 1, '15', 'rating', 'Rating', 1, 2, '', 100, 17, 13, 1, 'V~O', 1, NULL, 'ADV', 1, NULL),
(7, 53, 'noofemployees', 'vtiger_leaddetails', 1, '1', 'noofemployees', 'No Of Employees', 1, 2, '', 100, 16, 13, 1, 'I~O', 1, NULL, 'ADV', 1, NULL),
(7, 54, 'smownerid', 'vtiger_crmentity', 1, '53', 'assigned_user_id', 'Assigned To', 1, 0, '', 100, 19, 13, 1, 'V~M', 0, 6, 'BAS', 1, NULL),
(7, 55, 'secondaryemail', 'vtiger_leaddetails', 1, '13', 'secondaryemail', 'Secondary Email', 1, 2, '', 100, 18, 13, 1, 'E~O', 1, NULL, 'ADV', 1, NULL),
(7, 56, 'createdtime', 'vtiger_crmentity', 1, '70', 'createdtime', 'Created Time', 1, 0, '', 100, 21, 13, 2, 'DT~O', 3, NULL, 'BAS', 0, NULL),
(7, 57, 'modifiedtime', 'vtiger_crmentity', 1, '70', 'modifiedtime', 'Modified Time', 1, 0, '', 100, 20, 13, 2, 'DT~O', 3, NULL, 'BAS', 0, NULL),
(7, 58, 'modifiedby', 'vtiger_crmentity', 1, '52', 'modifiedby', 'Last Modified By', 1, 0, '', 100, 23, 13, 3, 'V~O', 3, NULL, 'BAS', 0, NULL),
(7, 59, 'lane', 'vtiger_leadaddress', 1, '21', 'lane', 'Street', 1, 2, '', 100, 1, 15, 1, 'V~O', 1, NULL, 'BAS', 1, NULL),
(7, 60, 'code', 'vtiger_leadaddress', 1, '1', 'code', 'Postal Code', 1, 2, '', 100, 3, 15, 1, 'V~O', 1, NULL, 'BAS', 1, NULL),
(7, 61, 'city', 'vtiger_leadaddress', 1, '1', 'city', 'City', 1, 2, '', 100, 4, 15, 1, 'V~O', 1, NULL, 'BAS', 1, NULL),
(7, 62, 'country', 'vtiger_leadaddress', 1, '1', 'country', 'Country', 1, 2, '', 100, 5, 15, 1, 'V~O', 1, NULL, 'BAS', 1, NULL),
(7, 63, 'state', 'vtiger_leadaddress', 1, '1', 'state', 'State', 1, 2, '', 100, 6, 15, 1, 'V~O', 1, NULL, 'BAS', 1, NULL),
(7, 64, 'pobox', 'vtiger_leadaddress', 1, '1', 'pobox', 'Po Box', 1, 2, '', 100, 2, 15, 1, 'V~O', 1, NULL, 'BAS', 1, NULL),
(7, 65, 'description', 'vtiger_crmentity', 1, '19', 'description', 'Description', 1, 2, '', 100, 1, 16, 1, 'V~O', 1, NULL, 'BAS', 1, NULL),
(4, 66, 'salutation', 'vtiger_contactdetails', 1, '55', 'salutationtype', 'Salutation', 1, 0, '', 100, 1, 4, 3, 'V~O', 1, NULL, 'BAS', 1, NULL),
(4, 67, 'firstname', 'vtiger_contactdetails', 1, '55', 'firstname', 'First Name', 1, 0, '', 100, 2, 4, 1, 'V~O', 2, 1, 'BAS', 1, NULL),
(4, 68, 'contact_no', 'vtiger_contactdetails', 1, '4', 'contact_no', 'Contact Id', 1, 0, '', 100, 3, 4, 1, 'V~O', 3, NULL, 'BAS', 0, NULL),
(4, 69, 'phone', 'vtiger_contactdetails', 1, '11', 'phone', 'Office Phone', 1, 2, '', 100, 5, 4, 1, 'V~O', 2, 4, 'BAS', 1, NULL),
(4, 70, 'lastname', 'vtiger_contactdetails', 1, '255', 'lastname', 'Last Name', 1, 0, '', 100, 4, 4, 1, 'V~M', 0, 2, 'BAS', 1, NULL),
(4, 71, 'mobile', 'vtiger_contactdetails', 1, '11', 'mobile', 'Mobile', 1, 2, '', 100, 7, 4, 1, 'V~O', 1, NULL, 'BAS', 1, NULL),
(4, 72, 'accountid', 'vtiger_contactdetails', 1, '51', 'account_id', 'Account Name', 1, 0, '', 100, 6, 4, 1, 'I~O', 2, 3, 'BAS', 1, NULL),
(4, 73, 'homephone', 'vtiger_contactsubdetails', 1, '11', 'homephone', 'Home Phone', 1, 2, '', 100, 9, 4, 1, 'V~O', 1, NULL, 'ADV', 1, NULL),
(4, 74, 'leadsource', 'vtiger_contactsubdetails', 1, '15', 'leadsource', 'Lead Source', 1, 2, '', 100, 8, 4, 1, 'V~O', 1, NULL, 'BAS', 1, NULL),
(4, 75, 'otherphone', 'vtiger_contactsubdetails', 1, '11', 'otherphone', 'Other Phone', 1, 2, '', 100, 11, 4, 1, 'V~O', 1, NULL, 'ADV', 1, NULL),
(4, 76, 'title', 'vtiger_contactdetails', 1, '1', 'title', 'Title', 1, 2, '', 100, 10, 4, 1, 'V~O', 1, NULL, 'BAS', 1, NULL),
(4, 77, 'fax', 'vtiger_contactdetails', 1, '11', 'fax', 'Fax', 1, 2, '', 100, 13, 4, 1, 'V~O', 1, NULL, 'BAS', 1, NULL),
(4, 78, 'department', 'vtiger_contactdetails', 1, '1', 'department', 'Department', 1, 2, '', 100, 12, 4, 1, 'V~O', 1, NULL, 'ADV', 1, NULL),
(4, 79, 'birthday', 'vtiger_contactsubdetails', 1, '5', 'birthday', 'Birthdate', 1, 2, '', 100, 16, 4, 1, 'D~O', 1, NULL, 'ADV', 1, NULL),
(4, 80, 'email', 'vtiger_contactdetails', 1, '13', 'email', 'Email', 1, 2, '', 100, 15, 4, 1, 'E~O', 2, 5, 'BAS', 1, NULL),
(4, 81, 'reportsto', 'vtiger_contactdetails', 1, '57', 'contact_id', 'Reports To', 1, 2, '', 100, 18, 4, 1, 'V~O', 1, NULL, 'ADV', 0, NULL),
(4, 82, 'assistant', 'vtiger_contactsubdetails', 1, '1', 'assistant', 'Assistant', 1, 2, '', 100, 17, 4, 1, 'V~O', 1, NULL, 'ADV', 1, NULL),
(4, 83, 'secondaryemail', 'vtiger_contactdetails', 1, '13', 'secondaryemail', 'Secondary Email', 1, 2, '', 100, 20, 4, 1, 'E~O', 1, NULL, 'ADV', 1, NULL),
(4, 84, 'assistantphone', 'vtiger_contactsubdetails', 1, '11', 'assistantphone', 'Assistant Phone', 1, 2, '', 100, 19, 4, 1, 'V~O', 1, NULL, 'ADV', 1, NULL),
(4, 85, 'donotcall', 'vtiger_contactdetails', 1, '56', 'donotcall', 'Do Not Call', 1, 2, '', 100, 22, 4, 1, 'C~O', 1, NULL, 'ADV', 1, NULL),
(4, 86, 'emailoptout', 'vtiger_contactdetails', 1, '56', 'emailoptout', 'Email Opt Out', 1, 2, '', 100, 21, 4, 1, 'C~O', 1, NULL, 'ADV', 1, NULL),
(4, 87, 'smownerid', 'vtiger_crmentity', 1, '53', 'assigned_user_id', 'Assigned To', 1, 0, '', 100, 24, 4, 1, 'V~M', 0, 6, 'BAS', 1, NULL),
(4, 88, 'reference', 'vtiger_contactdetails', 1, '56', 'reference', 'Reference', 1, 2, '', 10, 23, 4, 1, 'C~O', 1, NULL, 'ADV', 1, NULL),
(4, 89, 'notify_owner', 'vtiger_contactdetails', 1, '56', 'notify_owner', 'Notify Owner', 1, 2, '', 10, 26, 4, 1, 'C~O', 1, NULL, 'ADV', 1, NULL),
(4, 90, 'createdtime', 'vtiger_crmentity', 1, '70', 'createdtime', 'Created Time', 1, 0, '', 100, 25, 4, 2, 'DT~O', 3, NULL, 'BAS', 0, NULL),
(4, 91, 'modifiedtime', 'vtiger_crmentity', 1, '70', 'modifiedtime', 'Modified Time', 1, 0, '', 100, 27, 4, 2, 'DT~O', 3, NULL, 'BAS', 0, NULL),
(4, 92, 'modifiedby', 'vtiger_crmentity', 1, '52', 'modifiedby', 'Last Modified By', 1, 0, '', 100, 28, 4, 3, 'V~O', 3, NULL, 'BAS', 0, NULL),
(4, 93, 'portal', 'vtiger_customerdetails', 1, '56', 'portal', 'Portal User', 1, 2, '', 100, 1, 6, 1, 'C~O', 1, NULL, 'ADV', 0, NULL),
(4, 94, 'support_start_date', 'vtiger_customerdetails', 1, '5', 'support_start_date', 'Support Start Date', 1, 2, '', 100, 2, 6, 1, 'D~O', 1, NULL, 'ADV', 1, NULL),
(4, 95, 'support_end_date', 'vtiger_customerdetails', 1, '5', 'support_end_date', 'Support End Date', 1, 2, '', 100, 3, 6, 1, 'D~O~OTH~GE~support_start_date~Support Start Date', 1, NULL, 'ADV', 1, NULL),
(4, 96, 'mailingstreet', 'vtiger_contactaddress', 1, '21', 'mailingstreet', 'Mailing Street', 1, 2, '', 100, 1, 7, 1, 'V~O', 1, NULL, 'BAS', 1, NULL),
(4, 97, 'otherstreet', 'vtiger_contactaddress', 1, '21', 'otherstreet', 'Other Street', 1, 2, '', 100, 2, 7, 1, 'V~O', 1, NULL, 'BAS', 1, NULL),
(4, 98, 'mailingcity', 'vtiger_contactaddress', 1, '1', 'mailingcity', 'Mailing City', 1, 2, '', 100, 5, 7, 1, 'V~O', 1, NULL, 'BAS', 1, NULL),
(4, 99, 'othercity', 'vtiger_contactaddress', 1, '1', 'othercity', 'Other City', 1, 2, '', 100, 6, 7, 1, 'V~O', 1, NULL, 'BAS', 1, NULL),
(4, 100, 'mailingstate', 'vtiger_contactaddress', 1, '1', 'mailingstate', 'Mailing State', 1, 2, '', 100, 7, 7, 1, 'V~O', 1, NULL, 'BAS', 1, NULL),
(4, 101, 'otherstate', 'vtiger_contactaddress', 1, '1', 'otherstate', 'Other State', 1, 2, '', 100, 8, 7, 1, 'V~O', 1, NULL, 'BAS', 1, NULL),
(4, 102, 'mailingzip', 'vtiger_contactaddress', 1, '1', 'mailingzip', 'Mailing Zip', 1, 2, '', 100, 9, 7, 1, 'V~O', 1, NULL, 'BAS', 1, NULL),
(4, 103, 'otherzip', 'vtiger_contactaddress', 1, '1', 'otherzip', 'Other Zip', 1, 2, '', 100, 10, 7, 1, 'V~O', 1, NULL, 'BAS', 1, NULL),
(4, 104, 'mailingcountry', 'vtiger_contactaddress', 1, '1', 'mailingcountry', 'Mailing Country', 1, 2, '', 100, 11, 7, 1, 'V~O', 1, NULL, 'BAS', 1, NULL),
(4, 105, 'othercountry', 'vtiger_contactaddress', 1, '1', 'othercountry', 'Other Country', 1, 2, '', 100, 12, 7, 1, 'V~O', 1, NULL, 'BAS', 1, NULL),
(4, 106, 'mailingpobox', 'vtiger_contactaddress', 1, '1', 'mailingpobox', 'Mailing Po Box', 1, 2, '', 100, 3, 7, 1, 'V~O', 1, NULL, 'BAS', 1, NULL),
(4, 107, 'otherpobox', 'vtiger_contactaddress', 1, '1', 'otherpobox', 'Other Po Box', 1, 2, '', 100, 4, 7, 1, 'V~O', 1, NULL, 'BAS', 1, NULL),
(4, 108, 'imagename', 'vtiger_contactdetails', 1, '69', 'imagename', 'Contact Image', 1, 2, '', 100, 1, 73, 1, 'V~O', 3, NULL, 'ADV', 0, NULL),
(4, 109, 'description', 'vtiger_crmentity', 1, '19', 'description', 'Description', 1, 2, '', 100, 1, 8, 1, 'V~O', 1, NULL, 'BAS', 1, NULL),
(2, 110, 'potentialname', 'vtiger_potential', 1, '2', 'potentialname', 'Potential Name', 1, 0, '', 100, 1, 1, 1, 'V~M', 0, 1, 'BAS', 1, NULL),
(2, 111, 'potential_no', 'vtiger_potential', 1, '4', 'potential_no', 'Potential No', 1, 0, '', 100, 2, 1, 1, 'V~O', 3, NULL, 'BAS', 0, NULL),
(2, 112, 'amount', 'vtiger_potential', 1, '71', 'amount', 'Amount', 1, 2, '', 100, 4, 1, 1, 'N~O', 2, 5, 'BAS', 1, NULL),
(2, 113, 'related_to', 'vtiger_potential', 1, '10', 'related_to', 'Related To', 1, 0, '', 100, 3, 1, 1, 'V~M', 0, 2, 'BAS', 1, NULL),
(2, 114, 'closingdate', 'vtiger_potential', 1, '23', 'closingdate', 'Expected Close Date', 1, 2, '', 100, 7, 1, 1, 'D~M', 2, 3, 'BAS', 1, NULL),
(2, 115, 'potentialtype', 'vtiger_potential', 1, '15', 'opportunity_type', 'Type', 1, 2, '', 100, 6, 1, 1, 'V~O', 1, NULL, 'BAS', 1, NULL),
(2, 116, 'nextstep', 'vtiger_potential', 1, '1', 'nextstep', 'Next Step', 1, 2, '', 100, 9, 1, 1, 'V~O', 1, NULL, 'BAS', 1, NULL),
(2, 117, 'leadsource', 'vtiger_potential', 1, '15', 'leadsource', 'Lead Source', 1, 2, '', 100, 8, 1, 1, 'V~O', 1, NULL, 'BAS', 1, NULL),
(2, 118, 'sales_stage', 'vtiger_potential', 1, '15', 'sales_stage', 'Sales Stage', 1, 2, '', 100, 11, 1, 1, 'V~M', 2, 4, 'BAS', 1, NULL),
(2, 119, 'smownerid', 'vtiger_crmentity', 1, '53', 'assigned_user_id', 'Assigned To', 1, 2, '', 100, 10, 1, 1, 'V~M', 0, 6, 'BAS', 1, NULL),
(2, 120, 'probability', 'vtiger_potential', 1, '9', 'probability', 'Probability', 1, 2, '', 100, 13, 1, 1, 'N~O', 1, NULL, 'BAS', 1, NULL),
(2, 121, 'campaignid', 'vtiger_potential', 1, '58', 'campaignid', 'Campaign Source', 1, 2, '', 100, 12, 1, 1, 'N~O', 1, NULL, 'BAS', 1, NULL),
(2, 122, 'createdtime', 'vtiger_crmentity', 1, '70', 'createdtime', 'Created Time', 1, 0, '', 100, 15, 1, 2, 'DT~O', 3, NULL, 'BAS', 0, NULL),
(2, 123, 'modifiedtime', 'vtiger_crmentity', 1, '70', 'modifiedtime', 'Modified Time', 1, 0, '', 100, 14, 1, 2, 'DT~O', 3, NULL, 'BAS', 0, NULL),
(2, 124, 'modifiedby', 'vtiger_crmentity', 1, '52', 'modifiedby', 'Last Modified By', 1, 0, '', 100, 16, 1, 3, 'V~O', 3, NULL, 'BAS', 0, NULL),
(2, 125, 'description', 'vtiger_crmentity', 1, '19', 'description', 'Description', 1, 2, '', 100, 1, 3, 1, 'V~O', 1, NULL, 'BAS', 1, NULL),
(26, 126, 'campaignname', 'vtiger_campaign', 1, '2', 'campaignname', 'Campaign Name', 1, 0, '', 100, 1, 74, 1, 'V~M', 0, 1, 'BAS', 1, NULL),
(26, 127, 'campaign_no', 'vtiger_campaign', 1, '4', 'campaign_no', 'Campaign No', 1, 0, '', 100, 2, 74, 1, 'V~O', 3, NULL, 'BAS', 0, NULL),
(26, 128, 'campaigntype', 'vtiger_campaign', 1, '15', 'campaigntype', 'Campaign Type', 1, 2, '', 100, 5, 74, 1, 'V~O', 2, 3, 'BAS', 1, NULL),
(26, 129, 'product_id', 'vtiger_campaign', 1, '59', 'product_id', 'Product', 1, 2, '', 100, 6, 74, 1, 'I~O', 2, 5, 'BAS', 1, NULL),
(26, 130, 'campaignstatus', 'vtiger_campaign', 1, '15', 'campaignstatus', 'Campaign Status', 1, 2, '', 100, 4, 74, 1, 'V~O', 2, 6, 'BAS', 1, NULL),
(26, 131, 'closingdate', 'vtiger_campaign', 1, '23', 'closingdate', 'Expected Close Date', 1, 2, '', 100, 8, 74, 1, 'D~M', 2, 2, 'BAS', 1, NULL),
(26, 132, 'smownerid', 'vtiger_crmentity', 1, '53', 'assigned_user_id', 'Assigned To', 1, 0, '', 100, 3, 74, 1, 'V~M', 0, 7, 'BAS', 1, NULL),
(26, 133, 'numsent', 'vtiger_campaign', 1, '9', 'numsent', 'Num Sent', 1, 2, '', 100, 12, 74, 1, 'N~O', 1, NULL, 'BAS', 1, NULL),
(26, 134, 'sponsor', 'vtiger_campaign', 1, '1', 'sponsor', 'Sponsor', 1, 2, '', 100, 9, 74, 1, 'V~O', 1, NULL, 'BAS', 1, NULL),
(26, 135, 'targetaudience', 'vtiger_campaign', 1, '1', 'targetaudience', 'Target Audience', 1, 2, '', 100, 7, 74, 1, 'V~O', 1, NULL, 'BAS', 1, NULL),
(26, 136, 'targetsize', 'vtiger_campaign', 1, '1', 'targetsize', 'TargetSize', 1, 2, '', 100, 10, 74, 1, 'I~O', 1, NULL, 'BAS', 1, NULL),
(26, 137, 'createdtime', 'vtiger_crmentity', 1, '70', 'createdtime', 'Created Time', 1, 0, '', 100, 11, 74, 2, 'DT~O', 3, NULL, 'BAS', 0, NULL),
(26, 138, 'modifiedtime', 'vtiger_crmentity', 1, '70', 'modifiedtime', 'Modified Time', 1, 0, '', 100, 13, 74, 2, 'DT~O', 3, NULL, 'BAS', 0, NULL),
(26, 139, 'modifiedby', 'vtiger_crmentity', 1, '52', 'modifiedby', 'Last Modified By', 1, 0, '', 100, 16, 74, 3, 'V~O', 3, NULL, 'BAS', 0, NULL),
(26, 140, 'expectedresponse', 'vtiger_campaign', 1, '15', 'expectedresponse', 'Expected Response', 1, 2, '', 100, 3, 76, 1, 'V~O', 2, 4, 'BAS', 1, NULL),
(26, 141, 'expectedrevenue', 'vtiger_campaign', 1, '71', 'expectedrevenue', 'Expected Revenue', 1, 2, '', 100, 4, 76, 1, 'N~O', 1, NULL, 'BAS', 1, NULL),
(26, 142, 'budgetcost', 'vtiger_campaign', 1, '71', 'budgetcost', 'Budget Cost', 1, 2, '', 100, 1, 76, 1, 'N~O', 1, NULL, 'BAS', 1, NULL),
(26, 143, 'actualcost', 'vtiger_campaign', 1, '71', 'actualcost', 'Actual Cost', 1, 2, '', 100, 2, 76, 1, 'N~O', 1, NULL, 'BAS', 1, NULL),
(26, 144, 'expectedresponsecount', 'vtiger_campaign', 1, '1', 'expectedresponsecount', 'Expected Response Count', 1, 2, '', 100, 7, 76, 1, 'I~O', 1, NULL, 'BAS', 1, NULL),
(26, 145, 'expectedsalescount', 'vtiger_campaign', 1, '1', 'expectedsalescount', 'Expected Sales Count', 1, 2, '', 100, 5, 76, 1, 'I~O', 1, NULL, 'BAS', 1, NULL),
(26, 146, 'expectedroi', 'vtiger_campaign', 1, '71', 'expectedroi', 'Expected ROI', 1, 2, '', 100, 9, 76, 1, 'N~O', 1, NULL, 'BAS', 1, NULL),
(26, 147, 'actualresponsecount', 'vtiger_campaign', 1, '1', 'actualresponsecount', 'Actual Response Count', 1, 2, '', 100, 8, 76, 1, 'I~O', 1, NULL, 'BAS', 1, NULL),
(26, 148, 'actualsalescount', 'vtiger_campaign', 1, '1', 'actualsalescount', 'Actual Sales Count', 1, 2, '', 100, 6, 76, 1, 'I~O', 1, NULL, 'BAS', 1, NULL),
(26, 149, 'actualroi', 'vtiger_campaign', 1, '71', 'actualroi', 'Actual ROI', 1, 2, '', 100, 10, 76, 1, 'N~O', 1, NULL, 'BAS', 1, NULL),
(26, 150, 'description', 'vtiger_crmentity', 1, '19', 'description', 'Description', 1, 2, '', 100, 1, 81, 1, 'V~O', 1, NULL, 'BAS', 1, NULL),
(4, 151, 'campaignrelstatus', 'vtiger_campaignrelstatus', 1, '16', 'campaignrelstatus', 'Status', 1, 0, '0', 100, 1, NULL, 1, 'V~O', 1, NULL, 'BAS', 0, NULL),
(6, 152, 'campaignrelstatus', 'vtiger_campaignrelstatus', 1, '16', 'campaignrelstatus', 'Status', 1, 0, '0', 100, 1, NULL, 1, 'V~O', 1, NULL, 'BAS', 0, NULL),
(7, 153, 'campaignrelstatus', 'vtiger_campaignrelstatus', 1, '16', 'campaignrelstatus', 'Status', 1, 0, '0', 100, 1, NULL, 1, 'V~O', 1, NULL, 'BAS', 0, NULL),
(26, 154, 'campaignrelstatus', 'vtiger_campaignrelstatus', 1, '16', 'campaignrelstatus', 'Status', 1, 0, '0', 100, 1, NULL, 1, 'V~O', 1, NULL, 'BAS', 0, NULL),
(13, 155, 'ticket_no', 'vtiger_troubletickets', 1, '4', 'ticket_no', 'Ticket No', 1, 0, '', 100, 13, 25, 1, 'V~O', 3, NULL, 'BAS', 0, NULL),
(13, 156, 'smownerid', 'vtiger_crmentity', 1, '53', 'assigned_user_id', 'Assigned To', 1, 0, '', 100, 4, 25, 1, 'V~M', 0, 4, 'BAS', 1, NULL),
(13, 157, 'parent_id', 'vtiger_troubletickets', 1, '68', 'parent_id', 'Related To', 1, 0, '', 100, 2, 25, 1, 'I~O', 1, NULL, 'BAS', 1, NULL),
(13, 158, 'priority', 'vtiger_troubletickets', 1, '15', 'ticketpriorities', 'Priority', 1, 2, '', 100, 6, 25, 1, 'V~O', 2, 3, 'BAS', 1, NULL),
(13, 159, 'product_id', 'vtiger_troubletickets', 1, '59', 'product_id', 'Product Name', 1, 2, '', 100, 5, 25, 1, 'I~O', 1, NULL, 'BAS', 1, NULL),
(13, 160, 'severity', 'vtiger_troubletickets', 1, '15', 'ticketseverities', 'Severity', 1, 2, '', 100, 8, 25, 1, 'V~O', 1, NULL, 'BAS', 1, NULL),
(13, 161, 'status', 'vtiger_troubletickets', 1, '15', 'ticketstatus', 'Status', 1, 2, '', 100, 7, 25, 1, 'V~M', 1, 2, 'BAS', 1, NULL),
(13, 162, 'category', 'vtiger_troubletickets', 1, '15', 'ticketcategories', 'Category', 1, 2, '', 100, 10, 25, 1, 'V~O', 1, NULL, 'BAS', 1, NULL),
(13, 163, 'update_log', 'vtiger_troubletickets', 1, '19', 'update_log', 'Update History', 1, 0, '', 100, 11, 25, 3, 'V~O', 1, NULL, 'BAS', 0, NULL),
(13, 164, 'hours', 'vtiger_troubletickets', 1, '1', 'hours', 'Hours', 1, 2, '', 100, 9, 25, 1, 'I~O', 1, NULL, 'BAS', 1, 'This gives the estimated hours for the Ticket.<br>When the same ticket is added to a Service Contract,based on the Tracking Unit of the Service Contract,Used units is updated whenever a ticket is Closed.'),
(13, 165, 'days', 'vtiger_troubletickets', 1, '1', 'days', 'Days', 1, 2, '', 100, 10, 25, 1, 'I~O', 1, NULL, 'BAS', 1, 'This gives the estimated days for the Ticket.<br>When the same ticket is added to a Service Contract,based on the Tracking Unit of the Service Contract,Used units is updated whenever a ticket is Closed.'),
(13, 166, 'createdtime', 'vtiger_crmentity', 1, '70', 'createdtime', 'Created Time', 1, 0, '', 100, 9, 25, 2, 'DT~O', 3, NULL, 'BAS', 0, NULL),
(13, 167, 'modifiedtime', 'vtiger_crmentity', 1, '70', 'modifiedtime', 'Modified Time', 1, 0, '', 100, 12, 25, 2, 'DT~O', 3, NULL, 'BAS', 0, NULL),
(13, 168, 'from_portal', 'vtiger_troubletickets', 1, '56', 'from_portal', 'From Portal', 1, 0, '', 100, 13, 25, 3, 'C~O', 3, NULL, 'BAS', 0, NULL),
(13, 169, 'modifiedby', 'vtiger_crmentity', 1, '52', 'modifiedby', 'Last Modified By', 1, 0, '', 100, 16, 25, 3, 'V~O', 3, NULL, 'BAS', 0, NULL),
(13, 170, 'title', 'vtiger_troubletickets', 1, '22', 'ticket_title', 'Title', 1, 0, '', 100, 1, 25, 1, 'V~M', 0, 1, 'BAS', 1, NULL),
(13, 171, 'description', 'vtiger_crmentity', 1, '19', 'description', 'Description', 1, 2, '', 100, 1, 28, 1, 'V~O', 2, 4, 'BAS', 1, NULL),
(13, 172, 'solution', 'vtiger_troubletickets', 1, '19', 'solution', 'Solution', 1, 0, '', 100, 1, 29, 1, 'V~O', 3, NULL, 'BAS', 0, NULL),
(13, 173, 'comments', 'vtiger_ticketcomments', 1, '19', 'comments', 'Add Comment', 1, 0, '', 100, 1, 30, 1, 'V~O', 3, NULL, 'BAS', 0, NULL),
(14, 174, 'productname', 'vtiger_products', 1, '2', 'productname', 'Product Name', 1, 0, '', 100, 1, 31, 1, 'V~M', 0, 1, 'BAS', 1, NULL),
(14, 175, 'product_no', 'vtiger_products', 1, '4', 'product_no', 'Product No', 1, 0, '', 100, 2, 31, 1, 'V~O', 3, NULL, 'BAS', 0, NULL),
(14, 176, 'productcode', 'vtiger_products', 1, '1', 'productcode', 'Part Number', 1, 2, '', 100, 4, 31, 1, 'V~O', 1, NULL, 'BAS', 1, NULL),
(14, 177, 'discontinued', 'vtiger_products', 1, '56', 'discontinued', 'Product Active', 1, 2, '', 100, 3, 31, 1, 'V~O', 2, 2, 'BAS', 1, NULL),
(14, 178, 'manufacturer', 'vtiger_products', 1, '15', 'manufacturer', 'Manufacturer', 1, 2, '', 100, 6, 31, 1, 'V~O', 1, NULL, 'BAS', 1, NULL),
(14, 179, 'productcategory', 'vtiger_products', 1, '15', 'productcategory', 'Product Category', 1, 2, '', 100, 6, 31, 1, 'V~O', 1, NULL, 'BAS', 1, NULL),
(14, 180, 'sales_start_date', 'vtiger_products', 1, '5', 'sales_start_date', 'Sales Start Date', 1, 2, '', 100, 5, 31, 1, 'D~O', 1, NULL, 'BAS', 1, NULL),
(14, 181, 'sales_end_date', 'vtiger_products', 1, '5', 'sales_end_date', 'Sales End Date', 1, 2, '', 100, 8, 31, 1, 'D~O~OTH~GE~sales_start_date~Sales Start Date', 1, NULL, 'BAS', 1, NULL),
(14, 182, 'start_date', 'vtiger_products', 1, '5', 'start_date', 'Support Start Date', 1, 2, '', 100, 7, 31, 1, 'D~O', 1, NULL, 'BAS', 1, NULL),
(14, 183, 'expiry_date', 'vtiger_products', 1, '5', 'expiry_date', 'Support Expiry Date', 1, 2, '', 100, 10, 31, 1, 'D~O~OTH~GE~start_date~Start Date', 1, NULL, 'BAS', 1, NULL),
(14, 184, 'website', 'vtiger_products', 1, '17', 'website', 'Website', 1, 2, '', 100, 14, 31, 1, 'V~O', 1, NULL, 'BAS', 1, NULL),
(14, 185, 'vendor_id', 'vtiger_products', 1, '75', 'vendor_id', 'Vendor Name', 1, 2, '', 100, 13, 31, 1, 'I~O', 1, NULL, 'BAS', 1, NULL),
(14, 186, 'mfr_part_no', 'vtiger_products', 1, '1', 'mfr_part_no', 'Mfr PartNo', 1, 2, '', 100, 16, 31, 1, 'V~O', 1, NULL, 'BAS', 1, NULL),
(14, 187, 'vendor_part_no', 'vtiger_products', 1, '1', 'vendor_part_no', 'Vendor PartNo', 1, 2, '', 100, 15, 31, 1, 'V~O', 1, NULL, 'BAS', 1, NULL),
(14, 188, 'serialno', 'vtiger_products', 1, '1', 'serial_no', 'Serial No', 1, 2, '', 100, 18, 31, 1, 'V~O', 1, NULL, 'BAS', 1, NULL),
(14, 189, 'productsheet', 'vtiger_products', 1, '1', 'productsheet', 'Product Sheet', 1, 2, '', 100, 17, 31, 1, 'V~O', 1, NULL, 'BAS', 1, NULL),
(14, 190, 'glacct', 'vtiger_products', 1, '15', 'glacct', 'GL Account', 1, 2, '', 100, 20, 31, 1, 'V~O', 1, NULL, 'BAS', 1, NULL),
(14, 191, 'createdtime', 'vtiger_crmentity', 1, '70', 'createdtime', 'Created Time', 1, 0, '', 100, 19, 31, 2, 'DT~O', 3, NULL, 'BAS', 0, NULL),
(14, 192, 'modifiedtime', 'vtiger_crmentity', 1, '70', 'modifiedtime', 'Modified Time', 1, 0, '', 100, 21, 31, 2, 'DT~O', 3, NULL, 'BAS', 0, NULL),
(14, 193, 'modifiedby', 'vtiger_crmentity', 1, '52', 'modifiedby', 'Last Modified By', 1, 0, '', 100, 22, 31, 3, 'V~O', 3, NULL, 'BAS', 0, NULL),
(14, 194, 'unit_price', 'vtiger_products', 1, '72', 'unit_price', 'Unit Price', 1, 2, '', 100, 1, 32, 1, 'N~O', 2, 3, 'BAS', 0, NULL),
(14, 195, 'commissionrate', 'vtiger_products', 1, '9', 'commissionrate', 'Commission Rate', 1, 2, '', 100, 2, 32, 1, 'N~O', 1, NULL, 'BAS', 1, NULL),
(14, 196, 'taxclass', 'vtiger_products', 1, '83', 'taxclass', 'Tax Class', 1, 2, '', 100, 4, 32, 1, 'V~O', 3, NULL, 'BAS', 1, NULL),
(14, 197, 'usageunit', 'vtiger_products', 1, '15', 'usageunit', 'Usage Unit', 1, 2, '', 100, 1, 33, 1, 'V~O', 1, NULL, 'ADV', 1, NULL),
(14, 198, 'qty_per_unit', 'vtiger_products', 1, '1', 'qty_per_unit', 'Qty/Unit', 1, 2, '', 100, 2, 33, 1, 'N~O', 1, NULL, 'ADV', 1, NULL),
(14, 199, 'qtyinstock', 'vtiger_products', 1, '1', 'qtyinstock', 'Qty In Stock', 1, 2, '', 100, 3, 33, 1, 'NN~O', 0, 4, 'ADV', 1, NULL),
(14, 200, 'reorderlevel', 'vtiger_products', 1, '1', 'reorderlevel', 'Reorder Level', 1, 2, '', 100, 4, 33, 1, 'I~O', 1, NULL, 'ADV', 1, NULL),
(14, 201, 'smownerid', 'vtiger_crmentity', 1, '53', 'assigned_user_id', 'Handler', 1, 0, '', 100, 5, 33, 1, 'V~M', 0, 5, 'BAS', 1, NULL),
(14, 202, 'qtyindemand', 'vtiger_products', 1, '1', 'qtyindemand', 'Qty In Demand', 1, 2, '', 100, 6, 33, 1, 'I~O', 1, NULL, 'ADV', 1, NULL),
(14, 203, 'imagename', 'vtiger_products', 1, '69', 'imagename', 'Product Image', 1, 2, '', 100, 1, 35, 1, 'V~O', 3, NULL, 'ADV', 0, NULL),
(14, 204, 'description', 'vtiger_crmentity', 1, '19', 'description', 'Description', 1, 2, '', 100, 1, 36, 1, 'V~O', 1, NULL, 'BAS', 1, NULL),
(8, 205, 'title', 'vtiger_notes', 1, '2', 'notes_title', 'Title', 1, 0, '', 100, 1, 17, 1, 'V~M', 0, 1, 'BAS', 0, NULL),
(8, 206, 'createdtime', 'vtiger_crmentity', 1, '70', 'createdtime', 'Created Time', 1, 0, '', 100, 5, 17, 2, 'DT~O', 3, NULL, 'BAS', 0, NULL),
(8, 207, 'modifiedtime', 'vtiger_crmentity', 1, '70', 'modifiedtime', 'Modified Time', 1, 0, '', 100, 6, 17, 2, 'DT~O', 3, NULL, 'BAS', 0, NULL),
(8, 208, 'filename', 'vtiger_notes', 1, '28', 'filename', 'File Name', 1, 2, '', 100, 3, 18, 1, 'V~O', 3, NULL, 'BAS', 0, NULL),
(8, 209, 'smownerid', 'vtiger_crmentity', 1, '53', 'assigned_user_id', 'Assigned To', 1, 0, '', 100, 4, 17, 1, 'V~M', 0, 3, 'BAS', 0, NULL),
(8, 210, 'notecontent', 'vtiger_notes', 1, '19', 'notecontent', 'Note', 1, 2, '', 100, 1, 84, 1, 'V~O', 1, NULL, 'BAS', 0, NULL),
(8, 211, 'filetype', 'vtiger_notes', 1, '1', 'filetype', 'File Type', 1, 2, '', 100, 5, 18, 2, 'V~O', 3, 0, 'BAS', 0, NULL),
(8, 212, 'filesize', 'vtiger_notes', 1, '1', 'filesize', 'File Size', 1, 2, '', 100, 4, 18, 2, 'I~O', 3, 0, 'BAS', 0, NULL),
(8, 213, 'filelocationtype', 'vtiger_notes', 1, '27', 'filelocationtype', 'Download Type', 1, 0, '', 100, 1, 18, 1, 'V~O', 3, 0, 'BAS', 0, NULL),
(8, 214, 'fileversion', 'vtiger_notes', 1, '1', 'fileversion', 'Version', 1, 2, '', 100, 6, 18, 1, 'V~O', 1, 0, 'BAS', 0, NULL),
(8, 215, 'filestatus', 'vtiger_notes', 1, '56', 'filestatus', 'Active', 1, 2, '', 100, 2, 18, 1, 'V~O', 1, 0, 'BAS', 0, NULL),
(8, 216, 'filedownloadcount', 'vtiger_notes', 1, '1', 'filedownloadcount', 'Download Count', 1, 2, '', 100, 7, 18, 2, 'I~O', 3, 0, 'BAS', 0, NULL),
(8, 217, 'folderid', 'vtiger_notes', 1, '26', 'folderid', 'Folder Name', 1, 2, '', 100, 2, 17, 1, 'V~O', 2, 2, 'BAS', 0, NULL),
(8, 218, 'note_no', 'vtiger_notes', 1, '4', 'note_no', 'Document No', 1, 0, '', 100, 3, 17, 1, 'V~O', 3, NULL, 'BAS', 0, NULL),
(8, 219, 'modifiedby', 'vtiger_crmentity', 1, '52', 'modifiedby', 'Last Modified By', 1, 0, '', 100, 12, 17, 3, 'V~O', 3, NULL, 'BAS', 0, NULL),
(10, 220, 'date_start', 'vtiger_activity', 1, '6', 'date_start', 'Date & Time Sent', 1, 0, '', 100, 1, 21, 1, 'DT~M~time_start~Time Start', 1, NULL, 'BAS', 1, NULL),
(10, 221, 'semodule', 'vtiger_activity', 1, '2', 'parent_type', 'Sales Enity Module', 1, 0, '', 100, 2, 21, 3, '', 1, NULL, 'BAS', 1, NULL),
(10, 222, 'activitytype', 'vtiger_activity', 1, '2', 'activitytype', 'Activtiy Type', 1, 0, '', 100, 3, 21, 3, 'V~O', 1, NULL, 'BAS', 1, NULL),
(10, 223, 'smownerid', 'vtiger_crmentity', 1, '53', 'assigned_user_id', 'Assigned To', 1, 0, '', 100, 5, 21, 1, 'V~M', 1, NULL, 'BAS', 1, NULL),
(10, 224, 'subject', 'vtiger_activity', 1, '2', 'subject', 'Subject', 1, 0, '', 100, 1, 23, 1, 'V~M', 1, NULL, 'BAS', 1, NULL),
(10, 225, 'name', 'vtiger_attachments', 1, '61', 'filename', 'Attachment', 1, 0, '', 100, 2, 23, 1, 'V~O', 1, NULL, 'BAS', 1, NULL),
(10, 226, 'description', 'vtiger_crmentity', 1, '19', 'description', 'Description', 1, 0, '', 100, 1, 24, 1, 'V~O', 1, NULL, 'BAS', 1, NULL),
(10, 227, 'time_start', 'vtiger_activity', 1, '2', 'time_start', 'Time Start', 1, 0, '', 100, 9, 23, 1, 'T~O', 1, NULL, 'BAS', 1, NULL),
(10, 228, 'createdtime', 'vtiger_crmentity', 1, '70', 'createdtime', 'Created Time', 1, 0, '', 100, 10, 22, 1, 'DT~O', 3, NULL, 'BAS', 0, NULL),
(10, 229, 'modifiedtime', 'vtiger_crmentity', 1, '70', 'modifiedtime', 'Modified Time', 1, 0, '', 100, 11, 21, 2, 'DT~O', 3, NULL, 'BAS', 0, NULL),
(10, 230, 'access_count', 'vtiger_email_track', 1, '25', 'access_count', 'Access Count', 1, 0, '0', 100, 6, 21, 3, 'V~O', 1, NULL, 'BAS', 0, NULL),
(10, 231, 'modifiedby', 'vtiger_crmentity', 1, '52', 'modifiedby', 'Last Modified By', 1, 0, '', 100, 12, 21, 3, 'V~O', 3, NULL, 'BAS', 0, NULL),
(9, 232, 'subject', 'vtiger_activity', 1, '2', 'subject', 'Subject', 1, 0, '', 100, 1, 19, 1, 'V~M', 0, 1, 'BAS', 1, NULL),
(9, 233, 'smownerid', 'vtiger_crmentity', 1, '53', 'assigned_user_id', 'Assigned To', 1, 0, '', 100, 2, 19, 1, 'V~M', 0, 4, 'BAS', 1, NULL),
(9, 234, 'date_start', 'vtiger_activity', 1, '6', 'date_start', 'Start Date & Time', 1, 0, '', 100, 3, 19, 1, 'DT~M~time_start', 0, 2, 'BAS', 1, NULL),
(9, 235, 'time_start', 'vtiger_activity', 1, '2', 'time_start', 'Time Start', 1, 0, '', 100, 4, 19, 3, 'T~O', 1, NULL, 'BAS', 1, NULL),
(9, 236, 'time_end', 'vtiger_activity', 1, '2', 'time_end', 'End Time', 1, 0, '', 100, 4, 19, 3, 'T~O', 1, NULL, 'BAS', 1, NULL),
(9, 237, 'due_date', 'vtiger_activity', 1, '23', 'due_date', 'Due Date', 1, 0, '', 100, 5, 19, 1, 'D~M~OTH~GE~date_start~Start Date & Time', 1, NULL, 'BAS', 1, NULL),
(9, 238, 'crmid', 'vtiger_seactivityrel', 1, '66', 'parent_id', 'Related To', 1, 0, '', 100, 7, 19, 1, 'I~O', 1, NULL, 'BAS', 1, NULL),
(9, 239, 'contactid', 'vtiger_cntactivityrel', 1, '57', 'contact_id', 'Contact Name', 1, 0, '', 100, 8, 19, 1, 'I~O', 1, NULL, 'BAS', 1, NULL),
(9, 240, 'status', 'vtiger_activity', 1, '15', 'taskstatus', 'Status', 1, 0, '', 100, 8, 19, 1, 'V~M', 0, 3, 'BAS', 1, NULL),
(9, 241, 'eventstatus', 'vtiger_activity', 1, '15', 'eventstatus', 'Status', 1, 0, '', 100, 9, 19, 3, 'V~O', 1, NULL, 'BAS', 1, NULL),
(9, 242, 'priority', 'vtiger_activity', 1, '15', 'taskpriority', 'Priority', 1, 0, '', 100, 10, 19, 1, 'V~O', 1, NULL, 'BAS', 1, NULL),
(9, 243, 'sendnotification', 'vtiger_activity', 1, '56', 'sendnotification', 'Send Notification', 1, 0, '', 100, 11, 19, 1, 'C~O', 1, NULL, 'BAS', 1, NULL),
(9, 244, 'createdtime', 'vtiger_crmentity', 1, '70', 'createdtime', 'Created Time', 1, 0, '', 100, 14, 19, 2, 'DT~O', 3, NULL, 'BAS', 0, NULL),
(9, 245, 'modifiedtime', 'vtiger_crmentity', 1, '70', 'modifiedtime', 'Modified Time', 1, 0, '', 100, 15, 19, 2, 'DT~O', 3, NULL, 'BAS', 0, NULL),
(9, 246, 'activitytype', 'vtiger_activity', 1, '15', 'activitytype', 'Activity Type', 1, 0, '', 100, 16, 19, 3, 'V~O', 1, NULL, 'BAS', 1, NULL),
(9, 247, 'visibility', 'vtiger_activity', 1, '16', 'visibility', 'Visibility', 1, 0, '', 100, 17, 19, 3, 'V~O', 1, NULL, 'BAS', 1, NULL),
(9, 248, 'description', 'vtiger_crmentity', 1, '19', 'description', 'Description', 1, 0, '', 100, 1, 20, 1, 'V~O', 1, NULL, 'BAS', 1, NULL),
(9, 249, 'duration_hours', 'vtiger_activity', 1, '63', 'duration_hours', 'Duration', 1, 0, '', 100, 17, 19, 3, 'T~O', 1, NULL, 'BAS', 1, NULL),
(9, 250, 'duration_minutes', 'vtiger_activity', 1, '16', 'duration_minutes', 'Duration Minutes', 1, 0, '', 100, 18, 19, 3, 'T~O', 1, NULL, 'BAS', 1, NULL),
(9, 251, 'location', 'vtiger_activity', 1, '1', 'location', 'Location', 1, 0, '', 100, 19, 19, 3, 'V~O', 1, NULL, 'BAS', 1, NULL),
(9, 252, 'reminder_time', 'vtiger_activity_reminder', 1, '30', 'reminder_time', 'Send Reminder', 1, 0, '', 100, 1, 19, 3, 'I~O', 1, NULL, 'BAS', 1, NULL),
(9, 253, 'recurringtype', 'vtiger_activity', 1, '16', 'recurringtype', 'Recurrence', 1, 0, '', 100, 6, 19, 3, 'O~O', 1, NULL, 'BAS', 1, NULL),
(9, 254, 'notime', 'vtiger_activity', 1, '56', 'notime', 'No Time', 1, 0, '', 100, 20, 19, 3, 'C~O', 1, NULL, 'BAS', 1, NULL),
(9, 255, 'modifiedby', 'vtiger_crmentity', 1, '52', 'modifiedby', 'Last Modified By', 1, 0, '', 100, 22, 19, 3, 'V~O', 3, NULL, 'BAS', 0, NULL),
(16, 256, 'subject', 'vtiger_activity', 1, '2', 'subject', 'Subject', 1, 0, '', 100, 1, 41, 1, 'V~M', 0, 1, 'BAS', 1, NULL),
(16, 257, 'smownerid', 'vtiger_crmentity', 1, '53', 'assigned_user_id', 'Assigned To', 1, 0, '', 100, 2, 41, 1, 'V~M', 0, 6, 'BAS', 1, NULL),
(16, 258, 'date_start', 'vtiger_activity', 1, '6', 'date_start', 'Start Date & Time', 1, 0, '', 100, 3, 41, 1, 'DT~M~time_start', 0, 2, 'BAS', 1, NULL),
(16, 259, 'time_start', 'vtiger_activity', 1, '2', 'time_start', 'Time Start', 1, 0, '', 100, 4, 41, 3, 'T~M', 1, NULL, 'BAS', 1, NULL),
(16, 260, 'due_date', 'vtiger_activity', 1, '23', 'due_date', 'End Date', 1, 0, '', 100, 5, 41, 1, 'D~M~OTH~GE~date_start~Start Date & Time', 0, 5, 'BAS', 1, NULL),
(16, 261, 'time_end', 'vtiger_activity', 1, '2', 'time_end', 'End Time', 1, 0, '', 100, 5, 41, 3, 'T~M', 1, NULL, 'BAS', 1, NULL),
(16, 262, 'recurringtype', 'vtiger_activity', 1, '16', 'recurringtype', 'Recurrence', 1, 0, '', 100, 6, 41, 1, 'O~O', 1, NULL, 'BAS', 1, NULL),
(16, 263, 'duration_hours', 'vtiger_activity', 1, '63', 'duration_hours', 'Duration', 1, 0, '', 100, 7, 41, 1, 'I~M', 1, NULL, 'BAS', 1, NULL),
(16, 264, 'duration_minutes', 'vtiger_activity', 1, '16', 'duration_minutes', 'Duration Minutes', 1, 0, '', 100, 8, 41, 3, 'O~O', 1, NULL, 'BAS', 1, NULL),
(16, 265, 'crmid', 'vtiger_seactivityrel', 1, '66', 'parent_id', 'Related To', 1, 0, '', 100, 9, 41, 1, 'I~O', 1, NULL, 'BAS', 1, NULL),
(16, 266, 'eventstatus', 'vtiger_activity', 1, '15', 'eventstatus', 'Status', 1, 0, '', 100, 10, 41, 1, 'V~M', 0, 3, 'BAS', 1, NULL),
(16, 267, 'sendnotification', 'vtiger_activity', 1, '56', 'sendnotification', 'Send Notification', 1, 0, '', 100, 11, 41, 1, 'C~O', 1, NULL, 'BAS', 1, NULL),
(16, 268, 'activitytype', 'vtiger_activity', 1, '15', 'activitytype', 'Activity Type', 1, 0, '', 100, 12, 41, 1, 'V~M', 0, 4, 'BAS', 1, NULL),
(16, 269, 'location', 'vtiger_activity', 1, '1', 'location', 'Location', 1, 0, '', 100, 13, 41, 1, 'V~O', 1, NULL, 'BAS', 1, NULL),
(16, 270, 'createdtime', 'vtiger_crmentity', 1, '70', 'createdtime', 'Created Time', 1, 0, '', 100, 14, 41, 2, 'DT~O', 3, NULL, 'BAS', 0, NULL),
(16, 271, 'modifiedtime', 'vtiger_crmentity', 1, '70', 'modifiedtime', 'Modified Time', 1, 0, '', 100, 15, 41, 2, 'DT~O', 3, NULL, 'BAS', 0, NULL),
(16, 272, 'priority', 'vtiger_activity', 1, '15', 'taskpriority', 'Priority', 1, 0, '', 100, 16, 41, 1, 'V~O', 1, NULL, 'BAS', 1, NULL),
(16, 273, 'notime', 'vtiger_activity', 1, '56', 'notime', 'No Time', 1, 0, '', 100, 17, 41, 1, 'C~O', 1, NULL, 'BAS', 1, NULL),
(16, 274, 'visibility', 'vtiger_activity', 1, '16', 'visibility', 'Visibility', 1, 0, '', 100, 18, 41, 1, 'V~O', 1, NULL, 'BAS', 1, NULL),
(16, 275, 'modifiedby', 'vtiger_crmentity', 1, '52', 'modifiedby', 'Last Modified By', 1, 0, '', 100, 22, 41, 3, 'V~O', 3, NULL, 'BAS', 0, NULL),
(16, 276, 'description', 'vtiger_crmentity', 1, '19', 'description', 'Description', 1, 0, '', 100, 1, 41, 1, 'V~O', 1, NULL, 'BAS', 1, NULL),
(16, 277, 'reminder_time', 'vtiger_activity_reminder', 1, '30', 'reminder_time', 'Send Reminder', 1, 0, '', 100, 1, 40, 1, 'I~O', 1, NULL, 'BAS', 1, NULL),
(16, 278, 'contactid', 'vtiger_cntactivityrel', 1, '57', 'contact_id', 'Contact Name', 1, 0, '', 100, 1, 19, 1, 'I~O', 1, NULL, 'BAS', 1, NULL),
(15, 279, 'product_id', 'vtiger_faq', 1, '59', 'product_id', 'Product Name', 1, 2, '', 100, 1, 37, 1, 'I~O', 3, NULL, 'BAS', 1, NULL),
(15, 280, 'faq_no', 'vtiger_faq', 1, '4', 'faq_no', 'Faq No', 1, 0, '', 100, 2, 37, 1, 'V~O', 3, NULL, 'BAS', 0, NULL),
(15, 281, 'category', 'vtiger_faq', 1, '15', 'faqcategories', 'Category', 1, 2, '', 100, 4, 37, 1, 'V~O', 3, NULL, 'BAS', 1, NULL),
(15, 282, 'status', 'vtiger_faq', 1, '15', 'faqstatus', 'Status', 1, 2, '', 100, 3, 37, 1, 'V~M', 3, NULL, 'BAS', 1, NULL),
(15, 283, 'question', 'vtiger_faq', 1, '20', 'question', 'Question', 1, 2, '', 100, 7, 37, 1, 'V~M', 3, NULL, 'BAS', 1, NULL),
(15, 284, 'answer', 'vtiger_faq', 1, '20', 'faq_answer', 'Answer', 1, 2, '', 100, 8, 37, 1, 'V~M', 3, NULL, 'BAS', 1, NULL),
(15, 285, 'comments', 'vtiger_faqcomments', 1, '19', 'comments', 'Add Comment', 1, 0, '', 100, 1, 38, 1, 'V~O', 3, NULL, 'BAS', 0, NULL),
(15, 286, 'createdtime', 'vtiger_crmentity', 1, '70', 'createdtime', 'Created Time', 1, 0, '', 100, 5, 37, 2, 'DT~O', 3, NULL, 'BAS', 0, NULL),
(15, 287, 'modifiedtime', 'vtiger_crmentity', 1, '70', 'modifiedtime', 'Modified Time', 1, 0, '', 100, 6, 37, 2, 'DT~O', 3, NULL, 'BAS', 0, NULL),
(15, 288, 'modifiedby', 'vtiger_crmentity', 1, '52', 'modifiedby', 'Last Modified By', 1, 0, '', 100, 7, 37, 3, 'V~O', 3, NULL, 'BAS', 0, NULL),
(18, 289, 'vendorname', 'vtiger_vendor', 1, '2', 'vendorname', 'Vendor Name', 1, 0, '', 100, 1, 42, 1, 'V~M', 0, 1, 'BAS', 1, NULL),
(18, 290, 'vendor_no', 'vtiger_vendor', 1, '4', 'vendor_no', 'Vendor No', 1, 0, '', 100, 2, 42, 1, 'V~O', 3, NULL, 'BAS', 0, NULL),
(18, 291, 'phone', 'vtiger_vendor', 1, '1', 'phone', 'Phone', 1, 2, '', 100, 4, 42, 1, 'V~O', 2, 2, 'BAS', 1, NULL),
(18, 292, 'email', 'vtiger_vendor', 1, '13', 'email', 'Email', 1, 2, '', 100, 3, 42, 1, 'E~O', 2, 3, 'BAS', 1, NULL),
(18, 293, 'website', 'vtiger_vendor', 1, '17', 'website', 'Website', 1, 2, '', 100, 6, 42, 1, 'V~O', 1, NULL, 'BAS', 1, NULL),
(18, 294, 'glacct', 'vtiger_vendor', 1, '15', 'glacct', 'GL Account', 1, 2, '', 100, 5, 42, 1, 'V~O', 1, NULL, 'BAS', 1, NULL),
(18, 295, 'category', 'vtiger_vendor', 1, '1', 'category', 'Category', 1, 2, '', 100, 8, 42, 1, 'V~O', 1, NULL, 'BAS', 1, NULL),
(18, 296, 'createdtime', 'vtiger_crmentity', 1, '70', 'createdtime', 'Created Time', 1, 0, '', 100, 7, 42, 2, 'DT~O', 3, NULL, 'BAS', 0, NULL),
(18, 297, 'modifiedtime', 'vtiger_crmentity', 1, '70', 'modifiedtime', 'Modified Time', 1, 0, '', 100, 9, 42, 2, 'DT~O', 3, NULL, 'BAS', 0, NULL),
(18, 298, 'modifiedby', 'vtiger_crmentity', 1, '52', 'modifiedby', 'Last Modified By', 1, 0, '', 100, 12, 42, 3, 'V~O', 3, NULL, 'BAS', 0, NULL),
(18, 299, 'street', 'vtiger_vendor', 1, '21', 'street', 'Street', 1, 2, '', 100, 1, 44, 1, 'V~O', 1, NULL, 'ADV', 1, NULL),
(18, 300, 'pobox', 'vtiger_vendor', 1, '1', 'pobox', 'Po Box', 1, 2, '', 100, 2, 44, 1, 'V~O', 1, NULL, 'ADV', 1, NULL),
(18, 301, 'city', 'vtiger_vendor', 1, '1', 'city', 'City', 1, 2, '', 100, 3, 44, 1, 'V~O', 1, NULL, 'ADV', 1, NULL),
(18, 302, 'state', 'vtiger_vendor', 1, '1', 'state', 'State', 1, 2, '', 100, 4, 44, 1, 'V~O', 1, NULL, 'ADV', 1, NULL),
(18, 303, 'postalcode', 'vtiger_vendor', 1, '1', 'postalcode', 'Postal Code', 1, 2, '', 100, 5, 44, 1, 'V~O', 1, NULL, 'ADV', 1, NULL),
(18, 304, 'country', 'vtiger_vendor', 1, '1', 'country', 'Country', 1, 2, '', 100, 6, 44, 1, 'V~O', 1, NULL, 'ADV', 1, NULL),
(18, 305, 'description', 'vtiger_crmentity', 1, '19', 'description', 'Description', 1, 2, '', 100, 1, 45, 1, 'V~O', 1, NULL, 'ADV', 1, NULL),
(19, 306, 'bookname', 'vtiger_pricebook', 1, '2', 'bookname', 'Price Book Name', 1, 0, '', 100, 1, 46, 1, 'V~M', 0, 1, 'BAS', 1, NULL),
(19, 307, 'pricebook_no', 'vtiger_pricebook', 1, '4', 'pricebook_no', 'PriceBook No', 1, 0, '', 100, 3, 46, 1, 'V~O', 3, NULL, 'BAS', 0, NULL),
(19, 308, 'active', 'vtiger_pricebook', 1, '56', 'active', 'Active', 1, 2, '', 100, 2, 46, 1, 'C~O', 2, 2, 'BAS', 1, NULL),
(19, 309, 'createdtime', 'vtiger_crmentity', 1, '70', 'createdtime', 'Created Time', 1, 0, '', 100, 4, 46, 2, 'DT~O', 3, NULL, 'BAS', 0, NULL),
(19, 310, 'modifiedtime', 'vtiger_crmentity', 1, '70', 'modifiedtime', 'Modified Time', 1, 0, '', 100, 5, 46, 2, 'DT~O', 3, NULL, 'BAS', 0, NULL),
(19, 311, 'currency_id', 'vtiger_pricebook', 1, '117', 'currency_id', 'Currency', 1, 0, '', 100, 5, 46, 1, 'I~M', 0, 3, 'BAS', 0, NULL),
(19, 312, 'modifiedby', 'vtiger_crmentity', 1, '52', 'modifiedby', 'Last Modified By', 1, 0, '', 100, 7, 46, 3, 'V~O', 3, NULL, 'BAS', 0, NULL),
(19, 313, 'description', 'vtiger_crmentity', 1, '19', 'description', 'Description', 1, 2, '', 100, 1, 48, 1, 'V~O', 1, NULL, 'BAS', 1, NULL),
(20, 314, 'quote_no', 'vtiger_quotes', 1, '4', 'quote_no', 'Quote No', 1, 0, '', 100, 3, 49, 1, 'V~O', 3, NULL, 'BAS', 0, NULL),
(20, 315, 'subject', 'vtiger_quotes', 1, '2', 'subject', 'Subject', 1, 0, '', 100, 1, 49, 1, 'V~M', 1, NULL, 'BAS', 1, NULL),
(20, 316, 'potentialid', 'vtiger_quotes', 1, '76', 'potential_id', 'Potential Name', 1, 2, '', 100, 2, 49, 1, 'I~O', 3, NULL, 'BAS', 1, NULL),
(20, 317, 'quotestage', 'vtiger_quotes', 1, '15', 'quotestage', 'Quote Stage', 1, 2, '', 100, 4, 49, 1, 'V~M', 3, NULL, 'BAS', 1, NULL),
(20, 318, 'validtill', 'vtiger_quotes', 1, '5', 'validtill', 'Valid Till', 1, 2, '', 100, 5, 49, 1, 'D~O', 3, NULL, 'BAS', 1, NULL),
(20, 319, 'contactid', 'vtiger_quotes', 1, '57', 'contact_id', 'Contact Name', 1, 2, '', 100, 6, 49, 1, 'V~O', 3, NULL, 'BAS', 1, NULL),
(20, 320, 'carrier', 'vtiger_quotes', 1, '15', 'carrier', 'Carrier', 1, 2, '', 100, 8, 49, 1, 'V~O', 3, NULL, 'BAS', 1, NULL),
(20, 321, 'subtotal', 'vtiger_quotes', 1, '72', 'hdnSubTotal', 'Sub Total', 1, 2, '', 100, 9, 49, 3, 'N~O', 3, NULL, 'BAS', 1, NULL),
(20, 322, 'shipping', 'vtiger_quotes', 1, '1', 'shipping', 'Shipping', 1, 2, '', 100, 10, 49, 1, 'V~O', 3, NULL, 'BAS', 1, NULL),
(20, 323, 'inventorymanager', 'vtiger_quotes', 1, '77', 'assigned_user_id1', 'Inventory Manager', 1, 2, '', 100, 11, 49, 1, 'I~O', 3, NULL, 'BAS', 1, NULL),
(20, 324, 'adjustment', 'vtiger_quotes', 1, '72', 'txtAdjustment', 'Adjustment', 1, 2, '', 100, 20, 49, 3, 'NN~O', 3, NULL, 'BAS', 1, NULL),
(20, 325, 'total', 'vtiger_quotes', 1, '72', 'hdnGrandTotal', 'Total', 1, 2, '', 100, 14, 49, 3, 'N~O', 3, NULL, 'BAS', 1, NULL),
(20, 326, 'taxtype', 'vtiger_quotes', 1, '16', 'hdnTaxType', 'Tax Type', 1, 2, '', 100, 14, 49, 3, 'V~O', 3, NULL, 'BAS', 1, NULL),
(20, 327, 'discount_percent', 'vtiger_quotes', 1, '1', 'hdnDiscountPercent', 'Discount Percent', 1, 2, '', 100, 14, 49, 3, 'N~O', 3, NULL, 'BAS', 1, NULL),
(20, 328, 'discount_amount', 'vtiger_quotes', 1, '72', 'hdnDiscountAmount', 'Discount Amount', 1, 2, '', 100, 14, 49, 3, 'N~O', 3, NULL, 'BAS', 1, NULL),
(20, 329, 's_h_amount', 'vtiger_quotes', 1, '72', 'hdnS_H_Amount', 'S&H Amount', 1, 2, '', 100, 14, 49, 3, 'N~O', 3, NULL, 'BAS', 1, NULL),
(20, 330, 'accountid', 'vtiger_quotes', 1, '73', 'account_id', 'Account Name', 1, 2, '', 100, 16, 49, 1, 'I~M', 3, NULL, 'BAS', 1, NULL),
(20, 331, 'smownerid', 'vtiger_crmentity', 1, '53', 'assigned_user_id', 'Assigned To', 1, 0, '', 100, 17, 49, 1, 'V~M', 3, NULL, 'BAS', 1, NULL),
(20, 332, 'createdtime', 'vtiger_crmentity', 1, '70', 'createdtime', 'Created Time', 1, 0, '', 100, 18, 49, 2, 'DT~O', 3, NULL, 'BAS', 0, NULL),
(20, 333, 'modifiedtime', 'vtiger_crmentity', 1, '70', 'modifiedtime', 'Modified Time', 1, 0, '', 100, 19, 49, 2, 'DT~O', 3, NULL, 'BAS', 0, NULL),
(20, 334, 'modifiedby', 'vtiger_crmentity', 1, '52', 'modifiedby', 'Last Modified By', 1, 0, '', 100, 22, 49, 3, 'V~O', 3, NULL, 'BAS', 0, NULL),
(20, 335, 'currency_id', 'vtiger_quotes', 1, '117', 'currency_id', 'Currency', 1, 2, '1', 100, 20, 49, 3, 'I~O', 3, NULL, 'BAS', 1, NULL),
(20, 336, 'conversion_rate', 'vtiger_quotes', 1, '1', 'conversion_rate', 'Conversion Rate', 1, 2, '1', 100, 21, 49, 3, 'N~O', 3, NULL, 'BAS', 1, NULL),
(20, 337, 'bill_street', 'vtiger_quotesbillads', 1, '24', 'bill_street', 'Billing Address', 1, 2, '', 100, 1, 51, 1, 'V~M', 3, NULL, 'BAS', 1, NULL),
(20, 338, 'ship_street', 'vtiger_quotesshipads', 1, '24', 'ship_street', 'Shipping Address', 1, 2, '', 100, 2, 51, 1, 'V~M', 3, NULL, 'BAS', 1, NULL),
(20, 339, 'bill_city', 'vtiger_quotesbillads', 1, '1', 'bill_city', 'Billing City', 1, 2, '', 100, 5, 51, 1, 'V~O', 3, NULL, 'BAS', 1, NULL),
(20, 340, 'ship_city', 'vtiger_quotesshipads', 1, '1', 'ship_city', 'Shipping City', 1, 2, '', 100, 6, 51, 1, 'V~O', 3, NULL, 'BAS', 1, NULL),
(20, 341, 'bill_state', 'vtiger_quotesbillads', 1, '1', 'bill_state', 'Billing State', 1, 2, '', 100, 7, 51, 1, 'V~O', 3, NULL, 'BAS', 1, NULL),
(20, 342, 'ship_state', 'vtiger_quotesshipads', 1, '1', 'ship_state', 'Shipping State', 1, 2, '', 100, 8, 51, 1, 'V~O', 3, NULL, 'BAS', 1, NULL),
(20, 343, 'bill_code', 'vtiger_quotesbillads', 1, '1', 'bill_code', 'Billing Code', 1, 2, '', 100, 9, 51, 1, 'V~O', 3, NULL, 'BAS', 1, NULL),
(20, 344, 'ship_code', 'vtiger_quotesshipads', 1, '1', 'ship_code', 'Shipping Code', 1, 2, '', 100, 10, 51, 1, 'V~O', 3, NULL, 'BAS', 1, NULL),
(20, 345, 'bill_country', 'vtiger_quotesbillads', 1, '1', 'bill_country', 'Billing Country', 1, 2, '', 100, 11, 51, 1, 'V~O', 3, NULL, 'BAS', 1, NULL),
(20, 346, 'ship_country', 'vtiger_quotesshipads', 1, '1', 'ship_country', 'Shipping Country', 1, 2, '', 100, 12, 51, 1, 'V~O', 3, NULL, 'BAS', 1, NULL),
(20, 347, 'bill_pobox', 'vtiger_quotesbillads', 1, '1', 'bill_pobox', 'Billing Po Box', 1, 2, '', 100, 3, 51, 1, 'V~O', 3, NULL, 'BAS', 1, NULL),
(20, 348, 'ship_pobox', 'vtiger_quotesshipads', 1, '1', 'ship_pobox', 'Shipping Po Box', 1, 2, '', 100, 4, 51, 1, 'V~O', 3, NULL, 'BAS', 1, NULL),
(20, 349, 'description', 'vtiger_crmentity', 1, '19', 'description', 'Description', 1, 2, '', 100, 1, 54, 1, 'V~O', 3, NULL, 'ADV', 1, NULL),
(20, 350, 'terms_conditions', 'vtiger_quotes', 1, '19', 'terms_conditions', 'Terms & Conditions', 1, 2, '', 100, 1, 53, 1, 'V~O', 3, NULL, 'ADV', 1, NULL),
(21, 351, 'purchaseorder_no', 'vtiger_purchaseorder', 1, '4', 'purchaseorder_no', 'PurchaseOrder No', 1, 0, '', 100, 2, 55, 1, 'V~O', 3, NULL, 'BAS', 0, NULL),
(21, 352, 'subject', 'vtiger_purchaseorder', 1, '2', 'subject', 'Subject', 1, 0, '', 100, 1, 55, 1, 'V~M', 3, NULL, 'BAS', 1, NULL),
(21, 353, 'vendorid', 'vtiger_purchaseorder', 1, '81', 'vendor_id', 'Vendor Name', 1, 0, '', 100, 3, 55, 1, 'I~M', 3, NULL, 'BAS', 1, NULL),
(21, 354, 'requisition_no', 'vtiger_purchaseorder', 1, '1', 'requisition_no', 'Requisition No', 1, 2, '', 100, 4, 55, 1, 'V~O', 3, NULL, 'BAS', 1, NULL),
(21, 355, 'tracking_no', 'vtiger_purchaseorder', 1, '1', 'tracking_no', 'Tracking Number', 1, 2, '', 100, 5, 55, 1, 'V~O', 3, NULL, 'BAS', 1, NULL);
INSERT INTO `vtiger_field` (`tabid`, `fieldid`, `columnname`, `tablename`, `generatedtype`, `uitype`, `fieldname`, `fieldlabel`, `readonly`, `presence`, `defaultvalue`, `maximumlength`, `sequence`, `block`, `displaytype`, `typeofdata`, `quickcreate`, `quickcreatesequence`, `info_type`, `masseditable`, `helpinfo`) VALUES
(21, 356, 'contactid', 'vtiger_purchaseorder', 1, '57', 'contact_id', 'Contact Name', 1, 2, '', 100, 6, 55, 1, 'I~O', 3, NULL, 'BAS', 1, NULL),
(21, 357, 'duedate', 'vtiger_purchaseorder', 1, '5', 'duedate', 'Due Date', 1, 2, '', 100, 7, 55, 1, 'D~O', 3, NULL, 'BAS', 1, NULL),
(21, 358, 'carrier', 'vtiger_purchaseorder', 1, '15', 'carrier', 'Carrier', 1, 2, '', 100, 8, 55, 1, 'V~O', 3, NULL, 'BAS', 1, NULL),
(21, 359, 'adjustment', 'vtiger_purchaseorder', 1, '72', 'txtAdjustment', 'Adjustment', 1, 2, '', 100, 10, 55, 3, 'NN~O', 3, NULL, 'BAS', 1, NULL),
(21, 360, 'salescommission', 'vtiger_purchaseorder', 1, '1', 'salescommission', 'Sales Commission', 1, 2, '', 100, 11, 55, 1, 'N~O', 3, NULL, 'BAS', 1, NULL),
(21, 361, 'exciseduty', 'vtiger_purchaseorder', 1, '1', 'exciseduty', 'Excise Duty', 1, 2, '', 100, 12, 55, 1, 'N~O', 3, NULL, 'BAS', 1, NULL),
(21, 362, 'total', 'vtiger_purchaseorder', 1, '72', 'hdnGrandTotal', 'Total', 1, 2, '', 100, 13, 55, 3, 'N~O', 3, NULL, 'BAS', 1, NULL),
(21, 363, 'subtotal', 'vtiger_purchaseorder', 1, '72', 'hdnSubTotal', 'Sub Total', 1, 2, '', 100, 14, 55, 3, 'N~O', 3, NULL, 'BAS', 1, NULL),
(21, 364, 'taxtype', 'vtiger_purchaseorder', 1, '16', 'hdnTaxType', 'Tax Type', 1, 2, '', 100, 14, 55, 3, 'V~O', 3, NULL, 'BAS', 1, NULL),
(21, 365, 'discount_percent', 'vtiger_purchaseorder', 1, '1', 'hdnDiscountPercent', 'Discount Percent', 1, 2, '', 100, 14, 55, 3, 'N~O', 3, NULL, 'BAS', 1, NULL),
(21, 366, 'discount_amount', 'vtiger_purchaseorder', 1, '72', 'hdnDiscountAmount', 'Discount Amount', 1, 0, '', 100, 14, 55, 3, 'N~O', 3, NULL, 'BAS', 1, NULL),
(21, 367, 's_h_amount', 'vtiger_purchaseorder', 1, '72', 'hdnS_H_Amount', 'S&H Amount', 1, 2, '', 100, 14, 55, 3, 'N~O', 3, NULL, 'BAS', 1, NULL),
(21, 368, 'postatus', 'vtiger_purchaseorder', 1, '15', 'postatus', 'Status', 1, 2, '', 100, 15, 55, 1, 'V~M', 3, NULL, 'BAS', 1, NULL),
(21, 369, 'smownerid', 'vtiger_crmentity', 1, '53', 'assigned_user_id', 'Assigned To', 1, 0, '', 100, 16, 55, 1, 'V~M', 3, NULL, 'BAS', 1, NULL),
(21, 370, 'createdtime', 'vtiger_crmentity', 1, '70', 'createdtime', 'Created Time', 1, 0, '', 100, 17, 55, 2, 'DT~O', 3, NULL, 'BAS', 0, NULL),
(21, 371, 'modifiedtime', 'vtiger_crmentity', 1, '70', 'modifiedtime', 'Modified Time', 1, 0, '', 100, 18, 55, 2, 'DT~O', 3, NULL, 'BAS', 0, NULL),
(21, 372, 'modifiedby', 'vtiger_crmentity', 1, '52', 'modifiedby', 'Last Modified By', 1, 0, '', 100, 22, 55, 3, 'V~O', 3, NULL, 'BAS', 0, NULL),
(21, 373, 'currency_id', 'vtiger_purchaseorder', 1, '117', 'currency_id', 'Currency', 1, 2, '1', 100, 19, 55, 3, 'I~O', 3, NULL, 'BAS', 1, NULL),
(21, 374, 'conversion_rate', 'vtiger_purchaseorder', 1, '1', 'conversion_rate', 'Conversion Rate', 1, 2, '1', 100, 20, 55, 3, 'N~O', 3, NULL, 'BAS', 1, NULL),
(21, 375, 'bill_street', 'vtiger_pobillads', 1, '24', 'bill_street', 'Billing Address', 1, 2, '', 100, 1, 57, 1, 'V~M', 3, NULL, 'BAS', 1, NULL),
(21, 376, 'ship_street', 'vtiger_poshipads', 1, '24', 'ship_street', 'Shipping Address', 1, 2, '', 100, 2, 57, 1, 'V~M', 3, NULL, 'BAS', 1, NULL),
(21, 377, 'bill_city', 'vtiger_pobillads', 1, '1', 'bill_city', 'Billing City', 1, 2, '', 100, 5, 57, 1, 'V~O', 3, NULL, 'BAS', 1, NULL),
(21, 378, 'ship_city', 'vtiger_poshipads', 1, '1', 'ship_city', 'Shipping City', 1, 2, '', 100, 6, 57, 1, 'V~O', 3, NULL, 'BAS', 1, NULL),
(21, 379, 'bill_state', 'vtiger_pobillads', 1, '1', 'bill_state', 'Billing State', 1, 2, '', 100, 7, 57, 1, 'V~O', 3, NULL, 'BAS', 1, NULL),
(21, 380, 'ship_state', 'vtiger_poshipads', 1, '1', 'ship_state', 'Shipping State', 1, 2, '', 100, 8, 57, 1, 'V~O', 3, NULL, 'BAS', 1, NULL),
(21, 381, 'bill_code', 'vtiger_pobillads', 1, '1', 'bill_code', 'Billing Code', 1, 2, '', 100, 9, 57, 1, 'V~O', 3, NULL, 'BAS', 1, NULL),
(21, 382, 'ship_code', 'vtiger_poshipads', 1, '1', 'ship_code', 'Shipping Code', 1, 2, '', 100, 10, 57, 1, 'V~O', 3, NULL, 'BAS', 1, NULL),
(21, 383, 'bill_country', 'vtiger_pobillads', 1, '1', 'bill_country', 'Billing Country', 1, 2, '', 100, 11, 57, 1, 'V~O', 3, NULL, 'BAS', 1, NULL),
(21, 384, 'ship_country', 'vtiger_poshipads', 1, '1', 'ship_country', 'Shipping Country', 1, 2, '', 100, 12, 57, 1, 'V~O', 3, NULL, 'BAS', 1, NULL),
(21, 385, 'bill_pobox', 'vtiger_pobillads', 1, '1', 'bill_pobox', 'Billing Po Box', 1, 2, '', 100, 3, 57, 1, 'V~O', 3, NULL, 'BAS', 1, NULL),
(21, 386, 'ship_pobox', 'vtiger_poshipads', 1, '1', 'ship_pobox', 'Shipping Po Box', 1, 2, '', 100, 4, 57, 1, 'V~O', 3, NULL, 'BAS', 1, NULL),
(21, 387, 'description', 'vtiger_crmentity', 1, '19', 'description', 'Description', 1, 2, '', 100, 1, 60, 1, 'V~O', 3, NULL, 'ADV', 1, NULL),
(21, 388, 'terms_conditions', 'vtiger_purchaseorder', 1, '19', 'terms_conditions', 'Terms & Conditions', 1, 2, '', 100, 1, 59, 1, 'V~O', 3, NULL, 'ADV', 1, NULL),
(22, 389, 'salesorder_no', 'vtiger_salesorder', 1, '4', 'salesorder_no', 'SalesOrder No', 1, 0, '', 100, 4, 61, 1, 'V~O', 3, NULL, 'BAS', 0, NULL),
(22, 390, 'subject', 'vtiger_salesorder', 1, '2', 'subject', 'Subject', 1, 0, '', 100, 1, 61, 1, 'V~M', 3, NULL, 'BAS', 1, NULL),
(22, 391, 'potentialid', 'vtiger_salesorder', 1, '76', 'potential_id', 'Potential Name', 1, 2, '', 100, 2, 61, 1, 'I~O', 3, NULL, 'BAS', 1, NULL),
(22, 392, 'customerno', 'vtiger_salesorder', 1, '1', 'customerno', 'Customer No', 1, 2, '', 100, 3, 61, 1, 'V~O', 3, NULL, 'BAS', 1, NULL),
(22, 393, 'quoteid', 'vtiger_salesorder', 1, '78', 'quote_id', 'Quote Name', 1, 2, '', 100, 5, 61, 1, 'I~O', 3, NULL, 'BAS', 0, NULL),
(22, 394, 'purchaseorder', 'vtiger_salesorder', 1, '1', 'vtiger_purchaseorder', 'Purchase Order', 1, 2, '', 100, 5, 61, 1, 'V~O', 3, NULL, 'BAS', 1, NULL),
(22, 395, 'contactid', 'vtiger_salesorder', 1, '57', 'contact_id', 'Contact Name', 1, 2, '', 100, 6, 61, 1, 'I~O', 3, NULL, 'BAS', 1, NULL),
(22, 396, 'duedate', 'vtiger_salesorder', 1, '5', 'duedate', 'Due Date', 1, 2, '', 100, 8, 61, 1, 'D~O', 3, NULL, 'BAS', 1, NULL),
(22, 397, 'carrier', 'vtiger_salesorder', 1, '15', 'carrier', 'Carrier', 1, 2, '', 100, 9, 61, 1, 'V~O', 3, NULL, 'BAS', 1, NULL),
(22, 398, 'pending', 'vtiger_salesorder', 1, '1', 'pending', 'Pending', 1, 2, '', 100, 10, 61, 1, 'V~O', 3, NULL, 'BAS', 1, NULL),
(22, 399, 'sostatus', 'vtiger_salesorder', 1, '15', 'sostatus', 'Status', 1, 2, '', 100, 11, 61, 1, 'V~M', 3, NULL, 'BAS', 1, NULL),
(22, 400, 'adjustment', 'vtiger_salesorder', 1, '72', 'txtAdjustment', 'Adjustment', 1, 2, '', 100, 12, 61, 3, 'NN~O', 3, NULL, 'BAS', 1, NULL),
(22, 401, 'salescommission', 'vtiger_salesorder', 1, '1', 'salescommission', 'Sales Commission', 1, 2, '', 100, 13, 61, 1, 'N~O', 3, NULL, 'BAS', 1, NULL),
(22, 402, 'exciseduty', 'vtiger_salesorder', 1, '1', 'exciseduty', 'Excise Duty', 1, 2, '', 100, 13, 61, 1, 'N~O', 3, NULL, 'BAS', 1, NULL),
(22, 403, 'total', 'vtiger_salesorder', 1, '72', 'hdnGrandTotal', 'Total', 1, 2, '', 100, 14, 61, 3, 'N~O', 3, NULL, 'BAS', 1, NULL),
(22, 404, 'subtotal', 'vtiger_salesorder', 1, '72', 'hdnSubTotal', 'Sub Total', 1, 2, '', 100, 15, 61, 3, 'N~O', 3, NULL, 'BAS', 1, NULL),
(22, 405, 'taxtype', 'vtiger_salesorder', 1, '16', 'hdnTaxType', 'Tax Type', 1, 2, '', 100, 15, 61, 3, 'V~O', 3, NULL, 'BAS', 1, NULL),
(22, 406, 'discount_percent', 'vtiger_salesorder', 1, '1', 'hdnDiscountPercent', 'Discount Percent', 1, 2, '', 100, 15, 61, 3, 'N~O', 3, NULL, 'BAS', 1, NULL),
(22, 407, 'discount_amount', 'vtiger_salesorder', 1, '72', 'hdnDiscountAmount', 'Discount Amount', 1, 0, '', 100, 15, 61, 3, 'N~O', 3, NULL, 'BAS', 1, NULL),
(22, 408, 's_h_amount', 'vtiger_salesorder', 1, '72', 'hdnS_H_Amount', 'S&H Amount', 1, 2, '', 100, 15, 61, 3, 'N~O', 3, NULL, 'BAS', 1, NULL),
(22, 409, 'accountid', 'vtiger_salesorder', 1, '73', 'account_id', 'Account Name', 1, 2, '', 100, 16, 61, 1, 'I~M', 3, NULL, 'BAS', 1, NULL),
(22, 410, 'smownerid', 'vtiger_crmentity', 1, '53', 'assigned_user_id', 'Assigned To', 1, 0, '', 100, 17, 61, 1, 'V~M', 3, NULL, 'BAS', 1, NULL),
(22, 411, 'createdtime', 'vtiger_crmentity', 1, '70', 'createdtime', 'Created Time', 1, 0, '', 100, 18, 61, 2, 'DT~O', 3, NULL, 'BAS', 0, NULL),
(22, 412, 'modifiedtime', 'vtiger_crmentity', 1, '70', 'modifiedtime', 'Modified Time', 1, 0, '', 100, 19, 61, 2, 'DT~O', 3, NULL, 'BAS', 0, NULL),
(22, 413, 'modifiedby', 'vtiger_crmentity', 1, '52', 'modifiedby', 'Last Modified By', 1, 0, '', 100, 22, 61, 3, 'V~O', 3, NULL, 'BAS', 0, NULL),
(22, 414, 'currency_id', 'vtiger_salesorder', 1, '117', 'currency_id', 'Currency', 1, 2, '1', 100, 20, 61, 3, 'I~O', 3, NULL, 'BAS', 1, NULL),
(22, 415, 'conversion_rate', 'vtiger_salesorder', 1, '1', 'conversion_rate', 'Conversion Rate', 1, 2, '1', 100, 21, 61, 3, 'N~O', 3, NULL, 'BAS', 1, NULL),
(22, 416, 'bill_street', 'vtiger_sobillads', 1, '24', 'bill_street', 'Billing Address', 1, 2, '', 100, 1, 63, 1, 'V~M', 3, NULL, 'BAS', 1, NULL),
(22, 417, 'ship_street', 'vtiger_soshipads', 1, '24', 'ship_street', 'Shipping Address', 1, 2, '', 100, 2, 63, 1, 'V~M', 3, NULL, 'BAS', 1, NULL),
(22, 418, 'bill_city', 'vtiger_sobillads', 1, '1', 'bill_city', 'Billing City', 1, 2, '', 100, 5, 63, 1, 'V~O', 3, NULL, 'BAS', 1, NULL),
(22, 419, 'ship_city', 'vtiger_soshipads', 1, '1', 'ship_city', 'Shipping City', 1, 2, '', 100, 6, 63, 1, 'V~O', 3, NULL, 'BAS', 1, NULL),
(22, 420, 'bill_state', 'vtiger_sobillads', 1, '1', 'bill_state', 'Billing State', 1, 2, '', 100, 7, 63, 1, 'V~O', 3, NULL, 'BAS', 1, NULL),
(22, 421, 'ship_state', 'vtiger_soshipads', 1, '1', 'ship_state', 'Shipping State', 1, 2, '', 100, 8, 63, 1, 'V~O', 3, NULL, 'BAS', 1, NULL),
(22, 422, 'bill_code', 'vtiger_sobillads', 1, '1', 'bill_code', 'Billing Code', 1, 2, '', 100, 9, 63, 1, 'V~O', 3, NULL, 'BAS', 1, NULL),
(22, 423, 'ship_code', 'vtiger_soshipads', 1, '1', 'ship_code', 'Shipping Code', 1, 2, '', 100, 10, 63, 1, 'V~O', 3, NULL, 'BAS', 1, NULL),
(22, 424, 'bill_country', 'vtiger_sobillads', 1, '1', 'bill_country', 'Billing Country', 1, 2, '', 100, 11, 63, 1, 'V~O', 3, NULL, 'BAS', 1, NULL),
(22, 425, 'ship_country', 'vtiger_soshipads', 1, '1', 'ship_country', 'Shipping Country', 1, 2, '', 100, 12, 63, 1, 'V~O', 3, NULL, 'BAS', 1, NULL),
(22, 426, 'bill_pobox', 'vtiger_sobillads', 1, '1', 'bill_pobox', 'Billing Po Box', 1, 2, '', 100, 3, 63, 1, 'V~O', 3, NULL, 'BAS', 1, NULL),
(22, 427, 'ship_pobox', 'vtiger_soshipads', 1, '1', 'ship_pobox', 'Shipping Po Box', 1, 2, '', 100, 4, 63, 1, 'V~O', 3, NULL, 'BAS', 1, NULL),
(22, 428, 'description', 'vtiger_crmentity', 1, '19', 'description', 'Description', 1, 2, '', 100, 1, 66, 1, 'V~O', 3, NULL, 'ADV', 1, NULL),
(22, 429, 'terms_conditions', 'vtiger_salesorder', 1, '19', 'terms_conditions', 'Terms & Conditions', 1, 2, '', 100, 1, 65, 1, 'V~O', 3, NULL, 'ADV', 1, NULL),
(22, 430, 'enable_recurring', 'vtiger_salesorder', 1, '56', 'enable_recurring', 'Enable Recurring', 1, 0, '', 100, 1, 85, 1, 'C~O', 3, NULL, 'BAS', 0, NULL),
(22, 431, 'recurring_frequency', 'vtiger_invoice_recurring_info', 1, '16', 'recurring_frequency', 'Frequency', 1, 0, '', 100, 2, 85, 1, 'V~O', 3, NULL, 'BAS', 0, NULL),
(22, 432, 'start_period', 'vtiger_invoice_recurring_info', 1, '5', 'start_period', 'Start Period', 1, 0, '', 100, 3, 85, 1, 'D~O', 3, NULL, 'BAS', 0, NULL),
(22, 433, 'end_period', 'vtiger_invoice_recurring_info', 1, '5', 'end_period', 'End Period', 1, 0, '', 100, 4, 85, 1, 'D~O~OTH~G~start_period~Start Period', 3, NULL, 'BAS', 0, NULL),
(22, 434, 'payment_duration', 'vtiger_invoice_recurring_info', 1, '16', 'payment_duration', 'Payment Duration', 1, 0, '', 100, 5, 85, 1, 'V~O', 3, NULL, 'BAS', 0, NULL),
(22, 435, 'invoice_status', 'vtiger_invoice_recurring_info', 1, '15', 'invoicestatus', 'Invoice Status', 1, 0, '', 100, 6, 85, 1, 'V~M', 3, NULL, 'BAS', 0, NULL),
(23, 436, 'subject', 'vtiger_invoice', 1, '2', 'subject', 'Subject', 1, 0, '', 100, 1, 67, 1, 'V~M', 3, NULL, 'BAS', 1, NULL),
(23, 437, 'salesorderid', 'vtiger_invoice', 1, '80', 'salesorder_id', 'Sales Order', 1, 2, '', 100, 2, 67, 1, 'I~O', 3, NULL, 'BAS', 0, NULL),
(23, 438, 'customerno', 'vtiger_invoice', 1, '1', 'customerno', 'Customer No', 1, 2, '', 100, 3, 67, 1, 'V~O', 3, NULL, 'BAS', 1, NULL),
(23, 439, 'contactid', 'vtiger_invoice', 1, '57', 'contact_id', 'Contact Name', 1, 2, '', 100, 4, 67, 1, 'I~O', 3, NULL, 'BAS', 1, NULL),
(23, 440, 'invoicedate', 'vtiger_invoice', 1, '5', 'invoicedate', 'Invoice Date', 1, 2, '', 100, 5, 67, 1, 'D~O', 3, NULL, 'BAS', 1, NULL),
(23, 441, 'duedate', 'vtiger_invoice', 1, '5', 'duedate', 'Due Date', 1, 2, '', 100, 6, 67, 1, 'D~O', 3, NULL, 'BAS', 1, NULL),
(23, 442, 'purchaseorder', 'vtiger_invoice', 1, '1', 'vtiger_purchaseorder', 'Purchase Order', 1, 2, '', 100, 8, 67, 1, 'V~O', 3, NULL, 'BAS', 1, NULL),
(23, 443, 'adjustment', 'vtiger_invoice', 1, '72', 'txtAdjustment', 'Adjustment', 1, 2, '', 100, 9, 67, 3, 'NN~O', 3, NULL, 'BAS', 1, NULL),
(23, 444, 'salescommission', 'vtiger_invoice', 1, '1', 'salescommission', 'Sales Commission', 1, 2, '', 10, 13, 67, 1, 'N~O', 3, NULL, 'BAS', 1, NULL),
(23, 445, 'exciseduty', 'vtiger_invoice', 1, '1', 'exciseduty', 'Excise Duty', 1, 2, '', 100, 11, 67, 1, 'N~O', 3, NULL, 'BAS', 1, NULL),
(23, 446, 'subtotal', 'vtiger_invoice', 1, '72', 'hdnSubTotal', 'Sub Total', 1, 2, '', 100, 12, 67, 3, 'N~O', 3, NULL, 'BAS', 1, NULL),
(23, 447, 'total', 'vtiger_invoice', 1, '72', 'hdnGrandTotal', 'Total', 1, 2, '', 100, 13, 67, 3, 'N~O', 3, NULL, 'BAS', 1, NULL),
(23, 448, 'taxtype', 'vtiger_invoice', 1, '16', 'hdnTaxType', 'Tax Type', 1, 2, '', 100, 13, 67, 3, 'V~O', 3, NULL, 'BAS', 1, NULL),
(23, 449, 'discount_percent', 'vtiger_invoice', 1, '1', 'hdnDiscountPercent', 'Discount Percent', 1, 2, '', 100, 13, 67, 3, 'N~O', 3, NULL, 'BAS', 1, NULL),
(23, 450, 'discount_amount', 'vtiger_invoice', 1, '72', 'hdnDiscountAmount', 'Discount Amount', 1, 2, '', 100, 13, 67, 3, 'N~O', 3, NULL, 'BAS', 1, NULL),
(23, 451, 's_h_amount', 'vtiger_invoice', 1, '72', 'hdnS_H_Amount', 'S&H Amount', 1, 2, '', 100, 14, 57, 3, 'N~O', 3, NULL, 'BAS', 1, NULL),
(23, 452, 'accountid', 'vtiger_invoice', 1, '73', 'account_id', 'Account Name', 1, 2, '', 100, 14, 67, 1, 'I~M', 3, NULL, 'BAS', 1, NULL),
(23, 453, 'invoicestatus', 'vtiger_invoice', 1, '15', 'invoicestatus', 'Status', 1, 2, '', 100, 15, 67, 1, 'V~O', 3, NULL, 'BAS', 1, NULL),
(23, 454, 'smownerid', 'vtiger_crmentity', 1, '53', 'assigned_user_id', 'Assigned To', 1, 0, '', 100, 16, 67, 1, 'V~M', 3, NULL, 'BAS', 1, NULL),
(23, 455, 'createdtime', 'vtiger_crmentity', 1, '70', 'createdtime', 'Created Time', 1, 0, '', 100, 17, 67, 2, 'DT~O', 3, NULL, 'BAS', 0, NULL),
(23, 456, 'modifiedtime', 'vtiger_crmentity', 1, '70', 'modifiedtime', 'Modified Time', 1, 0, '', 100, 18, 67, 2, 'DT~O', 3, NULL, 'BAS', 0, NULL),
(23, 457, 'modifiedby', 'vtiger_crmentity', 1, '52', 'modifiedby', 'Last Modified By', 1, 0, '', 100, 22, 67, 3, 'V~O', 3, NULL, 'BAS', 0, NULL),
(23, 458, 'currency_id', 'vtiger_invoice', 1, '117', 'currency_id', 'Currency', 1, 2, '1', 100, 19, 67, 3, 'I~O', 3, NULL, 'BAS', 1, NULL),
(23, 459, 'conversion_rate', 'vtiger_invoice', 1, '1', 'conversion_rate', 'Conversion Rate', 1, 2, '1', 100, 20, 67, 3, 'N~O', 3, NULL, 'BAS', 1, NULL),
(23, 460, 'bill_street', 'vtiger_invoicebillads', 1, '24', 'bill_street', 'Billing Address', 1, 2, '', 100, 1, 69, 1, 'V~M', 3, NULL, 'BAS', 1, NULL),
(23, 461, 'ship_street', 'vtiger_invoiceshipads', 1, '24', 'ship_street', 'Shipping Address', 1, 2, '', 100, 2, 69, 1, 'V~M', 3, NULL, 'BAS', 1, NULL),
(23, 462, 'bill_city', 'vtiger_invoicebillads', 1, '1', 'bill_city', 'Billing City', 1, 2, '', 100, 5, 69, 1, 'V~O', 3, NULL, 'BAS', 1, NULL),
(23, 463, 'ship_city', 'vtiger_invoiceshipads', 1, '1', 'ship_city', 'Shipping City', 1, 2, '', 100, 6, 69, 1, 'V~O', 3, NULL, 'BAS', 1, NULL),
(23, 464, 'bill_state', 'vtiger_invoicebillads', 1, '1', 'bill_state', 'Billing State', 1, 2, '', 100, 7, 69, 1, 'V~O', 3, NULL, 'BAS', 1, NULL),
(23, 465, 'ship_state', 'vtiger_invoiceshipads', 1, '1', 'ship_state', 'Shipping State', 1, 2, '', 100, 8, 69, 1, 'V~O', 3, NULL, 'BAS', 1, NULL),
(23, 466, 'bill_code', 'vtiger_invoicebillads', 1, '1', 'bill_code', 'Billing Code', 1, 2, '', 100, 9, 69, 1, 'V~O', 3, NULL, 'BAS', 1, NULL),
(23, 467, 'ship_code', 'vtiger_invoiceshipads', 1, '1', 'ship_code', 'Shipping Code', 1, 2, '', 100, 10, 69, 1, 'V~O', 3, NULL, 'BAS', 1, NULL),
(23, 468, 'bill_country', 'vtiger_invoicebillads', 1, '1', 'bill_country', 'Billing Country', 1, 2, '', 100, 11, 69, 1, 'V~O', 3, NULL, 'BAS', 1, NULL),
(23, 469, 'ship_country', 'vtiger_invoiceshipads', 1, '1', 'ship_country', 'Shipping Country', 1, 2, '', 100, 12, 69, 1, 'V~O', 3, NULL, 'BAS', 1, NULL),
(23, 470, 'bill_pobox', 'vtiger_invoicebillads', 1, '1', 'bill_pobox', 'Billing Po Box', 1, 2, '', 100, 3, 69, 1, 'V~O', 3, NULL, 'BAS', 1, NULL),
(23, 471, 'ship_pobox', 'vtiger_invoiceshipads', 1, '1', 'ship_pobox', 'Shipping Po Box', 1, 2, '', 100, 4, 69, 1, 'V~O', 3, NULL, 'BAS', 1, NULL),
(23, 472, 'description', 'vtiger_crmentity', 1, '19', 'description', 'Description', 1, 2, '', 100, 1, 72, 1, 'V~O', 3, NULL, 'ADV', 1, NULL),
(23, 473, 'terms_conditions', 'vtiger_invoice', 1, '19', 'terms_conditions', 'Terms & Conditions', 1, 2, '', 100, 1, 71, 1, 'V~O', 3, NULL, 'ADV', 1, NULL),
(23, 474, 'invoice_no', 'vtiger_invoice', 1, '4', 'invoice_no', 'Invoice No', 1, 0, '', 100, 3, 67, 1, 'V~O', 3, NULL, 'BAS', 0, NULL),
(29, 475, 'user_name', 'vtiger_users', 1, '106', 'user_name', 'User Name', 1, 0, '', 11, 1, 77, 1, 'V~M', 1, NULL, 'BAS', 1, NULL),
(29, 476, 'is_admin', 'vtiger_users', 1, '156', 'is_admin', 'Admin', 1, 0, '', 3, 2, 77, 1, 'V~O', 1, NULL, 'BAS', 1, NULL),
(29, 477, 'user_password', 'vtiger_users', 1, '99', 'user_password', 'Password', 1, 0, '', 30, 3, 77, 4, 'P~M', 1, NULL, 'BAS', 1, NULL),
(29, 478, 'confirm_password', 'vtiger_users', 1, '99', 'confirm_password', 'Confirm Password', 1, 0, '', 30, 5, 77, 4, 'P~M', 1, NULL, 'BAS', 1, NULL),
(29, 479, 'first_name', 'vtiger_users', 1, '1', 'first_name', 'First Name', 1, 0, '', 30, 7, 77, 1, 'V~O', 1, NULL, 'BAS', 1, NULL),
(29, 480, 'last_name', 'vtiger_users', 1, '2', 'last_name', 'Last Name', 1, 0, '', 30, 9, 77, 1, 'V~M', 1, NULL, 'BAS', 1, NULL),
(29, 481, 'roleid', 'vtiger_user2role', 1, '98', 'roleid', 'Role', 1, 0, '', 200, 11, 77, 1, 'V~M', 1, NULL, 'BAS', 1, NULL),
(29, 482, 'email1', 'vtiger_users', 1, '104', 'email1', 'Email', 1, 0, '', 100, 4, 77, 1, 'E~M', 1, NULL, 'BAS', 1, NULL),
(29, 483, 'status', 'vtiger_users', 1, '115', 'status', 'Status', 1, 0, '', 100, 6, 77, 1, 'V~O', 1, NULL, 'BAS', 1, NULL),
(29, 484, 'activity_view', 'vtiger_users', 1, '16', 'activity_view', 'Default Activity View', 1, 0, '', 100, 12, 77, 1, 'V~O', 1, NULL, 'BAS', 1, NULL),
(29, 485, 'lead_view', 'vtiger_users', 1, '16', 'lead_view', 'Default Lead View', 1, 0, '', 100, 10, 77, 1, 'V~O', 1, NULL, 'BAS', 1, NULL),
(29, 486, 'hour_format', 'vtiger_users', 1, '116', 'hour_format', 'Calendar Hour Format', 1, 0, '', 100, 13, 77, 3, 'V~O', 1, NULL, 'BAS', 1, NULL),
(29, 487, 'end_hour', 'vtiger_users', 1, '116', 'end_hour', 'Day ends at', 1, 0, '', 100, 15, 77, 3, 'V~O', 1, NULL, 'BAS', 1, NULL),
(29, 488, 'start_hour', 'vtiger_users', 1, '116', 'start_hour', 'Day starts at', 1, 0, '', 100, 14, 77, 3, 'V~O', 1, NULL, 'BAS', 1, NULL),
(29, 489, 'title', 'vtiger_users', 1, '1', 'title', 'Title', 1, 0, '', 50, 1, 79, 1, 'V~O', 1, NULL, 'BAS', 1, NULL),
(29, 490, 'phone_work', 'vtiger_users', 1, '11', 'phone_work', 'Office Phone', 1, 0, '', 50, 5, 79, 1, 'V~O', 1, NULL, 'BAS', 1, NULL),
(29, 491, 'department', 'vtiger_users', 1, '1', 'department', 'Department', 1, 0, '', 50, 3, 79, 1, 'V~O', 1, NULL, 'BAS', 1, NULL),
(29, 492, 'phone_mobile', 'vtiger_users', 1, '11', 'phone_mobile', 'Mobile', 1, 0, '', 50, 7, 79, 1, 'V~O', 1, NULL, 'BAS', 1, NULL),
(29, 493, 'reports_to_id', 'vtiger_users', 1, '101', 'reports_to_id', 'Reports To', 1, 0, '', 50, 8, 79, 1, 'V~O', 1, NULL, 'BAS', 1, NULL),
(29, 494, 'phone_other', 'vtiger_users', 1, '11', 'phone_other', 'Other Phone', 1, 0, '', 50, 11, 79, 1, 'V~O', 1, NULL, 'BAS', 1, NULL),
(29, 495, 'email2', 'vtiger_users', 1, '13', 'email2', 'Other Email', 1, 0, '', 100, 4, 79, 1, 'E~O', 1, NULL, 'BAS', 1, NULL),
(29, 496, 'phone_fax', 'vtiger_users', 1, '11', 'phone_fax', 'Fax', 1, 0, '', 50, 2, 79, 1, 'V~O', 1, NULL, 'BAS', 1, NULL),
(29, 497, 'secondaryemail', 'vtiger_users', 1, '13', 'secondaryemail', 'Secondary Email', 1, 0, '', 100, 6, 79, 1, 'E~O', 1, NULL, 'BAS', 1, NULL),
(29, 498, 'phone_home', 'vtiger_users', 1, '11', 'phone_home', 'Home Phone', 1, 0, '', 50, 9, 79, 1, 'V~O', 1, NULL, 'BAS', 1, NULL),
(29, 499, 'date_format', 'vtiger_users', 1, '16', 'date_format', 'Date Format', 1, 0, 'yyyy-mm-dd', 30, 12, 79, 1, 'V~O', 1, NULL, 'BAS', 1, NULL),
(29, 500, 'signature', 'vtiger_users', 1, '21', 'signature', 'Signature', 1, 0, '', 250, 13, 79, 1, 'V~O', 1, NULL, 'BAS', 1, NULL),
(29, 501, 'description', 'vtiger_users', 1, '21', 'description', 'Documents', 1, 0, '', 250, 14, 79, 1, 'V~O', 1, NULL, 'BAS', 1, NULL),
(29, 502, 'address_street', 'vtiger_users', 1, '21', 'address_street', 'Street Address', 1, 0, '', 250, 1, 80, 1, 'V~O', 1, NULL, 'BAS', 1, NULL),
(29, 503, 'address_city', 'vtiger_users', 1, '1', 'address_city', 'City', 1, 0, '', 100, 3, 80, 1, 'V~O', 1, NULL, 'BAS', 1, NULL),
(29, 504, 'address_state', 'vtiger_users', 1, '1', 'address_state', 'State', 1, 0, '', 100, 5, 80, 1, 'V~O', 1, NULL, 'BAS', 1, NULL),
(29, 505, 'address_postalcode', 'vtiger_users', 1, '1', 'address_postalcode', 'Postal Code', 1, 0, '', 100, 4, 80, 1, 'V~O', 1, NULL, 'BAS', 1, NULL),
(29, 506, 'address_country', 'vtiger_users', 1, '1', 'address_country', 'Country', 1, 0, '', 100, 2, 80, 1, 'V~O', 1, NULL, 'BAS', 1, NULL),
(29, 507, 'accesskey', 'vtiger_users', 1, '3', 'accesskey', 'Webservice Access Key', 1, 0, '', 100, 2, 83, 2, 'V~O', 1, NULL, 'BAS', 1, NULL),
(29, 508, 'time_zone', 'vtiger_users', 1, '16', 'time_zone', 'Time Zone', 1, 0, '', 200, 15, 79, 1, 'V~O', 1, NULL, 'BAS', 1, NULL),
(29, 509, 'currency_id', 'vtiger_users', 1, '117', 'currency_id', 'Currency', 1, 0, '', 100, 1, 78, 1, 'I~O', 1, NULL, 'BAS', 1, NULL),
(29, 510, 'currency_grouping_pattern', 'vtiger_users', 1, '16', 'currency_grouping_pattern', 'Digit Grouping Pattern', 1, 0, '', 100, 2, 78, 1, 'V~O', 1, NULL, 'BAS', 1, '<b>Currency - Digit Grouping Pattern</b> <br/><br/>This pattern specifies the format in which the currency separator will be placed.'),
(29, 511, 'currency_decimal_separator', 'vtiger_users', 1, '16', 'currency_decimal_separator', 'Decimal Separator', 1, 0, '', 2, 3, 78, 1, 'V~O', 1, NULL, 'BAS', 1, '<b>Currency - Decimal Separator</b> <br/><br/>Decimal separator specifies the separator to be used to separate the fractional values from the whole number part. <br/><b>Eg:</b> <br/>. => 123.45 <br/>, => 123,45 <br/>'' => 123''45 <br/>  => 123 45 <br/>$ => 123$45 <br/>'),
(29, 512, 'currency_grouping_separator', 'vtiger_users', 1, '16', 'currency_grouping_separator', 'Digit Grouping Separator', 1, 0, '', 2, 4, 78, 1, 'V~O', 1, NULL, 'BAS', 1, '<b>Currency - Grouping Separator</b> <br/><br/>Grouping separator specifies the separator to be used to group the whole number part into hundreds, thousands etc. <br/><b>Eg:</b> <br/>. => 123.456.789 <br/>, => 123,456,789 <br/>'' => 123''456''789 <br/>  => 123 456 789 <br/>$ => 123$456$789 <br/>'),
(29, 513, 'currency_symbol_placement', 'vtiger_users', 1, '16', 'currency_symbol_placement', 'Symbol Placement', 1, 0, '', 20, 5, 78, 1, 'V~O', 1, NULL, 'BAS', 1, '<b>Currency - Symbol Placement</b> <br/><br/>Symbol Placement allows you to configure the position of the currency symbol with respect to the currency value.<br/><b>Eg:</b> <br/>$1.0 => $123,456,789.50 <br/>1.0$ => 123,456,789.50$ <br/>'),
(29, 514, 'imagename', 'vtiger_users', 1, '105', 'imagename', 'User Image', 1, 0, '', 250, 10, 82, 1, 'V~O', 1, NULL, 'BAS', 1, NULL),
(29, 515, 'internal_mailer', 'vtiger_users', 1, '56', 'internal_mailer', 'INTERNAL_MAIL_COMPOSER', 1, 0, '', 50, 15, 79, 1, 'V~O', 1, NULL, 'BAS', 1, NULL),
(29, 516, 'theme', 'vtiger_users', 1, '31', 'theme', 'Theme', 1, 0, '', 100, 16, 79, 1, 'V~O', 1, NULL, 'BAS', 1, NULL),
(29, 517, 'language', 'vtiger_users', 1, '32', 'language', 'Language', 1, 0, '', 100, 17, 79, 1, 'V~O', 1, NULL, 'BAS', 1, NULL),
(29, 518, 'reminder_interval', 'vtiger_users', 1, '16', 'reminder_interval', 'Reminder Interval', 1, 0, '', 100, 1, 83, 1, 'V~O', 1, NULL, 'BAS', 1, NULL),
(10, 519, 'from_email', 'vtiger_emaildetails', 1, '12', 'from_email', 'From', 1, 2, '', 100, 1, 21, 3, 'V~M', 3, NULL, 'BAS', 0, NULL),
(10, 520, 'to_email', 'vtiger_emaildetails', 1, '8', 'saved_toid', 'To', 1, 2, '', 100, 2, 21, 1, 'V~M', 3, NULL, 'BAS', 0, NULL),
(10, 521, 'cc_email', 'vtiger_emaildetails', 1, '8', 'ccmail', 'CC', 1, 2, '', 1000, 3, 21, 1, 'V~O', 3, NULL, 'BAS', 0, NULL),
(10, 522, 'bcc_email', 'vtiger_emaildetails', 1, '8', 'bccmail', 'BCC', 1, 2, '', 1000, 4, 21, 1, 'V~O', 3, NULL, 'BAS', 0, NULL),
(10, 523, 'idlists', 'vtiger_emaildetails', 1, '357', 'parent_id', 'Parent ID', 1, 2, '', 1000, 5, 21, 1, 'V~O', 3, NULL, 'BAS', 0, NULL),
(10, 524, 'email_flag', 'vtiger_emaildetails', 1, '16', 'email_flag', 'Email Flag', 1, 2, '', 1000, 6, 21, 3, 'V~O', 3, NULL, 'BAS', 0, NULL),
(36, 525, 'callfrom', 'vtiger_pbxmanager', 1, '2', 'callfrom', 'Call From', 1, 0, '', 100, 1, 88, 1, 'V~M', 1, NULL, 'BAS', 1, ''),
(36, 526, 'callto', 'vtiger_pbxmanager', 1, '2', 'callto', 'Call To', 1, 0, '', 100, 2, 88, 1, 'V~M', 1, NULL, 'BAS', 1, ''),
(36, 527, 'timeofcall', 'vtiger_pbxmanager', 1, '2', 'timeofcall', 'Time Of Call', 1, 0, '', 100, 3, 88, 1, 'V~O', 1, NULL, 'BAS', 1, ''),
(36, 528, 'status', 'vtiger_pbxmanager', 1, '2', 'status', 'Status', 1, 0, '', 100, 4, 88, 1, 'V~O', 1, NULL, 'BAS', 1, ''),
(29, 529, 'asterisk_extension', 'vtiger_asteriskextensions', 1, '1', 'asterisk_extension', 'Asterisk Extension', 1, 0, '0', 30, 1, 90, 1, 'V~O', 1, NULL, 'BAS', 1, NULL),
(29, 530, 'use_asterisk', 'vtiger_asteriskextensions', 1, '56', 'use_asterisk', ' Receive Incoming Calls', 1, 0, '0', 30, 2, 90, 1, 'C~O', 1, NULL, 'BAS', 1, NULL),
(37, 531, 'smownerid', 'vtiger_crmentity', 1, '53', 'assigned_user_id', 'Assigned To', 1, 2, '', 100, 4, 91, 1, 'V~M', 2, 2, 'BAS', 1, ''),
(37, 532, 'createdtime', 'vtiger_crmentity', 1, '70', 'createdtime', 'Created Time', 1, 0, '', 100, 17, 91, 2, 'V~O', 3, 0, 'BAS', 0, ''),
(37, 533, 'modifiedtime', 'vtiger_crmentity', 1, '70', 'modifiedtime', 'Modified Time', 1, 0, '', 100, 18, 91, 2, 'V~O', 3, 0, 'BAS', 0, ''),
(37, 534, 'start_date', 'vtiger_servicecontracts', 1, '5', 'start_date', 'Start Date', 1, 2, '', 100, 7, 91, 1, 'D~O', 2, 4, 'BAS', 1, ''),
(37, 535, 'end_date', 'vtiger_servicecontracts', 1, '5', 'end_date', 'End Date', 1, 2, '', 100, 11, 91, 2, 'D~O', 3, 0, 'BAS', 0, ''),
(37, 536, 'sc_related_to', 'vtiger_servicecontracts', 1, '10', 'sc_related_to', 'Related to', 1, 2, '', 100, 3, 91, 1, 'V~O', 2, 6, 'BAS', 1, ''),
(37, 537, 'tracking_unit', 'vtiger_servicecontracts', 1, '15', 'tracking_unit', 'Tracking Unit', 1, 2, '', 100, 6, 91, 1, 'V~O', 2, 7, 'BAS', 1, ''),
(37, 538, 'total_units', 'vtiger_servicecontracts', 1, '7', 'total_units', 'Total Units', 1, 2, '', 100, 8, 91, 1, 'V~O', 2, 8, 'BAS', 1, ''),
(37, 539, 'used_units', 'vtiger_servicecontracts', 1, '7', 'used_units', 'Used Units', 1, 2, '', 100, 10, 91, 1, 'V~O', 2, 9, 'BAS', 1, ''),
(37, 540, 'subject', 'vtiger_servicecontracts', 1, '1', 'subject', 'Subject', 1, 0, '', 100, 1, 91, 1, 'V~M', 0, 1, 'BAS', 1, ''),
(37, 541, 'due_date', 'vtiger_servicecontracts', 1, '23', 'due_date', 'Due date', 1, 2, '', 100, 9, 91, 1, 'D~O', 2, 5, 'BAS', 1, ''),
(37, 542, 'planned_duration', 'vtiger_servicecontracts', 1, '1', 'planned_duration', 'Planned Duration', 1, 2, '', 100, 13, 91, 2, 'V~O', 3, 0, 'BAS', 0, ''),
(37, 543, 'actual_duration', 'vtiger_servicecontracts', 1, '1', 'actual_duration', 'Actual Duration', 1, 2, '', 100, 15, 91, 2, 'V~O', 3, 0, 'BAS', 0, ''),
(37, 544, 'contract_status', 'vtiger_servicecontracts', 1, '15', 'contract_status', 'Status', 1, 2, '', 100, 12, 91, 1, 'V~O', 1, NULL, 'BAS', 1, ''),
(37, 545, 'priority', 'vtiger_servicecontracts', 1, '15', 'contract_priority', 'Priority', 1, 2, '', 100, 14, 91, 1, 'V~O', 1, NULL, 'BAS', 1, ''),
(37, 546, 'contract_type', 'vtiger_servicecontracts', 1, '15', 'contract_type', 'Type', 1, 2, '', 100, 5, 91, 1, 'V~O', 1, NULL, 'BAS', 1, ''),
(37, 547, 'progress', 'vtiger_servicecontracts', 1, '9', 'progress', 'Progress', 1, 2, '', 100, 16, 91, 2, 'N~O~2~2', 3, 3, 'BAS', 0, ''),
(37, 548, 'contract_no', 'vtiger_servicecontracts', 1, '4', 'contract_no', 'Contract No', 1, 0, '', 100, 2, 91, 1, 'V~O', 3, 0, 'BAS', 0, ''),
(37, 549, 'modifiedby', 'vtiger_crmentity', 1, '52', 'modifiedby', 'Last Modified By', 1, 0, '', 100, 17, 91, 3, 'V~O', 3, 0, 'BAS', 0, ''),
(38, 550, 'servicename', 'vtiger_service', 1, '2', 'servicename', 'Service Name', 1, 0, '', 100, 1, 93, 1, 'V~M', 0, 1, 'BAS', 1, ''),
(38, 551, 'service_no', 'vtiger_service', 1, '4', 'service_no', 'Service No', 1, 0, '', 100, 2, 93, 1, 'V~O', 3, 0, 'BAS', 0, ''),
(38, 552, 'discontinued', 'vtiger_service', 1, '56', 'discontinued', 'Service Active', 1, 2, '', 100, 4, 93, 1, 'V~O', 2, 3, 'BAS', 1, ''),
(38, 553, 'sales_start_date', 'vtiger_service', 1, '5', 'sales_start_date', 'Sales Start Date', 1, 2, '', 100, 9, 93, 1, 'D~O', 1, NULL, 'BAS', 1, ''),
(38, 554, 'sales_end_date', 'vtiger_service', 1, '5', 'sales_end_date', 'Sales End Date', 1, 2, '', 100, 10, 93, 1, 'D~O~OTH~GE~sales_start_date~Sales Start Date', 1, NULL, 'BAS', 1, ''),
(38, 555, 'start_date', 'vtiger_service', 1, '5', 'start_date', 'Support Start Date', 1, 2, '', 100, 11, 93, 1, 'D~O', 1, NULL, 'BAS', 1, ''),
(38, 556, 'expiry_date', 'vtiger_service', 1, '5', 'expiry_date', 'Support Expiry Date', 1, 2, '', 100, 12, 93, 1, 'D~O~OTH~GE~start_date~Start Date', 1, NULL, 'BAS', 1, ''),
(38, 557, 'website', 'vtiger_service', 1, '17', 'website', 'Website', 1, 2, '', 100, 6, 93, 1, 'V~O', 1, NULL, 'BAS', 1, ''),
(38, 558, 'createdtime', 'vtiger_crmentity', 1, '70', 'createdtime', 'Created Time', 1, 0, '', 100, 13, 93, 2, 'T~O', 3, 0, 'BAS', 0, ''),
(38, 559, 'modifiedtime', 'vtiger_crmentity', 1, '70', 'modifiedtime', 'Modified Time', 1, 0, '', 100, 14, 93, 2, 'T~O', 3, 0, 'BAS', 0, ''),
(38, 560, 'modifiedby', 'vtiger_crmentity', 1, '52', 'modifiedby', 'Last Modified By', 1, 0, '', 100, 16, 93, 3, 'V~O', 3, 0, 'BAS', 0, ''),
(38, 561, 'service_usageunit', 'vtiger_service', 1, '15', 'service_usageunit', 'Usage Unit', 1, 2, '', 100, 3, 93, 1, 'V~O', 1, NULL, 'BAS', 1, ''),
(38, 562, 'qty_per_unit', 'vtiger_service', 1, '1', 'qty_per_unit', 'No of Units', 1, 2, '', 100, 5, 93, 1, 'N~O', 1, NULL, 'BAS', 1, ''),
(38, 563, 'smownerid', 'vtiger_crmentity', 1, '53', 'assigned_user_id', 'Owner', 1, 0, '', 100, 8, 93, 1, 'I~O', 1, NULL, 'BAS', 1, ''),
(38, 564, 'servicecategory', 'vtiger_service', 1, '15', 'servicecategory', 'Service Category', 1, 2, '', 100, 7, 93, 1, 'V~O', 1, NULL, 'BAS', 1, ''),
(38, 565, 'unit_price', 'vtiger_service', 1, '72', 'unit_price', 'Price', 1, 2, '', 100, 1, 94, 1, 'N~O', 2, 2, 'BAS', 0, ''),
(38, 566, 'taxclass', 'vtiger_service', 1, '83', 'taxclass', 'Tax Class', 1, 2, '', 100, 4, 94, 1, 'V~O', 1, NULL, 'BAS', 1, ''),
(38, 567, 'commissionrate', 'vtiger_service', 1, '9', 'commissionrate', 'Commission Rate', 1, 2, '', 100, 2, 94, 1, 'N~O', 1, NULL, 'BAS', 1, ''),
(38, 568, 'description', 'vtiger_crmentity', 1, '19', 'description', 'Description', 1, 2, '', 100, 1, 96, 1, 'V~O', 1, NULL, 'BAS', 1, ''),
(41, 569, 'asset_no', 'vtiger_assets', 1, '4', 'asset_no', 'Asset No', 1, 0, '', 100, 2, 97, 1, 'V~O', 3, 0, 'BAS', 0, ''),
(41, 570, 'product', 'vtiger_assets', 1, '10', 'product', 'Product Name', 1, 2, '', 100, 3, 97, 1, 'V~M', 0, 3, 'BAS', 1, ''),
(41, 571, 'serialnumber', 'vtiger_assets', 1, '2', 'serialnumber', 'Serial Number', 1, 2, '', 100, 4, 97, 1, 'V~M', 0, 5, 'BAS', 1, ''),
(41, 572, 'datesold', 'vtiger_assets', 1, '5', 'datesold', 'Date Sold', 1, 2, '', 100, 5, 97, 1, 'D~M~OTH~GE~datesold~Date Sold', 0, 0, 'BAS', 1, ''),
(41, 573, 'dateinservice', 'vtiger_assets', 1, '5', 'dateinservice', 'Date in Service', 1, 2, '', 100, 6, 97, 1, 'D~M~OTH~GE~dateinservice~Date in Service', 0, 4, 'BAS', 1, ''),
(41, 574, 'assetstatus', 'vtiger_assets', 1, '15', 'assetstatus', 'Status', 1, 2, '', 100, 7, 97, 1, 'V~M', 0, 0, 'BAS', 1, ''),
(41, 575, 'tagnumber', 'vtiger_assets', 1, '2', 'tagnumber', 'Tag Number', 1, 2, '', 100, 8, 97, 1, 'V~O', 1, NULL, 'BAS', 1, ''),
(41, 576, 'invoiceid', 'vtiger_assets', 1, '10', 'invoiceid', 'Invoice Name', 1, 2, '', 100, 9, 97, 1, 'V~O', 1, NULL, 'BAS', 1, ''),
(41, 577, 'shippingmethod', 'vtiger_assets', 1, '2', 'shippingmethod', 'Shipping Method', 1, 2, '', 100, 10, 97, 1, 'V~O', 1, NULL, 'BAS', 1, ''),
(41, 578, 'shippingtrackingnumber', 'vtiger_assets', 1, '2', 'shippingtrackingnumber', 'Shipping Tracking Number', 1, 2, '', 100, 11, 97, 1, 'V~O', 1, NULL, 'BAS', 1, ''),
(41, 579, 'smownerid', 'vtiger_crmentity', 1, '53', 'assigned_user_id', 'Assigned To', 1, 2, '', 100, 4, 97, 1, 'V~M', 0, 2, 'BAS', 1, ''),
(41, 580, 'assetname', 'vtiger_assets', 1, '1', 'assetname', 'Asset Name', 1, 0, '', 100, 12, 97, 1, 'V~M', 0, 6, 'BAS', 1, ''),
(41, 581, 'account', 'vtiger_assets', 1, '10', 'account', 'Customer Name', 1, 2, '', 100, 13, 97, 1, 'V~M', 0, 0, 'BAS', 1, ''),
(41, 582, 'createdtime', 'vtiger_crmentity', 1, '70', 'createdtime', 'Created Time', 1, 0, '', 100, 14, 97, 2, 'T~O', 3, 0, 'BAS', 0, ''),
(41, 583, 'modifiedtime', 'vtiger_crmentity', 1, '70', 'modifiedtime', 'Modified Time', 1, 0, '', 100, 15, 97, 2, 'T~O', 3, 0, 'BAS', 0, ''),
(41, 584, 'modifiedby', 'vtiger_crmentity', 1, '52', 'modifiedby', 'Last Modified By', 1, 0, '', 100, 16, 97, 3, 'V~O', 3, 0, 'BAS', 0, ''),
(41, 585, 'description', 'vtiger_crmentity', 1, '19', 'description', 'Notes', 1, 2, '', 100, 1, 99, 1, 'V~O', 1, NULL, 'BAS', 1, ''),
(45, 586, 'commentcontent', 'vtiger_modcomments', 1, '19', 'commentcontent', 'Comment', 1, 0, '', 100, 4, 100, 1, 'V~M', 0, 4, 'BAS', 2, ''),
(45, 587, 'smownerid', 'vtiger_crmentity', 1, '53', 'assigned_user_id', 'Assigned To', 1, 0, '', 100, 1, 101, 1, 'V~M', 0, 1, 'BAS', 2, ''),
(45, 588, 'createdtime', 'vtiger_crmentity', 1, '70', 'createdtime', 'Created Time', 1, 0, '', 100, 5, 101, 2, 'T~O', 0, 2, 'BAS', 0, ''),
(45, 589, 'modifiedtime', 'vtiger_crmentity', 1, '70', 'modifiedtime', 'Modified Time', 1, 0, '', 100, 6, 101, 2, 'T~O', 0, 3, 'BAS', 0, ''),
(45, 590, 'related_to', 'vtiger_modcomments', 1, '10', 'related_to', 'Related To', 1, 2, '', 100, 2, 101, 1, 'V~M', 2, 5, 'BAS', 2, ''),
(45, 591, 'smcreatorid', 'vtiger_crmentity', 1, '52', 'creator', 'Creator', 1, 2, '', 100, 4, 101, 2, 'V~O', 1, NULL, 'BAS', 1, ''),
(45, 592, 'parent_comments', 'vtiger_modcomments', 1, '10', 'parent_comments', 'Related To Comments', 1, 2, '', 100, 7, 101, 1, 'V~O', 1, NULL, 'BAS', 1, ''),
(46, 593, 'projectmilestonename', 'vtiger_projectmilestone', 1, '2', 'projectmilestonename', 'Project Milestone Name', 1, 2, '', 100, 1, 103, 1, 'V~M', 0, 1, 'BAS', 1, ''),
(46, 594, 'projectmilestonedate', 'vtiger_projectmilestone', 1, '5', 'projectmilestonedate', 'Milestone Date', 1, 2, '', 100, 5, 103, 1, 'D~O', 0, 3, 'BAS', 1, ''),
(46, 595, 'projectid', 'vtiger_projectmilestone', 1, '10', 'projectid', 'Related to', 1, 0, '', 100, 4, 103, 1, 'V~M', 0, 4, 'BAS', 1, ''),
(46, 596, 'projectmilestonetype', 'vtiger_projectmilestone', 1, '15', 'projectmilestonetype', 'Type', 1, 2, '', 100, 7, 103, 1, 'V~O', 1, NULL, 'BAS', 1, ''),
(46, 597, 'smownerid', 'vtiger_crmentity', 1, '53', 'assigned_user_id', 'Assigned To', 1, 2, '', 100, 6, 103, 1, 'V~M', 0, 2, 'BAS', 1, ''),
(46, 598, 'projectmilestone_no', 'vtiger_projectmilestone', 2, '4', 'projectmilestone_no', 'Project Milestone No', 1, 0, '', 100, 2, 103, 1, 'V~O', 3, 4, 'BAS', 0, ''),
(46, 599, 'createdtime', 'vtiger_crmentity', 1, '70', 'createdtime', 'Created Time', 1, 2, '', 100, 1, 104, 2, 'T~O', 1, NULL, 'BAS', 1, ''),
(46, 600, 'modifiedtime', 'vtiger_crmentity', 1, '70', 'modifiedtime', 'Modified Time', 1, 2, '', 100, 2, 104, 2, 'T~O', 1, NULL, 'BAS', 1, ''),
(46, 601, 'modifiedby', 'vtiger_crmentity', 1, '52', 'modifiedby', 'Last Modified By', 1, 0, '', 100, 3, 104, 3, 'V~O', 3, 0, 'BAS', 0, ''),
(46, 602, 'description', 'vtiger_crmentity', 1, '19', 'description', 'description', 1, 2, '', 100, 1, 105, 1, 'V~O', 1, NULL, 'BAS', 1, ''),
(47, 603, 'projecttaskname', 'vtiger_projecttask', 1, '2', 'projecttaskname', 'Project Task Name', 1, 2, '', 100, 1, 106, 1, 'V~M', 0, 1, 'BAS', 1, ''),
(47, 604, 'projecttasktype', 'vtiger_projecttask', 1, '15', 'projecttasktype', 'Type', 1, 2, '', 100, 4, 106, 1, 'V~O', 1, NULL, 'BAS', 1, ''),
(47, 605, 'projecttaskpriority', 'vtiger_projecttask', 1, '15', 'projecttaskpriority', 'Priority', 1, 2, '', 100, 3, 106, 1, 'V~O', 1, NULL, 'BAS', 1, ''),
(47, 606, 'projectid', 'vtiger_projecttask', 1, '10', 'projectid', 'Related to', 1, 0, '', 100, 6, 106, 1, 'V~M', 0, 5, 'BAS', 1, ''),
(47, 607, 'smownerid', 'vtiger_crmentity', 1, '53', 'assigned_user_id', 'Assigned To', 1, 2, '', 100, 7, 106, 1, 'V~M', 0, 2, 'BAS', 1, ''),
(47, 608, 'projecttasknumber', 'vtiger_projecttask', 1, '7', 'projecttasknumber', 'Project Task Number', 1, 2, '', 100, 5, 106, 1, 'I~O', 1, NULL, 'BAS', 1, ''),
(47, 609, 'projecttask_no', 'vtiger_projecttask', 2, '4', 'projecttask_no', 'Project Task No', 1, 0, '', 100, 2, 106, 1, 'V~O', 3, 4, 'BAS', 0, ''),
(47, 610, 'projecttaskprogress', 'vtiger_projecttask', 1, '15', 'projecttaskprogress', 'Progress', 1, 2, '', 100, 1, 107, 1, 'V~O', 1, NULL, 'BAS', 1, ''),
(47, 611, 'projecttaskhours', 'vtiger_projecttask', 1, '7', 'projecttaskhours', 'Worked Hours', 1, 2, '', 100, 2, 107, 1, 'V~O', 1, NULL, 'BAS', 1, ''),
(47, 612, 'startdate', 'vtiger_projecttask', 1, '5', 'startdate', 'Start Date', 1, 2, '', 100, 3, 107, 1, 'D~O', 0, 3, 'BAS', 1, ''),
(47, 613, 'enddate', 'vtiger_projecttask', 1, '5', 'enddate', 'End Date', 1, 2, '', 100, 4, 107, 1, 'D~O~OTH~GE~startdate~Start Date', 1, NULL, 'BAS', 1, ''),
(47, 614, 'createdtime', 'vtiger_crmentity', 1, '70', 'createdtime', 'Created Time', 1, 2, '', 100, 5, 107, 2, 'T~O', 1, NULL, 'BAS', 1, ''),
(47, 615, 'modifiedtime', 'vtiger_crmentity', 1, '70', 'modifiedtime', 'Modified Time', 1, 2, '', 100, 6, 107, 2, 'T~O', 1, NULL, 'BAS', 1, ''),
(47, 616, 'modifiedby', 'vtiger_crmentity', 1, '52', 'modifiedby', 'Last Modified By', 1, 0, '', 100, 7, 107, 3, 'V~O', 3, 0, 'BAS', 0, ''),
(47, 617, 'description', 'vtiger_crmentity', 1, '19', 'description', 'description', 1, 2, '', 100, 1, 108, 1, 'V~O', 1, NULL, 'BAS', 1, ''),
(48, 618, 'projectname', 'vtiger_project', 1, '2', 'projectname', 'Project Name', 1, 2, '', 100, 1, 109, 1, 'V~M', 0, 1, 'BAS', 1, ''),
(48, 619, 'startdate', 'vtiger_project', 1, '23', 'startdate', 'Start Date', 1, 2, '', 100, 3, 109, 1, 'D~O', 0, 3, 'BAS', 1, ''),
(48, 620, 'targetenddate', 'vtiger_project', 1, '23', 'targetenddate', 'Target End Date', 1, 2, '', 100, 5, 109, 1, 'D~O~OTH~GE~startdate~Start Date', 0, 4, 'BAS', 1, ''),
(48, 621, 'actualenddate', 'vtiger_project', 1, '23', 'actualenddate', 'Actual End Date', 1, 2, '', 100, 6, 109, 1, 'D~O~OTH~GE~startdate~Start Date', 1, NULL, 'BAS', 1, ''),
(48, 622, 'projectstatus', 'vtiger_project', 1, '15', 'projectstatus', 'Status', 1, 2, '', 100, 7, 109, 1, 'V~O', 1, NULL, 'BAS', 1, ''),
(48, 623, 'projecttype', 'vtiger_project', 1, '15', 'projecttype', 'Type', 1, 2, '', 100, 8, 109, 1, 'V~O', 1, NULL, 'BAS', 1, ''),
(48, 624, 'linktoaccountscontacts', 'vtiger_project', 1, '10', 'linktoaccountscontacts', 'Related to', 1, 2, '', 100, 9, 109, 1, 'V~O', 1, NULL, 'BAS', 1, ''),
(48, 625, 'smownerid', 'vtiger_crmentity', 1, '53', 'assigned_user_id', 'Assigned To', 1, 2, '', 100, 4, 109, 1, 'V~M', 0, 2, 'BAS', 1, ''),
(48, 626, 'project_no', 'vtiger_project', 2, '4', 'project_no', 'Project No', 1, 0, '', 100, 2, 109, 1, 'V~O', 3, 0, 'BAS', 0, ''),
(48, 627, 'targetbudget', 'vtiger_project', 1, '7', 'targetbudget', 'Target Budget', 1, 2, '', 100, 1, 110, 1, 'V~O', 1, NULL, 'BAS', 1, ''),
(48, 628, 'projecturl', 'vtiger_project', 1, '17', 'projecturl', 'Project Url', 1, 2, '', 100, 2, 110, 1, 'V~O', 1, NULL, 'BAS', 1, ''),
(48, 629, 'projectpriority', 'vtiger_project', 1, '15', 'projectpriority', 'Priority', 1, 2, '', 100, 3, 110, 1, 'V~O', 1, NULL, 'BAS', 1, ''),
(48, 630, 'progress', 'vtiger_project', 1, '15', 'progress', 'Progress', 1, 2, '', 100, 4, 110, 1, 'V~O', 1, NULL, 'BAS', 1, ''),
(48, 631, 'createdtime', 'vtiger_crmentity', 1, '70', 'createdtime', 'Created Time', 1, 2, '', 100, 5, 110, 2, 'T~O', 1, NULL, 'BAS', 1, ''),
(48, 632, 'modifiedtime', 'vtiger_crmentity', 1, '70', 'modifiedtime', 'Modified Time', 1, 2, '', 100, 6, 110, 2, 'T~O', 1, NULL, 'BAS', 1, ''),
(48, 633, 'modifiedby', 'vtiger_crmentity', 1, '52', 'modifiedby', 'Last Modified By', 1, 0, '', 100, 7, 110, 3, 'V~O', 3, 0, 'BAS', 0, ''),
(48, 634, 'description', 'vtiger_crmentity', 1, '19', 'description', 'description', 1, 2, '', 100, 1, 111, 1, 'V~O', 1, NULL, 'BAS', 1, ''),
(50, 635, 'smownerid', 'vtiger_crmentity', 1, '53', 'assigned_user_id', 'Assigned To', 1, 0, '', 100, 2, 112, 1, 'V~M', 1, NULL, 'BAS', 1, ''),
(50, 636, 'createdtime', 'vtiger_crmentity', 1, '70', 'createdtime', 'Created Time', 1, 0, '', 100, 5, 112, 2, 'T~O', 1, NULL, 'BAS', 0, ''),
(50, 637, 'modifiedtime', 'vtiger_crmentity', 1, '70', 'modifiedtime', 'Modified Time', 1, 0, '', 100, 6, 112, 2, 'T~O', 1, NULL, 'BAS', 0, ''),
(50, 638, 'modifiedby', 'vtiger_crmentity', 1, '52', 'modifiedby', 'Last Modified By', 1, 0, '', 100, 7, 112, 3, 'V~O', 3, 0, 'BAS', 0, ''),
(50, 639, 'message', 'vtiger_smsnotifier', 1, '21', 'message', 'message', 1, 0, '', 100, 1, 112, 1, 'V~M', 1, NULL, 'BAS', 1, ''),
(55, 879, 'createdtime', 'vtiger_crmentity', 1, '70', 'CreatedTime', 'Created Time', 1, 2, '', 100, 1, 155, 2, 'T~O', 1, NULL, 'BAS', 1, ''),
(55, 880, 'modifiedtime', 'vtiger_crmentity', 1, '70', 'ModifiedTime', 'Modified Time', 1, 2, '', 100, 2, 155, 2, 'T~O', 1, NULL, 'BAS', 1, ''),
(55, 881, 'smownerid', 'vtiger_crmentity', 1, '53', 'assigned_user_id', 'Assigned To', 1, 2, '', 100, 3, 155, 1, 'V~M', 1, NULL, 'BAS', 1, ''),
(55, 882, 'firstname', 'vtiger_testmodule', 1, '1', 'firstname', 'Firstname', 1, 2, '', 100, 4, 155, 1, 'V~O~LE~100', 1, NULL, 'BAS', 1, ''),
(55, 883, 'lastname', 'vtiger_testmodule', 1, '1', 'lastname', 'Lastname', 1, 2, '', 100, 5, 155, 1, 'V~O~LE~100', 1, NULL, 'BAS', 1, ''),
(55, 884, 'middlename', 'vtiger_testmodule', 1, '1', 'middlename', 'Middlename', 1, 2, '', 100, 6, 155, 1, 'V~O~LE~100', 1, NULL, 'BAS', 1, ''),
(55, 885, 'testmod', 'vtiger_testmodule', 2, '15', 'testmod', 'testmod', 0, 2, '', 100, 7, 155, 1, 'V~O', 1, 0, 'BAS', 1, NULL),
(56, 886, 'createdtime', 'vtiger_crmentity', 1, '70', 'CreatedTime', 'Created Time', 1, 2, '', 100, 1, 156, 2, 'T~O', 1, NULL, 'BAS', 1, ''),
(56, 887, 'modifiedtime', 'vtiger_crmentity', 1, '70', 'ModifiedTime', 'Modified Time', 1, 2, '', 100, 2, 156, 2, 'T~O', 1, NULL, 'BAS', 1, ''),
(56, 888, 'smownerid', 'vtiger_crmentity', 1, '53', 'assigned_user_id', 'Assigned To', 1, 2, '', 100, 3, 156, 1, 'V~M', 1, NULL, 'BAS', 1, ''),
(56, 889, 'firstname', 'vtiger_modbatoh', 1, '1', 'firstname', 'Firstname', 1, 2, '', 100, 4, 156, 1, 'V~O~LE~100', 1, NULL, 'BAS', 1, ''),
(56, 890, 'lastname', 'vtiger_modbatoh', 1, '1', 'lastname', 'Lastname', 1, 2, '', 100, 5, 156, 1, 'V~O~LE~100', 1, NULL, 'BAS', 1, ''),
(56, 891, 'middlename', 'vtiger_modbatoh', 1, '1', 'middlename', 'Middlename', 1, 2, '', 100, 6, 156, 1, 'V~O~LE~100', 1, NULL, 'BAS', 1, ''),
(56, 892, 'test_module', 'vtiger_modbatoh', 2, '10', 'test_module', 'Test Module', 0, 2, '', 100, 7, 156, 1, 'V~O', 1, 0, 'BAS', 1, NULL);

-- --------------------------------------------------------

--
-- Table structure for table `vtiger_fieldformulas`
--

CREATE TABLE IF NOT EXISTS `vtiger_fieldformulas` (
  `expressionid` int(11) NOT NULL DEFAULT '0',
  `modulename` varchar(100) DEFAULT NULL,
  `expression_engine` text,
  PRIMARY KEY (`expressionid`)
) ENGINE=InnoDB DEFAULT CHARSET=utf8;

-- --------------------------------------------------------

--
-- Table structure for table `vtiger_fieldmodulerel`
--

CREATE TABLE IF NOT EXISTS `vtiger_fieldmodulerel` (
  `fieldid` int(11) NOT NULL,
  `module` varchar(100) NOT NULL,
  `relmodule` varchar(100) NOT NULL,
  `status` varchar(10) DEFAULT NULL,
  `sequence` int(11) DEFAULT NULL
) ENGINE=InnoDB DEFAULT CHARSET=utf8;

--
-- Dumping data for table `vtiger_fieldmodulerel`
--

INSERT INTO `vtiger_fieldmodulerel` (`fieldid`, `module`, `relmodule`, `status`, `sequence`) VALUES
(113, 'Potentials', 'Accounts', NULL, 0),
(113, 'Potentials', 'Contacts', NULL, 1),
(536, 'ServiceContracts', 'Contacts', NULL, NULL),
(536, 'ServiceContracts', 'Accounts', NULL, NULL),
(570, 'Assets', 'Products', NULL, NULL),
(576, 'Assets', 'Invoice', NULL, NULL),
(581, 'Assets', 'Accounts', NULL, NULL),
(590, 'ModComments', 'Leads', NULL, NULL),
(590, 'ModComments', 'Contacts', NULL, NULL),
(590, 'ModComments', 'Accounts', NULL, NULL),
(592, 'ModComments', 'ModComments', NULL, NULL),
(590, 'ModComments', 'Potentials', NULL, NULL),
(595, 'ProjectMilestone', 'Project', NULL, NULL),
(606, 'ProjectTask', 'Project', NULL, NULL),
(590, 'ModComments', 'ProjectTask', NULL, NULL),
(624, 'Project', 'Accounts', NULL, NULL),
(624, 'Project', 'Contacts', NULL, NULL),
(590, 'ModComments', 'Project', NULL, NULL),
(681, 'Billing', 'HomeOwner', NULL, NULL),
(688, 'Billing', 'HomeOwner', NULL, NULL),
(695, 'Billing', 'HomeOwner', NULL, NULL),
(718, 'Payments', 'HomeOwner', NULL, NULL),
(719, 'Payments', 'Billing', NULL, NULL),
(727, 'Payments', 'HomeOwner', NULL, NULL),
(728, 'Payments', 'Billing', NULL, NULL),
(738, 'Billing', 'HomeOwner', NULL, NULL),
(747, 'Billing', 'HomeOwner', NULL, NULL),
(775, 'AdvancePayment', 'HomeOwner', NULL, NULL),
(783, 'AdvancePayment', 'HomeOwner', NULL, NULL),
(719, 'Payments', 'MemoAdvice', NULL, NULL),
(790, 'MemoAdvice', 'HomeOwner', NULL, NULL),
(791, 'MemoAdvice', 'Payments', NULL, NULL),
(801, 'MemoAdvice', 'HomeOwner', NULL, NULL),
(802, 'MemoAdvice', 'Payments', NULL, NULL),
(815, 'House', 'HomeOwner', NULL, NULL),
(822, 'House', 'HomeOwner', NULL, NULL),
(825, 'HomeOwner', 'House', NULL, NULL),
(826, 'Billing', 'House', NULL, NULL),
(827, 'MemoAdvice', 'House', NULL, NULL),
(835, 'Cars', 'HomeOwner', NULL, NULL),
(842, 'Cars', 'HomeOwner', NULL, NULL),
(844, 'HomeOwner', 'Cars', NULL, NULL),
(827, 'MemoAdvice', 'Cars', NULL, NULL),
(869, 'CarLogger', 'Cars', NULL, NULL),
(876, 'CarLogger', 'Cars', NULL, NULL),
(892, 'ModBaToh', 'ModBaToh', NULL, NULL);

-- --------------------------------------------------------

--
-- Table structure for table `vtiger_field_seq`
--

CREATE TABLE IF NOT EXISTS `vtiger_field_seq` (
  `id` int(11) NOT NULL
) ENGINE=InnoDB DEFAULT CHARSET=utf8;

--
-- Dumping data for table `vtiger_field_seq`
--

INSERT INTO `vtiger_field_seq` (`id`) VALUES
(892);

-- --------------------------------------------------------

--
-- Table structure for table `vtiger_files`
--

CREATE TABLE IF NOT EXISTS `vtiger_files` (
  `id` varchar(36) NOT NULL,
  `name` varchar(36) DEFAULT NULL,
  `content` longblob,
  `deleted` int(1) NOT NULL DEFAULT '0',
  `date_entered` timestamp NOT NULL DEFAULT CURRENT_TIMESTAMP ON UPDATE CURRENT_TIMESTAMP,
  `assigned_user_id` varchar(36) DEFAULT NULL,
  PRIMARY KEY (`id`),
  KEY `files_assigned_user_id_name_deleted_idx` (`assigned_user_id`,`name`,`deleted`)
) ENGINE=InnoDB DEFAULT CHARSET=utf8;

-- --------------------------------------------------------

--
-- Table structure for table `vtiger_freetagged_objects`
--

CREATE TABLE IF NOT EXISTS `vtiger_freetagged_objects` (
  `tag_id` int(20) NOT NULL DEFAULT '0',
  `tagger_id` int(20) NOT NULL DEFAULT '0',
  `object_id` int(20) NOT NULL DEFAULT '0',
  `tagged_on` timestamp NOT NULL DEFAULT CURRENT_TIMESTAMP ON UPDATE CURRENT_TIMESTAMP,
  `module` varchar(50) NOT NULL DEFAULT '',
  PRIMARY KEY (`tag_id`,`tagger_id`,`object_id`),
  KEY `freetagged_objects_tag_id_tagger_id_object_id_idx` (`tag_id`,`tagger_id`,`object_id`)
) ENGINE=InnoDB DEFAULT CHARSET=utf8;

--
-- Dumping data for table `vtiger_freetagged_objects`
--

INSERT INTO `vtiger_freetagged_objects` (`tag_id`, `tagger_id`, `object_id`, `tagged_on`, `module`) VALUES
(2, 1, 10, '2013-06-06 22:09:41', 'Accounts'),
(3, 1, 12, '2013-06-06 22:09:41', 'Accounts'),
(4, 1, 14, '2013-06-06 22:09:42', 'Accounts'),
(5, 1, 16, '2013-06-06 22:09:43', 'Accounts'),
(6, 1, 18, '2013-06-06 22:09:43', 'Accounts'),
(7, 1, 20, '2013-06-06 22:09:44', 'Accounts'),
(8, 1, 31, '2013-06-06 22:09:49', 'Contacts'),
(9, 1, 93, '2013-06-06 22:10:15', 'Invoice'),
(10, 1, 115, '2013-06-06 22:10:20', 'HelpDesk');

-- --------------------------------------------------------

--
-- Table structure for table `vtiger_freetags`
--

CREATE TABLE IF NOT EXISTS `vtiger_freetags` (
  `id` int(19) NOT NULL,
  `tag` varchar(50) NOT NULL DEFAULT '',
  `raw_tag` varchar(50) NOT NULL DEFAULT '',
  PRIMARY KEY (`id`)
) ENGINE=InnoDB DEFAULT CHARSET=utf8;

--
-- Dumping data for table `vtiger_freetags`
--

INSERT INTO `vtiger_freetags` (`id`, `tag`, `raw_tag`) VALUES
(2, 'X-CEED', 'X-CEED'),
(3, 'X-CEED', 'X-CEED'),
(4, 'X-CEED', 'X-CEED'),
(5, 'X-CEED', 'X-CEED'),
(6, 'X-CEED', 'X-CEED'),
(7, 'X-CEED', 'X-CEED'),
(8, 'X-CEED', 'X-CEED'),
(9, 'SO_vendtl', 'SO_vendtl'),
(10, 'vtiger_50usr', 'vtiger_50usr');

-- --------------------------------------------------------

--
-- Table structure for table `vtiger_freetags_seq`
--

CREATE TABLE IF NOT EXISTS `vtiger_freetags_seq` (
  `id` int(11) NOT NULL
) ENGINE=InnoDB DEFAULT CHARSET=utf8;

--
-- Dumping data for table `vtiger_freetags_seq`
--

INSERT INTO `vtiger_freetags_seq` (`id`) VALUES
(10);

-- --------------------------------------------------------

--
-- Table structure for table `vtiger_glacct`
--

CREATE TABLE IF NOT EXISTS `vtiger_glacct` (
  `glacctid` int(19) NOT NULL AUTO_INCREMENT,
  `glacct` varchar(200) NOT NULL,
  `presence` int(1) NOT NULL DEFAULT '1',
  `picklist_valueid` int(19) NOT NULL DEFAULT '0',
  PRIMARY KEY (`glacctid`),
  UNIQUE KEY `glacct_glacct_idx` (`glacct`)
) ENGINE=InnoDB  DEFAULT CHARSET=utf8 AUTO_INCREMENT=10 ;

--
-- Dumping data for table `vtiger_glacct`
--

INSERT INTO `vtiger_glacct` (`glacctid`, `glacct`, `presence`, `picklist_valueid`) VALUES
(1, '300-Sales-Software', 1, 51),
(2, '301-Sales-Hardware', 1, 52),
(3, '302-Rental-Income', 1, 53),
(4, '303-Interest-Income', 1, 54),
(5, '304-Sales-Software-Support', 1, 55),
(6, '305-Sales Other', 1, 56),
(7, '306-Internet Sales', 1, 57),
(8, '307-Service-Hardware Labor', 1, 58),
(9, '308-Sales-Books', 1, 59);

-- --------------------------------------------------------

--
-- Table structure for table `vtiger_glacct_seq`
--

CREATE TABLE IF NOT EXISTS `vtiger_glacct_seq` (
  `id` int(11) NOT NULL
) ENGINE=InnoDB DEFAULT CHARSET=utf8;

--
-- Dumping data for table `vtiger_glacct_seq`
--

INSERT INTO `vtiger_glacct_seq` (`id`) VALUES
(9);

-- --------------------------------------------------------

--
-- Table structure for table `vtiger_group2grouprel`
--

CREATE TABLE IF NOT EXISTS `vtiger_group2grouprel` (
  `groupid` int(19) NOT NULL,
  `containsgroupid` int(19) NOT NULL,
  PRIMARY KEY (`groupid`,`containsgroupid`)
) ENGINE=InnoDB DEFAULT CHARSET=utf8;

-- --------------------------------------------------------

--
-- Table structure for table `vtiger_group2role`
--

CREATE TABLE IF NOT EXISTS `vtiger_group2role` (
  `groupid` int(19) NOT NULL,
  `roleid` varchar(255) NOT NULL,
  PRIMARY KEY (`groupid`,`roleid`),
  KEY `fk_2_vtiger_group2role` (`roleid`)
) ENGINE=InnoDB DEFAULT CHARSET=utf8;

--
-- Dumping data for table `vtiger_group2role`
--

INSERT INTO `vtiger_group2role` (`groupid`, `roleid`) VALUES
(3, 'H2');

-- --------------------------------------------------------

--
-- Table structure for table `vtiger_group2rs`
--

CREATE TABLE IF NOT EXISTS `vtiger_group2rs` (
  `groupid` int(19) NOT NULL,
  `roleandsubid` varchar(255) NOT NULL,
  PRIMARY KEY (`groupid`,`roleandsubid`),
  KEY `fk_2_vtiger_group2rs` (`roleandsubid`)
) ENGINE=InnoDB DEFAULT CHARSET=utf8;

-- --------------------------------------------------------

--
-- Table structure for table `vtiger_groups`
--

CREATE TABLE IF NOT EXISTS `vtiger_groups` (
  `groupid` int(19) NOT NULL,
  `groupname` varchar(100) DEFAULT NULL,
  `description` text,
  PRIMARY KEY (`groupid`),
  UNIQUE KEY `groups_groupname_idx` (`groupname`)
) ENGINE=InnoDB DEFAULT CHARSET=utf8;

--
-- Dumping data for table `vtiger_groups`
--

INSERT INTO `vtiger_groups` (`groupid`, `groupname`, `description`) VALUES
(2, 'Team Selling', 'Group Related to Sales'),
(3, 'Marketing Group', 'Group Related to Marketing Activities'),
(4, 'Support Group', 'Group Related to providing Support to Customers');

-- --------------------------------------------------------

--
-- Table structure for table `vtiger_headers`
--

CREATE TABLE IF NOT EXISTS `vtiger_headers` (
  `fileid` int(3) NOT NULL AUTO_INCREMENT,
  `headernames` varchar(30) NOT NULL,
  PRIMARY KEY (`fileid`)
) ENGINE=InnoDB DEFAULT CHARSET=utf8 AUTO_INCREMENT=1 ;

-- --------------------------------------------------------

--
-- Table structure for table `vtiger_homedashbd`
--

CREATE TABLE IF NOT EXISTS `vtiger_homedashbd` (
  `stuffid` int(19) NOT NULL DEFAULT '0',
  `dashbdname` varchar(100) DEFAULT NULL,
  `dashbdtype` varchar(100) DEFAULT NULL,
  PRIMARY KEY (`stuffid`),
  KEY `stuff_stuffid_idx` (`stuffid`)
) ENGINE=InnoDB DEFAULT CHARSET=utf8;

-- --------------------------------------------------------

--
-- Table structure for table `vtiger_homedefault`
--

CREATE TABLE IF NOT EXISTS `vtiger_homedefault` (
  `stuffid` int(19) NOT NULL DEFAULT '0',
  `hometype` varchar(30) NOT NULL,
  `maxentries` int(19) DEFAULT NULL,
  `setype` varchar(30) DEFAULT NULL,
  PRIMARY KEY (`stuffid`),
  KEY `stuff_stuffid_idx` (`stuffid`)
) ENGINE=InnoDB DEFAULT CHARSET=utf8;

--
-- Dumping data for table `vtiger_homedefault`
--

INSERT INTO `vtiger_homedefault` (`stuffid`, `hometype`, `maxentries`, `setype`) VALUES
(1, 'ALVT', 5, 'Accounts'),
(2, 'HDB', 5, 'Dashboard'),
(3, 'PLVT', 5, 'Potentials'),
(4, 'QLTQ', 5, 'Quotes'),
(5, 'CVLVT', 5, 'NULL'),
(6, 'HLT', 5, 'HelpDesk'),
(7, 'UA', 5, 'Calendar'),
(8, 'GRT', 5, 'NULL'),
(9, 'OLTSO', 5, 'SalesOrder'),
(10, 'ILTI', 5, 'Invoice'),
(11, 'MNL', 5, 'Leads'),
(12, 'OLTPO', 5, 'PurchaseOrder'),
(13, 'PA', 5, 'Calendar'),
(14, 'LTFAQ', 5, 'Faq'),
(47, 'ALVT', 5, 'Accounts'),
(48, 'HDB', 5, 'Dashboard'),
(49, 'PLVT', 5, 'Potentials'),
(50, 'QLTQ', 5, 'Quotes'),
(51, 'CVLVT', 5, 'NULL'),
(52, 'HLT', 5, 'HelpDesk'),
(53, 'UA', 5, 'Calendar'),
(54, 'GRT', 5, 'NULL'),
(55, 'OLTSO', 5, 'SalesOrder'),
(56, 'ILTI', 5, 'Invoice'),
(57, 'MNL', 5, 'Leads'),
(58, 'OLTPO', 5, 'PurchaseOrder'),
(59, 'PA', 5, 'Calendar'),
(60, 'LTFAQ', 5, 'Faq'),
(62, 'ALVT', 5, 'Accounts'),
(63, 'HDB', 5, 'Dashboard'),
(64, 'PLVT', 5, 'Potentials'),
(65, 'QLTQ', 5, 'Quotes'),
(66, 'CVLVT', 5, 'NULL'),
(67, 'HLT', 5, 'HelpDesk'),
(68, 'UA', 5, 'Calendar'),
(69, 'GRT', 5, 'NULL'),
(70, 'OLTSO', 5, 'SalesOrder'),
(71, 'ILTI', 5, 'Invoice'),
(72, 'MNL', 5, 'Leads'),
(73, 'OLTPO', 5, 'PurchaseOrder'),
(74, 'PA', 5, 'Calendar'),
(75, 'LTFAQ', 5, 'Faq');

-- --------------------------------------------------------

--
-- Table structure for table `vtiger_homemodule`
--

CREATE TABLE IF NOT EXISTS `vtiger_homemodule` (
  `stuffid` int(19) NOT NULL,
  `modulename` varchar(100) DEFAULT NULL,
  `maxentries` int(19) NOT NULL,
  `customviewid` int(19) NOT NULL,
  `setype` varchar(30) NOT NULL,
  PRIMARY KEY (`stuffid`),
  KEY `stuff_stuffid_idx` (`stuffid`)
) ENGINE=InnoDB DEFAULT CHARSET=utf8;

-- --------------------------------------------------------

--
-- Table structure for table `vtiger_homemoduleflds`
--

CREATE TABLE IF NOT EXISTS `vtiger_homemoduleflds` (
  `stuffid` int(19) DEFAULT NULL,
  `fieldname` varchar(100) DEFAULT NULL,
  KEY `stuff_stuffid_idx` (`stuffid`)
) ENGINE=InnoDB DEFAULT CHARSET=utf8;

-- --------------------------------------------------------

--
-- Table structure for table `vtiger_homereportchart`
--

CREATE TABLE IF NOT EXISTS `vtiger_homereportchart` (
  `stuffid` int(11) NOT NULL,
  `reportid` int(19) DEFAULT NULL,
  `reportcharttype` varchar(100) DEFAULT NULL,
  PRIMARY KEY (`stuffid`)
) ENGINE=InnoDB DEFAULT CHARSET=utf8;

-- --------------------------------------------------------

--
-- Table structure for table `vtiger_homerss`
--

CREATE TABLE IF NOT EXISTS `vtiger_homerss` (
  `stuffid` int(19) NOT NULL DEFAULT '0',
  `url` varchar(100) DEFAULT NULL,
  `maxentries` int(19) NOT NULL,
  PRIMARY KEY (`stuffid`),
  KEY `stuff_stuffid_idx` (`stuffid`)
) ENGINE=InnoDB DEFAULT CHARSET=utf8;

-- --------------------------------------------------------

--
-- Table structure for table `vtiger_homestuff`
--

CREATE TABLE IF NOT EXISTS `vtiger_homestuff` (
  `stuffid` int(19) NOT NULL DEFAULT '0',
  `stuffsequence` int(19) NOT NULL DEFAULT '0',
  `stufftype` varchar(100) DEFAULT NULL,
  `userid` int(19) NOT NULL,
  `visible` int(10) NOT NULL DEFAULT '0',
  `stufftitle` varchar(100) DEFAULT NULL,
  PRIMARY KEY (`stuffid`),
  KEY `stuff_stuffid_idx` (`stuffid`),
  KEY `fk_1_vtiger_homestuff` (`userid`)
) ENGINE=InnoDB DEFAULT CHARSET=utf8;

--
-- Dumping data for table `vtiger_homestuff`
--

INSERT INTO `vtiger_homestuff` (`stuffid`, `stuffsequence`, `stufftype`, `userid`, `visible`, `stufftitle`) VALUES
(1, 1, 'Default', 1, 0, 'Top Accounts'),
(2, 2, 'Default', 1, 0, 'Home Page Dashboard'),
(3, 3, 'Default', 1, 0, 'Top Potentials'),
(4, 4, 'Default', 1, 0, 'Top Quotes'),
(5, 5, 'Default', 1, 0, 'Key Metrics'),
(6, 6, 'Default', 1, 0, 'Top Trouble Tickets'),
(7, 7, 'Default', 1, 0, 'Upcoming Activities'),
(8, 8, 'Default', 1, 0, 'My Group Allocation'),
(9, 9, 'Default', 1, 0, 'Top Sales Orders'),
(10, 10, 'Default', 1, 0, 'Top Invoices'),
(11, 11, 'Default', 1, 0, 'My New Leads'),
(12, 12, 'Default', 1, 0, 'Top Purchase Orders'),
(13, 13, 'Default', 1, 0, 'Pending Activities'),
(14, 14, 'Default', 1, 0, 'My Recent FAQs'),
(15, 15, 'Tag Cloud', 1, 1, 'Tag Cloud'),
(47, 1, 'Default', 7, 0, 'Top Accounts'),
(48, 2, 'Default', 7, 0, 'Home Page Dashboard'),
(49, 3, 'Default', 7, 0, 'Top Potentials'),
(50, 4, 'Default', 7, 0, 'Top Quotes'),
(51, 5, 'Default', 7, 0, 'Key Metrics'),
(52, 6, 'Default', 7, 0, 'Top Trouble Tickets'),
(53, 7, 'Default', 7, 0, 'Upcoming Activities'),
(54, 8, 'Default', 7, 0, 'My Group Allocation'),
(55, 9, 'Default', 7, 0, 'Top Sales Orders'),
(56, 10, 'Default', 7, 0, 'Top Invoices'),
(57, 11, 'Default', 7, 0, 'My New Leads'),
(58, 12, 'Default', 7, 0, 'Top Purchase Orders'),
(59, 13, 'Default', 7, 0, 'Pending Activities'),
(60, 14, 'Default', 7, 0, 'My Recent FAQs'),
(61, 15, 'Tag Cloud', 7, 0, 'Tag Cloud'),
(62, 1, 'Default', 8, 0, 'Top Accounts'),
(63, 2, 'Default', 8, 0, 'Home Page Dashboard'),
(64, 3, 'Default', 8, 0, 'Top Potentials'),
(65, 4, 'Default', 8, 0, 'Top Quotes'),
(66, 5, 'Default', 8, 0, 'Key Metrics'),
(67, 6, 'Default', 8, 0, 'Top Trouble Tickets'),
(68, 7, 'Default', 8, 0, 'Upcoming Activities'),
(69, 8, 'Default', 8, 0, 'My Group Allocation'),
(70, 9, 'Default', 8, 0, 'Top Sales Orders'),
(71, 10, 'Default', 8, 0, 'Top Invoices'),
(72, 11, 'Default', 8, 0, 'My New Leads'),
(73, 12, 'Default', 8, 0, 'Top Purchase Orders'),
(74, 13, 'Default', 8, 0, 'Pending Activities'),
(75, 14, 'Default', 8, 0, 'My Recent FAQs'),
(76, 15, 'Tag Cloud', 8, 0, 'Tag Cloud');

-- --------------------------------------------------------

--
-- Table structure for table `vtiger_homestuff_seq`
--

CREATE TABLE IF NOT EXISTS `vtiger_homestuff_seq` (
  `id` int(11) NOT NULL
) ENGINE=InnoDB DEFAULT CHARSET=utf8;

--
-- Dumping data for table `vtiger_homestuff_seq`
--

INSERT INTO `vtiger_homestuff_seq` (`id`) VALUES
(76);

-- --------------------------------------------------------

--
-- Table structure for table `vtiger_home_layout`
--

CREATE TABLE IF NOT EXISTS `vtiger_home_layout` (
  `userid` int(19) NOT NULL,
  `layout` int(19) NOT NULL DEFAULT '4',
  PRIMARY KEY (`userid`)
) ENGINE=InnoDB DEFAULT CHARSET=utf8;

-- --------------------------------------------------------

--
-- Table structure for table `vtiger_import_locks`
--

CREATE TABLE IF NOT EXISTS `vtiger_import_locks` (
  `vtiger_import_lock_id` int(11) NOT NULL,
  `userid` int(11) NOT NULL,
  `tabid` int(11) NOT NULL,
  `importid` int(11) NOT NULL,
  `locked_since` datetime DEFAULT NULL,
  PRIMARY KEY (`vtiger_import_lock_id`)
) ENGINE=InnoDB DEFAULT CHARSET=utf8;

-- --------------------------------------------------------

--
-- Table structure for table `vtiger_import_maps`
--

CREATE TABLE IF NOT EXISTS `vtiger_import_maps` (
  `id` int(19) NOT NULL AUTO_INCREMENT,
  `name` varchar(36) NOT NULL,
  `module` varchar(36) NOT NULL,
  `content` longblob,
  `has_header` int(1) NOT NULL DEFAULT '1',
  `deleted` int(1) NOT NULL DEFAULT '0',
  `date_entered` timestamp NOT NULL DEFAULT CURRENT_TIMESTAMP ON UPDATE CURRENT_TIMESTAMP,
  `date_modified` timestamp NOT NULL DEFAULT '0000-00-00 00:00:00',
  `assigned_user_id` varchar(36) DEFAULT NULL,
  `is_published` varchar(3) NOT NULL DEFAULT 'no',
  PRIMARY KEY (`id`),
  KEY `import_maps_assigned_user_id_module_name_deleted_idx` (`assigned_user_id`,`module`,`name`,`deleted`)
) ENGINE=InnoDB DEFAULT CHARSET=utf8 AUTO_INCREMENT=1 ;

-- --------------------------------------------------------

--
-- Table structure for table `vtiger_import_queue`
--

CREATE TABLE IF NOT EXISTS `vtiger_import_queue` (
  `importid` int(11) NOT NULL,
  `userid` int(11) NOT NULL,
  `tabid` int(11) NOT NULL,
  `field_mapping` text,
  `default_values` text,
  `merge_type` int(11) DEFAULT NULL,
  `merge_fields` text,
  `status` int(11) DEFAULT '0',
  PRIMARY KEY (`importid`)
) ENGINE=InnoDB DEFAULT CHARSET=utf8;

-- --------------------------------------------------------

--
-- Table structure for table `vtiger_industry`
--

CREATE TABLE IF NOT EXISTS `vtiger_industry` (
  `industryid` int(19) NOT NULL AUTO_INCREMENT,
  `industry` varchar(200) NOT NULL,
  `presence` int(1) NOT NULL DEFAULT '1',
  `picklist_valueid` int(19) NOT NULL DEFAULT '0',
  PRIMARY KEY (`industryid`),
  UNIQUE KEY `industry_industry_idx` (`industry`)
) ENGINE=InnoDB  DEFAULT CHARSET=utf8 AUTO_INCREMENT=33 ;

--
-- Dumping data for table `vtiger_industry`
--

INSERT INTO `vtiger_industry` (`industryid`, `industry`, `presence`, `picklist_valueid`) VALUES
(1, '--None--', 1, 60),
(2, 'Apparel', 1, 61),
(3, 'Banking', 1, 62),
(4, 'Biotechnology', 1, 63),
(5, 'Chemicals', 1, 64),
(6, 'Communications', 1, 65),
(7, 'Construction', 1, 66),
(8, 'Consulting', 1, 67),
(9, 'Education', 1, 68),
(10, 'Electronics', 1, 69),
(11, 'Energy', 1, 70),
(12, 'Engineering', 1, 71),
(13, 'Entertainment', 1, 72),
(14, 'Environmental', 1, 73),
(15, 'Finance', 1, 74),
(16, 'Food & Beverage', 1, 75),
(17, 'Government', 1, 76),
(18, 'Healthcare', 1, 77),
(19, 'Hospitality', 1, 78),
(20, 'Insurance', 1, 79),
(21, 'Machinery', 1, 80),
(22, 'Manufacturing', 1, 81),
(23, 'Media', 1, 82),
(24, 'Not For Profit', 1, 83),
(25, 'Recreation', 1, 84),
(26, 'Retail', 1, 85),
(27, 'Shipping', 1, 86),
(28, 'Technology', 1, 87),
(29, 'Telecommunications', 1, 88),
(30, 'Transportation', 1, 89),
(31, 'Utilities', 1, 90),
(32, 'Other', 1, 91);

-- --------------------------------------------------------

--
-- Table structure for table `vtiger_industry_seq`
--

CREATE TABLE IF NOT EXISTS `vtiger_industry_seq` (
  `id` int(11) NOT NULL
) ENGINE=InnoDB DEFAULT CHARSET=utf8;

--
-- Dumping data for table `vtiger_industry_seq`
--

INSERT INTO `vtiger_industry_seq` (`id`) VALUES
(32);

-- --------------------------------------------------------

--
-- Table structure for table `vtiger_inventorynotification`
--

CREATE TABLE IF NOT EXISTS `vtiger_inventorynotification` (
  `notificationid` int(19) NOT NULL AUTO_INCREMENT,
  `notificationname` varchar(200) DEFAULT NULL,
  `notificationsubject` varchar(200) DEFAULT NULL,
  `notificationbody` text,
  `label` varchar(50) DEFAULT NULL,
  `status` varchar(30) DEFAULT NULL,
  PRIMARY KEY (`notificationid`)
) ENGINE=InnoDB  DEFAULT CHARSET=utf8 AUTO_INCREMENT=4 ;

--
-- Dumping data for table `vtiger_inventorynotification`
--

INSERT INTO `vtiger_inventorynotification` (`notificationid`, `notificationname`, `notificationsubject`, `notificationbody`, `label`, `status`) VALUES
(1, 'InvoiceNotification', '{PRODUCTNAME} Stock Level is Low', 'Dear {HANDLER},\n\nThe current stock of {PRODUCTNAME} in our warehouse is {CURRENTSTOCK}. Kindly procure required number of units as the stock level is below reorder level {REORDERLEVELVALUE}.\n\nPlease treat this information as Urgent as the invoice is already sent  to the customer.\n\nSeverity: Critical\n\nThanks,\n{CURRENTUSER} ', 'InvoiceNotificationDescription', NULL),
(2, 'QuoteNotification', 'Quote given for {PRODUCTNAME}', 'Dear {HANDLER},\n\nQuote is generated for {QUOTEQUANTITY} units of {PRODUCTNAME}. The current stock of {PRODUCTNAME} in our warehouse is {CURRENTSTOCK}.\n\nSeverity: Minor\n\nThanks,\n{CURRENTUSER} ', 'QuoteNotificationDescription', NULL),
(3, 'SalesOrderNotification', 'Sales Order generated for {PRODUCTNAME}', 'Dear {HANDLER},\n\nSalesOrder is generated for {SOQUANTITY} units of {PRODUCTNAME}. The current stock of {PRODUCTNAME} in our warehouse is {CURRENTSTOCK}.\n\nPlease treat this information  with priority as the sales order is already generated.\n\nSeverity: Major\n\nThanks,\n{CURRENTUSER} ', 'SalesOrderNotificationDescription', NULL);

-- --------------------------------------------------------

--
-- Table structure for table `vtiger_inventorynotification_seq`
--

CREATE TABLE IF NOT EXISTS `vtiger_inventorynotification_seq` (
  `id` int(11) NOT NULL
) ENGINE=InnoDB DEFAULT CHARSET=utf8;

--
-- Dumping data for table `vtiger_inventorynotification_seq`
--

INSERT INTO `vtiger_inventorynotification_seq` (`id`) VALUES
(3);

-- --------------------------------------------------------

--
-- Table structure for table `vtiger_inventoryproductrel`
--

CREATE TABLE IF NOT EXISTS `vtiger_inventoryproductrel` (
  `id` int(19) DEFAULT NULL,
  `productid` int(19) DEFAULT NULL,
  `sequence_no` int(4) DEFAULT NULL,
  `quantity` decimal(25,3) DEFAULT NULL,
  `listprice` decimal(25,3) DEFAULT NULL,
  `discount_percent` decimal(7,3) DEFAULT NULL,
  `discount_amount` decimal(25,3) DEFAULT NULL,
  `comment` varchar(250) DEFAULT NULL,
  `description` text,
  `incrementondel` int(11) NOT NULL DEFAULT '0',
  `lineitem_id` int(11) NOT NULL AUTO_INCREMENT,
  `tax1` decimal(7,3) DEFAULT NULL,
  `tax2` decimal(7,3) DEFAULT NULL,
  `tax3` decimal(7,3) DEFAULT NULL,
  PRIMARY KEY (`lineitem_id`),
  KEY `inventoryproductrel_id_idx` (`id`),
  KEY `inventoryproductrel_productid_idx` (`productid`)
) ENGINE=InnoDB  DEFAULT CHARSET=utf8 AUTO_INCREMENT=40 ;

--
-- Dumping data for table `vtiger_inventoryproductrel`
--

INSERT INTO `vtiger_inventoryproductrel` (`id`, `productid`, `sequence_no`, `quantity`, `listprice`, `discount_percent`, `discount_amount`, `comment`, `description`, `incrementondel`, `lineitem_id`, `tax1`, `tax2`, `tax3`) VALUES
(74, 61, 1, '1.000', '130.000', NULL, '20.000', 'This is test comment for product of Quotes', NULL, 0, 1, NULL, NULL, NULL),
(75, 61, 1, '1.000', '130.000', NULL, '20.000', 'This is test comment for product of Quotes', NULL, 0, 2, NULL, NULL, NULL),
(75, 56, 1, '1.000', '130.000', NULL, '20.000', 'This is test comment for product of Quotes', NULL, 0, 3, NULL, NULL, NULL),
(76, 56, 1, '1.000', '130.000', NULL, '20.000', 'This is test comment for product of Quotes', NULL, 0, 4, NULL, NULL, NULL),
(76, 54, 1, '1.000', '130.000', NULL, '20.000', 'This is test comment for product of Quotes', NULL, 0, 5, NULL, NULL, NULL),
(77, 54, 1, '1.000', '130.000', NULL, '20.000', 'This is test comment for product of Quotes', NULL, 0, 6, NULL, NULL, NULL),
(77, 59, 1, '1.000', '130.000', NULL, '20.000', 'This is test comment for product of Quotes', NULL, 0, 7, NULL, NULL, NULL),
(78, 59, 1, '1.000', '130.000', NULL, '20.000', 'This is test comment for product of Quotes', NULL, 0, 8, NULL, NULL, NULL),
(78, 58, 1, '1.000', '130.000', NULL, '20.000', 'This is test comment for product of Quotes', NULL, 0, 9, NULL, NULL, NULL),
(79, 58, 1, '1.000', '130.000', NULL, '20.000', 'This is test comment for product of Quotes', NULL, 0, 10, NULL, NULL, NULL),
(79, 57, 1, '1.000', '1230.000', NULL, '200.000', 'This is test comment for product of SalesOrder', NULL, 0, 11, NULL, NULL, NULL),
(80, 57, 1, '1.000', '1230.000', NULL, '200.000', 'This is test comment for product of SalesOrder', NULL, 0, 12, NULL, NULL, NULL),
(80, 58, 1, '1.000', '1230.000', NULL, '200.000', 'This is test comment for product of SalesOrder', NULL, 0, 13, NULL, NULL, NULL),
(81, 58, 1, '1.000', '1230.000', NULL, '200.000', 'This is test comment for product of SalesOrder', NULL, 0, 14, NULL, NULL, NULL),
(81, 61, 1, '1.000', '1230.000', NULL, '200.000', 'This is test comment for product of SalesOrder', NULL, 0, 15, NULL, NULL, NULL),
(82, 61, 1, '1.000', '1230.000', NULL, '200.000', 'This is test comment for product of SalesOrder', NULL, 0, 16, NULL, NULL, NULL),
(82, 58, 1, '1.000', '1230.000', NULL, '200.000', 'This is test comment for product of SalesOrder', NULL, 0, 17, NULL, NULL, NULL),
(83, 58, 1, '1.000', '1230.000', NULL, '200.000', 'This is test comment for product of SalesOrder', NULL, 0, 18, NULL, NULL, NULL),
(83, 58, 1, '1.000', '1230.000', NULL, '200.000', 'This is test comment for product of SalesOrder', NULL, 0, 19, NULL, NULL, NULL),
(84, 58, 1, '1.000', '1230.000', NULL, '200.000', 'This is test comment for product of SalesOrder', NULL, 0, 20, NULL, NULL, NULL),
(84, 61, 1, '1.000', '2200.000', NULL, '200.000', 'This is test comment for product of PurchaseOrder', NULL, 0, 21, NULL, NULL, NULL),
(85, 61, 1, '1.000', '2200.000', NULL, '200.000', 'This is test comment for product of PurchaseOrder', NULL, 0, 22, NULL, NULL, NULL),
(85, 53, 1, '1.000', '2200.000', NULL, '200.000', 'This is test comment for product of PurchaseOrder', NULL, 0, 23, NULL, NULL, NULL),
(86, 53, 1, '1.000', '2200.000', NULL, '200.000', 'This is test comment for product of PurchaseOrder', NULL, 0, 24, NULL, NULL, NULL),
(86, 61, 1, '1.000', '2200.000', NULL, '200.000', 'This is test comment for product of PurchaseOrder', NULL, 0, 25, NULL, NULL, NULL),
(87, 61, 1, '1.000', '2200.000', NULL, '200.000', 'This is test comment for product of PurchaseOrder', NULL, 0, 26, NULL, NULL, NULL),
(87, 55, 1, '1.000', '2200.000', NULL, '200.000', 'This is test comment for product of PurchaseOrder', NULL, 0, 27, NULL, NULL, NULL),
(88, 55, 1, '1.000', '2200.000', NULL, '200.000', 'This is test comment for product of PurchaseOrder', NULL, 0, 28, NULL, NULL, NULL),
(88, 52, 1, '1.000', '2200.000', NULL, '200.000', 'This is test comment for product of PurchaseOrder', NULL, 0, 29, NULL, NULL, NULL),
(89, 52, 1, '1.000', '2200.000', NULL, '200.000', 'This is test comment for product of PurchaseOrder', NULL, 1, 30, NULL, NULL, NULL),
(89, 54, 1, '1.000', '4300.000', NULL, '300.000', 'This is test comment for product of Invoice', NULL, 0, 31, NULL, NULL, NULL),
(90, 54, 1, '1.000', '4300.000', NULL, '300.000', 'This is test comment for product of Invoice', NULL, 1, 32, NULL, NULL, NULL),
(90, 58, 1, '1.000', '4300.000', NULL, '300.000', 'This is test comment for product of Invoice', NULL, 0, 33, NULL, NULL, NULL),
(91, 58, 1, '1.000', '4300.000', NULL, '300.000', 'This is test comment for product of Invoice', NULL, 1, 34, NULL, NULL, NULL),
(91, 59, 1, '1.000', '4300.000', NULL, '300.000', 'This is test comment for product of Invoice', NULL, 0, 35, NULL, NULL, NULL),
(92, 59, 1, '1.000', '4300.000', NULL, '300.000', 'This is test comment for product of Invoice', NULL, 1, 36, NULL, NULL, NULL),
(92, 52, 1, '1.000', '4300.000', NULL, '300.000', 'This is test comment for product of Invoice', NULL, 0, 37, NULL, NULL, NULL),
(93, 52, 1, '1.000', '4300.000', NULL, '300.000', 'This is test comment for product of Invoice', NULL, 1, 38, NULL, NULL, NULL),
(93, 60, 1, '1.000', '4300.000', NULL, '300.000', 'This is test comment for product of Invoice', NULL, 0, 39, NULL, NULL, NULL);

-- --------------------------------------------------------

--
-- Table structure for table `vtiger_inventoryshippingrel`
--

CREATE TABLE IF NOT EXISTS `vtiger_inventoryshippingrel` (
  `id` int(19) DEFAULT NULL,
  `shtax1` decimal(7,3) DEFAULT NULL,
  `shtax2` decimal(7,3) DEFAULT NULL,
  `shtax3` decimal(7,3) DEFAULT NULL,
  KEY `inventoryishippingrel_id_idx` (`id`)
) ENGINE=InnoDB DEFAULT CHARSET=utf8;

--
-- Dumping data for table `vtiger_inventoryshippingrel`
--

INSERT INTO `vtiger_inventoryshippingrel` (`id`, `shtax1`, `shtax2`, `shtax3`) VALUES
(74, NULL, NULL, NULL),
(74, NULL, NULL, NULL),
(75, NULL, NULL, NULL),
(75, NULL, NULL, NULL),
(76, NULL, NULL, NULL),
(76, NULL, NULL, NULL),
(77, NULL, NULL, NULL),
(77, NULL, NULL, NULL),
(78, NULL, NULL, NULL),
(78, NULL, NULL, NULL),
(79, NULL, NULL, NULL),
(79, NULL, NULL, NULL),
(80, NULL, NULL, NULL),
(80, NULL, NULL, NULL),
(81, NULL, NULL, NULL),
(81, NULL, NULL, NULL),
(82, NULL, NULL, NULL),
(82, NULL, NULL, NULL),
(83, NULL, NULL, NULL),
(83, NULL, NULL, NULL),
(84, NULL, NULL, NULL),
(84, NULL, NULL, NULL),
(85, NULL, NULL, NULL),
(85, NULL, NULL, NULL),
(86, NULL, NULL, NULL),
(86, NULL, NULL, NULL),
(87, NULL, NULL, NULL),
(87, NULL, NULL, NULL),
(88, NULL, NULL, NULL),
(88, NULL, NULL, NULL),
(89, NULL, NULL, NULL),
(89, NULL, NULL, NULL),
(90, NULL, NULL, NULL),
(90, NULL, NULL, NULL),
(91, NULL, NULL, NULL),
(91, NULL, NULL, NULL),
(92, NULL, NULL, NULL),
(92, NULL, NULL, NULL),
(93, NULL, NULL, NULL),
(93, NULL, NULL, NULL);

-- --------------------------------------------------------

--
-- Table structure for table `vtiger_inventorysubproductrel`
--

CREATE TABLE IF NOT EXISTS `vtiger_inventorysubproductrel` (
  `id` int(19) NOT NULL,
  `sequence_no` int(10) NOT NULL,
  `productid` int(19) NOT NULL
) ENGINE=InnoDB DEFAULT CHARSET=utf8;

-- --------------------------------------------------------

--
-- Table structure for table `vtiger_inventorytaxinfo`
--

CREATE TABLE IF NOT EXISTS `vtiger_inventorytaxinfo` (
  `taxid` int(3) NOT NULL,
  `taxname` varchar(50) DEFAULT NULL,
  `taxlabel` varchar(50) DEFAULT NULL,
  `percentage` decimal(7,3) DEFAULT NULL,
  `deleted` int(1) DEFAULT NULL,
  PRIMARY KEY (`taxid`),
  KEY `inventorytaxinfo_taxname_idx` (`taxname`)
) ENGINE=InnoDB DEFAULT CHARSET=utf8;

--
-- Dumping data for table `vtiger_inventorytaxinfo`
--

INSERT INTO `vtiger_inventorytaxinfo` (`taxid`, `taxname`, `taxlabel`, `percentage`, `deleted`) VALUES
(1, 'tax1', 'VAT', '4.500', 0),
(2, 'tax2', 'Sales', '10.000', 0),
(3, 'tax3', 'Service', '12.500', 0);

-- --------------------------------------------------------

--
-- Table structure for table `vtiger_inventorytaxinfo_seq`
--

CREATE TABLE IF NOT EXISTS `vtiger_inventorytaxinfo_seq` (
  `id` int(11) NOT NULL
) ENGINE=InnoDB DEFAULT CHARSET=utf8;

--
-- Dumping data for table `vtiger_inventorytaxinfo_seq`
--

INSERT INTO `vtiger_inventorytaxinfo_seq` (`id`) VALUES
(3);

-- --------------------------------------------------------

--
-- Table structure for table `vtiger_inventory_tandc`
--

CREATE TABLE IF NOT EXISTS `vtiger_inventory_tandc` (
  `id` int(19) NOT NULL,
  `type` varchar(30) NOT NULL,
  `tandc` text,
  PRIMARY KEY (`id`)
) ENGINE=InnoDB DEFAULT CHARSET=utf8;

--
-- Dumping data for table `vtiger_inventory_tandc`
--

INSERT INTO `vtiger_inventory_tandc` (`id`, `type`, `tandc`) VALUES
(1, 'Inventory', '\n - Unless otherwise agreed in writing by the supplier all invoices are payable within thirty (30) days of the date of invoice, in the currency of the invoice, drawn on a bank based in India or by such other method as is agreed in advance by the Supplier.\n\n - All prices are not inclusive of VAT which shall be payable in addition by the Customer at the applicable rate.');

-- --------------------------------------------------------

--
-- Table structure for table `vtiger_inventory_tandc_seq`
--

CREATE TABLE IF NOT EXISTS `vtiger_inventory_tandc_seq` (
  `id` int(11) NOT NULL
) ENGINE=InnoDB DEFAULT CHARSET=utf8;

--
-- Dumping data for table `vtiger_inventory_tandc_seq`
--

INSERT INTO `vtiger_inventory_tandc_seq` (`id`) VALUES
(1);

-- --------------------------------------------------------

--
-- Table structure for table `vtiger_invitees`
--

CREATE TABLE IF NOT EXISTS `vtiger_invitees` (
  `activityid` int(19) NOT NULL,
  `inviteeid` int(19) NOT NULL,
  PRIMARY KEY (`activityid`,`inviteeid`)
) ENGINE=InnoDB DEFAULT CHARSET=utf8;

-- --------------------------------------------------------

--
-- Table structure for table `vtiger_invoice`
--

CREATE TABLE IF NOT EXISTS `vtiger_invoice` (
  `invoiceid` int(19) NOT NULL DEFAULT '0',
  `subject` varchar(100) DEFAULT NULL,
  `salesorderid` int(19) DEFAULT NULL,
  `customerno` varchar(100) DEFAULT NULL,
  `contactid` int(19) DEFAULT NULL,
  `notes` varchar(100) DEFAULT NULL,
  `invoicedate` date DEFAULT NULL,
  `duedate` date DEFAULT NULL,
  `invoiceterms` varchar(100) DEFAULT NULL,
  `type` varchar(100) DEFAULT NULL,
  `adjustment` decimal(25,3) DEFAULT NULL,
  `salescommission` decimal(25,3) DEFAULT NULL,
  `exciseduty` decimal(25,3) DEFAULT NULL,
  `subtotal` decimal(25,3) DEFAULT NULL,
  `total` decimal(25,3) DEFAULT NULL,
  `taxtype` varchar(25) DEFAULT NULL,
  `discount_percent` decimal(25,3) DEFAULT NULL,
  `discount_amount` decimal(25,3) DEFAULT NULL,
  `s_h_amount` decimal(25,3) DEFAULT NULL,
  `shipping` varchar(100) DEFAULT NULL,
  `accountid` int(19) DEFAULT NULL,
  `terms_conditions` text,
  `purchaseorder` varchar(200) DEFAULT NULL,
  `invoicestatus` varchar(200) DEFAULT NULL,
  `invoice_no` varchar(100) DEFAULT NULL,
  `currency_id` int(19) NOT NULL DEFAULT '1',
  `conversion_rate` decimal(10,3) NOT NULL DEFAULT '1.000',
  PRIMARY KEY (`invoiceid`),
  KEY `invoice_purchaseorderid_idx` (`invoiceid`),
  KEY `fk_2_vtiger_invoice` (`salesorderid`)
) ENGINE=InnoDB DEFAULT CHARSET=utf8;

--
-- Dumping data for table `vtiger_invoice`
--

INSERT INTO `vtiger_invoice` (`invoiceid`, `subject`, `salesorderid`, `customerno`, `contactid`, `notes`, `invoicedate`, `duedate`, `invoiceterms`, `type`, `adjustment`, `salescommission`, `exciseduty`, `subtotal`, `total`, `taxtype`, `discount_percent`, `discount_amount`, `s_h_amount`, `shipping`, `accountid`, `terms_conditions`, `purchaseorder`, `invoicestatus`, `invoice_no`, `currency_id`, `conversion_rate`) VALUES
(89, 'vtiger_invoice201', 81, '', 0, NULL, NULL, NULL, NULL, NULL, '100.000', '0.000', '0.000', '4000.000', '4050.000', 'individual', '0.000', '100.000', '50.000', NULL, 8, '', '', 'Created', 'INV1', 1, '1.000'),
(90, 'zoho_inv7841', 81, '', 0, NULL, NULL, NULL, NULL, NULL, '100.000', '0.000', '0.000', '4000.000', '4050.000', 'individual', '0.000', '100.000', '50.000', NULL, 4, '', '', 'Sent', 'INV2', 1, '1.000'),
(91, 'vtiger5usrp_invoice71134', 81, '', 0, NULL, NULL, NULL, NULL, NULL, '100.000', '0.000', '0.000', '4000.000', '4050.000', 'individual', '0.000', '100.000', '50.000', NULL, 18, '', '', 'Approved', 'INV3', 1, '1.000'),
(92, 'vt100usrpk_inv113', 79, '', 0, NULL, NULL, NULL, NULL, NULL, '100.000', '0.000', '0.000', '4000.000', '4050.000', 'individual', '0.000', '100.000', '50.000', NULL, 6, '', '', 'Credit Invoice', 'INV4', 1, '1.000'),
(93, 'vendtl_inv214', 83, '', 0, NULL, NULL, NULL, NULL, NULL, '100.000', '0.000', '0.000', '4000.000', '4050.000', 'individual', '0.000', '100.000', '50.000', NULL, 2, '', '', 'Paid', 'INV5', 1, '1.000');

-- --------------------------------------------------------

--
-- Table structure for table `vtiger_invoicebillads`
--

CREATE TABLE IF NOT EXISTS `vtiger_invoicebillads` (
  `invoicebilladdressid` int(19) NOT NULL DEFAULT '0',
  `bill_city` varchar(30) DEFAULT NULL,
  `bill_code` varchar(30) DEFAULT NULL,
  `bill_country` varchar(30) DEFAULT NULL,
  `bill_state` varchar(30) DEFAULT NULL,
  `bill_street` varchar(250) DEFAULT NULL,
  `bill_pobox` varchar(30) DEFAULT NULL,
  PRIMARY KEY (`invoicebilladdressid`)
) ENGINE=InnoDB DEFAULT CHARSET=utf8;

--
-- Dumping data for table `vtiger_invoicebillads`
--

INSERT INTO `vtiger_invoicebillads` (`invoicebilladdressid`, `bill_city`, `bill_code`, `bill_country`, `bill_state`, `bill_street`, `bill_pobox`) VALUES
(89, 'San Jose', '95278', 'USA', 'CA', '999 Baker Way', ''),
(90, 'San Mateo', '58853', 'USA', 'CA', '123 Anywhere Street', ''),
(91, 'Sunnyvale', '90389', 'USA', 'CA', '999 Baker Way', ''),
(92, 'San Jose', '69394', 'USA', 'CA', '345 Sugar Blvd.', ''),
(93, 'San Francisco', '12353', 'USA', 'CA', '345 Sugar Blvd.', '');

-- --------------------------------------------------------

--
-- Table structure for table `vtiger_invoicecf`
--

CREATE TABLE IF NOT EXISTS `vtiger_invoicecf` (
  `invoiceid` int(19) NOT NULL DEFAULT '0',
  PRIMARY KEY (`invoiceid`)
) ENGINE=InnoDB DEFAULT CHARSET=utf8;

--
-- Dumping data for table `vtiger_invoicecf`
--

INSERT INTO `vtiger_invoicecf` (`invoiceid`) VALUES
(89),
(90),
(91),
(92),
(93);

-- --------------------------------------------------------

--
-- Table structure for table `vtiger_invoiceshipads`
--

CREATE TABLE IF NOT EXISTS `vtiger_invoiceshipads` (
  `invoiceshipaddressid` int(19) NOT NULL DEFAULT '0',
  `ship_city` varchar(30) DEFAULT NULL,
  `ship_code` varchar(30) DEFAULT NULL,
  `ship_country` varchar(30) DEFAULT NULL,
  `ship_state` varchar(30) DEFAULT NULL,
  `ship_street` varchar(250) DEFAULT NULL,
  `ship_pobox` varchar(30) DEFAULT NULL,
  PRIMARY KEY (`invoiceshipaddressid`)
) ENGINE=InnoDB DEFAULT CHARSET=utf8;

--
-- Dumping data for table `vtiger_invoiceshipads`
--

INSERT INTO `vtiger_invoiceshipads` (`invoiceshipaddressid`, `ship_city`, `ship_code`, `ship_country`, `ship_state`, `ship_street`, `ship_pobox`) VALUES
(89, 'San Mateo', '92430', 'USA', 'CA', '999 Baker Way', ''),
(90, 'San Mateo', '92430', 'USA', 'CA', '999 Baker Way', ''),
(91, 'San Mateo', '92430', 'USA', 'CA', '999 Baker Way', ''),
(92, 'San Mateo', '92430', 'USA', 'CA', '999 Baker Way', ''),
(93, 'San Mateo', '92430', 'USA', 'CA', '999 Baker Way', '');

-- --------------------------------------------------------

--
-- Table structure for table `vtiger_invoicestatus`
--

CREATE TABLE IF NOT EXISTS `vtiger_invoicestatus` (
  `invoicestatusid` int(19) NOT NULL AUTO_INCREMENT,
  `invoicestatus` varchar(200) NOT NULL,
  `presence` int(1) NOT NULL DEFAULT '1',
  `picklist_valueid` int(19) NOT NULL DEFAULT '0',
  PRIMARY KEY (`invoicestatusid`),
  UNIQUE KEY `invoicestatus_invoiestatus_idx` (`invoicestatus`)
) ENGINE=InnoDB  DEFAULT CHARSET=utf8 AUTO_INCREMENT=7 ;

--
-- Dumping data for table `vtiger_invoicestatus`
--

INSERT INTO `vtiger_invoicestatus` (`invoicestatusid`, `invoicestatus`, `presence`, `picklist_valueid`) VALUES
(1, 'AutoCreated', 0, 92),
(2, 'Created', 0, 93),
(3, 'Approved', 0, 94),
(4, 'Sent', 0, 95),
(5, 'Credit Invoice', 0, 96),
(6, 'Paid', 0, 97);

-- --------------------------------------------------------

--
-- Table structure for table `vtiger_invoicestatushistory`
--

CREATE TABLE IF NOT EXISTS `vtiger_invoicestatushistory` (
  `historyid` int(19) NOT NULL AUTO_INCREMENT,
  `invoiceid` int(19) NOT NULL,
  `accountname` varchar(100) DEFAULT NULL,
  `total` decimal(10,0) DEFAULT NULL,
  `invoicestatus` varchar(200) DEFAULT NULL,
  `lastmodified` datetime DEFAULT NULL,
  PRIMARY KEY (`historyid`),
  KEY `invoicestatushistory_invoiceid_idx` (`invoiceid`)
) ENGINE=InnoDB DEFAULT CHARSET=utf8 AUTO_INCREMENT=1 ;

-- --------------------------------------------------------

--
-- Table structure for table `vtiger_invoicestatus_seq`
--

CREATE TABLE IF NOT EXISTS `vtiger_invoicestatus_seq` (
  `id` int(11) NOT NULL
) ENGINE=InnoDB DEFAULT CHARSET=utf8;

--
-- Dumping data for table `vtiger_invoicestatus_seq`
--

INSERT INTO `vtiger_invoicestatus_seq` (`id`) VALUES
(6);

-- --------------------------------------------------------

--
-- Table structure for table `vtiger_invoice_recurring_info`
--

CREATE TABLE IF NOT EXISTS `vtiger_invoice_recurring_info` (
  `salesorderid` int(11) DEFAULT NULL,
  `recurring_frequency` varchar(200) DEFAULT NULL,
  `start_period` date DEFAULT NULL,
  `end_period` date DEFAULT NULL,
  `last_recurring_date` date DEFAULT NULL,
  `payment_duration` varchar(200) DEFAULT NULL,
  `invoice_status` varchar(200) DEFAULT NULL
) ENGINE=InnoDB DEFAULT CHARSET=utf8;

-- --------------------------------------------------------

--
-- Table structure for table `vtiger_language`
--

CREATE TABLE IF NOT EXISTS `vtiger_language` (
  `id` int(11) NOT NULL AUTO_INCREMENT,
  `name` varchar(50) DEFAULT NULL,
  `prefix` varchar(10) DEFAULT NULL,
  `label` varchar(30) DEFAULT NULL,
  `lastupdated` datetime DEFAULT NULL,
  `sequence` int(11) DEFAULT NULL,
  `isdefault` int(1) DEFAULT NULL,
  `active` int(1) DEFAULT NULL,
  PRIMARY KEY (`id`)
) ENGINE=InnoDB  DEFAULT CHARSET=utf8 AUTO_INCREMENT=3 ;

--
-- Dumping data for table `vtiger_language`
--

INSERT INTO `vtiger_language` (`id`, `name`, `prefix`, `label`, `lastupdated`, `sequence`, `isdefault`, `active`) VALUES
(1, 'English', 'en_us', 'US English', '2013-06-07 06:03:12', NULL, 1, 1),
(2, 'BritishEnglish', 'en_gb', 'British English', '2013-06-07 06:09:33', NULL, 0, 1);

-- --------------------------------------------------------

--
-- Table structure for table `vtiger_language_seq`
--

CREATE TABLE IF NOT EXISTS `vtiger_language_seq` (
  `id` int(11) NOT NULL
) ENGINE=InnoDB DEFAULT CHARSET=utf8;

--
-- Dumping data for table `vtiger_language_seq`
--

INSERT INTO `vtiger_language_seq` (`id`) VALUES
(2);

-- --------------------------------------------------------

--
-- Table structure for table `vtiger_lar`
--

CREATE TABLE IF NOT EXISTS `vtiger_lar` (
  `larid` int(19) NOT NULL DEFAULT '0',
  `name` varchar(50) NOT NULL,
  `createdby` int(19) NOT NULL DEFAULT '0',
  `createdon` date NOT NULL,
  PRIMARY KEY (`larid`),
  UNIQUE KEY `lar_name_idx` (`name`),
  KEY `lar_createdby_idx` (`createdby`)
) ENGINE=InnoDB DEFAULT CHARSET=utf8;

-- --------------------------------------------------------

--
-- Table structure for table `vtiger_leadacctrel`
--

CREATE TABLE IF NOT EXISTS `vtiger_leadacctrel` (
  `leadid` int(19) NOT NULL DEFAULT '0',
  `accountid` int(19) NOT NULL DEFAULT '0',
  PRIMARY KEY (`leadid`),
  KEY `leadacctrel_accountid_idx` (`accountid`)
) ENGINE=InnoDB DEFAULT CHARSET=utf8;

-- --------------------------------------------------------

--
-- Table structure for table `vtiger_leadaddress`
--

CREATE TABLE IF NOT EXISTS `vtiger_leadaddress` (
  `leadaddressid` int(19) NOT NULL DEFAULT '0',
  `city` varchar(30) DEFAULT NULL,
  `code` varchar(30) DEFAULT NULL,
  `state` varchar(30) DEFAULT NULL,
  `pobox` varchar(30) DEFAULT NULL,
  `country` varchar(30) DEFAULT NULL,
  `phone` varchar(50) DEFAULT NULL,
  `mobile` varchar(50) DEFAULT NULL,
  `fax` varchar(50) DEFAULT NULL,
  `lane` varchar(250) DEFAULT NULL,
  `leadaddresstype` varchar(30) DEFAULT 'Billing',
  PRIMARY KEY (`leadaddressid`)
) ENGINE=InnoDB DEFAULT CHARSET=utf8;

-- --------------------------------------------------------

--
-- Table structure for table `vtiger_leadcontrel`
--

CREATE TABLE IF NOT EXISTS `vtiger_leadcontrel` (
  `leadid` int(19) NOT NULL DEFAULT '0',
  `contactid` int(19) NOT NULL DEFAULT '0',
  PRIMARY KEY (`leadid`),
  KEY `leadcontrel_contactid_idx` (`contactid`)
) ENGINE=InnoDB DEFAULT CHARSET=utf8;

-- --------------------------------------------------------

--
-- Table structure for table `vtiger_leaddetails`
--

CREATE TABLE IF NOT EXISTS `vtiger_leaddetails` (
  `leadid` int(19) NOT NULL,
  `lead_no` varchar(100) NOT NULL,
  `email` varchar(100) DEFAULT NULL,
  `interest` varchar(50) DEFAULT NULL,
  `firstname` varchar(40) DEFAULT NULL,
  `salutation` varchar(200) DEFAULT NULL,
  `lastname` varchar(80) NOT NULL,
  `company` varchar(100) NOT NULL,
  `annualrevenue` int(19) DEFAULT '0',
  `industry` varchar(200) DEFAULT NULL,
  `campaign` varchar(30) DEFAULT NULL,
  `rating` varchar(200) DEFAULT NULL,
  `leadstatus` varchar(50) DEFAULT NULL,
  `leadsource` varchar(200) DEFAULT NULL,
  `converted` int(1) DEFAULT '0',
  `designation` varchar(50) DEFAULT 'SalesMan',
  `licencekeystatus` varchar(50) DEFAULT NULL,
  `space` varchar(250) DEFAULT NULL,
  `comments` text,
  `priority` varchar(50) DEFAULT NULL,
  `demorequest` varchar(50) DEFAULT NULL,
  `partnercontact` varchar(50) DEFAULT NULL,
  `productversion` varchar(20) DEFAULT NULL,
  `product` varchar(50) DEFAULT NULL,
  `maildate` date DEFAULT NULL,
  `nextstepdate` date DEFAULT NULL,
  `fundingsituation` varchar(50) DEFAULT NULL,
  `purpose` varchar(50) DEFAULT NULL,
  `evaluationstatus` varchar(50) DEFAULT NULL,
  `transferdate` date DEFAULT NULL,
  `revenuetype` varchar(50) DEFAULT NULL,
  `noofemployees` int(50) DEFAULT NULL,
  `secondaryemail` varchar(100) DEFAULT NULL,
  `assignleadchk` int(1) DEFAULT '0',
  PRIMARY KEY (`leadid`),
  KEY `leaddetails_converted_leadstatus_idx` (`converted`,`leadstatus`)
) ENGINE=InnoDB DEFAULT CHARSET=utf8;

-- --------------------------------------------------------

--
-- Table structure for table `vtiger_leadpotrel`
--

CREATE TABLE IF NOT EXISTS `vtiger_leadpotrel` (
  `leadid` int(19) NOT NULL DEFAULT '0',
  `potentialid` int(19) NOT NULL DEFAULT '0',
  PRIMARY KEY (`potentialid`),
  UNIQUE KEY `leadpotrel_leadid_idx` (`leadid`)
) ENGINE=InnoDB DEFAULT CHARSET=utf8;

-- --------------------------------------------------------

--
-- Table structure for table `vtiger_leadscf`
--

CREATE TABLE IF NOT EXISTS `vtiger_leadscf` (
  `leadid` int(19) NOT NULL DEFAULT '0',
  PRIMARY KEY (`leadid`)
) ENGINE=InnoDB DEFAULT CHARSET=utf8;

-- --------------------------------------------------------

--
-- Table structure for table `vtiger_leadsource`
--

CREATE TABLE IF NOT EXISTS `vtiger_leadsource` (
  `leadsourceid` int(19) NOT NULL AUTO_INCREMENT,
  `leadsource` varchar(200) NOT NULL,
  `presence` int(1) NOT NULL DEFAULT '1',
  `picklist_valueid` int(19) NOT NULL DEFAULT '0',
  PRIMARY KEY (`leadsourceid`)
) ENGINE=InnoDB  DEFAULT CHARSET=utf8 AUTO_INCREMENT=14 ;

--
-- Dumping data for table `vtiger_leadsource`
--

INSERT INTO `vtiger_leadsource` (`leadsourceid`, `leadsource`, `presence`, `picklist_valueid`) VALUES
(1, '--None--', 1, 98),
(2, 'Cold Call', 1, 99),
(3, 'Existing Customer', 1, 100),
(4, 'Self Generated', 1, 101),
(5, 'Employee', 1, 102),
(6, 'Partner', 1, 103),
(7, 'Public Relations', 1, 104),
(8, 'Direct Mail', 1, 105),
(9, 'Conference', 1, 106),
(10, 'Trade Show', 1, 107),
(11, 'Web Site', 1, 108),
(12, 'Word of mouth', 1, 109),
(13, 'Other', 1, 110);

-- --------------------------------------------------------

--
-- Table structure for table `vtiger_leadsource_seq`
--

CREATE TABLE IF NOT EXISTS `vtiger_leadsource_seq` (
  `id` int(11) NOT NULL
) ENGINE=InnoDB DEFAULT CHARSET=utf8;

--
-- Dumping data for table `vtiger_leadsource_seq`
--

INSERT INTO `vtiger_leadsource_seq` (`id`) VALUES
(13);

-- --------------------------------------------------------

--
-- Table structure for table `vtiger_leadstage`
--

CREATE TABLE IF NOT EXISTS `vtiger_leadstage` (
  `leadstageid` int(19) NOT NULL AUTO_INCREMENT,
  `stage` varchar(200) NOT NULL,
  `sortorderid` int(19) NOT NULL DEFAULT '0',
  `presence` int(1) NOT NULL DEFAULT '1',
  PRIMARY KEY (`leadstageid`),
  UNIQUE KEY `leadstage_stage_idx` (`stage`)
) ENGINE=InnoDB DEFAULT CHARSET=utf8 AUTO_INCREMENT=1 ;

-- --------------------------------------------------------

--
-- Table structure for table `vtiger_leadstatus`
--

CREATE TABLE IF NOT EXISTS `vtiger_leadstatus` (
  `leadstatusid` int(19) NOT NULL AUTO_INCREMENT,
  `leadstatus` varchar(200) NOT NULL,
  `presence` int(1) NOT NULL DEFAULT '1',
  `picklist_valueid` int(19) NOT NULL DEFAULT '0',
  PRIMARY KEY (`leadstatusid`)
) ENGINE=InnoDB  DEFAULT CHARSET=utf8 AUTO_INCREMENT=13 ;

--
-- Dumping data for table `vtiger_leadstatus`
--

INSERT INTO `vtiger_leadstatus` (`leadstatusid`, `leadstatus`, `presence`, `picklist_valueid`) VALUES
(1, '--None--', 1, 111),
(2, 'Attempted to Contact', 1, 112),
(3, 'Cold', 1, 113),
(4, 'Contact in Future', 1, 114),
(5, 'Contacted', 1, 115),
(6, 'Hot', 1, 116),
(7, 'Junk Lead', 1, 117),
(8, 'Lost Lead', 1, 118),
(9, 'Not Contacted', 1, 119),
(10, 'Pre Qualified', 1, 120),
(11, 'Qualified', 1, 121),
(12, 'Warm', 1, 122);

-- --------------------------------------------------------

--
-- Table structure for table `vtiger_leadstatus_seq`
--

CREATE TABLE IF NOT EXISTS `vtiger_leadstatus_seq` (
  `id` int(11) NOT NULL
) ENGINE=InnoDB DEFAULT CHARSET=utf8;

--
-- Dumping data for table `vtiger_leadstatus_seq`
--

INSERT INTO `vtiger_leadstatus_seq` (`id`) VALUES
(12);

-- --------------------------------------------------------

--
-- Table structure for table `vtiger_leadsubdetails`
--

CREATE TABLE IF NOT EXISTS `vtiger_leadsubdetails` (
  `leadsubscriptionid` int(19) NOT NULL DEFAULT '0',
  `website` varchar(255) DEFAULT NULL,
  `callornot` int(1) DEFAULT '0',
  `readornot` int(1) DEFAULT '0',
  `empct` int(10) DEFAULT '0',
  PRIMARY KEY (`leadsubscriptionid`)
) ENGINE=InnoDB DEFAULT CHARSET=utf8;

-- --------------------------------------------------------

--
-- Table structure for table `vtiger_lead_view`
--

CREATE TABLE IF NOT EXISTS `vtiger_lead_view` (
  `lead_viewid` int(19) NOT NULL AUTO_INCREMENT,
  `lead_view` varchar(200) NOT NULL,
  `sortorderid` int(19) NOT NULL DEFAULT '0',
  `presence` int(1) NOT NULL DEFAULT '1',
  PRIMARY KEY (`lead_viewid`)
) ENGINE=InnoDB  DEFAULT CHARSET=utf8 AUTO_INCREMENT=4 ;

--
-- Dumping data for table `vtiger_lead_view`
--

INSERT INTO `vtiger_lead_view` (`lead_viewid`, `lead_view`, `sortorderid`, `presence`) VALUES
(1, 'Today', 0, 1),
(2, 'Last 2 Days', 1, 1),
(3, 'Last Week', 2, 1);

-- --------------------------------------------------------

--
-- Table structure for table `vtiger_lead_view_seq`
--

CREATE TABLE IF NOT EXISTS `vtiger_lead_view_seq` (
  `id` int(11) NOT NULL
) ENGINE=InnoDB DEFAULT CHARSET=utf8;

--
-- Dumping data for table `vtiger_lead_view_seq`
--

INSERT INTO `vtiger_lead_view_seq` (`id`) VALUES
(3);

-- --------------------------------------------------------

--
-- Table structure for table `vtiger_licencekeystatus`
--

CREATE TABLE IF NOT EXISTS `vtiger_licencekeystatus` (
  `licencekeystatusid` int(19) NOT NULL AUTO_INCREMENT,
  `licencekeystatus` varchar(200) NOT NULL,
  `sortorderid` int(19) NOT NULL DEFAULT '0',
  `presence` int(1) NOT NULL DEFAULT '1',
  PRIMARY KEY (`licencekeystatusid`)
) ENGINE=InnoDB DEFAULT CHARSET=utf8 AUTO_INCREMENT=1 ;

-- --------------------------------------------------------

--
-- Table structure for table `vtiger_links`
--

CREATE TABLE IF NOT EXISTS `vtiger_links` (
  `linkid` int(11) NOT NULL,
  `tabid` int(11) DEFAULT NULL,
  `linktype` varchar(20) DEFAULT NULL,
  `linklabel` varchar(30) DEFAULT NULL,
  `linkurl` varchar(255) DEFAULT NULL,
  `linkicon` varchar(100) DEFAULT NULL,
  `sequence` int(11) DEFAULT NULL,
  `handler_path` varchar(128) DEFAULT NULL,
  `handler_class` varchar(32) DEFAULT NULL,
  `handler` varchar(32) DEFAULT NULL,
  PRIMARY KEY (`linkid`),
  KEY `link_tabidtype_idx` (`tabid`,`linktype`)
) ENGINE=InnoDB DEFAULT CHARSET=utf8;

--
-- Dumping data for table `vtiger_links`
--

INSERT INTO `vtiger_links` (`linkid`, `tabid`, `linktype`, `linklabel`, `linkurl`, `linkicon`, `sequence`, `handler_path`, `handler_class`, `handler`) VALUES
(1, 6, 'DETAILVIEWBASIC', 'LBL_ADD_NOTE', 'index.php?module=Documents&action=EditView&return_module=$MODULE$&return_action=DetailView&return_id=$RECORD$&parent_id=$RECORD$', 'themes/images/bookMark.gif', 0, NULL, NULL, NULL),
(2, 6, 'DETAILVIEWBASIC', 'LBL_SHOW_ACCOUNT_HIERARCHY', 'index.php?module=Accounts&action=AccountHierarchy&accountid=$RECORD$', '', 0, NULL, NULL, NULL),
(3, 7, 'DETAILVIEWBASIC', 'LBL_ADD_NOTE', 'index.php?module=Documents&action=EditView&return_module=$MODULE$&return_action=DetailView&return_id=$RECORD$&parent_id=$RECORD$', 'themes/images/bookMark.gif', 0, NULL, NULL, NULL),
(4, 4, 'DETAILVIEWBASIC', 'LBL_ADD_NOTE', 'index.php?module=Documents&action=EditView&return_module=$MODULE$&return_action=DetailView&return_id=$RECORD$&parent_id=$RECORD$', 'themes/images/bookMark.gif', 0, NULL, NULL, NULL),
(5, 35, 'HEADERSCRIPT', 'ModTrackerCommon_JS', 'modules/ModTracker/ModTrackerCommon.js', '', 0, NULL, NULL, NULL),
(6, 45, 'HEADERSCRIPT', 'ModCommentsCommonHeaderScript', 'modules/ModComments/ModCommentsCommon.js', '', 0, NULL, NULL, NULL),
(7, 7, 'DETAILVIEWWIDGET', 'DetailViewBlockCommentWidget', 'block://ModComments:modules/ModComments/ModComments.php', '', 0, NULL, NULL, NULL),
(8, 4, 'DETAILVIEWWIDGET', 'DetailViewBlockCommentWidget', 'block://ModComments:modules/ModComments/ModComments.php', '', 0, NULL, NULL, NULL),
(9, 6, 'DETAILVIEWWIDGET', 'DetailViewBlockCommentWidget', 'block://ModComments:modules/ModComments/ModComments.php', '', 0, NULL, NULL, NULL),
(10, 2, 'DETAILVIEWWIDGET', 'DetailViewBlockCommentWidget', 'block://ModComments:modules/ModComments/ModComments.php', '', 0, NULL, NULL, NULL),
(11, 47, 'DETAILVIEWBASIC', 'Add Note', 'index.php?module=Documents&action=EditView&return_module=ProjectTask&return_action=DetailView&return_id=$RECORD$&parent_id=$RECORD$', '', 0, NULL, NULL, NULL),
(12, 47, 'DETAILVIEWWIDGET', 'DetailViewBlockCommentWidget', 'block://ModComments:modules/ModComments/ModComments.php', '', 0, NULL, NULL, NULL),
(13, 48, 'DETAILVIEWBASIC', 'Add Project Task', 'index.php?module=ProjectTask&action=EditView&projectid=$RECORD$&return_module=Project&return_action=DetailView&return_id=$RECORD$', '', 0, NULL, NULL, NULL),
(14, 48, 'DETAILVIEWBASIC', 'Add Note', 'index.php?module=Documents&action=EditView&return_module=Project&return_action=DetailView&return_id=$RECORD$&parent_id=$RECORD$', '', 1, NULL, NULL, NULL),
(15, 48, 'DETAILVIEWWIDGET', 'DetailViewBlockCommentWidget', 'block://ModComments:modules/ModComments/ModComments.php', '', 0, NULL, NULL, NULL),
(16, 50, 'DETAILVIEWBASIC', 'LBL_CHECK_STATUS', 'javascript:SMSNotifier.checkstatus($RECORD$)', 'themes/images/reload.gif', 0, NULL, NULL, NULL),
(26, 51, 'HEADERSCRIPT', 'ToolTip_HeaderScript', 'modules/Tooltip/TooltipHeaderScript.js', '', 0, NULL, NULL, NULL);

-- --------------------------------------------------------

--
-- Table structure for table `vtiger_links_seq`
--

CREATE TABLE IF NOT EXISTS `vtiger_links_seq` (
  `id` int(11) NOT NULL
) ENGINE=InnoDB DEFAULT CHARSET=utf8;

--
-- Dumping data for table `vtiger_links_seq`
--

INSERT INTO `vtiger_links_seq` (`id`) VALUES
(45);

-- --------------------------------------------------------

--
-- Table structure for table `vtiger_loginhistory`
--

CREATE TABLE IF NOT EXISTS `vtiger_loginhistory` (
  `login_id` int(11) NOT NULL AUTO_INCREMENT,
  `user_name` varchar(25) NOT NULL,
  `user_ip` varchar(25) NOT NULL,
  `logout_time` timestamp NOT NULL DEFAULT CURRENT_TIMESTAMP ON UPDATE CURRENT_TIMESTAMP,
  `login_time` timestamp NOT NULL DEFAULT '0000-00-00 00:00:00',
  `status` varchar(25) DEFAULT NULL,
  PRIMARY KEY (`login_id`)
) ENGINE=InnoDB  DEFAULT CHARSET=utf8 AUTO_INCREMENT=192 ;

--
-- Dumping data for table `vtiger_loginhistory`
--

INSERT INTO `vtiger_loginhistory` (`login_id`, `user_name`, `user_ip`, `logout_time`, `login_time`, `status`) VALUES
(1, 'admin', '127.0.0.1', '2013-06-07 00:48:56', '2013-06-06 22:10:39', 'Signed off'),
(2, 'admin', '127.0.0.1', '2013-06-07 00:56:55', '2013-06-07 00:55:21', 'Signed off'),
(3, 'admin', '127.0.0.1', '2013-06-07 01:42:48', '2013-06-07 00:57:29', 'Signed off'),
(4, 'admin', '127.0.0.1', '2013-06-07 01:52:12', '2013-06-07 01:43:07', 'Signed off'),
(5, 'salesman1', '127.0.0.1', '2013-06-07 01:55:12', '2013-06-07 01:52:40', 'Signed off'),
(6, 'salesman1', '127.0.0.1', '0000-00-00 00:00:00', '2013-06-07 01:57:04', 'Signed in'),
(7, 'admin', '127.0.0.1', '2013-06-07 06:22:14', '2013-06-07 05:57:15', 'Signed off'),
(8, 'admin', '127.0.0.1', '0000-00-00 00:00:00', '2013-06-07 16:14:04', 'Signed in'),
(9, 'salesman1', '127.0.0.1', '0000-00-00 00:00:00', '2013-06-07 16:40:52', 'Signed in'),
(10, 'admin', '127.0.0.1', '2013-06-07 17:00:06', '2013-06-07 16:55:13', 'Signed off'),
(11, 'admin', '127.0.0.1', '2013-06-17 04:58:48', '2013-06-17 03:58:08', 'Signed off'),
(12, 'admin', '127.0.0.1', '0000-00-00 00:00:00', '2013-06-17 05:00:48', 'Signed in'),
(13, 'admin', '127.0.0.1', '2013-06-24 00:51:04', '2013-06-24 00:39:38', 'Signed off'),
(14, 'admin', '127.0.0.1', '2013-06-24 01:05:23', '2013-06-24 00:51:50', 'Signed off'),
(15, 'admin', '127.0.0.1', '2013-06-24 02:02:54', '2013-06-24 01:05:35', 'Signed off'),
(16, 'admin', '127.0.0.1', '2013-06-24 02:03:58', '2013-06-24 02:02:59', 'Signed off'),
(17, 'admin', '127.0.0.1', '2013-06-24 02:07:53', '2013-06-24 02:04:01', 'Signed off'),
(18, 'clerk1', '127.0.0.1', '0000-00-00 00:00:00', '2013-06-24 02:07:57', 'Signed in'),
(19, 'clerk1', '192.168.1.106', '0000-00-00 00:00:00', '2013-06-24 02:27:38', 'Signed in'),
(20, 'admin', '192.168.1.108', '0000-00-00 00:00:00', '2013-06-24 17:33:20', 'Signed in'),
(21, 'clerk1', '192.168.1.121', '2013-06-25 19:53:02', '2013-06-25 19:52:14', 'Signed off'),
(22, 'admin', '192.168.1.121', '2013-06-26 01:16:55', '2013-06-25 19:53:06', 'Signed off'),
(23, 'clerk1', '192.168.1.121', '2013-06-26 01:17:22', '2013-06-26 01:16:59', 'Signed off'),
(24, 'admin', '192.168.1.121', '0000-00-00 00:00:00', '2013-06-26 01:17:27', 'Signed in'),
(25, 'admin', '192.168.1.121', '0000-00-00 00:00:00', '2013-06-26 01:25:26', 'Signed in'),
(26, 'clerk1', '192.168.1.159', '2013-06-26 19:08:58', '2013-06-26 19:08:10', 'Signed off'),
(27, 'admin', '192.168.1.159', '2013-06-26 19:09:43', '2013-06-26 19:09:01', 'Signed off'),
(28, 'clerk1', '192.168.1.159', '2013-06-26 19:16:37', '2013-06-26 19:09:47', 'Signed off'),
(29, 'admin', '192.168.1.159', '2013-06-26 19:17:00', '2013-06-26 19:16:41', 'Signed off'),
(30, 'clerk1', '192.168.1.159', '2013-06-27 02:17:59', '2013-06-26 19:17:06', 'Signed off'),
(31, 'admin', '192.168.1.159', '0000-00-00 00:00:00', '2013-06-26 22:15:39', 'Signed in'),
(32, 'admin', '192.168.1.159', '2013-06-27 02:19:27', '2013-06-27 02:18:02', 'Signed off'),
(33, 'clerk1', '192.168.1.159', '2013-06-27 02:19:51', '2013-06-27 02:19:31', 'Signed off'),
(34, 'admin', '192.168.1.159', '2013-06-27 02:20:10', '2013-06-27 02:19:54', 'Signed off'),
(35, 'clerk1', '192.168.1.159', '2013-06-27 02:23:55', '2013-06-27 02:20:19', 'Signed off'),
(36, 'admin', '192.168.1.159', '2013-06-27 02:24:18', '2013-06-27 02:23:59', 'Signed off'),
(37, 'clerk1', '192.168.1.159', '2013-06-27 02:28:04', '2013-06-27 02:24:23', 'Signed off'),
(38, 'admin', '192.168.1.159', '2013-06-27 02:28:56', '2013-06-27 02:28:07', 'Signed off'),
(39, 'admin', '192.168.1.159', '2013-06-27 02:29:54', '2013-06-27 02:29:00', 'Signed off'),
(40, 'clerk1', '192.168.1.159', '0000-00-00 00:00:00', '2013-06-27 02:29:59', 'Signed in'),
(41, 'admin', '192.168.1.105', '2013-06-27 18:08:19', '2013-06-27 17:00:49', 'Signed off'),
(42, 'clerk1', '192.168.1.105', '2013-06-27 18:10:10', '2013-06-27 18:08:23', 'Signed off'),
(43, 'admin', '192.168.1.105', '2013-06-27 18:11:22', '2013-06-27 18:10:19', 'Signed off'),
(44, 'clerk1', '192.168.1.105', '2013-06-27 18:11:41', '2013-06-27 18:11:27', 'Signed off'),
(45, 'clerk1', '192.168.1.105', '0000-00-00 00:00:00', '2013-06-27 18:11:52', 'Signed in'),
(46, 'clerk1', '192.168.1.105', '2013-06-27 19:38:11', '2013-06-27 18:43:05', 'Signed off'),
(47, 'clerk1', '192.168.1.105', '2013-06-27 19:48:36', '2013-06-27 19:38:43', 'Signed off'),
(48, 'clerk1', '192.168.1.105', '2013-06-27 19:50:52', '2013-06-27 19:48:40', 'Signed off'),
(49, 'admin', '192.168.1.105', '2013-06-27 19:53:27', '2013-06-27 19:50:56', 'Signed off'),
(50, 'clerk1', '192.168.1.105', '2013-06-27 19:55:17', '2013-06-27 19:53:32', 'Signed off'),
(51, 'clerk1', '192.168.1.105', '2013-06-27 19:56:11', '2013-06-27 19:55:24', 'Signed off'),
(52, 'clerk1', '192.168.1.105', '2013-06-27 19:57:30', '2013-06-27 19:56:15', 'Signed off'),
(53, 'clerk1', '192.168.1.105', '2013-06-27 19:58:49', '2013-06-27 19:57:36', 'Signed off'),
(54, 'clerk1', '192.168.1.105', '2013-06-27 20:00:05', '2013-06-27 19:58:53', 'Signed off'),
(55, 'clerk1', '192.168.1.105', '2013-06-27 20:11:44', '2013-06-27 20:00:09', 'Signed off'),
(56, 'clerk1', '192.168.1.105', '2013-06-27 20:12:30', '2013-06-27 20:11:48', 'Signed off'),
(57, 'clerk1', '192.168.1.105', '0000-00-00 00:00:00', '2013-06-27 20:12:34', 'Signed in'),
(58, 'clerk1', '192.168.1.105', '2013-06-27 21:46:26', '2013-06-27 21:33:59', 'Signed off'),
(59, 'admin', '192.168.1.105', '2013-06-27 21:47:59', '2013-06-27 21:46:32', 'Signed off'),
(60, 'clerk1', '192.168.1.105', '0000-00-00 00:00:00', '2013-06-27 21:48:06', 'Signed in'),
(61, 'admin', '192.168.1.179', '0000-00-00 00:00:00', '2013-06-30 17:10:17', 'Signed in'),
(62, 'admin', '192.168.1.193', '0000-00-00 00:00:00', '2013-06-30 17:33:16', 'Signed in'),
(63, 'admin', '192.168.1.193', '0000-00-00 00:00:00', '2013-06-30 17:56:06', 'Signed in'),
(64, 'admin', '192.168.1.130', '0000-00-00 00:00:00', '2013-07-02 00:47:55', 'Signed in'),
(65, 'admin', '192.168.1.186', '2013-07-03 00:04:37', '2013-07-02 21:38:37', 'Signed off'),
(66, 'clerk1', '192.168.1.186', '2013-07-03 00:04:50', '2013-07-03 00:04:41', 'Signed off'),
(67, 'admin', '192.168.1.186', '2013-07-03 00:05:33', '2013-07-03 00:04:53', 'Signed off'),
(68, 'clerk1', '192.168.1.186', '2013-07-03 00:06:02', '2013-07-03 00:05:38', 'Signed off'),
(69, 'admin', '192.168.1.186', '2013-07-03 00:20:32', '2013-07-03 00:16:06', 'Signed off'),
(70, 'admin', '192.168.1.186', '2013-07-03 00:31:26', '2013-07-03 00:20:37', 'Signed off'),
(71, 'admin', '192.168.1.186', '2013-07-03 00:31:46', '2013-07-03 00:31:30', 'Signed off'),
(72, 'admin', '192.168.1.186', '0000-00-00 00:00:00', '2013-07-03 00:31:50', 'Signed in'),
(73, 'admin', '192.168.1.186', '2013-07-03 00:32:04', '2013-07-03 00:31:50', 'Signed off'),
(74, 'admin', '192.168.1.186', '2013-07-03 00:32:37', '2013-07-03 00:32:07', 'Signed off'),
(75, 'admin', '192.168.1.186', '2013-07-03 00:32:55', '2013-07-03 00:32:41', 'Signed off'),
(76, 'admin', '192.168.1.186', '2013-07-03 00:33:11', '2013-07-03 00:32:58', 'Signed off'),
(77, 'admin', '192.168.1.186', '2013-07-03 00:33:29', '2013-07-03 00:33:15', 'Signed off'),
(78, 'admin', '192.168.1.186', '2013-07-03 00:35:01', '2013-07-03 00:33:33', 'Signed off'),
(79, 'admin', '192.168.1.186', '2013-07-03 00:35:25', '2013-07-03 00:35:05', 'Signed off'),
(80, 'admin', '192.168.1.186', '2013-07-03 00:35:40', '2013-07-03 00:35:30', 'Signed off'),
(81, 'admin', '192.168.1.186', '2013-07-03 00:37:09', '2013-07-03 00:35:43', 'Signed off'),
(82, 'admin', '192.168.1.186', '2013-07-03 00:38:46', '2013-07-03 00:38:29', 'Signed off'),
(83, 'clerk1', '192.168.1.186', '2013-07-03 00:44:31', '2013-07-03 00:38:50', 'Signed off'),
(84, 'admin', '192.168.1.186', '2013-07-03 01:10:25', '2013-07-03 00:48:50', 'Signed off'),
(85, 'clerk1', '192.168.1.186', '2013-07-03 02:00:52', '2013-07-03 01:10:32', 'Signed off'),
(86, 'admin', '192.168.1.186', '2013-07-03 02:01:09', '2013-07-03 02:00:57', 'Signed off'),
(87, 'clerk1', '192.168.1.186', '2013-07-03 02:16:36', '2013-07-03 02:01:14', 'Signed off'),
(88, 'admin', '192.168.1.186', '2013-07-03 02:17:05', '2013-07-03 02:16:39', 'Signed off'),
(89, 'admin', '192.168.1.148', '2013-07-03 18:47:54', '2013-07-03 16:42:01', 'Signed off'),
(90, 'admin', '192.168.1.148', '0000-00-00 00:00:00', '2013-07-03 18:47:57', 'Signed in'),
(91, 'admin', '192.168.1.148', '2013-07-03 19:49:16', '2013-07-03 19:48:32', 'Signed off'),
(92, 'clerk1', '192.168.1.148', '2013-07-03 22:46:37', '2013-07-03 19:49:20', 'Signed off'),
(93, 'admin', '192.168.1.148', '2013-07-03 23:07:12', '2013-07-03 22:46:41', 'Signed off'),
(94, 'clerk1', '192.168.1.148', '2013-07-03 23:23:56', '2013-07-03 23:07:19', 'Signed off'),
(95, 'admin', '192.168.1.148', '2013-07-03 23:30:53', '2013-07-03 23:24:00', 'Signed off'),
(96, 'clerk1', '192.168.1.148', '2013-07-03 23:31:07', '2013-07-03 23:30:58', 'Signed off'),
(97, 'admin', '192.168.1.148', '2013-07-03 23:32:04', '2013-07-03 23:31:11', 'Signed off'),
(98, 'clerk1', '192.168.1.148', '2013-07-03 23:35:35', '2013-07-03 23:32:09', 'Signed off'),
(99, 'admin', '192.168.1.148', '2013-07-03 23:56:25', '2013-07-03 23:35:41', 'Signed off'),
(100, 'clerk1', '192.168.1.148', '2013-07-04 00:39:16', '2013-07-03 23:56:29', 'Signed off'),
(101, 'admin', '192.168.1.148', '2013-07-04 00:40:45', '2013-07-04 00:39:22', 'Signed off'),
(102, 'clerk1', '192.168.1.148', '2013-07-04 00:41:08', '2013-07-04 00:40:49', 'Signed off'),
(103, 'admin', '192.168.1.148', '0000-00-00 00:00:00', '2013-07-04 00:41:11', 'Signed in'),
(104, 'admin', '192.168.1.135', '2013-07-04 23:27:48', '2013-07-04 23:17:57', 'Signed off'),
(105, 'clerk1', '192.168.1.135', '2013-07-04 23:44:24', '2013-07-04 23:27:54', 'Signed off'),
(106, 'admin', '192.168.1.135', '2013-07-04 23:53:20', '2013-07-04 23:44:27', 'Signed off'),
(107, 'clerk1', '192.168.1.135', '2013-07-04 23:55:52', '2013-07-04 23:53:24', 'Signed off'),
(108, 'admin', '192.168.1.135', '2013-07-05 00:14:42', '2013-07-04 23:55:55', 'Signed off'),
(109, 'clerk1', '192.168.1.135', '0000-00-00 00:00:00', '2013-07-05 00:14:47', 'Signed in'),
(110, 'clerk1', '192.168.1.163', '2013-07-07 20:02:59', '2013-07-07 17:29:14', 'Signed off'),
(111, 'clerk1', '192.168.1.163', '2013-07-07 23:10:57', '2013-07-07 21:35:22', 'Signed off'),
(112, 'clerk1', '192.168.1.151', '2013-07-08 02:24:00', '2013-07-07 22:54:33', 'Signed off'),
(113, 'clerk1', '192.168.1.163', '0000-00-00 00:00:00', '2013-07-07 23:18:12', 'Signed in'),
(114, 'admin', '192.168.1.177', '0000-00-00 00:00:00', '2013-07-08 19:27:16', 'Signed in'),
(115, 'clerk1', '192.168.1.177', '0000-00-00 00:00:00', '2013-07-08 19:55:24', 'Signed in'),
(116, 'clerk1', '192.168.1.177', '2013-07-08 21:39:29', '2013-07-08 21:36:49', 'Signed off'),
(117, 'clerk1', '192.168.1.177', '0000-00-00 00:00:00', '2013-07-08 22:19:35', 'Signed in'),
(118, 'clerk1', '192.168.1.177', '2013-07-09 00:18:20', '2013-07-09 00:17:23', 'Signed off'),
(119, 'admin', '192.168.1.177', '2013-07-09 00:18:59', '2013-07-09 00:18:23', 'Signed off'),
(120, 'clerk1', '192.168.1.177', '2013-07-09 00:19:30', '2013-07-09 00:19:04', 'Signed off'),
(121, 'admin', '192.168.1.177', '2013-07-09 00:20:27', '2013-07-09 00:19:33', 'Signed off'),
(122, 'clerk1', '192.168.1.177', '2013-07-09 02:15:10', '2013-07-09 00:20:37', 'Signed off'),
(123, 'clerk1', '192.168.1.177', '2013-07-09 17:40:44', '2013-07-09 17:34:54', 'Signed off'),
(124, 'admin', '192.168.1.177', '2013-07-09 18:53:16', '2013-07-09 17:40:47', 'Signed off'),
(125, 'clerk1', '192.168.1.177', '2013-07-09 19:00:38', '2013-07-09 19:00:25', 'Signed off'),
(126, 'admin', '192.168.1.177', '0000-00-00 00:00:00', '2013-07-09 19:00:41', 'Signed in'),
(127, 'clerk1', '192.168.1.177', '2013-07-09 19:49:56', '2013-07-09 19:49:53', 'Signed off'),
(128, 'admin', '192.168.1.177', '0000-00-00 00:00:00', '2013-07-09 19:49:59', 'Signed in'),
(129, 'admin', '192.168.1.177', '0000-00-00 00:00:00', '2013-07-09 21:41:32', 'Signed in'),
(130, 'admin', '192.168.1.165', '0000-00-00 00:00:00', '2013-07-09 22:07:51', 'Signed in'),
(131, 'admin', '192.168.1.165', '0000-00-00 00:00:00', '2013-07-09 23:32:20', 'Signed in'),
(132, 'admin', '192.168.1.165', '2013-07-10 00:24:42', '2013-07-10 00:24:09', 'Signed off'),
(133, 'admin', '192.168.1.165', '0000-00-00 00:00:00', '2013-07-10 00:24:51', 'Signed in'),
(134, 'admin', '192.168.1.165', '2013-07-10 02:36:11', '2013-07-10 00:35:33', 'Signed off'),
(135, 'clerk1', '192.168.1.177', '2013-07-10 17:28:58', '2013-07-10 17:26:55', 'Signed off'),
(136, 'admin', '192.168.1.177', '0000-00-00 00:00:00', '2013-07-10 17:29:02', 'Signed in'),
(137, 'admin', '192.168.1.101', '2013-07-10 17:57:16', '2013-07-10 17:35:23', 'Signed off'),
(138, 'admin', '192.168.1.101', '2013-07-10 23:10:15', '2013-07-10 18:36:17', 'Signed off'),
(139, 'admin', '192.168.1.177', '2013-07-10 22:16:56', '2013-07-10 19:33:19', 'Signed off'),
(140, 'admin', '192.168.1.177', '2013-07-11 01:30:47', '2013-07-10 22:17:01', 'Signed off'),
(141, 'admin', '192.168.1.177', '2013-07-11 01:40:08', '2013-07-11 01:30:50', 'Signed off'),
(142, 'admin', '192.168.1.177', '0000-00-00 00:00:00', '2013-07-11 01:40:12', 'Signed in'),
(143, 'admin', '192.168.1.165', '2013-07-11 17:32:08', '2013-07-11 17:26:25', 'Signed off'),
(144, 'admin', '192.168.1.165', '2013-07-11 23:05:01', '2013-07-11 17:32:11', 'Signed off'),
(145, 'admin', '192.168.1.165', '2013-07-11 23:41:43', '2013-07-11 23:05:05', 'Signed off'),
(146, 'clerk1', '192.168.1.165', '2013-07-11 23:43:44', '2013-07-11 23:41:47', 'Signed off'),
(147, 'admin', '192.168.1.165', '2013-07-11 23:44:34', '2013-07-11 23:43:47', 'Signed off'),
(148, 'clerk1', '192.168.1.165', '2013-07-11 23:44:48', '2013-07-11 23:44:38', 'Signed off'),
(149, 'admin', '192.168.1.165', '2013-07-11 23:45:27', '2013-07-11 23:44:51', 'Signed off'),
(150, 'clerk1', '192.168.1.165', '2013-07-12 00:35:19', '2013-07-11 23:45:31', 'Signed off'),
(151, 'admin', '192.168.1.165', '2013-07-12 02:26:00', '2013-07-12 00:35:22', 'Signed off'),
(152, 'admin', '192.168.1.115', '2013-07-14 17:45:10', '2013-07-14 17:31:46', 'Signed off'),
(153, 'admin', '192.168.1.101', '0000-00-00 00:00:00', '2013-07-14 18:44:47', 'Signed in'),
(154, 'admin', '192.168.1.111', '2013-07-23 23:37:30', '2013-07-23 23:33:26', 'Signed off'),
(155, 'clerk1', '192.168.1.111', '2013-07-24 00:32:25', '2013-07-23 23:37:35', 'Signed off'),
(156, 'admin', '192.168.1.111', '0000-00-00 00:00:00', '2013-07-25 01:14:22', 'Signed in'),
(157, 'admin', '192.168.1.125', '0000-00-00 00:00:00', '2013-07-25 17:29:55', 'Signed in'),
(158, 'admin', '192.168.1.111', '0000-00-00 00:00:00', '2013-07-25 17:53:20', 'Signed in'),
(159, 'admin', '192.168.1.115', '0000-00-00 00:00:00', '2013-11-21 21:50:33', 'Signed in'),
(160, 'admin', '192.168.1.136', '2013-11-21 22:53:51', '2013-11-21 21:53:50', 'Signed off'),
(161, 'admin', '192.168.1.115', '0000-00-00 00:00:00', '2013-11-21 22:48:43', 'Signed in'),
(162, 'admin', '192.168.1.136', '0000-00-00 00:00:00', '2013-11-21 23:29:08', 'Signed in'),
(163, 'admin', '192.168.1.136', '0000-00-00 00:00:00', '2013-11-25 03:56:43', 'Signed in'),
(164, 'nextixadmin', '192.168.1.136', '0000-00-00 00:00:00', '2013-11-25 03:57:09', 'Signed in'),
(165, 'admin', '192.168.1.136', '0000-00-00 00:00:00', '2013-11-27 06:34:04', 'Signed in'),
(166, 'admin', '192.168.1.131', '0000-00-00 00:00:00', '2013-11-27 06:37:00', 'Signed in'),
(167, 'admin', '119.92.226.130', '0000-00-00 00:00:00', '2013-12-05 22:15:36', 'Signed in'),
(168, 'admin', '119.92.226.130', '0000-00-00 00:00:00', '2014-01-01 19:44:45', 'Signed in'),
(169, 'admin', '119.92.226.130', '0000-00-00 00:00:00', '2014-01-01 19:45:41', 'Signed in'),
(170, 'admin', '119.92.226.130', '2014-01-02 19:09:23', '2014-01-02 19:05:30', 'Signed off'),
(171, 'admin', '119.92.226.130', '2014-01-02 19:17:13', '2014-01-02 19:09:51', 'Signed off'),
(172, 'admin', '119.92.226.130', '0000-00-00 00:00:00', '2014-01-02 19:17:24', 'Signed in'),
(173, 'admin', '119.92.226.130', '0000-00-00 00:00:00', '2014-01-02 23:25:11', 'Signed in'),
(174, 'nextixadmin', '192.168.1.242', '0000-00-00 00:00:00', '2014-08-28 15:10:18', 'Signed in'),
(175, 'nextixadmin', '192.168.1.241', '0000-00-00 00:00:00', '2014-08-28 15:12:03', 'Signed in'),
(176, 'nextixadmin', '192.168.1.242', '0000-00-00 00:00:00', '2014-09-23 15:45:26', 'Signed in'),
(177, 'nextixadmin', '127.0.0.1', '0000-00-00 00:00:00', '2014-09-23 04:03:00', 'Signed in'),
(178, 'nextixadmin', '127.0.0.1', '2014-09-23 06:06:24', '2014-09-23 04:03:21', 'Signed off'),
(179, 'user', '127.0.0.1', '2014-09-23 06:06:35', '2014-09-23 06:06:29', 'Signed off'),
(180, 'nextixadmin', '127.0.0.1', '2014-09-23 06:07:53', '2014-09-23 06:06:56', 'Signed off'),
(181, 'nextixadmin', '127.0.0.1', '2014-09-23 06:33:16', '2014-09-23 06:31:52', 'Signed off'),
(182, 'nextixadmin', '127.0.0.1', '2014-09-23 06:34:36', '2014-09-23 06:33:45', 'Signed off'),
(183, 'nextixadmin', '127.0.0.1', '2014-09-23 10:25:06', '2014-09-23 10:10:21', 'Signed off'),
(184, 'nextixadmin', '127.0.0.1', '2014-09-24 03:08:37', '2014-09-24 02:16:52', 'Signed off'),
(185, 'nextixadmin', '127.0.0.1', '0000-00-00 00:00:00', '2014-09-24 07:51:21', 'Signed in'),
(186, 'nextixadmin', '127.0.0.1', '2014-09-26 03:55:56', '2014-09-26 03:02:24', 'Signed off'),
(187, 'nextixadmin', '127.0.0.1', '2014-09-26 06:17:50', '2014-09-26 06:01:04', 'Signed off'),
(188, 'nextixadmin', '127.0.0.1', '2014-09-26 06:45:06', '2014-09-26 06:43:00', 'Signed off'),
(189, 'nextixadmin', '127.0.0.1', '2014-09-26 10:27:34', '2014-09-26 09:17:55', 'Signed off'),
(190, 'nextixadmin', '127.0.0.1', '0000-00-00 00:00:00', '2014-09-26 10:27:50', 'Signed in'),
(191, 'nextixadmin', '127.0.0.1', '0000-00-00 00:00:00', '2014-09-29 03:25:47', 'Signed in');

-- --------------------------------------------------------

--
-- Table structure for table `vtiger_mailmanager_mailattachments`
--

CREATE TABLE IF NOT EXISTS `vtiger_mailmanager_mailattachments` (
  `userid` int(11) DEFAULT NULL,
  `muid` int(11) DEFAULT NULL,
  `aname` varchar(100) DEFAULT NULL,
  `lastsavedtime` int(11) DEFAULT NULL,
  `attachid` int(19) NOT NULL,
  `path` varchar(200) NOT NULL,
  KEY `userid_muid_idx` (`userid`,`muid`)
) ENGINE=InnoDB DEFAULT CHARSET=utf8;

-- --------------------------------------------------------

--
-- Table structure for table `vtiger_mailmanager_mailrecord`
--

CREATE TABLE IF NOT EXISTS `vtiger_mailmanager_mailrecord` (
  `userid` int(11) DEFAULT NULL,
  `mfrom` varchar(255) DEFAULT NULL,
  `mto` varchar(255) DEFAULT NULL,
  `mcc` varchar(500) DEFAULT NULL,
  `mbcc` varchar(500) DEFAULT NULL,
  `mdate` varchar(20) DEFAULT NULL,
  `msubject` varchar(500) DEFAULT NULL,
  `mbody` text,
  `mcharset` varchar(10) DEFAULT NULL,
  `misbodyhtml` int(1) DEFAULT NULL,
  `mplainmessage` int(1) DEFAULT NULL,
  `mhtmlmessage` int(1) DEFAULT NULL,
  `muniqueid` varchar(500) DEFAULT NULL,
  `mbodyparsed` int(1) DEFAULT NULL,
  `muid` int(11) DEFAULT NULL,
  `lastsavedtime` int(11) DEFAULT NULL,
  KEY `userid_lastsavedtime_idx` (`userid`,`lastsavedtime`),
  KEY `userid_muid_idx` (`userid`,`muid`)
) ENGINE=InnoDB DEFAULT CHARSET=utf8;

--
-- Dumping data for table `vtiger_mailmanager_mailrecord`
--

INSERT INTO `vtiger_mailmanager_mailrecord` (`userid`, `mfrom`, `mto`, `mcc`, `mbcc`, `mdate`, `msubject`, `mbody`, `mcharset`, `misbodyhtml`, `mplainmessage`, `mhtmlmessage`, `muniqueid`, `mbodyparsed`, `muid`, `lastsavedtime`) VALUES
(1, '["jeremy@nextixsystems.com"]', '["gideon@nextixsystems.com"]', '[]', '[]', '1372670867', 'GCM Registration ID', '<div dir="ltr">APA91bGk6JqOonUrc5NFjCFaIGIZbmFiTPjPJC5wzH3ev-_ile-<div>S3obHPGI43fIPZ3wTThnfwBEMZ3QOg1JfQXUDHN1c0jgoviE56vAOcxIqRWiyAW80PiFaVT9siKwZ0QKjjaf80wpp7uEVhotNsPyzGByq5YUrdg<br></div></div>\r\n<br><br>', 'ISO-8859-1', 1, 0, 0, '<CAM27GHH4xUbXVRu9V9oOUw+L_o57dejNXt9Qx=giid3CW=LsOg@mail.gmail.com>', 1, 1468, 1372830201);

-- --------------------------------------------------------

--
-- Table structure for table `vtiger_mailmanager_mailrel`
--

CREATE TABLE IF NOT EXISTS `vtiger_mailmanager_mailrel` (
  `mailuid` varchar(999) DEFAULT NULL,
  `crmid` int(11) DEFAULT NULL,
  `emailid` int(11) DEFAULT NULL
) ENGINE=InnoDB DEFAULT CHARSET=utf8;

-- --------------------------------------------------------

--
-- Table structure for table `vtiger_mailscanner`
--

CREATE TABLE IF NOT EXISTS `vtiger_mailscanner` (
  `scannerid` int(11) NOT NULL AUTO_INCREMENT,
  `scannername` varchar(30) DEFAULT NULL,
  `server` varchar(100) DEFAULT NULL,
  `protocol` varchar(10) DEFAULT NULL,
  `username` varchar(255) DEFAULT NULL,
  `password` varchar(255) DEFAULT NULL,
  `ssltype` varchar(10) DEFAULT NULL,
  `sslmethod` varchar(30) DEFAULT NULL,
  `connecturl` varchar(255) DEFAULT NULL,
  `searchfor` varchar(10) DEFAULT NULL,
  `markas` varchar(10) DEFAULT NULL,
  `isvalid` int(1) DEFAULT NULL,
  PRIMARY KEY (`scannerid`)
) ENGINE=InnoDB DEFAULT CHARSET=utf8 AUTO_INCREMENT=1 ;

-- --------------------------------------------------------

--
-- Table structure for table `vtiger_mailscanner_actions`
--

CREATE TABLE IF NOT EXISTS `vtiger_mailscanner_actions` (
  `actionid` int(11) NOT NULL AUTO_INCREMENT,
  `scannerid` int(11) DEFAULT NULL,
  `actiontype` varchar(10) DEFAULT NULL,
  `module` varchar(30) DEFAULT NULL,
  `lookup` varchar(30) DEFAULT NULL,
  `sequence` int(11) DEFAULT NULL,
  PRIMARY KEY (`actionid`)
) ENGINE=InnoDB DEFAULT CHARSET=utf8 AUTO_INCREMENT=1 ;

-- --------------------------------------------------------

--
-- Table structure for table `vtiger_mailscanner_folders`
--

CREATE TABLE IF NOT EXISTS `vtiger_mailscanner_folders` (
  `folderid` int(11) NOT NULL AUTO_INCREMENT,
  `scannerid` int(11) DEFAULT NULL,
  `foldername` varchar(255) DEFAULT NULL,
  `lastscan` varchar(30) DEFAULT NULL,
  `rescan` int(1) DEFAULT NULL,
  `enabled` int(1) DEFAULT NULL,
  PRIMARY KEY (`folderid`)
) ENGINE=InnoDB DEFAULT CHARSET=utf8 AUTO_INCREMENT=1 ;

-- --------------------------------------------------------

--
-- Table structure for table `vtiger_mailscanner_ids`
--

CREATE TABLE IF NOT EXISTS `vtiger_mailscanner_ids` (
  `scannerid` int(11) DEFAULT NULL,
  `messageid` text,
  `crmid` int(11) DEFAULT NULL
) ENGINE=InnoDB DEFAULT CHARSET=utf8;

-- --------------------------------------------------------

--
-- Table structure for table `vtiger_mailscanner_ruleactions`
--

CREATE TABLE IF NOT EXISTS `vtiger_mailscanner_ruleactions` (
  `ruleid` int(11) DEFAULT NULL,
  `actionid` int(11) DEFAULT NULL
) ENGINE=InnoDB DEFAULT CHARSET=utf8;

-- --------------------------------------------------------

--
-- Table structure for table `vtiger_mailscanner_rules`
--

CREATE TABLE IF NOT EXISTS `vtiger_mailscanner_rules` (
  `ruleid` int(11) NOT NULL AUTO_INCREMENT,
  `scannerid` int(11) DEFAULT NULL,
  `fromaddress` varchar(255) DEFAULT NULL,
  `toaddress` varchar(255) DEFAULT NULL,
  `subjectop` varchar(20) DEFAULT NULL,
  `subject` varchar(255) DEFAULT NULL,
  `bodyop` varchar(20) DEFAULT NULL,
  `body` varchar(255) DEFAULT NULL,
  `matchusing` varchar(5) DEFAULT NULL,
  `sequence` int(11) DEFAULT NULL,
  PRIMARY KEY (`ruleid`)
) ENGINE=InnoDB DEFAULT CHARSET=utf8 AUTO_INCREMENT=1 ;

-- --------------------------------------------------------

--
-- Table structure for table `vtiger_mail_accounts`
--

CREATE TABLE IF NOT EXISTS `vtiger_mail_accounts` (
  `account_id` int(11) NOT NULL,
  `user_id` int(11) NOT NULL,
  `display_name` varchar(50) DEFAULT NULL,
  `mail_id` varchar(50) DEFAULT NULL,
  `account_name` varchar(50) DEFAULT NULL,
  `mail_protocol` varchar(20) DEFAULT NULL,
  `mail_username` varchar(50) NOT NULL,
  `mail_password` varchar(250) NOT NULL,
  `mail_servername` varchar(50) DEFAULT NULL,
  `box_refresh` int(10) DEFAULT NULL,
  `mails_per_page` int(10) DEFAULT NULL,
  `ssltype` varchar(50) DEFAULT NULL,
  `sslmeth` varchar(50) DEFAULT NULL,
  `int_mailer` int(1) DEFAULT '0',
  `status` varchar(10) DEFAULT NULL,
  `set_default` int(2) DEFAULT NULL,
  PRIMARY KEY (`account_id`)
) ENGINE=InnoDB DEFAULT CHARSET=utf8;

--
-- Dumping data for table `vtiger_mail_accounts`
--

INSERT INTO `vtiger_mail_accounts` (`account_id`, `user_id`, `display_name`, `mail_id`, `account_name`, `mail_protocol`, `mail_username`, `mail_password`, `mail_servername`, `box_refresh`, `mails_per_page`, `ssltype`, `sslmeth`, `int_mailer`, `status`, `set_default`) VALUES
(1, 1, 'gideon@nextixsystems.com', NULL, 'gideon@nextixsystems.com', 'IMAP4', 'gideon@nextixsystems.com', 'z87Pz8_Pz8_Pz87Oz8_Pzs_Pzs7Pzs_Pz8_Ozs_Pzs7Pzs7Oz8_Pz8_Ozs_Pz8_Oz87Ozs_Pzs7Pzs7Oz8_Ozs_Ozs7Pzs7Oz87Oz87Ozs7Pzs7Oz8_Oz8_Ozs_Pzs_P', 'imap.gmail.com', 600000, 20, 'ssl', 'novalidate-cert', 0, '1', 0);

-- --------------------------------------------------------

--
-- Table structure for table `vtiger_manufacturer`
--

CREATE TABLE IF NOT EXISTS `vtiger_manufacturer` (
  `manufacturerid` int(19) NOT NULL AUTO_INCREMENT,
  `manufacturer` varchar(200) NOT NULL,
  `presence` int(1) NOT NULL DEFAULT '1',
  `picklist_valueid` int(19) NOT NULL DEFAULT '0',
  PRIMARY KEY (`manufacturerid`),
  UNIQUE KEY `manufacturer_manufacturer_idx` (`manufacturer`)
) ENGINE=InnoDB  DEFAULT CHARSET=utf8 AUTO_INCREMENT=5 ;

--
-- Dumping data for table `vtiger_manufacturer`
--

INSERT INTO `vtiger_manufacturer` (`manufacturerid`, `manufacturer`, `presence`, `picklist_valueid`) VALUES
(1, '--None--', 1, 123),
(2, 'AltvetPet Inc.', 1, 124),
(3, 'LexPon Inc.', 1, 125),
(4, 'MetBeat Corp', 1, 126);

-- --------------------------------------------------------

--
-- Table structure for table `vtiger_manufacturer_seq`
--

CREATE TABLE IF NOT EXISTS `vtiger_manufacturer_seq` (
  `id` int(11) NOT NULL
) ENGINE=InnoDB DEFAULT CHARSET=utf8;

--
-- Dumping data for table `vtiger_manufacturer_seq`
--

INSERT INTO `vtiger_manufacturer_seq` (`id`) VALUES
(4);

-- --------------------------------------------------------

--
-- Table structure for table `vtiger_mobile_alerts`
--

CREATE TABLE IF NOT EXISTS `vtiger_mobile_alerts` (
  `id` int(11) NOT NULL AUTO_INCREMENT,
  `handler_path` varchar(500) DEFAULT NULL,
  `handler_class` varchar(50) DEFAULT NULL,
  `sequence` int(11) DEFAULT NULL,
  `deleted` int(11) NOT NULL DEFAULT '0',
  PRIMARY KEY (`id`)
) ENGINE=InnoDB  DEFAULT CHARSET=utf8 AUTO_INCREMENT=19 ;

--
-- Dumping data for table `vtiger_mobile_alerts`
--

INSERT INTO `vtiger_mobile_alerts` (`id`, `handler_path`, `handler_class`, `sequence`, `deleted`) VALUES
(12, 'modules/Mobile/api/ws/models/alerts/IdleTicketsOfMine.php', 'Mobile_WS_AlertModel_IdleTicketsOfMine', NULL, 0),
(13, 'modules/Mobile/api/ws/models/alerts/NewTicketOfMine.php', 'Mobile_WS_AlertModel_NewTicketOfMine', NULL, 0),
(14, 'modules/Mobile/api/ws/models/alerts/PendingTicketsOfMine.php', 'Mobile_WS_AlertModel_PendingTicketsOfMine', NULL, 0),
(15, 'modules/Mobile/api/ws/models/alerts/PotentialsDueIn5Days.php', 'Mobile_WS_AlertModel_PotentialsDueIn5Days', NULL, 0),
(16, 'modules/Mobile/api/ws/models/alerts/EventsOfMineToday.php', 'Mobile_WS_AlertModel_EventsOfMineToday', NULL, 0),
(17, 'modules/Mobile/api/ws/models/alerts/ProjectTasksOfMine.php', 'Mobile_WS_AlertModel_ProjectTasksOfMine', NULL, 0),
(18, 'modules/Mobile/api/ws/models/alerts/Projects.php', 'Mobile_WS_AlertModel_Projects', NULL, 0);

-- --------------------------------------------------------

--
-- Table structure for table `vtiger_modbatoh`
--

CREATE TABLE IF NOT EXISTS `vtiger_modbatoh` (
  `modbatohid` int(11) DEFAULT NULL,
  `firstname` varchar(100) DEFAULT NULL,
  `lastname` varchar(100) DEFAULT NULL,
  `middlename` varchar(100) DEFAULT NULL,
  `test_module` varchar(255) DEFAULT ''
) ENGINE=InnoDB DEFAULT CHARSET=utf8;

--
-- Dumping data for table `vtiger_modbatoh`
--

INSERT INTO `vtiger_modbatoh` (`modbatohid`, `firstname`, `lastname`, `middlename`, `test_module`) VALUES
(319, 'XX', 'XX', 'XX', '319'),
(320, 'f', 'ssd', 'fs', '319');

-- --------------------------------------------------------

--
-- Table structure for table `vtiger_modbatohcf`
--

CREATE TABLE IF NOT EXISTS `vtiger_modbatohcf` (
  `modbatohid` int(11) NOT NULL,
  PRIMARY KEY (`modbatohid`)
) ENGINE=InnoDB DEFAULT CHARSET=utf8;

--
-- Dumping data for table `vtiger_modbatohcf`
--

INSERT INTO `vtiger_modbatohcf` (`modbatohid`) VALUES
(319),
(320);

-- --------------------------------------------------------

--
-- Table structure for table `vtiger_modcomments`
--

CREATE TABLE IF NOT EXISTS `vtiger_modcomments` (
  `modcommentsid` int(11) DEFAULT NULL,
  `commentcontent` text,
  `related_to` varchar(100) NOT NULL,
  `parent_comments` varchar(100) DEFAULT NULL
) ENGINE=InnoDB DEFAULT CHARSET=utf8;

--
-- Dumping data for table `vtiger_modcomments`
--

INSERT INTO `vtiger_modcomments` (`modcommentsid`, `commentcontent`, `related_to`, `parent_comments`) VALUES
(149, 'hello owrld', '134', ''),
(150, 'hahaha', '134', ''),
(151, 'asdasdasd', '147', ''),
(152, 'sdaassadasd', '143', ''),
(153, 'hahaha', '134', ''),
(154, 'asasdad', '134', ''),
(180, 'Good nag bayad na din toh', '141', ''),
(182, 'test test test', '134', ''),
(198, 'past time ni Gideon', '134', ''),
(201, 'hawahwata', '134', ''),
(203, 'The quick brown fox jump over the lazy dog', '140', ''),
(250, 'Di nagbabayad ng nasa oras', '236', ''),
(251, 'pa follow up nito', '236', ''),
(274, 'eto yung nabangga nung saturday.', '272', ''),
(288, 'Hello World!', '242', '');

-- --------------------------------------------------------

--
-- Table structure for table `vtiger_modcommentscf`
--

CREATE TABLE IF NOT EXISTS `vtiger_modcommentscf` (
  `modcommentsid` int(11) NOT NULL,
  PRIMARY KEY (`modcommentsid`)
) ENGINE=InnoDB DEFAULT CHARSET=utf8;

--
-- Dumping data for table `vtiger_modcommentscf`
--

INSERT INTO `vtiger_modcommentscf` (`modcommentsid`) VALUES
(149),
(150),
(151),
(152),
(153),
(154),
(180),
(182),
(198),
(201),
(203),
(250),
(251),
(274),
(288);

-- --------------------------------------------------------

--
-- Table structure for table `vtiger_modcreator`
--

CREATE TABLE IF NOT EXISTS `vtiger_modcreator` (
  `modcreatorid` int(11) DEFAULT NULL
) ENGINE=InnoDB DEFAULT CHARSET=utf8;

-- --------------------------------------------------------

--
-- Table structure for table `vtiger_modcreatorcf`
--

CREATE TABLE IF NOT EXISTS `vtiger_modcreatorcf` (
  `modcreatorid` int(11) NOT NULL,
  PRIMARY KEY (`modcreatorid`)
) ENGINE=InnoDB DEFAULT CHARSET=utf8;

-- --------------------------------------------------------

--
-- Table structure for table `vtiger_modentity_num`
--

CREATE TABLE IF NOT EXISTS `vtiger_modentity_num` (
  `num_id` int(19) NOT NULL,
  `semodule` varchar(50) NOT NULL,
  `prefix` varchar(50) NOT NULL DEFAULT '',
  `start_id` varchar(50) NOT NULL,
  `cur_id` varchar(50) NOT NULL,
  `active` varchar(2) NOT NULL,
  PRIMARY KEY (`num_id`),
  UNIQUE KEY `num_idx` (`num_id`),
  KEY `semodule_active_idx` (`semodule`,`active`)
) ENGINE=InnoDB DEFAULT CHARSET=utf8;

--
-- Dumping data for table `vtiger_modentity_num`
--

INSERT INTO `vtiger_modentity_num` (`num_id`, `semodule`, `prefix`, `start_id`, `cur_id`, `active`) VALUES
(1, 'Leads', 'LEA', '1', '11', '1'),
(2, 'Accounts', 'ACC', '1', '11', '1'),
(3, 'Campaigns', 'CAM', '1', '4', '1'),
(4, 'Contacts', 'CON', '1', '15', '1'),
(5, 'Potentials', 'POT', '1', '11', '1'),
(6, 'HelpDesk', 'TT', '1', '7', '1'),
(7, 'Quotes', 'QUO', '1', '6', '1'),
(8, 'SalesOrder', 'SO', '1', '6', '1'),
(9, 'PurchaseOrder', 'PO', '1', '6', '1'),
(10, 'Invoice', 'INV', '1', '6', '1'),
(11, 'Products', 'PRO', '1', '11', '1'),
(12, 'Vendors', 'VEN', '1', '11', '1'),
(13, 'PriceBooks', 'PB', '1', '13', '1'),
(14, 'Faq', 'FAQ', '1', '13', '1'),
(15, 'Documents', 'DOC', '1', '1', '1'),
(16, 'ServiceContracts', 'SERCON', '1', '1', '1'),
(17, 'Services', 'SER', '1', '1', '1'),
(18, 'HomeOwner', 'HW', '00001', '00009', '1'),
(19, 'Billing', 'B', '000001', '000028', '1'),
(20, 'Payments', 'P', '0001', '0062', '1'),
(21, 'AdvancePayment', 'AP', '000001', '000002', '1'),
(22, 'MemoAdvice', 'MA', '00001', '00023', '1'),
(23, 'House', 'H', '00001', '00016', '1'),
(24, 'Cars', 'C', '00001', '00014', '1'),
(25, 'ReportsKHA', 'R', '00001', '00021', '1'),
(26, 'CarLogger', 'CL', '000001', '000001', '1');

-- --------------------------------------------------------

--
-- Table structure for table `vtiger_modentity_num_seq`
--

CREATE TABLE IF NOT EXISTS `vtiger_modentity_num_seq` (
  `id` int(11) NOT NULL
) ENGINE=InnoDB DEFAULT CHARSET=utf8;

--
-- Dumping data for table `vtiger_modentity_num_seq`
--

INSERT INTO `vtiger_modentity_num_seq` (`id`) VALUES
(26);

-- --------------------------------------------------------

--
-- Table structure for table `vtiger_modtracker_basic`
--

CREATE TABLE IF NOT EXISTS `vtiger_modtracker_basic` (
  `id` int(20) NOT NULL,
  `crmid` int(20) DEFAULT NULL,
  `module` varchar(50) DEFAULT NULL,
  `whodid` int(20) DEFAULT NULL,
  `changedon` datetime DEFAULT NULL,
  `status` int(1) DEFAULT '0',
  PRIMARY KEY (`id`)
) ENGINE=InnoDB DEFAULT CHARSET=utf8;

--
-- Dumping data for table `vtiger_modtracker_basic`
--

INSERT INTO `vtiger_modtracker_basic` (`id`, `crmid`, `module`, `whodid`, `changedon`, `status`) VALUES
(1, 134, 'HomeOwner', 1, NULL, 2),
(2, 135, 'Billing', 1, NULL, 2),
(3, 135, 'Billing', 1, NULL, 0),
(4, 138, 'Billing', 1, NULL, 2),
(5, 138, 'Billing', 1, NULL, 0),
(6, 144, 'Payments', 1, NULL, 2),
(7, 137, 'Billing', 1, NULL, 2),
(8, 144, 'Payments', 1, NULL, 0),
(9, 144, 'Payments', 1, NULL, 0),
(10, 137, 'Billing', 1, NULL, 0),
(11, 145, 'Payments', 1, NULL, 2),
(12, 146, 'Payments', 1, NULL, 2),
(13, 137, 'Billing', 1, NULL, 0),
(14, 147, 'Billing', 1, NULL, 2),
(15, 148, 'Payments', 1, NULL, 2),
(16, 148, 'Payments', 1, NULL, 0),
(17, 155, 'Billing', 1, NULL, 2),
(18, 156, 'Billing', 1, NULL, 2),
(19, 157, 'Billing', 1, NULL, 2),
(20, 158, 'Billing', 1, NULL, 2),
(21, 159, 'Billing', 1, NULL, 2),
(22, 160, 'Billing', 1, NULL, 2),
(23, 135, 'Billing', 1, NULL, 0),
(24, 137, 'Billing', 1, NULL, 0),
(25, 138, 'Billing', 1, NULL, 0),
(26, 148, 'Payments', 1, '2013-06-26 08:29:59', 1),
(27, 145, 'Payments', 1, '2013-06-26 08:29:59', 1),
(28, 136, 'Payments', 1, '2013-06-26 08:29:59', 1),
(29, 139, 'Payments', 1, '2013-06-26 08:29:59', 1),
(30, 144, 'Payments', 1, '2013-06-26 08:29:59', 1),
(31, 146, 'Payments', 1, '2013-06-26 08:29:59', 1),
(32, 162, 'Payments', 1, '2013-06-26 08:38:12', 1),
(33, 160, 'Billing', 1, NULL, 0),
(34, 161, 'Payments', 1, NULL, 2),
(35, 160, 'Billing', 1, NULL, 0),
(36, 161, 'Payments', 1, NULL, 0),
(37, 160, 'Billing', 1, NULL, 0),
(38, 160, 'Billing', 1, NULL, 0),
(39, 161, 'Payments', 1, NULL, 0),
(40, 160, 'Billing', 1, NULL, 0),
(41, 161, 'Payments', 1, NULL, 0),
(42, 160, 'Billing', 1, NULL, 0),
(43, 160, 'Billing', 1, NULL, 0),
(44, 161, 'Payments', 1, NULL, 0),
(45, 160, 'Billing', 1, NULL, 0),
(46, 160, 'Billing', 1, NULL, 0),
(47, 161, 'Payments', 1, NULL, 0),
(48, 160, 'Billing', 1, NULL, 0),
(49, 160, 'Billing', 1, NULL, 0),
(50, 161, 'Payments', 1, NULL, 0),
(51, 160, 'Billing', 1, NULL, 0),
(52, 161, 'Payments', 1, NULL, 0),
(53, 160, 'Billing', 1, NULL, 0),
(54, 161, 'Payments', 1, NULL, 0),
(55, 160, 'Billing', 1, NULL, 0),
(56, 161, 'Payments', 1, NULL, 0),
(57, 160, 'Billing', 1, NULL, 0),
(58, 163, 'Payments', 1, NULL, 2),
(59, 160, 'Billing', 1, NULL, 0),
(60, 163, 'Payments', 1, NULL, 0),
(61, 160, 'Billing', 1, NULL, 0),
(62, 163, 'Payments', 1, NULL, 0),
(63, 160, 'Billing', 1, NULL, 0),
(64, 164, 'Payments', 1, NULL, 2),
(65, 159, 'Billing', 1, NULL, 0),
(66, 165, 'Payments', 1, NULL, 2),
(67, 159, 'Billing', 1, NULL, 0),
(68, 165, 'Payments', 1, NULL, 0),
(69, 159, 'Billing', 1, NULL, 0),
(70, 165, 'Payments', 1, NULL, 0),
(71, 140, 'HomeOwner', 1, NULL, 2),
(72, 166, 'Billing', 1, NULL, 2),
(73, 167, 'Billing', 1, NULL, 2),
(74, 168, 'Billing', 1, NULL, 2),
(75, 171, 'Payments', 1, NULL, 2),
(76, 171, 'Payments', 1, NULL, 0),
(77, 158, 'Billing', 1, NULL, 0),
(78, 172, 'Payments', 1, NULL, 2),
(79, 158, 'Billing', 1, NULL, 0),
(80, 173, 'Payments', 1, NULL, 2),
(81, 174, 'Payments', 1, NULL, 2),
(82, 157, 'Billing', 1, NULL, 0),
(83, 175, 'Payments', 1, NULL, 2),
(84, 177, 'Payments', 1, NULL, 2),
(85, 156, 'Billing', 1, NULL, 0),
(86, 178, 'Payments', 1, NULL, 2),
(87, 179, 'Payments', 1, NULL, 2),
(88, 168, 'Billing', 1, NULL, 0),
(89, 183, 'Payments', 6, NULL, 2),
(90, 168, 'Billing', 1, NULL, 0),
(91, 184, 'Payments', 6, NULL, 2),
(92, 168, 'Billing', 1, NULL, 0),
(93, 185, 'Payments', 6, NULL, 2),
(94, 168, 'Billing', 1, NULL, 0),
(95, 186, 'Payments', 6, NULL, 2),
(96, 187, 'MemoAdvice', 6, NULL, 2),
(97, 187, 'MemoAdvice', 1, NULL, 0),
(98, 188, 'Payments', 6, NULL, 2),
(99, 187, 'MemoAdvice', 1, NULL, 0),
(100, 189, 'Payments', 6, NULL, 2),
(101, 190, 'MemoAdvice', 6, NULL, 2),
(102, 190, 'MemoAdvice', 6, NULL, 0),
(103, 191, 'MemoAdvice', 6, NULL, 2),
(104, 191, 'MemoAdvice', 1, NULL, 0),
(105, 192, 'Payments', 6, NULL, 2),
(106, 190, 'MemoAdvice', 1, NULL, 0),
(107, 193, 'Payments', 6, NULL, 2),
(108, 167, 'Billing', 1, '2013-06-28 01:34:45', 1),
(109, 194, 'MemoAdvice', 6, NULL, 2),
(110, 194, 'MemoAdvice', 1, NULL, 0),
(111, 195, 'Payments', 6, NULL, 2),
(112, 194, 'MemoAdvice', 1, NULL, 0),
(113, 196, 'Payments', 6, NULL, 2),
(114, 181, 'MemoAdvice', 1, NULL, 2),
(115, 197, 'Payments', 6, NULL, 2),
(116, 141, 'Billing', 1, NULL, 2),
(117, 142, 'Payments', 6, NULL, 2),
(118, 134, 'HomeOwner', 1, NULL, 0),
(119, 140, 'HomeOwner', 1, NULL, 0),
(120, 134, 'HomeOwner', 1, NULL, 0),
(121, 156, 'Billing', 1, NULL, 0),
(122, 202, 'Payments', 6, NULL, 2),
(123, 134, 'HomeOwner', 1, NULL, 0),
(124, 138, 'Billing', 6, '2013-07-03 10:06:46', 1),
(125, 140, 'HomeOwner', 1, NULL, 0),
(126, 206, 'Billing', 1, NULL, 2),
(127, 134, 'HomeOwner', 1, NULL, 0),
(128, 207, 'MemoAdvice', 1, NULL, 2),
(129, 207, 'MemoAdvice', 1, NULL, 0),
(130, 208, 'Payments', 1, NULL, 2),
(131, 187, 'MemoAdvice', 1, '2013-07-04 02:40:31', 1),
(132, 181, 'MemoAdvice', 1, '2013-07-04 02:40:39', 1),
(133, 208, 'Payments', 1, '2013-07-04 02:41:22', 1),
(134, 209, 'Payments', 1, '2013-07-04 02:41:22', 1),
(135, 210, 'Billing', 1, NULL, 2),
(136, 210, 'Billing', 1, NULL, 0),
(137, 211, 'Payments', 1, NULL, 2),
(138, 206, 'Billing', 1, NULL, 0),
(139, 212, 'Payments', 1, NULL, 2),
(140, 134, 'HomeOwner', 1, '2013-07-04 02:47:31', 1),
(141, 213, 'Billing', 1, NULL, 2),
(142, 214, 'MemoAdvice', 1, NULL, 2),
(143, 213, 'Billing', 1, NULL, 0),
(144, 215, 'Payments', 1, NULL, 2),
(145, 214, 'MemoAdvice', 1, NULL, 0),
(146, 216, 'Payments', 1, NULL, 2),
(147, 218, 'MemoAdvice', 1, NULL, 2),
(148, 218, 'MemoAdvice', 1, NULL, 0),
(149, 219, 'Payments', 1, NULL, 2),
(150, 218, 'MemoAdvice', 1, NULL, 0),
(151, 220, 'Payments', 1, NULL, 2),
(152, 218, 'MemoAdvice', 1, NULL, 0),
(153, 221, 'Payments', 1, NULL, 2),
(154, 214, 'MemoAdvice', 1, NULL, 0),
(155, 222, 'Payments', 1, NULL, 2),
(156, 213, 'Billing', 1, NULL, 0),
(157, 223, 'Payments', 1, NULL, 2),
(158, 213, 'Billing', 1, NULL, 0),
(159, 224, 'Payments', 1, NULL, 2),
(160, 226, 'Billing', 1, NULL, 2),
(161, 226, 'Billing', 1, NULL, 0),
(162, 227, 'Payments', 1, NULL, 2),
(163, 228, 'MemoAdvice', 1, NULL, 2),
(164, 228, 'MemoAdvice', 1, NULL, 0),
(165, 229, 'Payments', 1, NULL, 2),
(166, 226, 'Billing', 1, NULL, 0),
(167, 230, 'Payments', 1, NULL, 2),
(168, 140, 'HomeOwner', 1, NULL, 0),
(169, 140, 'HomeOwner', 6, NULL, 0),
(170, 140, 'HomeOwner', 6, NULL, 0),
(171, 231, 'HomeOwner', 6, NULL, 2),
(172, 140, 'HomeOwner', 1, NULL, 0),
(173, 140, 'HomeOwner', 1, NULL, 0),
(174, 140, 'HomeOwner', 1, NULL, 0),
(175, 231, 'HomeOwner', 1, NULL, 0),
(176, 231, 'HomeOwner', 1, NULL, 0),
(177, 231, 'HomeOwner', 1, '2013-07-04 07:02:52', 1),
(178, 140, 'HomeOwner', 1, '2013-07-04 07:03:05', 1),
(179, 142, 'Payments', 1, '2013-07-04 07:03:06', 1),
(180, 197, 'Payments', 1, '2013-07-04 07:03:06', 1),
(181, 215, 'Payments', 1, '2013-07-04 07:03:06', 1),
(182, 216, 'Payments', 1, '2013-07-04 07:03:06', 1),
(183, 219, 'Payments', 1, '2013-07-04 07:03:06', 1),
(184, 220, 'Payments', 1, '2013-07-04 07:03:06', 1),
(185, 221, 'Payments', 1, '2013-07-04 07:03:06', 1),
(186, 222, 'Payments', 1, '2013-07-04 07:03:06', 1),
(187, 223, 'Payments', 1, '2013-07-04 07:03:06', 1),
(188, 224, 'Payments', 1, '2013-07-04 07:03:06', 1),
(189, 227, 'Payments', 1, '2013-07-04 07:03:06', 1),
(190, 229, 'Payments', 1, '2013-07-04 07:03:06', 1),
(191, 230, 'Payments', 1, '2013-07-04 07:03:06', 1),
(192, 141, 'Billing', 1, '2013-07-04 07:03:06', 1),
(193, 213, 'Billing', 1, '2013-07-04 07:03:06', 1),
(194, 226, 'Billing', 1, '2013-07-04 07:03:06', 1),
(195, 214, 'MemoAdvice', 1, '2013-07-04 07:03:06', 1),
(196, 218, 'MemoAdvice', 1, '2013-07-04 07:03:06', 1),
(197, 228, 'MemoAdvice', 1, '2013-07-04 07:03:06', 1),
(198, 161, 'Payments', 1, '2013-07-04 07:03:21', 1),
(199, 163, 'Payments', 1, '2013-07-04 07:03:21', 1),
(200, 164, 'Payments', 1, '2013-07-04 07:03:21', 1),
(201, 165, 'Payments', 1, '2013-07-04 07:03:21', 1),
(202, 171, 'Payments', 1, '2013-07-04 07:03:21', 1),
(203, 172, 'Payments', 1, '2013-07-04 07:03:21', 1),
(204, 173, 'Payments', 1, '2013-07-04 07:03:21', 1),
(205, 174, 'Payments', 1, '2013-07-04 07:03:21', 1),
(206, 175, 'Payments', 1, '2013-07-04 07:03:21', 1),
(207, 177, 'Payments', 1, '2013-07-04 07:03:21', 1),
(208, 178, 'Payments', 1, '2013-07-04 07:03:21', 1),
(209, 179, 'Payments', 1, '2013-07-04 07:03:21', 1),
(210, 183, 'Payments', 1, '2013-07-04 07:03:21', 1),
(211, 184, 'Payments', 1, '2013-07-04 07:03:21', 1),
(212, 185, 'Payments', 1, '2013-07-04 07:03:21', 1),
(213, 186, 'Payments', 1, '2013-07-04 07:03:21', 1),
(214, 188, 'Payments', 1, '2013-07-04 07:03:21', 1),
(215, 189, 'Payments', 1, '2013-07-04 07:03:21', 1),
(216, 192, 'Payments', 1, '2013-07-04 07:03:21', 1),
(217, 193, 'Payments', 1, '2013-07-04 07:03:21', 1),
(218, 195, 'Payments', 1, '2013-07-04 07:03:21', 1),
(219, 196, 'Payments', 1, '2013-07-04 07:03:21', 1),
(220, 202, 'Payments', 1, '2013-07-04 07:03:21', 1),
(221, 211, 'Payments', 1, '2013-07-04 07:03:21', 1),
(222, 212, 'Payments', 1, '2013-07-04 07:03:21', 1),
(223, 207, 'MemoAdvice', 1, '2013-07-04 07:03:33', 1),
(224, 191, 'MemoAdvice', 1, '2013-07-04 07:03:33', 1),
(225, 176, 'MemoAdvice', 1, '2013-07-04 07:03:33', 1),
(226, 170, 'MemoAdvice', 1, '2013-07-04 07:03:33', 1),
(227, 190, 'MemoAdvice', 1, '2013-07-04 07:03:33', 1),
(228, 194, 'MemoAdvice', 1, '2013-07-04 07:03:33', 1),
(229, 143, 'AdvancePayment', 1, '2013-07-04 07:03:40', 1),
(230, 234, 'HomeOwner', 1, NULL, 2),
(231, 234, 'HomeOwner', 1, '2013-07-04 07:07:09', 1),
(232, 236, 'HomeOwner', 6, NULL, 2),
(233, 236, 'HomeOwner', 6, NULL, 0),
(234, 239, 'Billing', 6, NULL, 2),
(235, 240, 'Billing', 6, NULL, 2),
(236, 241, 'MemoAdvice', 6, NULL, 2),
(237, 242, 'HomeOwner', 6, NULL, 2),
(238, 242, 'HomeOwner', 6, NULL, 0),
(239, 244, 'Billing', 6, NULL, 2),
(240, 245, 'MemoAdvice', 6, NULL, 2),
(241, 245, 'MemoAdvice', 1, NULL, 0),
(242, 247, 'Payments', 6, NULL, 2),
(243, 245, 'MemoAdvice', 1, NULL, 0),
(244, 248, 'Payments', 6, NULL, 2),
(245, 249, 'MemoAdvice', 6, NULL, 2),
(246, 236, 'HomeOwner', 1, NULL, 0),
(247, 236, 'HomeOwner', 6, NULL, 0),
(248, 242, 'HomeOwner', 6, NULL, 0),
(249, 259, 'MemoAdvice', 6, NULL, 2),
(250, 236, 'HomeOwner', 6, NULL, 0),
(251, 236, 'HomeOwner', 1, NULL, 0),
(252, 261, 'MemoAdvice', 6, NULL, 2),
(253, 236, 'HomeOwner', 6, '2013-07-05 07:29:56', 1),
(254, 261, 'MemoAdvice', 6, '2013-07-05 07:30:18', 1),
(255, 249, 'MemoAdvice', 6, '2013-07-05 07:30:18', 1),
(256, 241, 'MemoAdvice', 6, '2013-07-05 07:30:18', 1),
(257, 259, 'MemoAdvice', 6, '2013-07-05 07:30:18', 1),
(258, 239, 'Billing', 6, '2013-07-05 07:30:27', 1),
(259, 240, 'Billing', 6, '2013-07-05 07:30:27', 1),
(260, 262, 'MemoAdvice', 6, NULL, 2),
(261, 263, 'HomeOwner', 6, NULL, 2),
(262, 263, 'HomeOwner', 6, NULL, 0),
(263, 266, 'Billing', 6, NULL, 2),
(264, 267, 'MemoAdvice', 6, NULL, 2),
(265, 267, 'MemoAdvice', 6, NULL, 0),
(266, 266, 'Billing', 6, NULL, 0),
(267, 242, 'HomeOwner', 1, NULL, 0),
(268, 242, 'HomeOwner', 1, NULL, 0),
(269, 242, 'HomeOwner', 1, NULL, 0),
(270, 242, 'HomeOwner', 1, NULL, 0),
(271, 242, 'HomeOwner', 1, NULL, 0),
(272, 242, 'HomeOwner', 1, NULL, 0),
(273, 242, 'HomeOwner', 1, NULL, 0),
(274, 242, 'HomeOwner', 1, NULL, 0),
(275, 273, 'MemoAdvice', 1, NULL, 2),
(276, 262, 'MemoAdvice', 6, NULL, 0),
(277, 242, 'HomeOwner', 1, NULL, 0),
(278, 275, 'Billing', 6, NULL, 2),
(279, 276, 'Billing', 6, NULL, 2),
(280, 244, 'Billing', 1, NULL, 0),
(281, 277, 'Payments', 6, NULL, 2),
(282, 275, 'Billing', 1, NULL, 0),
(283, 278, 'Payments', 6, NULL, 2),
(284, 275, 'Billing', 1, NULL, 0),
(285, 279, 'Payments', 6, NULL, 2),
(286, 275, 'Billing', 1, NULL, 0),
(287, 279, 'Payments', 6, NULL, 0),
(288, 280, 'Billing', 6, NULL, 2),
(289, 280, 'Billing', 1, NULL, 0),
(290, 281, 'Payments', 6, NULL, 2),
(291, 280, 'Billing', 1, NULL, 0),
(292, 282, 'Payments', 6, NULL, 2),
(293, 283, 'Billing', 6, NULL, 2),
(294, 284, 'Billing', 6, NULL, 2),
(295, 284, 'Billing', 1, NULL, 0),
(296, 285, 'Payments', 6, NULL, 2),
(297, 284, 'Billing', 1, NULL, 0),
(298, 286, 'Payments', 6, NULL, 2),
(299, 283, 'Billing', 6, NULL, 0),
(300, 283, 'Billing', 6, NULL, 0),
(301, 276, 'Billing', 6, NULL, 0),
(302, 280, 'Billing', 1, NULL, 0),
(303, 287, 'Payments', 6, NULL, 2),
(304, 283, 'Billing', 1, NULL, 0),
(305, 289, 'Payments', 6, NULL, 2),
(306, 276, 'Billing', 1, NULL, 0),
(307, 290, 'Payments', 6, NULL, 2),
(308, 242, 'HomeOwner', 6, NULL, 0),
(309, 296, 'HomeOwner', 1, NULL, 2),
(310, 296, 'HomeOwner', 1, NULL, 0),
(311, 242, 'HomeOwner', 1, NULL, 0),
(312, 242, 'HomeOwner', 1, NULL, 0),
(313, 242, 'HomeOwner', 1, NULL, 0),
(314, 242, 'HomeOwner', 1, NULL, 0),
(315, 263, 'HomeOwner', 1, NULL, 0),
(316, 296, 'HomeOwner', 1, NULL, 0),
(317, 242, 'HomeOwner', 1, NULL, 0),
(318, 242, 'HomeOwner', 1, NULL, 0),
(319, 296, 'HomeOwner', 1, NULL, 0),
(320, 242, 'HomeOwner', 1, NULL, 0),
(321, 242, 'HomeOwner', 1, NULL, 0),
(322, 244, 'Billing', 1, NULL, 0),
(323, 242, 'HomeOwner', 1, NULL, 0),
(324, 242, 'HomeOwner', 1, NULL, 0),
(325, 296, 'HomeOwner', 1, NULL, 0),
(326, 273, 'MemoAdvice', 1, NULL, 0),
(327, 242, 'HomeOwner', 1, NULL, 0),
(328, 267, 'MemoAdvice', 1, NULL, 0),
(329, 314, 'Payments', 1, NULL, 2),
(330, 266, 'Billing', 1, NULL, 0),
(331, 315, 'Payments', 1, NULL, 2);

-- --------------------------------------------------------

--
-- Table structure for table `vtiger_modtracker_basic_seq`
--

CREATE TABLE IF NOT EXISTS `vtiger_modtracker_basic_seq` (
  `id` int(11) NOT NULL
) ENGINE=InnoDB DEFAULT CHARSET=latin1;

--
-- Dumping data for table `vtiger_modtracker_basic_seq`
--

INSERT INTO `vtiger_modtracker_basic_seq` (`id`) VALUES
(331);

-- --------------------------------------------------------

--
-- Table structure for table `vtiger_modtracker_detail`
--

CREATE TABLE IF NOT EXISTS `vtiger_modtracker_detail` (
  `id` int(11) DEFAULT NULL,
  `fieldname` varchar(100) DEFAULT NULL,
  `prevalue` text,
  `postvalue` text
) ENGINE=InnoDB DEFAULT CHARSET=utf8;

--
-- Dumping data for table `vtiger_modtracker_detail`
--

INSERT INTO `vtiger_modtracker_detail` (`id`, `fieldname`, `prevalue`, `postvalue`) VALUES
(1, 'ModifiedTime', '2013-06-25 02:18:37', '2013-06-25 02:54:42'),
(1, 'h_area', 'Area 3', 'Area 1'),
(2, 'ModifiedTime', '2013-06-25 02:27:27', '2013-06-25 02:55:02'),
(2, 'purpose', 'Monthly Dues', 'Construction Bond'),
(3, 'ModifiedTime', '2013-06-25 02:55:02', '2013-06-25 02:55:08'),
(3, 'purpose', 'Construction Bond', 'Clubhouse Rental'),
(4, 'ModifiedTime', '2013-06-25 02:27:39', '2013-06-25 02:55:57'),
(4, 'purpose', 'Membership Fee', 'Monthly Dues'),
(5, 'ModifiedTime', '2013-06-25 02:55:57', '2013-06-25 02:56:03'),
(5, 'purpose', 'Monthly Dues', 'Construction Bond'),
(6, 'CreatedTime', NULL, '2013-06-25 08:14:25'),
(6, 'ModifiedTime', NULL, '2013-06-25 08:14:25'),
(6, 'assigned_user_id', NULL, '1'),
(6, 'payment_no', NULL, 'P0004'),
(6, 'homeowner', NULL, '134'),
(6, 'bill_no', NULL, '137'),
(6, 'amount_paid', NULL, '400.00'),
(6, 'p_type_payment', NULL, '- Select -'),
(6, 'date_of_payment', NULL, '2013-06-26'),
(6, 'record_id', NULL, '144'),
(6, 'record_module', NULL, 'Payments'),
(7, 'ModifiedTime', '2013-06-25 02:04:11', '2013-06-25 08:14:37'),
(7, 'b_status', 'Pending', 'Paid'),
(8, 'ModifiedTime', '2013-06-25 08:14:25', '2013-06-25 08:15:00'),
(8, 'p_type_payment', '- Select -', 'Cash'),
(9, 'ModifiedTime', '2013-06-25 08:15:00', '2013-06-25 08:15:32'),
(9, 'amount_paid', '400.00', '200.00'),
(10, 'ModifiedTime', '2013-06-25 08:14:37', '2013-06-25 08:15:47'),
(10, 'b_status', 'Paid', 'Pending'),
(11, 'CreatedTime', NULL, '2013-06-25 08:16:04'),
(11, 'ModifiedTime', NULL, '2013-06-25 08:16:04'),
(11, 'assigned_user_id', NULL, '1'),
(11, 'payment_no', NULL, 'P0005'),
(11, 'homeowner', NULL, '134'),
(11, 'bill_no', NULL, '137'),
(11, 'amount_paid', NULL, '150.00'),
(11, 'p_type_payment', NULL, 'Cash'),
(11, 'date_of_payment', NULL, '2013-06-25'),
(11, 'record_id', NULL, '145'),
(11, 'record_module', NULL, 'Payments'),
(12, 'CreatedTime', NULL, '2013-06-25 08:16:18'),
(12, 'ModifiedTime', NULL, '2013-06-25 08:16:18'),
(12, 'assigned_user_id', NULL, '1'),
(12, 'payment_no', NULL, 'P0006'),
(12, 'homeowner', NULL, '134'),
(12, 'bill_no', NULL, '137'),
(12, 'amount_paid', NULL, '50.00'),
(12, 'p_type_payment', NULL, 'Cash'),
(12, 'date_of_payment', NULL, '2013-06-27'),
(12, 'record_id', NULL, '146'),
(12, 'record_module', NULL, 'Payments'),
(13, 'ModifiedTime', '2013-06-25 08:15:47', '2013-06-25 08:16:30'),
(13, 'b_status', 'Pending', 'Paid'),
(14, 'CreatedTime', NULL, '2013-06-25 09:06:52'),
(14, 'ModifiedTime', NULL, '2013-06-25 09:06:52'),
(14, 'assigned_user_id', NULL, '1'),
(14, 'billno', NULL, 'B000005'),
(14, 'amount', NULL, '350.00'),
(14, 'purpose', NULL, 'Monthly Dues'),
(14, 'homeowner', NULL, '134'),
(14, 'date_of_bill', NULL, '2013-06-25'),
(14, 'b_status', NULL, 'Pending'),
(14, 'record_id', NULL, '147'),
(14, 'record_module', NULL, 'Billing'),
(15, 'CreatedTime', NULL, '2013-06-25 09:07:22'),
(15, 'ModifiedTime', NULL, '2013-06-25 09:07:22'),
(15, 'assigned_user_id', NULL, '1'),
(15, 'payment_no', NULL, 'P0007'),
(15, 'homeowner', NULL, '134'),
(15, 'bill_no', NULL, '147'),
(15, 'amount_paid', NULL, '250.00'),
(15, 'p_type_payment', NULL, '- Select -'),
(15, 'date_of_payment', NULL, '2013-06-25'),
(15, 'record_id', NULL, '148'),
(15, 'record_module', NULL, 'Payments'),
(16, 'ModifiedTime', '2013-06-25 09:07:22', '2013-06-25 09:07:32'),
(16, 'p_type_payment', '- Select -', 'Cash'),
(17, 'CreatedTime', NULL, '2013-06-26 07:44:15'),
(17, 'ModifiedTime', NULL, '2013-06-26 07:44:15'),
(17, 'assigned_user_id', NULL, '1'),
(17, 'billno', NULL, 'B000006'),
(17, 'amount', NULL, '300.00'),
(17, 'purpose', NULL, 'Monthly Dues'),
(17, 'homeowner', NULL, '134'),
(17, 'date_of_bill', NULL, '2013-05-01'),
(17, 'b_status', NULL, 'Pending'),
(17, 'record_id', NULL, '155'),
(17, 'record_module', NULL, 'Billing'),
(18, 'CreatedTime', NULL, '2013-06-26 07:44:26'),
(18, 'ModifiedTime', NULL, '2013-06-26 07:44:26'),
(18, 'assigned_user_id', NULL, '1'),
(18, 'billno', NULL, 'B000007'),
(18, 'amount', NULL, '300.00'),
(18, 'purpose', NULL, 'Monthly Dues'),
(18, 'homeowner', NULL, '134'),
(18, 'date_of_bill', NULL, '2013-04-01'),
(18, 'b_status', NULL, 'Pending'),
(18, 'record_id', NULL, '156'),
(18, 'record_module', NULL, 'Billing'),
(19, 'CreatedTime', NULL, '2013-06-26 07:44:51'),
(19, 'ModifiedTime', NULL, '2013-06-26 07:44:51'),
(19, 'assigned_user_id', NULL, '1'),
(19, 'billno', NULL, 'B000008'),
(19, 'amount', NULL, '300.00'),
(19, 'purpose', NULL, 'Monthly Dues'),
(19, 'homeowner', NULL, '134'),
(19, 'date_of_bill', NULL, '2013-03-01'),
(19, 'b_status', NULL, 'Pending'),
(19, 'record_id', NULL, '157'),
(19, 'record_module', NULL, 'Billing'),
(20, 'CreatedTime', NULL, '2013-06-26 07:45:05'),
(20, 'ModifiedTime', NULL, '2013-06-26 07:45:05'),
(20, 'assigned_user_id', NULL, '1'),
(20, 'billno', NULL, 'B000009'),
(20, 'amount', NULL, '300.00'),
(20, 'purpose', NULL, 'Monthly Dues'),
(20, 'homeowner', NULL, '134'),
(20, 'date_of_bill', NULL, '2013-02-01'),
(20, 'b_status', NULL, 'Pending'),
(20, 'record_id', NULL, '158'),
(20, 'record_module', NULL, 'Billing'),
(21, 'CreatedTime', NULL, '2013-06-26 07:45:19'),
(21, 'ModifiedTime', NULL, '2013-06-26 07:45:19'),
(21, 'assigned_user_id', NULL, '1'),
(21, 'billno', NULL, 'B000010'),
(21, 'amount', NULL, '300.00'),
(21, 'purpose', NULL, 'Monthly Dues'),
(21, 'homeowner', NULL, '134'),
(21, 'date_of_bill', NULL, '2013-01-01'),
(21, 'b_status', NULL, 'Pending'),
(21, 'record_id', NULL, '159'),
(21, 'record_module', NULL, 'Billing'),
(22, 'CreatedTime', NULL, '2013-06-26 07:45:32'),
(22, 'ModifiedTime', NULL, '2013-06-26 07:45:32'),
(22, 'assigned_user_id', NULL, '1'),
(22, 'billno', NULL, 'B000011'),
(22, 'amount', NULL, '300.00'),
(22, 'purpose', NULL, 'Monthly Dues'),
(22, 'homeowner', NULL, '134'),
(22, 'date_of_bill', NULL, '2012-12-01'),
(22, 'b_status', NULL, 'Pending'),
(22, 'record_id', NULL, '160'),
(22, 'record_module', NULL, 'Billing'),
(23, 'ModifiedTime', '2013-06-25 02:55:08', '2013-06-26 08:29:33'),
(23, 'b_status', 'Paid', 'Pending'),
(24, 'ModifiedTime', '2013-06-25 08:16:30', '2013-06-26 08:29:39'),
(24, 'b_status', 'Paid', 'Pending'),
(25, 'ModifiedTime', '2013-06-25 02:56:03', '2013-06-26 08:29:45'),
(25, 'b_status', 'Paid', 'Pending'),
(33, 'ModifiedTime', '2013-06-26 07:45:32', '2013-06-26 08:57:35'),
(33, 'amount_paid', NULL, '200.00'),
(33, 'amount', '300.00', '100.00'),
(34, 'ModifiedTime', '2013-06-26 08:57:17', '2013-06-26 08:57:35'),
(35, 'ModifiedTime', '2013-06-26 08:57:35', '2013-06-26 08:58:56'),
(35, 'amount_paid', '200.00', '400.00'),
(36, 'ModifiedTime', '2013-06-26 08:57:35', '2013-06-26 08:58:56'),
(37, 'ModifiedTime', '2013-06-26 08:58:56', '2013-06-26 08:59:10'),
(37, 'amount', '100.00', '300.00'),
(37, 'amount_paid', '400.00', '0.00'),
(38, 'ModifiedTime', '2013-06-26 08:59:10', '2013-06-26 08:59:21'),
(38, 'amount_paid', '0.00', '200.00'),
(39, 'ModifiedTime', '2013-06-26 08:58:56', '2013-06-26 08:59:20'),
(40, 'ModifiedTime', '2013-06-26 08:59:21', '2013-06-26 08:59:35'),
(40, 'amount_paid', '200.00', '500.00'),
(41, 'ModifiedTime', '2013-06-26 08:59:20', '2013-06-26 08:59:35'),
(41, 'amount_paid', '200.00', '300.00'),
(42, 'ModifiedTime', '2013-06-26 08:59:35', '2013-06-26 08:59:56'),
(42, 'amount_paid', '500.00', '0.00'),
(43, 'ModifiedTime', '2013-06-26 08:59:56', '2013-06-26 09:00:03'),
(43, 'amount_paid', '0.00', '500.00'),
(44, 'ModifiedTime', '2013-06-26 08:59:35', '2013-06-26 09:00:03'),
(44, 'amount_paid', '300.00', '200.00'),
(45, 'ModifiedTime', '2013-06-26 09:00:03', '2013-06-26 09:00:47'),
(45, 'amount_paid', '500.00', '100.00'),
(46, 'ModifiedTime', '2013-06-26 09:00:47', '2013-06-26 09:00:58'),
(46, 'amount_paid', '100.00', '300.00'),
(47, 'ModifiedTime', '2013-06-26 09:00:03', '2013-06-26 09:00:58'),
(47, 'amount_paid', '200.00', '300.00'),
(48, 'ModifiedTime', '2013-06-26 09:00:58', '2013-06-26 09:01:06'),
(48, 'amount_paid', '300.00', '500.00'),
(49, 'ModifiedTime', '2013-06-26 09:01:06', '2013-06-26 09:01:28'),
(50, 'ModifiedTime', '2013-06-26 09:00:58', '2013-06-26 09:01:28'),
(50, 'amount_paid', '300.00', '500.00'),
(51, 'ModifiedTime', '2013-06-26 09:01:28', '2013-06-26 09:01:47'),
(51, 'amount_paid', '500.00', '200.00'),
(52, 'ModifiedTime', '2013-06-26 09:01:28', '2013-06-26 09:01:47'),
(52, 'amount_paid', '500.00', '200.00'),
(53, 'ModifiedTime', '2013-06-26 09:01:47', '2013-06-26 09:01:59'),
(53, 'amount_paid', '200.00', '350.00'),
(54, 'ModifiedTime', '2013-06-26 09:01:47', '2013-06-26 09:01:59'),
(54, 'amount_paid', '200.00', '350.00'),
(55, 'ModifiedTime', '2013-06-26 09:01:59', '2013-06-26 09:02:16'),
(55, 'amount_paid', '350.00', '200.00'),
(56, 'ModifiedTime', '2013-06-26 09:01:59', '2013-06-26 09:02:16'),
(56, 'amount_paid', '350.00', '200.00'),
(57, 'ModifiedTime', '2013-06-26 09:02:16', '2013-06-26 09:02:52'),
(57, 'amount_paid', '200.00', '350.00'),
(58, 'CreatedTime', NULL, '2013-06-26 09:02:52'),
(58, 'ModifiedTime', NULL, '2013-06-26 09:02:52'),
(58, 'assigned_user_id', NULL, '1'),
(58, 'payment_no', NULL, 'P0010'),
(58, 'homeowner', NULL, '134'),
(58, 'bill_no', NULL, '160'),
(58, 'amount_paid', NULL, '150.00'),
(58, 'p_type_payment', NULL, 'Cash'),
(58, 'date_of_payment', NULL, '2013-06-26'),
(58, 'record_id', NULL, '163'),
(58, 'record_module', NULL, 'Payments'),
(59, 'ModifiedTime', '2013-06-26 09:02:52', '2013-06-26 09:03:52'),
(59, 'amount_paid', '350.00', '300.00'),
(59, 'b_status', 'Pending', 'Paid'),
(60, 'ModifiedTime', '2013-06-26 09:02:52', '2013-06-26 09:03:52'),
(60, 'amount_paid', '150.00', '100.00'),
(61, 'ModifiedTime', '2013-06-26 09:03:52', '2013-06-26 09:04:03'),
(61, 'amount_paid', '300.00', '250.00'),
(61, 'b_status', 'Paid', 'Pending'),
(62, 'ModifiedTime', '2013-06-26 09:03:52', '2013-06-26 09:04:02'),
(62, 'amount_paid', '100.00', '50.00'),
(63, 'ModifiedTime', '2013-06-26 09:04:03', '2013-06-26 09:06:33'),
(63, 'amount_paid', '250.00', '300.00'),
(63, 'b_status', 'Pending', 'Paid'),
(64, 'CreatedTime', NULL, '2013-06-26 09:06:32'),
(64, 'ModifiedTime', NULL, '2013-06-26 09:06:32'),
(64, 'assigned_user_id', NULL, '1'),
(64, 'payment_no', NULL, 'P0011'),
(64, 'homeowner', NULL, '134'),
(64, 'bill_no', NULL, '160'),
(64, 'amount_paid', NULL, '50.00'),
(64, 'p_type_payment', NULL, 'Cash'),
(64, 'date_of_payment', NULL, '2013-06-26'),
(64, 'record_id', NULL, '164'),
(64, 'record_module', NULL, 'Payments'),
(65, 'ModifiedTime', '2013-06-26 07:45:19', '2013-06-26 09:07:28'),
(65, 'amount_paid', NULL, '300.00'),
(65, 'b_status', 'Pending', 'Paid'),
(66, 'CreatedTime', NULL, '2013-06-26 09:07:28'),
(66, 'ModifiedTime', NULL, '2013-06-26 09:07:28'),
(66, 'assigned_user_id', NULL, '1'),
(66, 'payment_no', NULL, 'P0012'),
(66, 'homeowner', NULL, '134'),
(66, 'bill_no', NULL, '159'),
(66, 'amount_paid', NULL, '300.00'),
(66, 'p_type_payment', NULL, '- Select -'),
(66, 'date_of_payment', NULL, '2013-06-26'),
(66, 'record_id', NULL, '165'),
(66, 'record_module', NULL, 'Payments'),
(67, 'ModifiedTime', '2013-06-26 09:07:28', '2013-06-26 09:07:46'),
(67, 'amount_paid', '300.00', '250.00'),
(67, 'b_status', 'Paid', 'Pending'),
(68, 'ModifiedTime', '2013-06-26 09:07:28', '2013-06-26 09:07:45'),
(68, 'amount_paid', '300.00', '250.00'),
(68, 'p_type_payment', '- Select -', 'Cash'),
(69, 'ModifiedTime', '2013-06-26 09:07:46', '2013-06-26 09:07:56'),
(69, 'amount_paid', '250.00', '300.00'),
(69, 'b_status', 'Pending', 'Paid'),
(70, 'ModifiedTime', '2013-06-26 09:07:45', '2013-06-26 09:07:56'),
(70, 'amount_paid', '250.00', '300.00'),
(71, 'ModifiedTime', '2013-06-24 10:28:02', '2013-06-26 09:17:35'),
(71, 'h_area', 'Area 1', 'Area 2'),
(72, 'CreatedTime', NULL, '2013-06-26 09:41:27'),
(72, 'ModifiedTime', NULL, '2013-06-26 09:41:27'),
(72, 'assigned_user_id', NULL, '1'),
(72, 'billno', NULL, 'B000012'),
(72, 'amount', NULL, '350.00'),
(72, 'purpose', NULL, 'Monthly Dues'),
(72, 'homeowner', NULL, '134'),
(72, 'date_of_bill', NULL, '2013-07-01'),
(72, 'b_status', NULL, 'Pending'),
(72, 'amount_paid', NULL, '0.00'),
(72, 'record_id', NULL, '166'),
(72, 'record_module', NULL, 'Billing'),
(73, 'CreatedTime', NULL, '2013-06-26 09:43:01'),
(73, 'ModifiedTime', NULL, '2013-06-26 09:43:01'),
(73, 'assigned_user_id', NULL, '1'),
(73, 'billno', NULL, 'B000013'),
(73, 'amount', NULL, '400.00'),
(73, 'purpose', NULL, 'Monthly Dues'),
(73, 'homeowner', NULL, '134'),
(73, 'date_of_bill', NULL, '2013-08-01'),
(73, 'b_status', NULL, 'Pending'),
(73, 'amount_paid', NULL, '0.00'),
(73, 'record_id', NULL, '167'),
(73, 'record_module', NULL, 'Billing'),
(74, 'CreatedTime', NULL, '2013-06-26 09:43:59'),
(74, 'ModifiedTime', NULL, '2013-06-26 09:43:59'),
(74, 'assigned_user_id', NULL, '1'),
(74, 'billno', NULL, 'B000014'),
(74, 'amount', NULL, '450.00'),
(74, 'purpose', NULL, 'Monthly Dues'),
(74, 'homeowner', NULL, '134'),
(74, 'date_of_bill', NULL, '2013-09-01'),
(74, 'b_status', NULL, 'Pending'),
(74, 'amount_paid', NULL, '0.00'),
(74, 'record_id', NULL, '168'),
(74, 'record_module', NULL, 'Billing'),
(75, 'ModifiedTime', '2013-06-26 10:44:32', '2013-06-26 10:44:58'),
(76, 'ModifiedTime', '2013-06-26 10:46:03', '2013-06-26 10:46:23'),
(77, 'ModifiedTime', '2013-06-26 07:45:05', '2013-06-26 10:58:00'),
(77, 'amount_paid', NULL, '200.00'),
(78, 'CreatedTime', NULL, '2013-06-26 10:58:00'),
(78, 'ModifiedTime', NULL, '2013-06-26 10:58:00'),
(78, 'assigned_user_id', NULL, '1'),
(78, 'payment_no', NULL, 'P0014'),
(78, 'homeowner', NULL, '134'),
(78, 'bill_no', NULL, '158'),
(78, 'amount_paid', NULL, '200.00'),
(78, 'p_type_payment', NULL, 'Cash'),
(78, 'date_of_payment', NULL, '2013-06-26'),
(78, 'record_id', NULL, '172'),
(78, 'record_module', NULL, 'Payments'),
(79, 'ModifiedTime', '2013-06-26 10:58:00', '2013-06-26 10:58:30'),
(79, 'amount_paid', '200.00', '300.00'),
(79, 'b_status', 'Pending', 'Paid'),
(80, 'CreatedTime', NULL, '2013-06-26 10:58:30'),
(80, 'ModifiedTime', NULL, '2013-06-26 10:58:30'),
(80, 'assigned_user_id', NULL, '1'),
(80, 'payment_no', NULL, 'P0015'),
(80, 'homeowner', NULL, '134'),
(80, 'bill_no', NULL, '158'),
(80, 'amount_paid', NULL, '100.00'),
(80, 'p_type_payment', NULL, 'Cash'),
(80, 'date_of_payment', NULL, '2013-06-26'),
(80, 'record_id', NULL, '173'),
(80, 'record_module', NULL, 'Payments'),
(81, 'CreatedTime', NULL, '2013-06-26 10:59:08'),
(81, 'ModifiedTime', NULL, '2013-06-26 10:59:08'),
(81, 'assigned_user_id', NULL, '1'),
(81, 'payment_no', NULL, 'P0016'),
(81, 'homeowner', NULL, '134'),
(81, 'bill_no', NULL, '170'),
(81, 'amount_paid', NULL, '250.00'),
(81, 'p_type_payment', NULL, 'Cash'),
(81, 'date_of_payment', NULL, '2013-06-26'),
(81, 'record_id', NULL, '174'),
(81, 'record_module', NULL, 'Payments'),
(82, 'ModifiedTime', '2013-06-26 07:44:51', '2013-06-26 11:04:02'),
(82, 'amount_paid', NULL, '300.00'),
(82, 'b_status', 'Pending', 'Paid'),
(83, 'CreatedTime', NULL, '2013-06-26 11:04:02'),
(83, 'ModifiedTime', NULL, '2013-06-26 11:04:02'),
(83, 'assigned_user_id', NULL, '1'),
(83, 'payment_no', NULL, 'P0017'),
(83, 'homeowner', NULL, '134'),
(83, 'bill_no', NULL, '157'),
(83, 'amount_paid', NULL, '300.00'),
(83, 'p_type_payment', NULL, 'Cash'),
(83, 'date_of_payment', NULL, '2013-06-26'),
(83, 'record_id', NULL, '175'),
(83, 'record_module', NULL, 'Payments'),
(84, 'CreatedTime', NULL, '2013-06-26 11:06:19'),
(84, 'ModifiedTime', NULL, '2013-06-26 11:06:19'),
(84, 'assigned_user_id', NULL, '1'),
(84, 'payment_no', NULL, 'P0018'),
(84, 'homeowner', NULL, '134'),
(84, 'bill_no', NULL, '176'),
(84, 'amount_paid', NULL, '3000.00'),
(84, 'p_type_payment', NULL, 'Cash'),
(84, 'date_of_payment', NULL, '2013-06-26'),
(84, 'record_id', NULL, '177'),
(84, 'record_module', NULL, 'Payments'),
(85, 'ModifiedTime', '2013-06-26 07:44:26', '2013-06-26 11:07:48'),
(85, 'amount_paid', NULL, '200.00'),
(86, 'CreatedTime', NULL, '2013-06-26 11:07:48'),
(86, 'ModifiedTime', NULL, '2013-06-26 11:07:48'),
(86, 'assigned_user_id', NULL, '1'),
(86, 'payment_no', NULL, 'P0019'),
(86, 'homeowner', NULL, '134'),
(86, 'bill_no', NULL, '156'),
(86, 'amount_paid', NULL, '200.00'),
(86, 'p_type_payment', NULL, 'Cash'),
(86, 'date_of_payment', NULL, '2013-06-26'),
(86, 'record_id', NULL, '178'),
(86, 'record_module', NULL, 'Payments'),
(87, 'CreatedTime', NULL, '2013-06-26 11:09:43'),
(87, 'ModifiedTime', NULL, '2013-06-26 11:09:43'),
(87, 'assigned_user_id', NULL, '1'),
(87, 'payment_no', NULL, 'P0020'),
(87, 'homeowner', NULL, '134'),
(87, 'bill_no', NULL, '176'),
(87, 'amount_paid', NULL, '3000.00'),
(87, 'p_type_payment', NULL, '- Select -'),
(87, 'date_of_payment', NULL, '2013-06-26'),
(87, 'record_id', NULL, '179'),
(87, 'record_module', NULL, 'Payments'),
(88, 'ModifiedTime', '2013-06-26 09:43:59', '2013-06-27 06:06:46'),
(88, 'amount_paid', '0.00', '200.00'),
(89, 'CreatedTime', NULL, '2013-06-27 06:06:46'),
(89, 'ModifiedTime', NULL, '2013-06-27 06:06:46'),
(89, 'assigned_user_id', NULL, '6'),
(89, 'payment_no', NULL, 'P0021'),
(89, 'homeowner', NULL, '134'),
(89, 'bill_no', NULL, '168'),
(89, 'amount_paid', NULL, '200.00'),
(89, 'p_type_payment', NULL, 'Cash'),
(89, 'date_of_payment', NULL, '2013-06-27'),
(89, 'record_id', NULL, '183'),
(89, 'record_module', NULL, 'Payments'),
(90, 'ModifiedTime', '2013-06-27 06:06:46', '2013-06-27 06:08:24'),
(90, 'amount_paid', '200.00', '300.00'),
(91, 'CreatedTime', NULL, '2013-06-27 06:08:24'),
(91, 'ModifiedTime', NULL, '2013-06-27 06:08:24'),
(91, 'assigned_user_id', NULL, '6'),
(91, 'payment_no', NULL, 'P0022'),
(91, 'homeowner', NULL, '134'),
(91, 'bill_no', NULL, '168'),
(91, 'amount_paid', NULL, '100.00'),
(91, 'p_type_payment', NULL, 'Cash'),
(91, 'date_of_payment', NULL, '2013-06-27'),
(91, 'record_id', NULL, '184'),
(91, 'record_module', NULL, 'Payments'),
(92, 'ModifiedTime', '2013-06-27 06:08:24', '2013-06-27 06:08:51'),
(92, 'amount_paid', '300.00', '420.00'),
(93, 'CreatedTime', NULL, '2013-06-27 06:08:50'),
(93, 'ModifiedTime', NULL, '2013-06-27 06:08:50'),
(93, 'assigned_user_id', NULL, '6'),
(93, 'payment_no', NULL, 'P0023'),
(93, 'homeowner', NULL, '134'),
(93, 'bill_no', NULL, '168'),
(93, 'amount_paid', NULL, '120.00'),
(93, 'p_type_payment', NULL, 'Cash'),
(93, 'date_of_payment', NULL, '2013-06-27'),
(93, 'record_id', NULL, '185'),
(93, 'record_module', NULL, 'Payments'),
(94, 'ModifiedTime', '2013-06-27 06:08:51', '2013-06-27 06:09:04'),
(94, 'amount_paid', '420.00', '450.00'),
(94, 'b_status', 'Pending', 'Paid'),
(95, 'CreatedTime', NULL, '2013-06-27 06:09:04'),
(95, 'ModifiedTime', NULL, '2013-06-27 06:09:04'),
(95, 'assigned_user_id', NULL, '6'),
(95, 'payment_no', NULL, 'P0024'),
(95, 'homeowner', NULL, '134'),
(95, 'bill_no', NULL, '168'),
(95, 'amount_paid', NULL, '30.00'),
(95, 'p_type_payment', NULL, 'Cash'),
(95, 'date_of_payment', NULL, '2013-06-27'),
(95, 'record_id', NULL, '186'),
(95, 'record_module', NULL, 'Payments'),
(96, 'CreatedTime', NULL, '2013-06-27 06:09:47'),
(96, 'ModifiedTime', NULL, '2013-06-27 06:09:47'),
(96, 'assigned_user_id', NULL, '6'),
(96, 'memo_no', NULL, 'MA00005'),
(96, 'ma_purpose', NULL, 'Clubhouse Rental'),
(96, 'homeowner', NULL, '134'),
(96, 'amount', NULL, '5000.00'),
(96, 'amount_paid', NULL, '0.00'),
(96, 'ma_status', NULL, 'Pending'),
(96, 'date_of_memo', NULL, '2013-06-27'),
(96, 'record_id', NULL, '187'),
(96, 'record_module', NULL, 'MemoAdvice'),
(97, 'ModifiedTime', '2013-06-27 06:09:47', '2013-06-27 06:10:20'),
(97, 'amount_paid', '0.00', '3500.00'),
(98, 'CreatedTime', NULL, '2013-06-27 06:10:20'),
(98, 'ModifiedTime', NULL, '2013-06-27 06:10:20'),
(98, 'assigned_user_id', NULL, '6'),
(98, 'payment_no', NULL, 'P0025'),
(98, 'homeowner', NULL, '134'),
(98, 'bill_no', NULL, '187'),
(98, 'amount_paid', NULL, '3500.00'),
(98, 'p_type_payment', NULL, 'Cash'),
(98, 'date_of_payment', NULL, '2013-06-27'),
(98, 'record_id', NULL, '188'),
(98, 'record_module', NULL, 'Payments'),
(99, 'ModifiedTime', '2013-06-27 06:10:20', '2013-06-27 06:10:37'),
(99, 'amount_paid', '3500.00', '4000.00'),
(100, 'CreatedTime', NULL, '2013-06-27 06:10:37'),
(100, 'ModifiedTime', NULL, '2013-06-27 06:10:37'),
(100, 'assigned_user_id', NULL, '6'),
(100, 'payment_no', NULL, 'P0026'),
(100, 'homeowner', NULL, '134'),
(100, 'bill_no', NULL, '187'),
(100, 'amount_paid', NULL, '500.00'),
(100, 'p_type_payment', NULL, 'Cash'),
(100, 'date_of_payment', NULL, '2013-06-27'),
(100, 'record_id', NULL, '189'),
(100, 'record_module', NULL, 'Payments'),
(101, 'CreatedTime', NULL, '2013-06-27 06:11:15'),
(101, 'ModifiedTime', NULL, '2013-06-27 06:11:15'),
(101, 'assigned_user_id', NULL, '6'),
(101, 'memo_no', NULL, 'MA00006'),
(101, 'ma_purpose', NULL, 'Membership Fee'),
(101, 'homeowner', NULL, '134'),
(101, 'amount', NULL, '200.00'),
(101, 'amount_paid', NULL, '150.00'),
(101, 'ma_status', NULL, 'Pending'),
(101, 'date_of_memo', NULL, '2013-06-27'),
(101, 'record_id', NULL, '190'),
(101, 'record_module', NULL, 'MemoAdvice'),
(102, 'ModifiedTime', '2013-06-27 06:11:15', '2013-06-27 06:11:25'),
(102, 'amount_paid', '150.00', '0.00'),
(103, 'CreatedTime', NULL, '2013-06-27 06:11:45'),
(103, 'ModifiedTime', NULL, '2013-06-27 06:11:45'),
(103, 'assigned_user_id', NULL, '6'),
(103, 'memo_no', NULL, 'MA00007'),
(103, 'ma_purpose', NULL, 'Membership Fee'),
(103, 'homeowner', NULL, '134'),
(103, 'amount', NULL, '175.00'),
(103, 'amount_paid', NULL, '0.00'),
(103, 'ma_status', NULL, 'Pending'),
(103, 'date_of_memo', NULL, '2013-06-27'),
(103, 'record_id', NULL, '191'),
(103, 'record_module', NULL, 'MemoAdvice'),
(104, 'ModifiedTime', '2013-06-27 06:11:45', '2013-06-27 06:11:57'),
(104, 'amount_paid', '0.00', '175.00'),
(104, 'ma_status', 'Pending', 'Paid'),
(105, 'CreatedTime', NULL, '2013-06-27 06:11:56'),
(105, 'ModifiedTime', NULL, '2013-06-27 06:11:56'),
(105, 'assigned_user_id', NULL, '6'),
(105, 'payment_no', NULL, 'P0027'),
(105, 'homeowner', NULL, '134'),
(105, 'bill_no', NULL, '191'),
(105, 'amount_paid', NULL, '175.00'),
(105, 'p_type_payment', NULL, 'Cash'),
(105, 'date_of_payment', NULL, '2013-06-27'),
(105, 'record_id', NULL, '192'),
(105, 'record_module', NULL, 'Payments'),
(106, 'ModifiedTime', '2013-06-27 06:11:25', '2013-06-27 06:12:18'),
(106, 'amount_paid', '0.00', '200.00'),
(106, 'ma_status', 'Pending', 'Paid'),
(107, 'CreatedTime', NULL, '2013-06-27 06:12:18'),
(107, 'ModifiedTime', NULL, '2013-06-27 06:12:18'),
(107, 'assigned_user_id', NULL, '6'),
(107, 'payment_no', NULL, 'P0028'),
(107, 'homeowner', NULL, '134'),
(107, 'bill_no', NULL, '190'),
(107, 'amount_paid', NULL, '200.00'),
(107, 'p_type_payment', NULL, 'Cash'),
(107, 'date_of_payment', NULL, '2013-06-27'),
(107, 'record_id', NULL, '193'),
(107, 'record_module', NULL, 'Payments'),
(109, 'CreatedTime', NULL, '2013-06-28 04:42:15'),
(109, 'ModifiedTime', NULL, '2013-06-28 04:42:15'),
(109, 'assigned_user_id', NULL, '6'),
(109, 'memo_no', NULL, 'MA00008'),
(109, 'ma_purpose', NULL, 'Clubhouse Rental'),
(109, 'homeowner', NULL, '134'),
(109, 'amount', NULL, '2500.00'),
(109, 'amount_paid', NULL, '0.00'),
(109, 'ma_status', NULL, 'Pending'),
(109, 'date_of_memo', NULL, '2013-06-28'),
(109, 'record_id', NULL, '194'),
(109, 'record_module', NULL, 'MemoAdvice'),
(110, 'ModifiedTime', '2013-06-28 04:42:15', '2013-06-28 04:42:38'),
(110, 'amount_paid', '0.00', '2000.00'),
(111, 'CreatedTime', NULL, '2013-06-28 04:42:38'),
(111, 'ModifiedTime', NULL, '2013-06-28 04:42:38'),
(111, 'assigned_user_id', NULL, '6'),
(111, 'payment_no', NULL, 'P0029'),
(111, 'homeowner', NULL, '134'),
(111, 'bill_no', NULL, '194'),
(111, 'amount_paid', NULL, '2000.00'),
(111, 'p_type_payment', NULL, 'Cash'),
(111, 'date_of_payment', NULL, '2013-06-28'),
(111, 'record_id', NULL, '195'),
(111, 'record_module', NULL, 'Payments'),
(112, 'ModifiedTime', '2013-06-28 04:42:38', '2013-06-28 04:42:58'),
(112, 'amount_paid', '2000.00', '2500.00'),
(112, 'ma_status', 'Pending', 'Paid'),
(113, 'CreatedTime', NULL, '2013-06-28 04:42:58'),
(113, 'ModifiedTime', NULL, '2013-06-28 04:42:58'),
(113, 'assigned_user_id', NULL, '6'),
(113, 'payment_no', NULL, 'P0030'),
(113, 'homeowner', NULL, '134'),
(113, 'bill_no', NULL, '194'),
(113, 'amount_paid', NULL, '500.00'),
(113, 'p_type_payment', NULL, 'Cash'),
(113, 'date_of_payment', NULL, '2013-06-28'),
(113, 'record_id', NULL, '196'),
(113, 'record_module', NULL, 'Payments'),
(114, 'ModifiedTime', '2013-06-27 03:13:37', '2013-06-28 05:50:14'),
(114, 'amount_paid', '0.00', '150.00'),
(115, 'CreatedTime', NULL, '2013-06-28 05:50:14'),
(115, 'ModifiedTime', NULL, '2013-06-28 05:50:14'),
(115, 'assigned_user_id', NULL, '6'),
(115, 'payment_no', NULL, 'P0031'),
(115, 'homeowner', NULL, '140'),
(115, 'bill_no', NULL, '181'),
(115, 'amount_paid', NULL, '150.00'),
(115, 'p_type_payment', NULL, 'Cash'),
(115, 'date_of_payment', NULL, '2013-06-28'),
(115, 'record_id', NULL, '197'),
(115, 'record_module', NULL, 'Payments'),
(116, 'ModifiedTime', '2013-06-25 02:07:13', '2013-06-28 05:53:07'),
(116, 'amount_paid', NULL, '500.00'),
(117, 'ModifiedTime', '2013-06-24 10:28:27', '2013-06-28 05:53:07'),
(118, 'ModifiedTime', '2013-06-26 07:45:32', '2013-07-03 05:50:08'),
(118, 'email', '', 'gideon@nextixsystems.com'),
(118, 'telephone_no_', '', '6457913'),
(119, 'ModifiedTime', '2013-06-26 09:17:35', '2013-07-03 05:50:58'),
(119, 'email', '', 'kvnrslsroe@gmail.com'),
(119, 'telephone_no_', '', '6457913'),
(120, 'ModifiedTime', '2013-07-03 05:50:08', '2013-07-03 08:00:09'),
(120, 'alternative_email', '', 'gideonrosales@gmail.com'),
(121, 'ModifiedTime', '2013-06-26 11:07:48', '2013-07-03 09:11:48'),
(121, 'amount_paid', '200.00', '300.00'),
(121, 'b_status', 'Pending', 'Paid'),
(122, 'CreatedTime', NULL, '2013-07-03 09:11:48'),
(122, 'ModifiedTime', NULL, '2013-07-03 09:11:48'),
(122, 'assigned_user_id', NULL, '6'),
(122, 'payment_no', NULL, 'P0032'),
(122, 'homeowner', NULL, '134'),
(122, 'bill_no', NULL, '156'),
(122, 'amount_paid', NULL, '100.00'),
(122, 'p_type_payment', NULL, 'Cash'),
(122, 'date_of_payment', NULL, '2013-07-03'),
(122, 'record_id', NULL, '202'),
(122, 'record_module', NULL, 'Payments'),
(123, 'ModifiedTime', '2013-07-03 08:00:09', '2013-07-03 10:01:06'),
(123, 'assigned_user_id', '1', '6'),
(125, 'ModifiedTime', '2013-07-03 05:50:58', '2013-07-04 01:46:19'),
(125, 'primary_house', '', '205'),
(126, 'CreatedTime', NULL, '2013-07-04 02:21:15'),
(126, 'ModifiedTime', NULL, '2013-07-04 02:21:15'),
(126, 'assigned_user_id', NULL, '1'),
(126, 'billno', NULL, 'B000015'),
(126, 'amount', NULL, '500.00'),
(126, 'purpose', NULL, 'Monthly Dues'),
(126, 'homeowner', NULL, '134'),
(126, 'date_of_bill', NULL, '2013-07-04'),
(126, 'b_status', NULL, 'Pending'),
(126, 'amount_paid', NULL, '0.00'),
(126, 'house', NULL, '204'),
(126, 'record_id', NULL, '206'),
(126, 'record_module', NULL, 'Billing'),
(127, 'ModifiedTime', '2013-07-03 10:01:06', '2013-07-04 02:23:49'),
(127, 'primary_house', '', '204'),
(128, 'CreatedTime', NULL, '2013-07-04 02:24:19'),
(128, 'ModifiedTime', NULL, '2013-07-04 02:24:19'),
(128, 'assigned_user_id', NULL, '1'),
(128, 'memo_no', NULL, 'MA00009'),
(128, 'ma_purpose', NULL, 'Streamer'),
(128, 'homeowner', NULL, '134'),
(128, 'amount', NULL, '250.00'),
(128, 'amount_paid', NULL, '0.00'),
(128, 'ma_status', NULL, 'Pending'),
(128, 'date_of_memo', NULL, '2013-07-04'),
(128, 'house', NULL, '204'),
(128, 'record_id', NULL, '207'),
(128, 'record_module', NULL, 'MemoAdvice'),
(129, 'ModifiedTime', '2013-07-04 02:24:19', '2013-07-04 02:24:38'),
(129, 'amount_paid', '0.00', '250.00'),
(129, 'ma_status', 'Pending', 'Paid'),
(130, 'CreatedTime', NULL, '2013-07-04 02:24:38'),
(130, 'ModifiedTime', NULL, '2013-07-04 02:24:38'),
(130, 'assigned_user_id', NULL, '1'),
(130, 'payment_no', NULL, 'P0033'),
(130, 'homeowner', NULL, '134'),
(130, 'bill_no', NULL, '207'),
(130, 'amount_paid', NULL, '250.00'),
(130, 'p_type_payment', NULL, 'Cash'),
(130, 'date_of_payment', NULL, '2013-07-04'),
(130, 'record_id', NULL, '208'),
(130, 'record_module', NULL, 'Payments'),
(135, 'CreatedTime', NULL, '2013-07-04 02:41:42'),
(135, 'ModifiedTime', NULL, '2013-07-04 02:41:42'),
(135, 'assigned_user_id', NULL, '1'),
(135, 'billno', NULL, 'B000016'),
(135, 'amount', NULL, '0.00'),
(135, 'purpose', NULL, 'Monthly Dues'),
(135, 'homeowner', NULL, '134'),
(135, 'date_of_bill', NULL, '2013-07-04'),
(135, 'b_status', NULL, 'Pending'),
(135, 'amount_paid', NULL, '0.00'),
(135, 'house', NULL, '204'),
(135, 'record_id', NULL, '210'),
(135, 'record_module', NULL, 'Billing'),
(136, 'ModifiedTime', '2013-07-04 02:41:42', '2013-07-04 02:41:51'),
(136, 'amount_paid', '0.00', '250.00'),
(136, 'b_status', 'Pending', 'Paid'),
(137, 'CreatedTime', NULL, '2013-07-04 02:41:51'),
(137, 'ModifiedTime', NULL, '2013-07-04 02:41:51'),
(137, 'assigned_user_id', NULL, '1'),
(137, 'payment_no', NULL, 'P0035'),
(137, 'homeowner', NULL, '134'),
(137, 'bill_no', NULL, '210'),
(137, 'amount_paid', NULL, '250.00'),
(137, 'p_type_payment', NULL, 'Cash'),
(137, 'date_of_payment', NULL, '2013-07-04'),
(137, 'record_id', NULL, '211'),
(137, 'record_module', NULL, 'Payments'),
(138, 'ModifiedTime', '2013-07-04 02:21:15', '2013-07-04 02:46:43'),
(138, 'amount_paid', '0.00', '200.00'),
(139, 'CreatedTime', NULL, '2013-07-04 02:46:43'),
(139, 'ModifiedTime', NULL, '2013-07-04 02:46:43'),
(139, 'assigned_user_id', NULL, '1'),
(139, 'payment_no', NULL, 'P0036'),
(139, 'homeowner', NULL, '134'),
(139, 'bill_no', NULL, '206'),
(139, 'amount_paid', NULL, '200.00'),
(139, 'p_type_payment', NULL, 'Cash'),
(139, 'date_of_payment', NULL, '2013-07-04'),
(139, 'record_id', NULL, '212'),
(139, 'record_module', NULL, 'Payments'),
(141, 'CreatedTime', NULL, '2013-07-04 02:48:18'),
(141, 'ModifiedTime', NULL, '2013-07-04 02:48:18'),
(141, 'assigned_user_id', NULL, '1'),
(141, 'billno', NULL, 'B000017'),
(141, 'amount', NULL, '500.00'),
(141, 'purpose', NULL, 'Monthly Dues'),
(141, 'homeowner', NULL, '140'),
(141, 'date_of_bill', NULL, '2013-07-04'),
(141, 'b_status', NULL, 'Pending'),
(141, 'amount_paid', NULL, '0.00'),
(141, 'house', NULL, '205'),
(141, 'record_id', NULL, '213'),
(141, 'record_module', NULL, 'Billing'),
(142, 'CreatedTime', NULL, '2013-07-04 02:48:36'),
(142, 'ModifiedTime', NULL, '2013-07-04 02:48:36'),
(142, 'assigned_user_id', NULL, '1'),
(142, 'memo_no', NULL, 'MA00011'),
(142, 'ma_purpose', NULL, 'Construction Bond'),
(142, 'homeowner', NULL, '140'),
(142, 'amount', NULL, '455.00'),
(142, 'amount_paid', NULL, '0.00'),
(142, 'ma_status', NULL, 'Pending'),
(142, 'date_of_memo', NULL, '2013-07-04'),
(142, 'house', NULL, '205'),
(142, 'record_id', NULL, '214'),
(142, 'record_module', NULL, 'MemoAdvice'),
(143, 'ModifiedTime', '2013-07-04 02:48:18', '2013-07-04 02:48:54'),
(143, 'amount_paid', '0.00', '200.00'),
(144, 'CreatedTime', NULL, '2013-07-04 02:48:54'),
(144, 'ModifiedTime', NULL, '2013-07-04 02:48:54'),
(144, 'assigned_user_id', NULL, '1'),
(144, 'payment_no', NULL, 'P0037'),
(144, 'homeowner', NULL, '140'),
(144, 'bill_no', NULL, '213'),
(144, 'amount_paid', NULL, '200.00'),
(144, 'p_type_payment', NULL, 'Cash'),
(144, 'date_of_payment', NULL, '2013-07-04'),
(144, 'record_id', NULL, '215'),
(144, 'record_module', NULL, 'Payments'),
(145, 'ModifiedTime', '2013-07-04 02:48:36', '2013-07-04 02:49:13'),
(145, 'amount_paid', '0.00', '250.00'),
(146, 'CreatedTime', NULL, '2013-07-04 02:49:13'),
(146, 'ModifiedTime', NULL, '2013-07-04 02:49:13'),
(146, 'assigned_user_id', NULL, '1'),
(146, 'payment_no', NULL, 'P0038'),
(146, 'homeowner', NULL, '140'),
(146, 'bill_no', NULL, '214'),
(146, 'amount_paid', NULL, '250.00'),
(146, 'p_type_payment', NULL, 'Cash'),
(146, 'date_of_payment', NULL, '2013-07-04'),
(146, 'record_id', NULL, '216'),
(146, 'record_module', NULL, 'Payments'),
(147, 'CreatedTime', NULL, '2013-07-04 02:50:31'),
(147, 'ModifiedTime', NULL, '2013-07-04 02:50:31'),
(147, 'assigned_user_id', NULL, '1'),
(147, 'memo_no', NULL, 'MA00012'),
(147, 'ma_purpose', NULL, 'Construction Bond'),
(147, 'homeowner', NULL, '140'),
(147, 'amount', NULL, '855.00'),
(147, 'amount_paid', NULL, '0.00'),
(147, 'ma_status', NULL, 'Pending'),
(147, 'date_of_memo', NULL, '2013-07-04'),
(147, 'house', NULL, '217'),
(147, 'record_id', NULL, '218'),
(147, 'record_module', NULL, 'MemoAdvice'),
(148, 'ModifiedTime', '2013-07-04 02:50:31', '2013-07-04 02:50:39'),
(148, 'amount_paid', '0.00', '200.00'),
(149, 'CreatedTime', NULL, '2013-07-04 02:50:39'),
(149, 'ModifiedTime', NULL, '2013-07-04 02:50:39'),
(149, 'assigned_user_id', NULL, '1'),
(149, 'payment_no', NULL, 'P0039'),
(149, 'homeowner', NULL, '140'),
(149, 'bill_no', NULL, '218'),
(149, 'amount_paid', NULL, '200.00'),
(149, 'p_type_payment', NULL, 'Cash'),
(149, 'date_of_payment', NULL, '2013-07-04'),
(149, 'record_id', NULL, '219'),
(149, 'record_module', NULL, 'Payments'),
(150, 'ModifiedTime', '2013-07-04 02:50:39', '2013-07-04 02:56:03'),
(150, 'amount_paid', '200.00', '450.00'),
(151, 'CreatedTime', NULL, '2013-07-04 02:56:03'),
(151, 'ModifiedTime', NULL, '2013-07-04 02:56:03'),
(151, 'assigned_user_id', NULL, '1'),
(151, 'payment_no', NULL, 'P0040'),
(151, 'homeowner', NULL, '140'),
(151, 'bill_no', NULL, '218'),
(151, 'amount_paid', NULL, '250.00'),
(151, 'p_type_payment', NULL, 'Cash'),
(151, 'date_of_payment', NULL, '2013-07-04'),
(151, 'record_id', NULL, '220'),
(151, 'record_module', NULL, 'Payments'),
(152, 'ModifiedTime', '2013-07-04 02:56:03', '2013-07-04 02:56:37'),
(152, 'amount_paid', '450.00', '855.00'),
(152, 'ma_status', 'Pending', 'Paid'),
(153, 'CreatedTime', NULL, '2013-07-04 02:56:37'),
(153, 'ModifiedTime', NULL, '2013-07-04 02:56:37'),
(153, 'assigned_user_id', NULL, '1'),
(153, 'payment_no', NULL, 'P0041'),
(153, 'homeowner', NULL, '140'),
(153, 'bill_no', NULL, '218'),
(153, 'amount_paid', NULL, '405.00'),
(153, 'p_type_payment', NULL, 'Cash'),
(153, 'date_of_payment', NULL, '2013-07-04'),
(153, 'record_id', NULL, '221'),
(153, 'record_module', NULL, 'Payments'),
(154, 'ModifiedTime', '2013-07-04 02:49:13', '2013-07-04 02:57:41'),
(154, 'amount_paid', '250.00', '400.00'),
(155, 'CreatedTime', NULL, '2013-07-04 02:57:41'),
(155, 'ModifiedTime', NULL, '2013-07-04 02:57:41'),
(155, 'assigned_user_id', NULL, '1'),
(155, 'payment_no', NULL, 'P0042'),
(155, 'homeowner', NULL, '140'),
(155, 'bill_no', NULL, '214'),
(155, 'amount_paid', NULL, '150.00'),
(155, 'p_type_payment', NULL, 'Cash'),
(155, 'date_of_payment', NULL, '2013-07-04'),
(155, 'record_id', NULL, '222'),
(155, 'record_module', NULL, 'Payments'),
(156, 'ModifiedTime', '2013-07-04 02:48:54', '2013-07-04 02:58:02'),
(156, 'amount_paid', '200.00', '350.00'),
(157, 'CreatedTime', NULL, '2013-07-04 02:58:02'),
(157, 'ModifiedTime', NULL, '2013-07-04 02:58:02'),
(157, 'assigned_user_id', NULL, '1'),
(157, 'payment_no', NULL, 'P0043'),
(157, 'homeowner', NULL, '140'),
(157, 'bill_no', NULL, '213'),
(157, 'amount_paid', NULL, '150.00'),
(157, 'p_type_payment', NULL, 'Cash'),
(157, 'date_of_payment', NULL, '2013-07-04'),
(157, 'record_id', NULL, '223'),
(157, 'record_module', NULL, 'Payments'),
(158, 'ModifiedTime', '2013-07-04 02:58:02', '2013-07-04 02:58:24'),
(158, 'amount_paid', '350.00', '450.00'),
(159, 'CreatedTime', NULL, '2013-07-04 02:58:24'),
(159, 'ModifiedTime', NULL, '2013-07-04 02:58:24'),
(159, 'assigned_user_id', NULL, '1'),
(159, 'payment_no', NULL, 'P0044'),
(159, 'homeowner', NULL, '140'),
(159, 'bill_no', NULL, '213'),
(159, 'amount_paid', NULL, '100.00'),
(159, 'p_type_payment', NULL, 'Cash'),
(159, 'date_of_payment', NULL, '2013-07-04'),
(159, 'record_id', NULL, '224'),
(159, 'record_module', NULL, 'Payments'),
(160, 'CreatedTime', NULL, '2013-07-04 02:59:22'),
(160, 'ModifiedTime', NULL, '2013-07-04 02:59:22'),
(160, 'assigned_user_id', NULL, '1'),
(160, 'billno', NULL, 'B000018'),
(160, 'amount', NULL, '500.00'),
(160, 'purpose', NULL, 'Monthly Dues'),
(160, 'homeowner', NULL, '140'),
(160, 'date_of_bill', NULL, '2013-07-04'),
(160, 'b_status', NULL, 'Pending'),
(160, 'amount_paid', NULL, '0.00'),
(160, 'house', NULL, '205'),
(160, 'record_id', NULL, '226'),
(160, 'record_module', NULL, 'Billing'),
(161, 'ModifiedTime', '2013-07-04 02:59:22', '2013-07-04 02:59:30'),
(161, 'amount_paid', '0.00', '250.00'),
(162, 'CreatedTime', NULL, '2013-07-04 02:59:30'),
(162, 'ModifiedTime', NULL, '2013-07-04 02:59:30'),
(162, 'assigned_user_id', NULL, '1'),
(162, 'payment_no', NULL, 'P0045'),
(162, 'homeowner', NULL, '140'),
(162, 'bill_no', NULL, '226'),
(162, 'amount_paid', NULL, '250.00'),
(162, 'p_type_payment', NULL, 'Cash'),
(162, 'date_of_payment', NULL, '2013-07-04'),
(162, 'record_id', NULL, '227'),
(162, 'record_module', NULL, 'Payments'),
(163, 'CreatedTime', NULL, '2013-07-04 02:59:53'),
(163, 'ModifiedTime', NULL, '2013-07-04 02:59:53'),
(163, 'assigned_user_id', NULL, '1'),
(163, 'memo_no', NULL, 'MA00013'),
(163, 'ma_purpose', NULL, 'Streamer'),
(163, 'homeowner', NULL, '140'),
(163, 'amount', NULL, '150.00'),
(163, 'amount_paid', NULL, '0.00'),
(163, 'ma_status', NULL, 'Pending'),
(163, 'date_of_memo', NULL, '2013-07-04'),
(163, 'house', NULL, '217'),
(163, 'record_id', NULL, '228'),
(163, 'record_module', NULL, 'MemoAdvice'),
(164, 'ModifiedTime', '2013-07-04 02:59:53', '2013-07-04 03:00:02'),
(164, 'amount_paid', '0.00', '150.00'),
(164, 'ma_status', 'Pending', 'Paid'),
(165, 'CreatedTime', NULL, '2013-07-04 03:00:02'),
(165, 'ModifiedTime', NULL, '2013-07-04 03:00:02'),
(165, 'assigned_user_id', NULL, '1'),
(165, 'payment_no', NULL, 'P0046'),
(165, 'homeowner', NULL, '140'),
(165, 'bill_no', NULL, '228'),
(165, 'amount_paid', NULL, '150.00'),
(165, 'p_type_payment', NULL, 'Cash'),
(165, 'date_of_payment', NULL, '2013-07-04'),
(165, 'record_id', NULL, '229'),
(165, 'record_module', NULL, 'Payments'),
(166, 'ModifiedTime', '2013-07-04 02:59:30', '2013-07-04 03:00:20'),
(166, 'amount_paid', '250.00', '500.00'),
(166, 'b_status', 'Pending', 'Paid'),
(167, 'CreatedTime', NULL, '2013-07-04 03:00:20'),
(167, 'ModifiedTime', NULL, '2013-07-04 03:00:20'),
(167, 'assigned_user_id', NULL, '1'),
(167, 'payment_no', NULL, 'P0047'),
(167, 'homeowner', NULL, '140'),
(167, 'bill_no', NULL, '226'),
(167, 'amount_paid', NULL, '250.00'),
(167, 'p_type_payment', NULL, 'Cash'),
(167, 'date_of_payment', NULL, '2013-07-04'),
(167, 'record_id', NULL, '230'),
(167, 'record_module', NULL, 'Payments'),
(168, 'ModifiedTime', '2013-07-04 01:46:19', '2013-07-04 03:02:02'),
(168, 'primary_house', '205', '225'),
(169, 'ModifiedTime', '2013-07-04 03:02:02', '2013-07-04 06:03:05'),
(169, 'street', 'A9 Faruk Street', 'Harold'),
(169, 'h_area', 'Area 2', 'Area 1'),
(169, 'primary_house', '225', '217'),
(170, 'ModifiedTime', '2013-07-04 06:03:05', '2013-07-04 06:07:46'),
(171, 'CreatedTime', NULL, '2013-07-04 06:43:48'),
(171, 'ModifiedTime', NULL, '2013-07-04 06:43:48'),
(171, 'assigned_user_id', NULL, '6'),
(171, 'customer_no', NULL, 'HW00003'),
(171, 'lastname', NULL, 'Rosales'),
(171, 'firstname', NULL, 'Gideon'),
(171, 'middlename', NULL, 'Ras'),
(171, 'street', NULL, 'A9 Faruk Street'),
(171, 'h_area', NULL, 'Area 1'),
(171, 'email', NULL, 'gideon@nextixsystems.com'),
(171, 'telephone_no_', NULL, '6457913'),
(171, 'alternative_email', NULL, 'gideonrosales@gmail.com'),
(171, 'primary_house', NULL, '204'),
(171, 'record_id', NULL, '231'),
(171, 'record_module', NULL, 'HomeOwner'),
(172, 'ModifiedTime', '2013-07-04 06:07:46', '2013-07-04 06:49:06'),
(172, 'street', 'Harold', 'George'),
(172, 'h_area', 'Area 1', 'Area 2'),
(172, 'primary_house', '217', '205'),
(172, 'unit', '', 'A9'),
(173, 'ModifiedTime', '2013-07-04 06:49:06', '2013-07-04 06:50:09'),
(173, 'street', 'George', 'Harold'),
(173, 'h_area', 'Area 2', 'Area 1'),
(173, 'primary_house', '205', '217'),
(173, 'unit', 'A9', 'A10'),
(174, 'ModifiedTime', '2013-07-04 06:50:09', '2013-07-04 06:52:56'),
(174, 'street', 'Harold', 'Luigi'),
(174, 'h_area', 'Area 1', 'Area 2'),
(174, 'primary_house', '217', '225'),
(174, 'unit', 'A10', 'A2'),
(175, 'ModifiedTime', '2013-07-04 06:43:48', '2013-07-04 06:55:39'),
(175, 'street', 'A9 Faruk Street', 'Kame hame ha'),
(175, 'h_area', 'Area 1', 'Area 3'),
(175, 'primary_house', '204', '232'),
(175, 'unit', '', 'B55'),
(176, 'ModifiedTime', '2013-07-04 06:55:39', '2013-07-04 06:56:36'),
(230, 'CreatedTime', NULL, '2013-07-04 07:06:47'),
(230, 'ModifiedTime', NULL, '2013-07-04 07:06:47'),
(230, 'assigned_user_id', NULL, '1'),
(230, 'customer_no', NULL, 'HW00004'),
(230, 'lastname', NULL, 'Rosales'),
(230, 'firstname', NULL, 'Gideon'),
(230, 'middlename', NULL, 'Ras'),
(230, 'email', NULL, 'gideon@nextixsystems.com'),
(230, 'telephone_no_', NULL, '6457913'),
(230, 'alternative_email', NULL, 'gideonrosales@gmail.com'),
(230, 'record_id', NULL, '234'),
(230, 'record_module', NULL, 'HomeOwner'),
(232, 'CreatedTime', NULL, '2013-07-04 07:08:19'),
(232, 'ModifiedTime', NULL, '2013-07-04 07:08:19'),
(232, 'assigned_user_id', NULL, '6'),
(232, 'customer_no', NULL, 'HW00005'),
(232, 'lastname', NULL, 'Rosales'),
(232, 'firstname', NULL, 'Gideon'),
(232, 'middlename', NULL, 'Ras'),
(232, 'email', NULL, 'gideon@nextixsystems.com'),
(232, 'telephone_no_', NULL, '6457913'),
(232, 'alternative_email', NULL, 'gideonrosales@gmail.com'),
(232, 'record_id', NULL, '236'),
(232, 'record_module', NULL, 'HomeOwner'),
(233, 'ModifiedTime', '2013-07-04 07:08:19', '2013-07-04 07:08:41'),
(233, 'street', '', 'Faruk'),
(233, 'h_area', '', 'Area 1'),
(233, 'primary_house', '', '237'),
(233, 'unit', '', 'A9'),
(234, 'CreatedTime', NULL, '2013-07-04 07:09:17'),
(234, 'ModifiedTime', NULL, '2013-07-04 07:09:17'),
(234, 'assigned_user_id', NULL, '6'),
(234, 'billno', NULL, 'B000019'),
(234, 'amount', NULL, '500.00'),
(234, 'purpose', NULL, 'Monthly Dues'),
(234, 'homeowner', NULL, '236'),
(234, 'date_of_bill', NULL, '2013-07-04'),
(234, 'b_status', NULL, 'Pending'),
(234, 'amount_paid', NULL, '0.00'),
(234, 'house', NULL, '237'),
(234, 'record_id', NULL, '239'),
(234, 'record_module', NULL, 'Billing'),
(235, 'CreatedTime', NULL, '2013-07-04 07:09:31'),
(235, 'ModifiedTime', NULL, '2013-07-04 07:09:31'),
(235, 'assigned_user_id', NULL, '6'),
(235, 'billno', NULL, 'B000020'),
(235, 'amount', NULL, '600.00'),
(235, 'purpose', NULL, 'Monthly Dues'),
(235, 'homeowner', NULL, '236'),
(235, 'date_of_bill', NULL, '2013-07-04'),
(235, 'b_status', NULL, 'Pending'),
(235, 'amount_paid', NULL, '0.00'),
(235, 'house', NULL, '238'),
(235, 'record_id', NULL, '240'),
(235, 'record_module', NULL, 'Billing'),
(236, 'CreatedTime', NULL, '2013-07-04 07:10:05'),
(236, 'ModifiedTime', NULL, '2013-07-04 07:10:05'),
(236, 'assigned_user_id', NULL, '6'),
(236, 'memo_no', NULL, 'MA00014'),
(236, 'ma_purpose', NULL, 'Construction Bond'),
(236, 'homeowner', NULL, '236'),
(236, 'amount', NULL, '7000.00'),
(236, 'amount_paid', NULL, '0.00'),
(236, 'ma_status', NULL, 'Pending'),
(236, 'date_of_memo', NULL, '2013-07-04'),
(236, 'house', NULL, '237'),
(236, 'record_id', NULL, '241'),
(236, 'record_module', NULL, 'MemoAdvice'),
(237, 'CreatedTime', NULL, '2013-07-04 07:10:37'),
(237, 'ModifiedTime', NULL, '2013-07-04 07:10:37'),
(237, 'assigned_user_id', NULL, '6'),
(237, 'customer_no', NULL, 'HW00006'),
(237, 'lastname', NULL, 'Rosales'),
(237, 'firstname', NULL, 'Kevin'),
(237, 'middlename', NULL, 'Ras'),
(237, 'email', NULL, 'kvnrslsroe@gmail.com'),
(237, 'telephone_no_', NULL, '639333403829'),
(237, 'record_id', NULL, '242'),
(237, 'record_module', NULL, 'HomeOwner'),
(238, 'ModifiedTime', '2013-07-04 07:10:37', '2013-07-04 07:10:55'),
(238, 'street', '', 'Faruk'),
(238, 'h_area', '', 'Area 1'),
(238, 'primary_house', '', '243'),
(238, 'unit', '', 'A10'),
(239, 'CreatedTime', NULL, '2013-07-04 07:11:18'),
(239, 'ModifiedTime', NULL, '2013-07-04 07:11:18'),
(239, 'assigned_user_id', NULL, '6'),
(239, 'billno', NULL, 'B000021'),
(239, 'amount', NULL, '500.00'),
(239, 'purpose', NULL, 'Monthly Dues'),
(239, 'homeowner', NULL, '242'),
(239, 'date_of_bill', NULL, '2013-07-04'),
(239, 'b_status', NULL, 'Pending'),
(239, 'amount_paid', NULL, '0.00'),
(239, 'house', NULL, '243'),
(239, 'record_id', NULL, '244'),
(239, 'record_module', NULL, 'Billing'),
(240, 'CreatedTime', NULL, '2013-07-04 07:11:34'),
(240, 'ModifiedTime', NULL, '2013-07-04 07:11:34'),
(240, 'assigned_user_id', NULL, '6'),
(240, 'memo_no', NULL, 'MA00015'),
(240, 'ma_purpose', NULL, 'Streamer'),
(240, 'homeowner', NULL, '242'),
(240, 'amount', NULL, '8000.00'),
(240, 'amount_paid', NULL, '0.00'),
(240, 'ma_status', NULL, 'Pending'),
(240, 'date_of_memo', NULL, '2013-07-04'),
(240, 'house', NULL, '243'),
(240, 'record_id', NULL, '245'),
(240, 'record_module', NULL, 'MemoAdvice'),
(241, 'ModifiedTime', '2013-07-04 07:11:34', '2013-07-04 07:12:17'),
(241, 'amount_paid', '0.00', '7000.00'),
(242, 'CreatedTime', NULL, '2013-07-04 07:12:17'),
(242, 'ModifiedTime', NULL, '2013-07-04 07:12:17'),
(242, 'assigned_user_id', NULL, '6'),
(242, 'payment_no', NULL, 'P0048'),
(242, 'homeowner', NULL, '242'),
(242, 'bill_no', NULL, '245'),
(242, 'amount_paid', NULL, '7000.00'),
(242, 'p_type_payment', NULL, 'Cash'),
(242, 'date_of_payment', NULL, '2013-07-04'),
(242, 'record_id', NULL, '247'),
(242, 'record_module', NULL, 'Payments'),
(243, 'ModifiedTime', '2013-07-04 07:12:17', '2013-07-04 07:12:30'),
(243, 'amount_paid', '7000.00', '8000.00'),
(243, 'ma_status', 'Pending', 'Paid'),
(244, 'CreatedTime', NULL, '2013-07-04 07:12:30'),
(244, 'ModifiedTime', NULL, '2013-07-04 07:12:30'),
(244, 'assigned_user_id', NULL, '6'),
(244, 'payment_no', NULL, 'P0049'),
(244, 'homeowner', NULL, '242'),
(244, 'bill_no', NULL, '245'),
(244, 'amount_paid', NULL, '1000.00'),
(244, 'p_type_payment', NULL, 'Cash'),
(244, 'date_of_payment', NULL, '2013-07-04'),
(244, 'record_id', NULL, '248'),
(244, 'record_module', NULL, 'Payments'),
(245, 'CreatedTime', NULL, '2013-07-04 07:14:57'),
(245, 'ModifiedTime', NULL, '2013-07-04 07:14:57'),
(245, 'assigned_user_id', NULL, '6'),
(245, 'memo_no', NULL, 'MA00016'),
(245, 'ma_purpose', NULL, 'Streamer'),
(245, 'homeowner', NULL, '236'),
(245, 'amount', NULL, '230.00'),
(245, 'amount_paid', NULL, '0.00'),
(245, 'ma_status', NULL, 'Pending'),
(245, 'date_of_memo', NULL, '2013-07-04'),
(245, 'house', NULL, '237'),
(245, 'record_id', NULL, '249'),
(245, 'record_module', NULL, 'MemoAdvice'),
(246, 'ModifiedTime', '2013-07-04 07:08:41', '2013-07-04 07:45:47'),
(246, 'car', '', '254'),
(246, 'plate_no_', '', 'WPX544'),
(246, 'car_status', '', 'Expired'),
(247, 'ModifiedTime', '2013-07-04 07:45:47', '2013-07-04 07:57:11'),
(247, 'car_status', 'Expired', 'Renewed'),
(248, 'ModifiedTime', '2013-07-04 07:10:55', '2013-07-04 08:16:09'),
(248, 'car', '', '258'),
(248, 'plate_no_', '', 'DDD457'),
(248, 'car_status', '', 'Renewed'),
(249, 'CreatedTime', NULL, '2013-07-04 08:26:28'),
(249, 'ModifiedTime', NULL, '2013-07-04 08:26:28'),
(249, 'assigned_user_id', NULL, '6'),
(249, 'memo_no', NULL, 'MA00017'),
(249, 'ma_purpose', NULL, '- Select -'),
(249, 'homeowner', NULL, '236'),
(249, 'amount', NULL, '250.00'),
(249, 'amount_paid', NULL, '0.00'),
(249, 'ma_status', NULL, 'Pending'),
(249, 'date_of_memo', NULL, '2013-07-04'),
(249, 'house', NULL, '256'),
(249, 'record_id', NULL, '259'),
(249, 'record_module', NULL, 'MemoAdvice'),
(250, 'ModifiedTime', '2013-07-04 07:57:11', '2013-07-04 08:36:39'),
(251, 'ModifiedTime', '2013-07-04 08:36:39', '2013-07-04 08:44:23'),
(251, 'car', '254', '257'),
(251, 'date_of_renewal', NULL, '2013-07-04'),
(252, 'CreatedTime', NULL, '2013-07-05 07:29:11'),
(252, 'ModifiedTime', NULL, '2013-07-05 07:29:11'),
(252, 'assigned_user_id', NULL, '6'),
(252, 'memo_no', NULL, 'MA00018'),
(252, 'ma_purpose', NULL, 'KHA Sticker'),
(252, 'homeowner', NULL, '236'),
(252, 'amount', NULL, '500.00'),
(252, 'amount_paid', NULL, '0.00'),
(252, 'ma_status', NULL, 'Pending'),
(252, 'date_of_memo', NULL, '2013-07-05'),
(252, 'house', NULL, '256'),
(252, 'record_id', NULL, '261'),
(252, 'record_module', NULL, 'MemoAdvice'),
(260, 'CreatedTime', NULL, '2013-07-05 07:31:22'),
(260, 'ModifiedTime', NULL, '2013-07-05 07:31:22'),
(260, 'assigned_user_id', NULL, '6'),
(260, 'memo_no', NULL, 'MA00020'),
(260, 'ma_purpose', NULL, 'KHA Sticker'),
(260, 'homeowner', NULL, '242'),
(260, 'amount', NULL, '650.00'),
(260, 'amount_paid', NULL, '0.00'),
(260, 'ma_status', NULL, 'Pending'),
(260, 'date_of_memo', NULL, '2013-07-05'),
(260, 'house', NULL, '258'),
(260, 'record_id', NULL, '262'),
(260, 'record_module', NULL, 'MemoAdvice'),
(261, 'CreatedTime', NULL, '2013-07-05 07:37:28'),
(261, 'ModifiedTime', NULL, '2013-07-05 07:37:28'),
(261, 'assigned_user_id', NULL, '6'),
(261, 'customer_no', NULL, 'HW00007'),
(261, 'lastname', NULL, 'Tupac'),
(261, 'firstname', NULL, 'Raal'),
(261, 'middlename', NULL, 'Huiun'),
(261, 'email', NULL, 'gideon@nextixsystems.com'),
(261, 'telephone_no_', NULL, '457554'),
(261, 'alternative_email', NULL, 'gideonrosales@gmail.com'),
(261, 'record_id', NULL, '263'),
(261, 'record_module', NULL, 'HomeOwner'),
(262, 'ModifiedTime', '2013-07-05 07:37:28', '2013-07-05 07:40:37'),
(262, 'street', '', 'Hulyo'),
(262, 'h_area', '', 'Area 1'),
(262, 'primary_house', '', '264'),
(262, 'unit', '', '75'),
(262, 'car', '', '265'),
(262, 'plate_no_', '', 'PLM752'),
(262, 'car_status', '', 'Renewed'),
(262, 'date_of_renewal', NULL, '2013-07-05'),
(263, 'CreatedTime', NULL, '2013-07-05 07:40:50'),
(263, 'ModifiedTime', NULL, '2013-07-05 07:40:50'),
(263, 'assigned_user_id', NULL, '6'),
(263, 'billno', NULL, 'B000022'),
(263, 'amount', NULL, '500.00'),
(263, 'purpose', NULL, 'Monthly Dues'),
(263, 'homeowner', NULL, '263'),
(263, 'date_of_bill', NULL, '2013-07-05'),
(263, 'b_status', NULL, 'Pending'),
(263, 'amount_paid', NULL, '0.00'),
(263, 'house', NULL, '264'),
(263, 'record_id', NULL, '266'),
(263, 'record_module', NULL, 'Billing'),
(264, 'CreatedTime', NULL, '2013-07-05 07:41:04'),
(264, 'ModifiedTime', NULL, '2013-07-05 07:41:04'),
(264, 'assigned_user_id', NULL, '6'),
(264, 'memo_no', NULL, 'MA00021'),
(264, 'ma_purpose', NULL, 'KHA Sticker'),
(264, 'homeowner', NULL, '263'),
(264, 'amount', NULL, '300.00'),
(264, 'amount_paid', NULL, '0.00'),
(264, 'ma_status', NULL, 'Pending'),
(264, 'date_of_memo', NULL, '2013-07-05'),
(264, 'house', NULL, '265'),
(264, 'record_id', NULL, '267'),
(264, 'record_module', NULL, 'MemoAdvice'),
(265, 'ModifiedTime', '2013-07-05 07:41:04', '2013-07-05 07:41:28'),
(265, 'amount', '300.00', '250.00'),
(266, 'ModifiedTime', '2013-07-05 07:40:50', '2013-07-05 07:41:47'),
(266, 'amount', '500.00', '600.00'),
(267, 'ModifiedTime', '2013-07-04 08:16:09', '2013-07-05 07:54:47'),
(267, 'h_area', 'Area 1', 'Area 2'),
(268, 'ModifiedTime', '2013-07-05 07:54:47', '2013-07-05 07:54:59'),
(268, 'h_area', 'Area 2', 'Area 3'),
(269, 'ModifiedTime', '2013-07-05 07:54:59', '2013-07-05 07:59:29'),
(269, 'date_of_renewal', NULL, '2013-07-06'),
(270, 'ModifiedTime', '2013-07-05 07:59:29', '2013-07-05 07:59:35'),
(270, 'date_of_renewal', '2013-07-06', '2013-07-07'),
(271, 'ModifiedTime', '2013-07-05 07:59:35', '2013-07-05 08:02:26'),
(271, 'plate_no_', 'DDD457', 'LLD457'),
(272, 'ModifiedTime', '2013-07-05 08:02:26', '2013-07-05 08:02:51'),
(272, 'unit', 'A10', 'A11'),
(273, 'ModifiedTime', '2013-07-05 08:02:51', '2013-07-05 08:03:35'),
(273, 'street', 'Faruk', 'Harold G'),
(273, 'h_area', 'Area 3', 'Area 1'),
(273, 'primary_house', '243', '246'),
(273, 'unit', 'A11', 'D1'),
(274, 'ModifiedTime', '2013-07-05 08:03:35', '2013-07-05 08:03:43'),
(274, 'street', 'Harold G', 'Harold A'),
(275, 'CreatedTime', NULL, '2013-07-05 08:05:46'),
(275, 'ModifiedTime', NULL, '2013-07-05 08:05:46'),
(275, 'assigned_user_id', NULL, '1'),
(275, 'memo_no', NULL, 'MA00022'),
(275, 'ma_purpose', NULL, 'KHA Sticker'),
(275, 'homeowner', NULL, '242'),
(275, 'amount', NULL, '700.00'),
(275, 'amount_paid', NULL, '0.00'),
(275, 'ma_status', NULL, 'Pending'),
(275, 'date_of_memo', NULL, '2013-07-05'),
(275, 'house', NULL, '272'),
(275, 'record_id', NULL, '273'),
(275, 'record_module', NULL, 'MemoAdvice'),
(276, 'ModifiedTime', '2013-07-05 07:31:22', '2013-07-05 08:17:18'),
(276, 'amount', '650.00', '750.00'),
(277, 'ModifiedTime', '2013-07-05 08:03:43', '2013-07-08 01:31:56'),
(277, 'h_area', 'Area 1', 'Area 3'),
(278, 'CreatedTime', NULL, '2013-07-08 02:20:18'),
(278, 'ModifiedTime', NULL, '2013-07-08 02:20:18'),
(278, 'assigned_user_id', NULL, '6'),
(278, 'billno', NULL, 'B000023'),
(278, 'amount', NULL, '600.00'),
(278, 'purpose', NULL, 'Monthly Dues'),
(278, 'homeowner', NULL, '242'),
(278, 'date_of_bill', NULL, '2013-07-08'),
(278, 'b_status', NULL, 'Pending');
INSERT INTO `vtiger_modtracker_detail` (`id`, `fieldname`, `prevalue`, `postvalue`) VALUES
(278, 'amount_paid', NULL, '0.00'),
(278, 'house', NULL, '246'),
(278, 'record_id', NULL, '275'),
(278, 'record_module', NULL, 'Billing'),
(279, 'CreatedTime', NULL, '2013-07-08 02:20:51'),
(279, 'ModifiedTime', NULL, '2013-07-08 02:20:51'),
(279, 'assigned_user_id', NULL, '6'),
(279, 'billno', NULL, 'B000024'),
(279, 'amount', NULL, '600.00'),
(279, 'purpose', NULL, 'Monthly Dues'),
(279, 'homeowner', NULL, '242'),
(279, 'date_of_bill', NULL, '2013-08-01'),
(279, 'b_status', NULL, 'Pending'),
(279, 'amount_paid', NULL, '0.00'),
(279, 'house', NULL, '246'),
(279, 'record_id', NULL, '276'),
(279, 'record_module', NULL, 'Billing'),
(280, 'ModifiedTime', '2013-07-04 07:11:18', '2013-07-08 02:21:35'),
(280, 'amount_paid', '0.00', '500.00'),
(280, 'b_status', 'Pending', 'Paid'),
(281, 'CreatedTime', NULL, '2013-07-08 02:21:35'),
(281, 'ModifiedTime', NULL, '2013-07-08 02:21:35'),
(281, 'assigned_user_id', NULL, '6'),
(281, 'payment_no', NULL, 'P0050'),
(281, 'homeowner', NULL, '242'),
(281, 'bill_no', NULL, '244'),
(281, 'amount_paid', NULL, '500.00'),
(281, 'p_type_payment', NULL, 'Cash'),
(281, 'date_of_payment', NULL, '2013-07-08'),
(281, 'record_id', NULL, '277'),
(281, 'record_module', NULL, 'Payments'),
(282, 'ModifiedTime', '2013-07-08 02:20:18', '2013-07-08 03:39:59'),
(282, 'amount_paid', '0.00', '400.00'),
(283, 'CreatedTime', NULL, '2013-07-08 03:39:59'),
(283, 'ModifiedTime', NULL, '2013-07-08 03:39:59'),
(283, 'assigned_user_id', NULL, '6'),
(283, 'payment_no', NULL, 'P0051'),
(283, 'homeowner', NULL, '242'),
(283, 'bill_no', NULL, '275'),
(283, 'amount_paid', NULL, '400.00'),
(283, 'p_type_payment', NULL, 'Cash'),
(283, 'date_of_payment', NULL, '2013-07-08'),
(283, 'record_id', NULL, '278'),
(283, 'record_module', NULL, 'Payments'),
(284, 'ModifiedTime', '2013-07-08 03:39:59', '2013-07-08 03:40:18'),
(284, 'amount_paid', '400.00', '700.00'),
(284, 'b_status', 'Pending', 'Paid'),
(285, 'CreatedTime', NULL, '2013-07-08 03:40:18'),
(285, 'ModifiedTime', NULL, '2013-07-08 03:40:18'),
(285, 'assigned_user_id', NULL, '6'),
(285, 'payment_no', NULL, 'P0052'),
(285, 'homeowner', NULL, '242'),
(285, 'bill_no', NULL, '275'),
(285, 'amount_paid', NULL, '300.00'),
(285, 'p_type_payment', NULL, 'Cash'),
(285, 'date_of_payment', NULL, '2013-07-08'),
(285, 'record_id', NULL, '279'),
(285, 'record_module', NULL, 'Payments'),
(286, 'ModifiedTime', '2013-07-08 03:40:18', '2013-07-08 03:41:22'),
(286, 'amount_paid', '700.00', '600.00'),
(287, 'ModifiedTime', '2013-07-08 03:40:18', '2013-07-08 03:41:22'),
(287, 'amount_paid', '300.00', '200.00'),
(288, 'CreatedTime', NULL, '2013-07-08 03:46:06'),
(288, 'ModifiedTime', NULL, '2013-07-08 03:46:06'),
(288, 'assigned_user_id', NULL, '6'),
(288, 'billno', NULL, 'B000025'),
(288, 'amount', NULL, '1200.00'),
(288, 'purpose', NULL, 'Monthly Dues'),
(288, 'homeowner', NULL, '242'),
(288, 'date_of_bill', NULL, '2013-07-08'),
(288, 'b_status', NULL, 'Pending'),
(288, 'amount_paid', NULL, '0.00'),
(288, 'house', NULL, '243'),
(288, 'record_id', NULL, '280'),
(288, 'record_module', NULL, 'Billing'),
(289, 'ModifiedTime', '2013-07-08 03:46:06', '2013-07-08 04:00:49'),
(289, 'amount_paid', '0.00', '350.00'),
(290, 'CreatedTime', NULL, '2013-07-08 04:00:49'),
(290, 'ModifiedTime', NULL, '2013-07-08 04:00:49'),
(290, 'assigned_user_id', NULL, '6'),
(290, 'payment_no', NULL, 'P0053'),
(290, 'homeowner', NULL, '242'),
(290, 'bill_no', NULL, '280'),
(290, 'amount_paid', NULL, '350.00'),
(290, 'p_type_payment', NULL, 'Cash'),
(290, 'date_of_payment', NULL, '2013-07-08'),
(290, 'record_id', NULL, '281'),
(290, 'record_module', NULL, 'Payments'),
(291, 'ModifiedTime', '2013-07-08 04:00:49', '2013-07-08 04:01:10'),
(291, 'amount_paid', '350.00', '550.00'),
(292, 'CreatedTime', NULL, '2013-07-08 04:01:10'),
(292, 'ModifiedTime', NULL, '2013-07-08 04:01:10'),
(292, 'assigned_user_id', NULL, '6'),
(292, 'payment_no', NULL, 'P0054'),
(292, 'homeowner', NULL, '242'),
(292, 'bill_no', NULL, '280'),
(292, 'amount_paid', NULL, '200.00'),
(292, 'p_type_payment', NULL, 'Cash'),
(292, 'date_of_payment', NULL, '2013-07-08'),
(292, 'record_id', NULL, '282'),
(292, 'record_module', NULL, 'Payments'),
(293, 'CreatedTime', NULL, '2013-07-08 05:35:50'),
(293, 'ModifiedTime', NULL, '2013-07-08 05:35:50'),
(293, 'assigned_user_id', NULL, '6'),
(293, 'billno', NULL, 'B000026'),
(293, 'amount', NULL, '700.00'),
(293, 'purpose', NULL, 'Monthly Dues'),
(293, 'homeowner', NULL, '263'),
(293, 'date_of_bill', NULL, '2013-07-08'),
(293, 'b_status', NULL, 'Pending'),
(293, 'amount_paid', NULL, '0.00'),
(293, 'house', NULL, '269'),
(293, 'record_id', NULL, '283'),
(293, 'record_module', NULL, 'Billing'),
(294, 'CreatedTime', NULL, '2013-07-08 05:36:18'),
(294, 'ModifiedTime', NULL, '2013-07-08 05:36:18'),
(294, 'assigned_user_id', NULL, '6'),
(294, 'billno', NULL, 'B000027'),
(294, 'amount', NULL, '500.00'),
(294, 'purpose', NULL, 'Monthly Dues'),
(294, 'homeowner', NULL, '263'),
(294, 'date_of_bill', NULL, '2013-07-08'),
(294, 'b_status', NULL, 'Pending'),
(294, 'amount_paid', NULL, '0.00'),
(294, 'house', NULL, '269'),
(294, 'record_id', NULL, '284'),
(294, 'record_module', NULL, 'Billing'),
(295, 'ModifiedTime', '2013-07-08 05:36:18', '2013-07-08 05:36:24'),
(295, 'amount_paid', '0.00', '200.00'),
(296, 'CreatedTime', NULL, '2013-07-08 05:36:24'),
(296, 'ModifiedTime', NULL, '2013-07-08 05:36:24'),
(296, 'assigned_user_id', NULL, '6'),
(296, 'payment_no', NULL, 'P0055'),
(296, 'homeowner', NULL, '263'),
(296, 'bill_no', NULL, '284'),
(296, 'amount_paid', NULL, '200.00'),
(296, 'p_type_payment', NULL, 'Cash'),
(296, 'date_of_payment', NULL, '2013-07-08'),
(296, 'record_id', NULL, '285'),
(296, 'record_module', NULL, 'Payments'),
(297, 'ModifiedTime', '2013-07-08 05:36:24', '2013-07-08 05:36:34'),
(297, 'amount_paid', '200.00', '500.00'),
(297, 'b_status', 'Pending', 'Paid'),
(298, 'CreatedTime', NULL, '2013-07-08 05:36:34'),
(298, 'ModifiedTime', NULL, '2013-07-08 05:36:34'),
(298, 'assigned_user_id', NULL, '6'),
(298, 'payment_no', NULL, 'P0056'),
(298, 'homeowner', NULL, '263'),
(298, 'bill_no', NULL, '284'),
(298, 'amount_paid', NULL, '300.00'),
(298, 'p_type_payment', NULL, 'Cash'),
(298, 'date_of_payment', NULL, '2013-07-08'),
(298, 'record_id', NULL, '286'),
(298, 'record_module', NULL, 'Payments'),
(299, 'ModifiedTime', '2013-07-08 05:35:50', '2013-07-08 05:54:32'),
(299, 'date_of_bill', '2013-07-08', '2013-05-01'),
(300, 'ModifiedTime', '2013-07-08 05:54:32', '2013-07-08 05:54:58'),
(300, 'date_of_bill', '2013-05-01', '2013-06-07'),
(301, 'ModifiedTime', '2013-07-08 02:20:51', '2013-07-08 06:12:48'),
(301, 'date_of_bill', '2013-08-01', '2013-06-04'),
(302, 'ModifiedTime', '2013-07-08 04:01:10', '2013-07-08 06:14:23'),
(302, 'amount_paid', '550.00', '1150.00'),
(303, 'CreatedTime', NULL, '2013-07-08 06:14:23'),
(303, 'ModifiedTime', NULL, '2013-07-08 06:14:23'),
(303, 'assigned_user_id', NULL, '6'),
(303, 'payment_no', NULL, 'P0057'),
(303, 'homeowner', NULL, '242'),
(303, 'bill_no', NULL, '280'),
(303, 'amount_paid', NULL, '600.00'),
(303, 'p_type_payment', NULL, 'Cash'),
(303, 'date_of_payment', NULL, '2013-07-08'),
(303, 'record_id', NULL, '287'),
(303, 'record_module', NULL, 'Payments'),
(304, 'ModifiedTime', '2013-07-08 05:54:58', '2013-07-08 10:24:43'),
(304, 'amount_paid', '0.00', '700.00'),
(304, 'b_status', 'Pending', 'Paid'),
(305, 'CreatedTime', NULL, '2013-07-08 10:24:43'),
(305, 'ModifiedTime', NULL, '2013-07-08 10:24:43'),
(305, 'assigned_user_id', NULL, '6'),
(305, 'payment_no', NULL, 'P0058'),
(305, 'homeowner', NULL, '263'),
(305, 'bill_no', NULL, '283'),
(305, 'amount_paid', NULL, '700.00'),
(305, 'p_type_payment', NULL, 'Cash'),
(305, 'date_of_payment', NULL, '2013-07-08'),
(305, 'record_id', NULL, '289'),
(305, 'record_module', NULL, 'Payments'),
(306, 'ModifiedTime', '2013-07-08 06:12:48', '2013-07-09 07:32:56'),
(306, 'amount_paid', '0.00', '600.00'),
(306, 'b_status', 'Pending', 'Paid'),
(307, 'CreatedTime', NULL, '2013-07-09 07:32:56'),
(307, 'ModifiedTime', NULL, '2013-07-09 07:32:56'),
(307, 'assigned_user_id', NULL, '6'),
(307, 'payment_no', NULL, 'P0059'),
(307, 'homeowner', NULL, '242'),
(307, 'bill_no', NULL, '276'),
(307, 'amount_paid', NULL, '600.00'),
(307, 'p_type_payment', NULL, 'Cash'),
(307, 'date_of_payment', NULL, '2013-07-09'),
(307, 'record_id', NULL, '290'),
(307, 'record_module', NULL, 'Payments'),
(308, 'ModifiedTime', '2013-07-08 01:31:56', '2013-07-09 08:19:25'),
(308, 'street', 'Harold A', 'Faruk'),
(308, 'alternative_email', '', 'gideonrosales@gmail.com'),
(308, 'primary_house', '246', '243'),
(308, 'unit', 'D1', 'A11'),
(308, 'car', '258', '271'),
(308, 'plate_no_', 'LLD457', 'IKM908'),
(308, 'date_of_renewal', '2013-07-07', '2013-07-05'),
(309, 'CreatedTime', NULL, '2013-07-11 03:48:22'),
(309, 'ModifiedTime', NULL, '2013-07-11 03:48:22'),
(309, 'assigned_user_id', NULL, '1'),
(309, 'customer_no', NULL, 'HW00008'),
(309, 'lastname', NULL, 'Rosales'),
(309, 'firstname', NULL, 'Gideon'),
(309, 'middlename', NULL, 'Ras'),
(309, 'email', NULL, 'gideonrosales@gmail.com'),
(309, 'record_id', NULL, '296'),
(309, 'record_module', NULL, 'HomeOwner'),
(310, 'ModifiedTime', '2013-07-11 03:48:22', '2013-07-11 03:49:08'),
(310, 'street', '', 'Faruk'),
(310, 'h_area', '', 'Area 2'),
(310, 'primary_house', '', '297'),
(310, 'unit', '', 'A9'),
(310, 'car', '', '298'),
(310, 'plate_no_', '', 'QUY789'),
(310, 'car_status', '', 'Renewed'),
(310, 'date_of_renewal', NULL, '2013-07-11'),
(311, 'ModifiedTime', '2013-07-09 08:19:25', '2013-07-12 05:38:12'),
(312, 'ModifiedTime', '2013-07-12 05:38:12', '2013-07-12 05:38:19'),
(313, 'ModifiedTime', '2013-07-12 05:38:19', '2013-07-12 06:54:29'),
(314, 'ModifiedTime', '2013-07-12 06:54:29', '2013-07-12 06:55:25'),
(315, 'ModifiedTime', '2013-07-05 07:40:37', '2013-07-12 06:55:50'),
(316, 'ModifiedTime', '2013-07-11 03:49:08', '2013-07-12 06:56:14'),
(317, 'ModifiedTime', '2013-07-12 06:55:25', '2013-07-12 07:18:48'),
(318, 'ModifiedTime', '2013-07-12 07:18:48', '2013-07-12 07:27:25'),
(319, 'ModifiedTime', '2013-07-12 06:56:14', '2013-07-12 07:41:37'),
(319, 'assigned_user_id', '1', '6'),
(320, 'ModifiedTime', '2013-07-12 07:27:25', '2013-07-12 07:46:05'),
(321, 'ModifiedTime', '2013-07-12 07:46:05', '2013-07-12 08:33:25'),
(322, 'ModifiedTime', '2013-07-08 02:21:35', '2013-07-12 08:38:41'),
(323, 'ModifiedTime', '2013-07-12 08:33:25', '2013-07-12 08:56:34'),
(324, 'ModifiedTime', '2013-07-12 08:56:34', '2013-07-12 08:56:41'),
(325, 'ModifiedTime', '2013-07-12 07:41:37', '2013-07-15 01:32:50'),
(326, 'ModifiedTime', '2013-07-05 08:05:46', '2013-07-24 07:36:21'),
(326, 'assigned_user_id', '1', '6'),
(327, 'ModifiedTime', '2013-07-12 08:56:41', '2013-07-25 09:15:57'),
(328, 'ModifiedTime', '2013-07-05 07:41:28', '2013-07-26 02:36:43'),
(328, 'amount_paid', '0.00', '250.00'),
(328, 'ma_status', 'Pending', 'Paid'),
(329, 'CreatedTime', NULL, '2013-07-26 02:36:43'),
(329, 'ModifiedTime', NULL, '2013-07-26 02:36:43'),
(329, 'assigned_user_id', NULL, '1'),
(329, 'payment_no', NULL, 'P0060'),
(329, 'homeowner', NULL, '263'),
(329, 'bill_no', NULL, '267'),
(329, 'amount_paid', NULL, '250.00'),
(329, 'p_type_payment', NULL, 'Cash'),
(329, 'date_of_payment', NULL, '2013-07-26'),
(329, 'record_id', NULL, '314'),
(329, 'record_module', NULL, 'Payments'),
(330, 'ModifiedTime', '2013-07-05 07:41:47', '2013-07-26 02:36:59'),
(330, 'amount_paid', '0.00', '600.00'),
(330, 'b_status', 'Pending', 'Paid'),
(331, 'CreatedTime', NULL, '2013-07-26 02:36:59'),
(331, 'ModifiedTime', NULL, '2013-07-26 02:36:59'),
(331, 'assigned_user_id', NULL, '1'),
(331, 'payment_no', NULL, 'P0061'),
(331, 'homeowner', NULL, '263'),
(331, 'bill_no', NULL, '266'),
(331, 'amount_paid', NULL, '600.00'),
(331, 'p_type_payment', NULL, 'Cash'),
(331, 'date_of_payment', NULL, '2013-07-26'),
(331, 'record_id', NULL, '315'),
(331, 'record_module', NULL, 'Payments');

-- --------------------------------------------------------

--
-- Table structure for table `vtiger_modtracker_tabs`
--

CREATE TABLE IF NOT EXISTS `vtiger_modtracker_tabs` (
  `tabid` int(11) NOT NULL,
  `visible` int(11) DEFAULT '0',
  PRIMARY KEY (`tabid`)
) ENGINE=InnoDB DEFAULT CHARSET=utf8;

--
-- Dumping data for table `vtiger_modtracker_tabs`
--

INSERT INTO `vtiger_modtracker_tabs` (`tabid`, `visible`) VALUES
(58, 1),
(59, 1),
(60, 1),
(61, 1),
(62, 1);

-- --------------------------------------------------------

--
-- Table structure for table `vtiger_modulefileholder`
--

CREATE TABLE IF NOT EXISTS `vtiger_modulefileholder` (
  `id` int(10) unsigned NOT NULL AUTO_INCREMENT,
  `modulename` varchar(45) NOT NULL DEFAULT '',
  `html` longtext NOT NULL,
  PRIMARY KEY (`id`)
) ENGINE=InnoDB  DEFAULT CHARSET=utf8 AUTO_INCREMENT=13 ;

--
-- Dumping data for table `vtiger_modulefileholder`
--

INSERT INTO `vtiger_modulefileholder` (`id`, `modulename`, `html`) VALUES
(1, 'Default', '&lt;br&gt;\r\nModule Name: &lt;input type=&quot;text&quot; name=&quot;module_name&quot; id=&quot;module_name&quot;&gt;\r\nParent Name: &lt;input type=&quot;text&quot; name=&quot;parent_name&quot; id=&quot;parent_name&quot;&gt;\r\n	&lt;div id=&quot;blocks_container&quot;&gt; \r\n		&lt;input type=&quot;hidden&quot; id=&quot;block_counter&quot; value=&quot;0&quot;&gt;\r\n		\r\n			&lt;div class=&quot;block&quot; id=&quot;block_0&quot;&gt;\r\n			Block Name: &lt;input type=&quot;text&quot; name=&quot;block_0_name&quot; id=&quot;block_0_name&quot; value=&quot;General Information&quot;&gt;\r\n			&lt;br&gt;\r\n				\r\n				&lt;input type=&quot;hidden&quot; id=&quot;counter_field_block_0&quot; value=&quot;2&quot;&gt;\r\n				\r\n				&lt;div id=&quot;container_field_block_0&quot;&gt;\r\n					&lt;ul class=&quot;sortable&quot;&gt;\r\n						&lt;li&gt;\r\n						&lt;div class=&quot;fields&quot; id=&quot;field_block_0_field_0&quot;&gt;\r\n							&lt;table&gt;\r\n							&lt;tbody&gt;&lt;tr&gt;\r\n								&lt;td&gt;Field Label: &lt;input type=&quot;text&quot; id=&quot;field_block_0_field_0_label&quot; name=&quot;field_block_0_field_0_label&quot; value=&quot;Created Time&quot;&gt;&lt;/td&gt;\r\n								&lt;td&gt;Field Name: &lt;input type=&quot;text&quot; id=&quot;field_block_0_field_0_name&quot; name=&quot;field_block_0_field_0_fieldname&quot; value=&quot;CreatedTime&quot;&gt;&lt;/td&gt;\r\n								&lt;td&gt;Column Name: &lt;input type=&quot;text&quot; id=&quot;field_block_0_field_0_columnname&quot; name=&quot;field_block_0_field_0_columnname&quot; value=&quot;createdtime&quot;&gt;&lt;/td&gt;\r\n							&lt;/tr&gt;\r\n							&lt;tr&gt;\r\n								&lt;td&gt;Table: &lt;input type=&quot;text&quot; id=&quot;field_block_0_field_0_table&quot; name=&quot;field_block_0_field_0_table&quot; value=&quot;vtiger_crmentity&quot;&gt;&lt;/td&gt;\r\n								&lt;td&gt;UI Type: &lt;input type=&quot;text&quot; id=&quot;field_block_0_field_0_uitype&quot; name=&quot;field_block_0_field_0_uitype&quot; value=&quot;70&quot;&gt;&lt;/td&gt;\r\n								&lt;td&gt;Type of Data: &lt;input type=&quot;text&quot; id=&quot;field_block_0_field_0_typedata&quot; name=&quot;field_block_0_field_0_typedata&quot; value=&quot;T~O&quot;&gt;&lt;/td&gt;\r\n								&lt;td&gt;Display Type: &lt;input type=&quot;text&quot; id=&quot;field_block_0_field_0_displaytype&quot; name=&quot;field_block_0_field_0_displaytype&quot; value=&quot;2&quot;&gt;&lt;/td&gt;\r\n							&lt;/tr&gt;\r\n							&lt;/tbody&gt;&lt;/table&gt;\r\n						&lt;/div&gt;\r\n						&lt;/li&gt;\r\n						&lt;li&gt;\r\n						&lt;div class=&quot;fields&quot; id=&quot;field_block_0_field_1&quot;&gt;\r\n							&lt;table&gt;\r\n							&lt;tbody&gt;&lt;tr&gt;\r\n								&lt;td&gt;Field Label: &lt;input type=&quot;text&quot; id=&quot;field_block_0_field_1_label&quot; name=&quot;field_block_0_field_1_label&quot; value=&quot;Modified Time&quot;&gt;&lt;/td&gt;\r\n								&lt;td&gt;Field Name: &lt;input type=&quot;text&quot; id=&quot;field_block_0_field_1_name&quot; name=&quot;field_block_0_field_1_fieldname&quot; value=&quot;ModifiedTime&quot;&gt;&lt;/td&gt;\r\n								&lt;td&gt;Column Name: &lt;input type=&quot;text&quot; id=&quot;field_block_0_field_1_columnname&quot; name=&quot;field_block_0_field_1_columnname&quot; value=&quot;modifiedtime&quot;&gt;&lt;/td&gt;\r\n							&lt;/tr&gt;\r\n							&lt;tr&gt;\r\n								&lt;td&gt;Table: &lt;input type=&quot;text&quot; id=&quot;field_block_0_field_1_table&quot; name=&quot;field_block_0_field_1_table&quot; value=&quot;vtiger_crmentity&quot;&gt;&lt;/td&gt;\r\n								&lt;td&gt;UI Type: &lt;input type=&quot;text&quot; id=&quot;field_block_0_field_1_uitype&quot; name=&quot;field_block_0_field_1_uitype&quot; value=&quot;70&quot;&gt;&lt;/td&gt;\r\n								&lt;td&gt;Type of Data: &lt;input type=&quot;text&quot; id=&quot;field_block_0_field_1_typedata&quot; name=&quot;field_block_0_field_1_typedata&quot; value=&quot;T~O&quot;&gt;&lt;/td&gt;\r\n								&lt;td&gt;Display Type: &lt;input type=&quot;text&quot; id=&quot;field_block_0_field_1_displaytype&quot; name=&quot;field_block_0_field_1_displaytype&quot; value=&quot;2&quot;&gt;&lt;/td&gt;\r\n							&lt;/tr&gt;\r\n							&lt;/tbody&gt;&lt;/table&gt;\r\n						&lt;/div&gt;\r\n						&lt;/li&gt;\r\n						&lt;li&gt;\r\n						&lt;div class=&quot;fields&quot; id=&quot;field_block_0_field_2&quot;&gt;\r\n							&lt;table&gt;\r\n							&lt;tbody&gt;&lt;tr&gt;\r\n								&lt;td&gt;Field Label: &lt;input type=&quot;text&quot; id=&quot;field_block_0_field_2_label&quot; name=&quot;field_block_0_field_2_label&quot; value=&quot;Assigned To&quot;&gt;&lt;/td&gt;\r\n								&lt;td&gt;Field Name: &lt;input type=&quot;text&quot; id=&quot;field_block_0_field_2_fieldname&quot; name=&quot;field_block_0_field_2_fieldname&quot; value=&quot;assigned_user_id&quot;&gt;&lt;/td&gt;\r\n								&lt;td&gt;Column Name: &lt;input type=&quot;text&quot; id=&quot;field_block_0_field_2_columnname&quot; name=&quot;field_block_0_field_2_columnname&quot; value=&quot;smownerid&quot;&gt;&lt;/td&gt;\r\n								&lt;td&gt;UI Type: &lt;input type=&quot;text&quot; id=&quot;field_block_0_field_2_uitype&quot; name=&quot;field_block_0_field_2_uitype&quot; value=&quot;53&quot;&gt;&lt;/td&gt;\r\n							&lt;/tr&gt;\r\n							&lt;tr&gt;\r\n								&lt;td&gt;Table: &lt;input type=&quot;text&quot; id=&quot;field_block_0_field_2_table&quot; name=&quot;field_block_0_field_2_table&quot; value=&quot;vtiger_crmentity&quot;&gt;&lt;/td&gt;\r\n								&lt;td&gt;Type of Data: &lt;input type=&quot;text&quot; id=&quot;field_block_0_field_2_typedata&quot; name=&quot;field_block_0_field_2_typedata&quot; value=&quot;V~M&quot;&gt;&lt;/td&gt;\r\n							&lt;/tr&gt;\r\n							&lt;/tbody&gt;&lt;/table&gt;\r\n						&lt;/div&gt;\r\n						&lt;/li&gt;\r\n					&lt;/ul&gt;\r\n				&lt;/div&gt;\r\n				&lt;button class=&quot;add_field&quot; id=&quot;field_block_0&quot;&gt;add field&lt;/button&gt;\r\n				\r\n			&lt;/div&gt;\r\n		&lt;/div&gt;\r\n	&lt;textarea name=&quot;field_block_container&quot; id=&quot;field_block_container&quot; style=&quot;display:none&quot; &gt;&lt;/textarea&gt;'),
(2, 'TestModule', '&lt;br&gt;\r\nModule Name: &lt;input name=&quot;module_name&quot; id=&quot;module_name&quot; value=&quot;ModBaToh&quot; checked=&quot;checked&quot; type=&quot;text&quot;&gt;\r\nParent Name: &lt;input name=&quot;parent_name&quot; id=&quot;parent_name&quot; value=&quot;Analytics&quot; checked=&quot;checked&quot; type=&quot;text&quot;&gt;\r\n	&lt;div id=&quot;blocks_container&quot;&gt; \r\n		&lt;input id=&quot;block_counter&quot; value=&quot;1&quot; type=&quot;hidden&quot;&gt;\r\n		\r\n			&lt;div class=&quot;block&quot; id=&quot;block_0&quot;&gt;\r\n			Block Name: &lt;input name=&quot;block_0_name&quot; id=&quot;block_0_name&quot; value=&quot;General Information&quot; checked=&quot;checked&quot; type=&quot;text&quot;&gt;\r\n			&lt;br&gt;\r\n				\r\n				&lt;input id=&quot;counter_field_block_0&quot; value=&quot;6&quot; type=&quot;hidden&quot;&gt;\r\n				\r\n				&lt;div id=&quot;container_field_block_0&quot;&gt;\r\n					&lt;ul class=&quot;sortable ui-sortable&quot;&gt;\r\n						&lt;li class=&quot;&quot; style=&quot;&quot;&gt;\r\n						&lt;div class=&quot;fields&quot; id=&quot;field_block_0_field_0&quot;&gt;\r\n							&lt;table&gt;\r\n							&lt;tbody&gt;&lt;tr&gt;\r\n								&lt;td&gt;Field Label: &lt;input id=&quot;field_block_0_field_0_label&quot; name=&quot;field_block_0_field_0_label&quot; value=&quot;Created Time&quot; checked=&quot;checked&quot; type=&quot;text&quot;&gt;&lt;/td&gt;\r\n								&lt;td&gt;Field Name: &lt;input id=&quot;field_block_0_field_0_name&quot; name=&quot;field_block_0_field_0_fieldname&quot; value=&quot;CreatedTime&quot; checked=&quot;checked&quot; type=&quot;text&quot;&gt;&lt;/td&gt;\r\n								&lt;td&gt;Column Name: &lt;input id=&quot;field_block_0_field_0_columnname&quot; name=&quot;field_block_0_field_0_columnname&quot; value=&quot;createdtime&quot; checked=&quot;checked&quot; type=&quot;text&quot;&gt;&lt;/td&gt;\r\n							&lt;/tr&gt;\r\n							&lt;tr&gt;\r\n								&lt;td&gt;Table: &lt;input id=&quot;field_block_0_field_0_table&quot; name=&quot;field_block_0_field_0_table&quot; value=&quot;vtiger_crmentity&quot; checked=&quot;checked&quot; type=&quot;text&quot;&gt;&lt;/td&gt;\r\n								&lt;td&gt;UI Type: &lt;input id=&quot;field_block_0_field_0_uitype&quot; name=&quot;field_block_0_field_0_uitype&quot; value=&quot;70&quot; checked=&quot;checked&quot; type=&quot;text&quot;&gt;&lt;/td&gt;\r\n								&lt;td&gt;Type of Data: &lt;input id=&quot;field_block_0_field_0_typedata&quot; name=&quot;field_block_0_field_0_typedata&quot; value=&quot;T~O&quot; checked=&quot;checked&quot; type=&quot;text&quot;&gt;&lt;/td&gt;\r\n								&lt;td&gt;Display Type: &lt;input id=&quot;field_block_0_field_0_displaytype&quot; name=&quot;field_block_0_field_0_displaytype&quot; value=&quot;2&quot; checked=&quot;checked&quot; type=&quot;text&quot;&gt;&lt;/td&gt;\r\n							&lt;/tr&gt;\r\n							&lt;/tbody&gt;&lt;/table&gt;\r\n						&lt;/div&gt;\r\n						&lt;/li&gt;\r\n						&lt;li&gt;\r\n						&lt;div class=&quot;fields&quot; id=&quot;field_block_0_field_1&quot;&gt;\r\n							&lt;table&gt;\r\n							&lt;tbody&gt;&lt;tr&gt;\r\n								&lt;td&gt;Field Label: &lt;input id=&quot;field_block_0_field_1_label&quot; name=&quot;field_block_0_field_1_label&quot; value=&quot;Modified Time&quot; checked=&quot;checked&quot; type=&quot;text&quot;&gt;&lt;/td&gt;\r\n								&lt;td&gt;Field Name: &lt;input id=&quot;field_block_0_field_1_name&quot; name=&quot;field_block_0_field_1_fieldname&quot; value=&quot;ModifiedTime&quot; checked=&quot;checked&quot; type=&quot;text&quot;&gt;&lt;/td&gt;\r\n								&lt;td&gt;Column Name: &lt;input id=&quot;field_block_0_field_1_columnname&quot; name=&quot;field_block_0_field_1_columnname&quot; value=&quot;modifiedtime&quot; checked=&quot;checked&quot; type=&quot;text&quot;&gt;&lt;/td&gt;\r\n							&lt;/tr&gt;\r\n							&lt;tr&gt;\r\n								&lt;td&gt;Table: &lt;input id=&quot;field_block_0_field_1_table&quot; name=&quot;field_block_0_field_1_table&quot; value=&quot;vtiger_crmentity&quot; checked=&quot;checked&quot; type=&quot;text&quot;&gt;&lt;/td&gt;\r\n								&lt;td&gt;UI Type: &lt;input id=&quot;field_block_0_field_1_uitype&quot; name=&quot;field_block_0_field_1_uitype&quot; value=&quot;70&quot; checked=&quot;checked&quot; type=&quot;text&quot;&gt;&lt;/td&gt;\r\n								&lt;td&gt;Type of Data: &lt;input id=&quot;field_block_0_field_1_typedata&quot; name=&quot;field_block_0_field_1_typedata&quot; value=&quot;T~O&quot; checked=&quot;checked&quot; type=&quot;text&quot;&gt;&lt;/td&gt;\r\n								&lt;td&gt;Display Type: &lt;input id=&quot;field_block_0_field_1_displaytype&quot; name=&quot;field_block_0_field_1_displaytype&quot; value=&quot;2&quot; checked=&quot;checked&quot; type=&quot;text&quot;&gt;&lt;/td&gt;\r\n							&lt;/tr&gt;\r\n							&lt;/tbody&gt;&lt;/table&gt;\r\n						&lt;/div&gt;\r\n						&lt;/li&gt;\r\n						&lt;li&gt;\r\n						&lt;div class=&quot;fields&quot; id=&quot;field_block_0_field_2&quot;&gt;\r\n							&lt;table&gt;\r\n							&lt;tbody&gt;&lt;tr&gt;\r\n								&lt;td&gt;Field Label: &lt;input id=&quot;field_block_0_field_2_label&quot; name=&quot;field_block_0_field_2_label&quot; value=&quot;Assigned To&quot; checked=&quot;checked&quot; type=&quot;text&quot;&gt;&lt;/td&gt;\r\n								&lt;td&gt;Field Name: &lt;input id=&quot;field_block_0_field_2_fieldname&quot; name=&quot;field_block_0_field_2_fieldname&quot; value=&quot;assigned_user_id&quot; checked=&quot;checked&quot; type=&quot;text&quot;&gt;&lt;/td&gt;\r\n								&lt;td&gt;Column Name: &lt;input id=&quot;field_block_0_field_2_columnname&quot; name=&quot;field_block_0_field_2_columnname&quot; value=&quot;smownerid&quot; checked=&quot;checked&quot; type=&quot;text&quot;&gt;&lt;/td&gt;\r\n								&lt;td&gt;UI Type: &lt;input id=&quot;field_block_0_field_2_uitype&quot; name=&quot;field_block_0_field_2_uitype&quot; value=&quot;53&quot; checked=&quot;checked&quot; type=&quot;text&quot;&gt;&lt;/td&gt;\r\n							&lt;/tr&gt;\r\n							&lt;tr&gt;\r\n								&lt;td&gt;Table: &lt;input id=&quot;field_block_0_field_2_table&quot; name=&quot;field_block_0_field_2_table&quot; value=&quot;vtiger_crmentity&quot; checked=&quot;checked&quot; type=&quot;text&quot;&gt;&lt;/td&gt;\r\n								&lt;td&gt;Type of Data: &lt;input id=&quot;field_block_0_field_2_typedata&quot; name=&quot;field_block_0_field_2_typedata&quot; value=&quot;V~M&quot; checked=&quot;checked&quot; type=&quot;text&quot;&gt;&lt;/td&gt;\r\n							&lt;/tr&gt;\r\n							&lt;/tbody&gt;&lt;/table&gt;\r\n						&lt;/div&gt;\r\n						&lt;/li&gt;\r\n					&lt;li&gt;&lt;/li&gt;&lt;li&gt;&lt;div class=&quot;fields&quot; id=&quot;field_block_0_field_4&quot;&gt;&lt;table&gt;	&lt;tbody&gt;&lt;tr&gt;		&lt;td&gt;Field Label: &lt;input id=&quot;field_block_0_field_4_label&quot; name=&quot;field_block_0_field_4_label&quot; value=&quot;Firstname&quot; checked=&quot;checked&quot; type=&quot;text&quot;&gt;&lt;/td&gt;		&lt;td&gt;Column Name / Field Name: &lt;input id=&quot;field_block_0_field_4_columnname&quot; name=&quot;field_block_0_field_4_columnname&quot; value=&quot;firstname&quot; checked=&quot;checked&quot; type=&quot;text&quot;&gt;&lt;/td&gt;		&lt;td&gt;UI Type: &lt;select class=&quot;uitype_select&quot; id=&quot;field_block_0_field_4^_^uitype&quot; name=&quot;field_block_0_field_4_uitype&quot; value=&quot;1&quot; checked=&quot;checked&quot;&gt;&lt;option value=&quot;0&quot;&gt;--&lt;/option&gt;&lt;option value=&quot;1&quot; selected=&quot;selected&quot;&gt;Text&lt;/option&gt;&lt;option value=&quot;4&quot;&gt;Incremantal&lt;/option&gt;&lt;option value=&quot;7&quot;&gt;Number&lt;/option&gt;&lt;option value=&quot;71&quot;&gt;Currency&lt;/option&gt;&lt;option value=&quot;9&quot;&gt;Percent&lt;/option&gt;&lt;option value=&quot;5&quot;&gt;Date&lt;/option&gt;&lt;option value=&quot;13&quot;&gt;Email&lt;/option&gt;&lt;option value=&quot;11&quot;&gt;Phone&lt;/option&gt;&lt;option value=&quot;15&quot;&gt;Picklist&lt;/option&gt;&lt;option value=&quot;56&quot;&gt;Checkbox&lt;/option&gt;&lt;option value=&quot;21&quot;&gt;Textarea&lt;/option&gt;&lt;option value=&quot;33&quot;&gt;Multi-Select-Box&lt;/option&gt;&lt;option value=&quot;26&quot;&gt;Folder&lt;/option&gt;&lt;option value=&quot;69&quot;&gt;Product Image&lt;/option&gt;&lt;option value=&quot;10&quot;&gt;Relation&lt;/option&gt;&lt;/select&gt;&lt;/td&gt;		&lt;td&gt;Column Type: &lt;input id=&quot;field_block_0_field_4_columntype&quot; name=&quot;field_block_0_field_4_columntype&quot; value=&quot;VARCHAR(100)&quot; checked=&quot;checked&quot; type=&quot;text&quot;&gt;&lt;/td&gt;	&lt;/tr&gt;	&lt;tr&gt;		&lt;td&gt;Type of Data: &lt;input id=&quot;field_block_0_field_4_typedata&quot; name=&quot;field_block_0_field_4_typedata&quot; value=&quot;V~O~LE~100&quot; checked=&quot;checked&quot; type=&quot;text&quot;&gt;&lt;/td&gt;		&lt;td&gt;Set PickList Values: &lt;textarea class=&quot;picklist_holder&quot; style=&quot;margin: 0px; height: 125px; max-width: 214px; id=&quot; field_block_0_field_4_picklist&quot;=&quot;&quot; name=&quot;field_block_0_field_4_picklist&quot; value=&quot;&quot; checked=&quot;checked&quot;&gt;&lt;/textarea&gt;&lt;/td&gt;		&lt;td&gt;Set Relationship: &lt;input id=&quot;field_block_0_field_4_relationship&quot; name=&quot;field_block_0_field_4_relationship&quot; value=&quot;&quot; checked=&quot;checked&quot; type=&quot;text&quot;&gt;&lt;/td&gt;		&lt;td&gt; Related List(include): &lt;input id=&quot;field_block_0_field_4_relatedlist&quot; name=&quot;field_block_0_field_4_relatedlist&quot; value=&quot;1&quot; checked=&quot;checked&quot; type=&quot;checkbox&quot;&gt;&lt;br&gt;Search List(include): &lt;input id=&quot;field_block_0_field_4_search&quot; name=&quot;field_block_0_field_4_search&quot; value=&quot;1&quot; checked=&quot;checked&quot; type=&quot;checkbox&quot;&gt;&lt;br&gt;List View(include): &lt;input id=&quot;field_block_0_field_4_listview&quot; name=&quot;field_block_0_field_4_listview&quot; value=&quot;field_block_0_field_4&quot; checked=&quot;checked&quot; type=&quot;checkbox&quot;&gt;&lt;br&gt;Module Identifier(atleast 1): &lt;input id=&quot;field_block_0_field_4_identifier&quot; name=&quot;field_block_0_field_4_identifier&quot; value=&quot;field_block_0_field_4&quot; checked=&quot;checked&quot; type=&quot;checkbox&quot;&gt;&lt;br&gt;List Link Field(only 1): &lt;input id=&quot;field_block_0_field_4_link&quot; name=&quot;field_block_0_field_4_link&quot; value=&quot;1&quot; checked=&quot;checked&quot; type=&quot;checkbox&quot;&gt;&lt;/td&gt;	&lt;/tr&gt;	&lt;/tbody&gt;&lt;/table&gt;&lt;button class=&quot;del_field&quot;&gt;remove&lt;/button&gt;&lt;/div&gt;&lt;/li&gt;&lt;li&gt;&lt;div class=&quot;fields&quot; id=&quot;field_block_0_field_5&quot;&gt;&lt;table&gt;	&lt;tbody&gt;&lt;tr&gt;		&lt;td&gt;Field Label: &lt;input id=&quot;field_block_0_field_5_label&quot; name=&quot;field_block_0_field_5_label&quot; value=&quot;Lastname&quot; checked=&quot;checked&quot; type=&quot;text&quot;&gt;&lt;/td&gt;		&lt;td&gt;Column Name / Field Name: &lt;input id=&quot;field_block_0_field_5_columnname&quot; name=&quot;field_block_0_field_5_columnname&quot; value=&quot;lastname&quot; checked=&quot;checked&quot; type=&quot;text&quot;&gt;&lt;/td&gt;		&lt;td&gt;UI Type: &lt;select class=&quot;uitype_select&quot; id=&quot;field_block_0_field_5^_^uitype&quot; name=&quot;field_block_0_field_5_uitype&quot; value=&quot;1&quot; checked=&quot;checked&quot;&gt;&lt;option value=&quot;0&quot;&gt;--&lt;/option&gt;&lt;option value=&quot;1&quot; selected=&quot;selected&quot;&gt;Text&lt;/option&gt;&lt;option value=&quot;4&quot;&gt;Incremantal&lt;/option&gt;&lt;option value=&quot;7&quot;&gt;Number&lt;/option&gt;&lt;option value=&quot;71&quot;&gt;Currency&lt;/option&gt;&lt;option value=&quot;9&quot;&gt;Percent&lt;/option&gt;&lt;option value=&quot;5&quot;&gt;Date&lt;/option&gt;&lt;option value=&quot;13&quot;&gt;Email&lt;/option&gt;&lt;option value=&quot;11&quot;&gt;Phone&lt;/option&gt;&lt;option value=&quot;15&quot;&gt;Picklist&lt;/option&gt;&lt;option value=&quot;56&quot;&gt;Checkbox&lt;/option&gt;&lt;option value=&quot;21&quot;&gt;Textarea&lt;/option&gt;&lt;option value=&quot;33&quot;&gt;Multi-Select-Box&lt;/option&gt;&lt;option value=&quot;26&quot;&gt;Folder&lt;/option&gt;&lt;option value=&quot;69&quot;&gt;Product Image&lt;/option&gt;&lt;option value=&quot;10&quot;&gt;Relation&lt;/option&gt;&lt;/select&gt;&lt;/td&gt;		&lt;td&gt;Column Type: &lt;input id=&quot;field_block_0_field_5_columntype&quot; name=&quot;field_block_0_field_5_columntype&quot; value=&quot;VARCHAR(100)&quot; checked=&quot;checked&quot; type=&quot;text&quot;&gt;&lt;/td&gt;	&lt;/tr&gt;	&lt;tr&gt;		&lt;td&gt;Type of Data: &lt;input id=&quot;field_block_0_field_5_typedata&quot; name=&quot;field_block_0_field_5_typedata&quot; value=&quot;V~O~LE~100&quot; checked=&quot;checked&quot; type=&quot;text&quot;&gt;&lt;/td&gt;		&lt;td&gt;Set PickList Values: &lt;textarea class=&quot;picklist_holder&quot; style=&quot;margin: 0px; height: 125px; max-width: 214px; id=&quot; field_block_0_field_5_picklist&quot;=&quot;&quot; name=&quot;field_block_0_field_5_picklist&quot; value=&quot;&quot; checked=&quot;checked&quot;&gt;&lt;/textarea&gt;&lt;/td&gt;		&lt;td&gt;Set Relationship: &lt;input id=&quot;field_block_0_field_5_relationship&quot; name=&quot;field_block_0_field_5_relationship&quot; value=&quot;&quot; checked=&quot;checked&quot; type=&quot;text&quot;&gt;&lt;/td&gt;		&lt;td&gt; Related List(include): &lt;input id=&quot;field_block_0_field_5_relatedlist&quot; name=&quot;field_block_0_field_5_relatedlist&quot; value=&quot;1&quot; checked=&quot;checked&quot; type=&quot;checkbox&quot;&gt;&lt;br&gt;Search List(include): &lt;input id=&quot;field_block_0_field_5_search&quot; name=&quot;field_block_0_field_5_search&quot; value=&quot;1&quot; checked=&quot;checked&quot; type=&quot;checkbox&quot;&gt;&lt;br&gt;List View(include): &lt;input id=&quot;field_block_0_field_5_listview&quot; name=&quot;field_block_0_field_5_listview&quot; value=&quot;field_block_0_field_5&quot; checked=&quot;checked&quot; type=&quot;checkbox&quot;&gt;&lt;br&gt;Module Identifier(atleast 1): &lt;input id=&quot;field_block_0_field_5_identifier&quot; name=&quot;field_block_0_field_5_identifier&quot; value=&quot;field_block_0_field_5&quot; type=&quot;checkbox&quot;&gt;&lt;br&gt;List Link Field(only 1): &lt;input id=&quot;field_block_0_field_5_link&quot; name=&quot;field_block_0_field_5_link&quot; value=&quot;1&quot; type=&quot;checkbox&quot;&gt;&lt;/td&gt;	&lt;/tr&gt;	&lt;/tbody&gt;&lt;/table&gt;&lt;button class=&quot;del_field&quot;&gt;remove&lt;/button&gt;&lt;/div&gt;&lt;/li&gt;&lt;li&gt;&lt;div class=&quot;fields&quot; id=&quot;field_block_0_field_6&quot;&gt;&lt;table&gt;	&lt;tbody&gt;&lt;tr&gt;		&lt;td&gt;Field Label: &lt;input id=&quot;field_block_0_field_6_label&quot; name=&quot;field_block_0_field_6_label&quot; value=&quot;Middlename&quot; checked=&quot;checked&quot; type=&quot;text&quot;&gt;&lt;/td&gt;		&lt;td&gt;Column Name / Field Name: &lt;input id=&quot;field_block_0_field_6_columnname&quot; name=&quot;field_block_0_field_6_columnname&quot; value=&quot;middlename&quot; checked=&quot;checked&quot; type=&quot;text&quot;&gt;&lt;/td&gt;		&lt;td&gt;UI Type: &lt;select class=&quot;uitype_select&quot; id=&quot;field_block_0_field_6^_^uitype&quot; name=&quot;field_block_0_field_6_uitype&quot; value=&quot;1&quot; checked=&quot;checked&quot;&gt;&lt;option value=&quot;0&quot;&gt;--&lt;/option&gt;&lt;option value=&quot;1&quot; selected=&quot;selected&quot;&gt;Text&lt;/option&gt;&lt;option value=&quot;4&quot;&gt;Incremantal&lt;/option&gt;&lt;option value=&quot;7&quot;&gt;Number&lt;/option&gt;&lt;option value=&quot;71&quot;&gt;Currency&lt;/option&gt;&lt;option value=&quot;9&quot;&gt;Percent&lt;/option&gt;&lt;option value=&quot;5&quot;&gt;Date&lt;/option&gt;&lt;option value=&quot;13&quot;&gt;Email&lt;/option&gt;&lt;option value=&quot;11&quot;&gt;Phone&lt;/option&gt;&lt;option value=&quot;15&quot;&gt;Picklist&lt;/option&gt;&lt;option value=&quot;56&quot;&gt;Checkbox&lt;/option&gt;&lt;option value=&quot;21&quot;&gt;Textarea&lt;/option&gt;&lt;option value=&quot;33&quot;&gt;Multi-Select-Box&lt;/option&gt;&lt;option value=&quot;26&quot;&gt;Folder&lt;/option&gt;&lt;option value=&quot;69&quot;&gt;Product Image&lt;/option&gt;&lt;option value=&quot;10&quot;&gt;Relation&lt;/option&gt;&lt;/select&gt;&lt;/td&gt;		&lt;td&gt;Column Type: &lt;input id=&quot;field_block_0_field_6_columntype&quot; name=&quot;field_block_0_field_6_columntype&quot; value=&quot;VARCHAR(100)&quot; checked=&quot;checked&quot; type=&quot;text&quot;&gt;&lt;/td&gt;	&lt;/tr&gt;	&lt;tr&gt;		&lt;td&gt;Type of Data: &lt;input id=&quot;field_block_0_field_6_typedata&quot; name=&quot;field_block_0_field_6_typedata&quot; value=&quot;V~O~LE~100&quot; checked=&quot;checked&quot; type=&quot;text&quot;&gt;&lt;/td&gt;		&lt;td&gt;Set PickList Values: &lt;textarea class=&quot;picklist_holder&quot; style=&quot;margin: 0px; height: 125px; max-width: 214px; id=&quot; field_block_0_field_6_picklist&quot;=&quot;&quot; name=&quot;field_block_0_field_6_picklist&quot; value=&quot;&quot; checked=&quot;checked&quot;&gt;&lt;/textarea&gt;&lt;/td&gt;		&lt;td&gt;Set Relationship: &lt;input id=&quot;field_block_0_field_6_relationship&quot; name=&quot;field_block_0_field_6_relationship&quot; value=&quot;&quot; checked=&quot;checked&quot; type=&quot;text&quot;&gt;&lt;/td&gt;		&lt;td&gt; Related List(include): &lt;input id=&quot;field_block_0_field_6_relatedlist&quot; name=&quot;field_block_0_field_6_relatedlist&quot; value=&quot;1&quot; checked=&quot;checked&quot; type=&quot;checkbox&quot;&gt;&lt;br&gt;Search List(include): &lt;input id=&quot;field_block_0_field_6_search&quot; name=&quot;field_block_0_field_6_search&quot; value=&quot;1&quot; checked=&quot;checked&quot; type=&quot;checkbox&quot;&gt;&lt;br&gt;List View(include): &lt;input id=&quot;field_block_0_field_6_listview&quot; name=&quot;field_block_0_field_6_listview&quot; value=&quot;field_block_0_field_6&quot; checked=&quot;checked&quot; type=&quot;checkbox&quot;&gt;&lt;br&gt;Module Identifier(atleast 1): &lt;input id=&quot;field_block_0_field_6_identifier&quot; name=&quot;field_block_0_field_6_identifier&quot; value=&quot;field_block_0_field_6&quot; type=&quot;checkbox&quot;&gt;&lt;br&gt;List Link Field(only 1): &lt;input id=&quot;field_block_0_field_6_link&quot; name=&quot;field_block_0_field_6_link&quot; value=&quot;1&quot; type=&quot;checkbox&quot;&gt;&lt;/td&gt;	&lt;/tr&gt;	&lt;/tbody&gt;&lt;/table&gt;&lt;button class=&quot;del_field&quot;&gt;remove&lt;/button&gt;&lt;/div&gt;&lt;/li&gt;&lt;/ul&gt;\r\n				&lt;/div&gt;\r\n				&lt;button class=&quot;add_field&quot; id=&quot;field_block_0&quot;&gt;add_field&lt;/button&gt;\r\n				\r\n			&lt;/div&gt;\r\n		&lt;/div&gt;\r\n	&lt;textarea name=&quot;field_block_container&quot; id=&quot;field_block_container&quot; style=&quot;display:none&quot; value=&quot;&quot; checked=&quot;checked&quot;&gt;&lt;/textarea&gt;');
INSERT INTO `vtiger_modulefileholder` (`id`, `modulename`, `html`) VALUES
(3, 'HomeOwner', '&lt;br&gt;\r\nModule Name: &lt;input type=&quot;text&quot; name=&quot;module_name&quot; id=&quot;module_name&quot; value=&quot;HomeOwner&quot; checked=&quot;checked&quot;&gt;\r\nParent Name: &lt;input type=&quot;text&quot; name=&quot;parent_name&quot; id=&quot;parent_name&quot; value=&quot;Analytics&quot; checked=&quot;checked&quot;&gt;\r\n	&lt;div id=&quot;blocks_container&quot;&gt; \r\n		&lt;input type=&quot;hidden&quot; id=&quot;block_counter&quot; value=&quot;1&quot;&gt;\r\n		\r\n			&lt;div class=&quot;block&quot; id=&quot;block_0&quot;&gt;\r\n			Block Name: &lt;input type=&quot;text&quot; name=&quot;block_0_name&quot; id=&quot;block_0_name&quot; value=&quot;General Information&quot; checked=&quot;checked&quot;&gt;\r\n			&lt;br&gt;\r\n				\r\n				&lt;input type=&quot;hidden&quot; id=&quot;counter_field_block_0&quot; value=&quot;7&quot;&gt;\r\n				\r\n				&lt;div id=&quot;container_field_block_0&quot;&gt;\r\n					&lt;ul class=&quot;sortable ui-sortable&quot;&gt;\r\n						&lt;li&gt;\r\n						&lt;div class=&quot;fields&quot; id=&quot;field_block_0_field_0&quot;&gt;\r\n							&lt;table&gt;\r\n							&lt;tbody&gt;&lt;tr&gt;\r\n								&lt;td&gt;Field Label: &lt;input type=&quot;text&quot; id=&quot;field_block_0_field_0_label&quot; name=&quot;field_block_0_field_0_label&quot; value=&quot;Created Time&quot; checked=&quot;checked&quot;&gt;&lt;/td&gt;\r\n								&lt;td&gt;Field Name: &lt;input type=&quot;text&quot; id=&quot;field_block_0_field_0_name&quot; name=&quot;field_block_0_field_0_fieldname&quot; value=&quot;CreatedTime&quot; checked=&quot;checked&quot;&gt;&lt;/td&gt;\r\n								&lt;td&gt;Column Name: &lt;input type=&quot;text&quot; id=&quot;field_block_0_field_0_columnname&quot; name=&quot;field_block_0_field_0_columnname&quot; value=&quot;createdtime&quot; checked=&quot;checked&quot;&gt;&lt;/td&gt;\r\n							&lt;/tr&gt;\r\n							&lt;tr&gt;\r\n								&lt;td&gt;Table: &lt;input type=&quot;text&quot; id=&quot;field_block_0_field_0_table&quot; name=&quot;field_block_0_field_0_table&quot; value=&quot;vtiger_crmentity&quot; checked=&quot;checked&quot;&gt;&lt;/td&gt;\r\n								&lt;td&gt;UI Type: &lt;input type=&quot;text&quot; id=&quot;field_block_0_field_0_uitype&quot; name=&quot;field_block_0_field_0_uitype&quot; value=&quot;70&quot; checked=&quot;checked&quot;&gt;&lt;/td&gt;\r\n								&lt;td&gt;Type of Data: &lt;input type=&quot;text&quot; id=&quot;field_block_0_field_0_typedata&quot; name=&quot;field_block_0_field_0_typedata&quot; value=&quot;T~O&quot; checked=&quot;checked&quot;&gt;&lt;/td&gt;\r\n								&lt;td&gt;Display Type: &lt;input type=&quot;text&quot; id=&quot;field_block_0_field_0_displaytype&quot; name=&quot;field_block_0_field_0_displaytype&quot; value=&quot;2&quot; checked=&quot;checked&quot;&gt;&lt;/td&gt;\r\n							&lt;/tr&gt;\r\n							&lt;/tbody&gt;&lt;/table&gt;\r\n						&lt;/div&gt;\r\n						&lt;/li&gt;\r\n						&lt;li&gt;\r\n						&lt;div class=&quot;fields&quot; id=&quot;field_block_0_field_1&quot;&gt;\r\n							&lt;table&gt;\r\n							&lt;tbody&gt;&lt;tr&gt;\r\n								&lt;td&gt;Field Label: &lt;input type=&quot;text&quot; id=&quot;field_block_0_field_1_label&quot; name=&quot;field_block_0_field_1_label&quot; value=&quot;Modified Time&quot; checked=&quot;checked&quot;&gt;&lt;/td&gt;\r\n								&lt;td&gt;Field Name: &lt;input type=&quot;text&quot; id=&quot;field_block_0_field_1_name&quot; name=&quot;field_block_0_field_1_fieldname&quot; value=&quot;ModifiedTime&quot; checked=&quot;checked&quot;&gt;&lt;/td&gt;\r\n								&lt;td&gt;Column Name: &lt;input type=&quot;text&quot; id=&quot;field_block_0_field_1_columnname&quot; name=&quot;field_block_0_field_1_columnname&quot; value=&quot;modifiedtime&quot; checked=&quot;checked&quot;&gt;&lt;/td&gt;\r\n							&lt;/tr&gt;\r\n							&lt;tr&gt;\r\n								&lt;td&gt;Table: &lt;input type=&quot;text&quot; id=&quot;field_block_0_field_1_table&quot; name=&quot;field_block_0_field_1_table&quot; value=&quot;vtiger_crmentity&quot; checked=&quot;checked&quot;&gt;&lt;/td&gt;\r\n								&lt;td&gt;UI Type: &lt;input type=&quot;text&quot; id=&quot;field_block_0_field_1_uitype&quot; name=&quot;field_block_0_field_1_uitype&quot; value=&quot;70&quot; checked=&quot;checked&quot;&gt;&lt;/td&gt;\r\n								&lt;td&gt;Type of Data: &lt;input type=&quot;text&quot; id=&quot;field_block_0_field_1_typedata&quot; name=&quot;field_block_0_field_1_typedata&quot; value=&quot;T~O&quot; checked=&quot;checked&quot;&gt;&lt;/td&gt;\r\n								&lt;td&gt;Display Type: &lt;input type=&quot;text&quot; id=&quot;field_block_0_field_1_displaytype&quot; name=&quot;field_block_0_field_1_displaytype&quot; value=&quot;2&quot; checked=&quot;checked&quot;&gt;&lt;/td&gt;\r\n							&lt;/tr&gt;\r\n							&lt;/tbody&gt;&lt;/table&gt;\r\n						&lt;/div&gt;\r\n						&lt;/li&gt;\r\n						&lt;li&gt;\r\n						&lt;div class=&quot;fields&quot; id=&quot;field_block_0_field_2&quot;&gt;\r\n							&lt;table&gt;\r\n							&lt;tbody&gt;&lt;tr&gt;\r\n								&lt;td&gt;Field Label: &lt;input type=&quot;text&quot; id=&quot;field_block_0_field_2_label&quot; name=&quot;field_block_0_field_2_label&quot; value=&quot;Assigned To&quot; checked=&quot;checked&quot;&gt;&lt;/td&gt;\r\n								&lt;td&gt;Field Name: &lt;input type=&quot;text&quot; id=&quot;field_block_0_field_2_fieldname&quot; name=&quot;field_block_0_field_2_fieldname&quot; value=&quot;assigned_user_id&quot; checked=&quot;checked&quot;&gt;&lt;/td&gt;\r\n								&lt;td&gt;Column Name: &lt;input type=&quot;text&quot; id=&quot;field_block_0_field_2_columnname&quot; name=&quot;field_block_0_field_2_columnname&quot; value=&quot;smownerid&quot; checked=&quot;checked&quot;&gt;&lt;/td&gt;\r\n								&lt;td&gt;UI Type: &lt;input type=&quot;text&quot; id=&quot;field_block_0_field_2_uitype&quot; name=&quot;field_block_0_field_2_uitype&quot; value=&quot;53&quot; checked=&quot;checked&quot;&gt;&lt;/td&gt;\r\n							&lt;/tr&gt;\r\n							&lt;tr&gt;\r\n								&lt;td&gt;Table: &lt;input type=&quot;text&quot; id=&quot;field_block_0_field_2_table&quot; name=&quot;field_block_0_field_2_table&quot; value=&quot;vtiger_crmentity&quot; checked=&quot;checked&quot;&gt;&lt;/td&gt;\r\n								&lt;td&gt;Type of Data: &lt;input type=&quot;text&quot; id=&quot;field_block_0_field_2_typedata&quot; name=&quot;field_block_0_field_2_typedata&quot; value=&quot;V~M&quot; checked=&quot;checked&quot;&gt;&lt;/td&gt;\r\n							&lt;/tr&gt;\r\n							&lt;/tbody&gt;&lt;/table&gt;\r\n						&lt;/div&gt;\r\n						&lt;/li&gt;&lt;li class=&quot;&quot; style=&quot;&quot;&gt;&lt;div class=&quot;fields&quot; id=&quot;field_block_0_field_7&quot;&gt;&lt;table&gt;	&lt;tbody&gt;&lt;tr&gt;		&lt;td&gt;Field Label: &lt;input type=&quot;text&quot; id=&quot;field_block_0_field_7_label&quot; name=&quot;field_block_0_field_7_label&quot; value=&quot;Customer No&quot; checked=&quot;checked&quot;&gt;&lt;/td&gt;		&lt;td&gt;Column Name / Field Name: &lt;input type=&quot;text&quot; id=&quot;field_block_0_field_7_columnname&quot; name=&quot;field_block_0_field_7_columnname&quot; value=&quot;customer_no&quot; checked=&quot;checked&quot;&gt;&lt;/td&gt;		&lt;td&gt;UI Type: &lt;select class=&quot;uitype_select&quot; id=&quot;field_block_0_field_7^_^uitype&quot; name=&quot;field_block_0_field_7_uitype&quot; value=&quot;4&quot; checked=&quot;checked&quot;&gt;&lt;option value=&quot;0&quot;&gt;--&lt;/option&gt;&lt;option value=&quot;1&quot;&gt;Text&lt;/option&gt;&lt;option value=&quot;4&quot; selected=&quot;selected&quot;&gt;Incremantal&lt;/option&gt;&lt;option value=&quot;7&quot;&gt;Number&lt;/option&gt;&lt;option value=&quot;71&quot;&gt;Currency&lt;/option&gt;&lt;option value=&quot;9&quot;&gt;Percent&lt;/option&gt;&lt;option value=&quot;5&quot;&gt;Date&lt;/option&gt;&lt;option value=&quot;13&quot;&gt;Email&lt;/option&gt;&lt;option value=&quot;11&quot;&gt;Phone&lt;/option&gt;&lt;option value=&quot;15&quot;&gt;Picklist&lt;/option&gt;&lt;option value=&quot;56&quot;&gt;Checkbox&lt;/option&gt;&lt;option value=&quot;21&quot;&gt;Textarea&lt;/option&gt;&lt;option value=&quot;33&quot;&gt;Multi-Select-Box&lt;/option&gt;&lt;option value=&quot;26&quot;&gt;Folder&lt;/option&gt;&lt;option value=&quot;69&quot;&gt;Product Image&lt;/option&gt;&lt;option value=&quot;10&quot;&gt;Relation&lt;/option&gt;&lt;/select&gt;&lt;/td&gt;		&lt;td&gt;Column Type: &lt;input type=&quot;text&quot; id=&quot;field_block_0_field_7_columntype&quot; name=&quot;field_block_0_field_7_columntype&quot; value=&quot;VARCHAR(100)&quot; checked=&quot;checked&quot;&gt;&lt;/td&gt;	&lt;/tr&gt;	&lt;tr&gt;		&lt;td&gt;Type of Data: &lt;input type=&quot;text&quot; id=&quot;field_block_0_field_7_typedata&quot; name=&quot;field_block_0_field_7_typedata&quot; value=&quot;V~O&quot; checked=&quot;checked&quot;&gt;&lt;/td&gt;		&lt;td&gt;Set PickList Values: &lt;textarea class=&quot;picklist_holder&quot; style=&quot;margin: 0px; height: 125px; max-width: 214px; id=&quot; field_block_0_field_7_picklist&quot;=&quot;&quot; name=&quot;field_block_0_field_7_picklist&quot; value=&quot;&quot; checked=&quot;checked&quot;&gt;&lt;/textarea&gt;&lt;/td&gt;		&lt;td&gt;Set Relationship: &lt;input type=&quot;text&quot; id=&quot;field_block_0_field_7_relationship&quot; name=&quot;field_block_0_field_7_relationship&quot; value=&quot;&quot; checked=&quot;checked&quot;&gt;&lt;/td&gt;		&lt;td&gt; Related List(include): &lt;input type=&quot;checkbox&quot; id=&quot;field_block_0_field_7_relatedlist&quot; name=&quot;field_block_0_field_7_relatedlist&quot; value=&quot;1&quot; checked=&quot;checked&quot;&gt;&lt;br&gt;Search List(include): &lt;input type=&quot;checkbox&quot; id=&quot;field_block_0_field_7_search&quot; name=&quot;field_block_0_field_7_search&quot; value=&quot;1&quot; checked=&quot;checked&quot;&gt;&lt;br&gt;List View(include): &lt;input type=&quot;checkbox&quot; id=&quot;field_block_0_field_7_listview&quot; name=&quot;field_block_0_field_7_listview&quot; value=&quot;field_block_0_field_7&quot; checked=&quot;checked&quot;&gt;&lt;br&gt;Module Identifier(atleast 1): &lt;input type=&quot;checkbox&quot; id=&quot;field_block_0_field_7_identifier&quot; name=&quot;field_block_0_field_7_identifier&quot; value=&quot;field_block_0_field_7&quot; checked=&quot;checked&quot;&gt;&lt;br&gt;List Link Field(only 1): &lt;input type=&quot;checkbox&quot; id=&quot;field_block_0_field_7_link&quot; name=&quot;field_block_0_field_7_link&quot; value=&quot;1&quot; checked=&quot;checked&quot;&gt;&lt;/td&gt;	&lt;/tr&gt;	&lt;/tbody&gt;&lt;/table&gt;&lt;button class=&quot;del_field&quot;&gt;remove&lt;/button&gt;&lt;/div&gt;&lt;/li&gt;\r\n					&lt;li class=&quot;&quot; style=&quot;&quot;&gt;&lt;div class=&quot;fields&quot; id=&quot;field_block_0_field_3&quot;&gt;&lt;table&gt;	&lt;tbody&gt;&lt;tr&gt;		&lt;td&gt;Field Label: &lt;input type=&quot;text&quot; id=&quot;field_block_0_field_3_label&quot; name=&quot;field_block_0_field_3_label&quot; value=&quot;Last Name&quot; checked=&quot;checked&quot;&gt;&lt;/td&gt;		&lt;td&gt;Column Name / Field Name: &lt;input type=&quot;text&quot; id=&quot;field_block_0_field_3_columnname&quot; name=&quot;field_block_0_field_3_columnname&quot; value=&quot;lastname&quot; checked=&quot;checked&quot;&gt;&lt;/td&gt;		&lt;td&gt;UI Type: &lt;select class=&quot;uitype_select&quot; id=&quot;field_block_0_field_3^_^uitype&quot; name=&quot;field_block_0_field_3_uitype&quot; value=&quot;1&quot; checked=&quot;checked&quot;&gt;&lt;option value=&quot;0&quot;&gt;--&lt;/option&gt;&lt;option value=&quot;1&quot; selected=&quot;selected&quot;&gt;Text&lt;/option&gt;&lt;option value=&quot;4&quot;&gt;Incremantal&lt;/option&gt;&lt;option value=&quot;7&quot;&gt;Number&lt;/option&gt;&lt;option value=&quot;71&quot;&gt;Currency&lt;/option&gt;&lt;option value=&quot;9&quot;&gt;Percent&lt;/option&gt;&lt;option value=&quot;5&quot;&gt;Date&lt;/option&gt;&lt;option value=&quot;13&quot;&gt;Email&lt;/option&gt;&lt;option value=&quot;11&quot;&gt;Phone&lt;/option&gt;&lt;option value=&quot;15&quot;&gt;Picklist&lt;/option&gt;&lt;option value=&quot;56&quot;&gt;Checkbox&lt;/option&gt;&lt;option value=&quot;21&quot;&gt;Textarea&lt;/option&gt;&lt;option value=&quot;33&quot;&gt;Multi-Select-Box&lt;/option&gt;&lt;option value=&quot;26&quot;&gt;Folder&lt;/option&gt;&lt;option value=&quot;69&quot;&gt;Product Image&lt;/option&gt;&lt;option value=&quot;10&quot;&gt;Relation&lt;/option&gt;&lt;/select&gt;&lt;/td&gt;		&lt;td&gt;Column Type: &lt;input type=&quot;text&quot; id=&quot;field_block_0_field_3_columntype&quot; name=&quot;field_block_0_field_3_columntype&quot; value=&quot;VARCHAR(100)&quot; checked=&quot;checked&quot;&gt;&lt;/td&gt;	&lt;/tr&gt;	&lt;tr&gt;		&lt;td&gt;Type of Data: &lt;input type=&quot;text&quot; id=&quot;field_block_0_field_3_typedata&quot; name=&quot;field_block_0_field_3_typedata&quot; value=&quot;V~O~LE~100&quot; checked=&quot;checked&quot;&gt;&lt;/td&gt;		&lt;td&gt;Set PickList Values: &lt;textarea class=&quot;picklist_holder&quot; style=&quot;margin: 0px; height: 125px; max-width: 214px; id=&quot; field_block_0_field_3_picklist&quot;=&quot;&quot; name=&quot;field_block_0_field_3_picklist&quot; value=&quot;&quot; checked=&quot;checked&quot;&gt;&lt;/textarea&gt;&lt;/td&gt;		&lt;td&gt;Set Relationship: &lt;input type=&quot;text&quot; id=&quot;field_block_0_field_3_relationship&quot; name=&quot;field_block_0_field_3_relationship&quot; value=&quot;&quot; checked=&quot;checked&quot;&gt;&lt;/td&gt;		&lt;td&gt; Related List(include): &lt;input type=&quot;checkbox&quot; id=&quot;field_block_0_field_3_relatedlist&quot; name=&quot;field_block_0_field_3_relatedlist&quot; value=&quot;1&quot; checked=&quot;checked&quot;&gt;&lt;br&gt;Search List(include): &lt;input type=&quot;checkbox&quot; id=&quot;field_block_0_field_3_search&quot; name=&quot;field_block_0_field_3_search&quot; value=&quot;1&quot; checked=&quot;checked&quot;&gt;&lt;br&gt;List View(include): &lt;input type=&quot;checkbox&quot; id=&quot;field_block_0_field_3_listview&quot; name=&quot;field_block_0_field_3_listview&quot; value=&quot;field_block_0_field_3&quot; checked=&quot;checked&quot;&gt;&lt;br&gt;Module Identifier(atleast 1): &lt;input type=&quot;checkbox&quot; id=&quot;field_block_0_field_3_identifier&quot; name=&quot;field_block_0_field_3_identifier&quot; value=&quot;field_block_0_field_3&quot; checked=&quot;checked&quot;&gt;&lt;br&gt;List Link Field(only 1): &lt;input type=&quot;checkbox&quot; id=&quot;field_block_0_field_3_link&quot; name=&quot;field_block_0_field_3_link&quot; value=&quot;1&quot; checked=&quot;checked&quot;&gt;&lt;/td&gt;	&lt;/tr&gt;	&lt;/tbody&gt;&lt;/table&gt;&lt;button class=&quot;del_field&quot;&gt;remove&lt;/button&gt;&lt;/div&gt;&lt;/li&gt;&lt;li&gt;&lt;div class=&quot;fields&quot; id=&quot;field_block_0_field_4&quot;&gt;&lt;table&gt;	&lt;tbody&gt;&lt;tr&gt;		&lt;td&gt;Field Label: &lt;input type=&quot;text&quot; id=&quot;field_block_0_field_4_label&quot; name=&quot;field_block_0_field_4_label&quot; value=&quot;First Name&quot; checked=&quot;checked&quot;&gt;&lt;/td&gt;		&lt;td&gt;Column Name / Field Name: &lt;input type=&quot;text&quot; id=&quot;field_block_0_field_4_columnname&quot; name=&quot;field_block_0_field_4_columnname&quot; value=&quot;firstname&quot; checked=&quot;checked&quot;&gt;&lt;/td&gt;		&lt;td&gt;UI Type: &lt;select class=&quot;uitype_select&quot; id=&quot;field_block_0_field_4^_^uitype&quot; name=&quot;field_block_0_field_4_uitype&quot; value=&quot;1&quot; checked=&quot;checked&quot;&gt;&lt;option value=&quot;0&quot;&gt;--&lt;/option&gt;&lt;option value=&quot;1&quot; selected=&quot;selected&quot;&gt;Text&lt;/option&gt;&lt;option value=&quot;4&quot;&gt;Incremantal&lt;/option&gt;&lt;option value=&quot;7&quot;&gt;Number&lt;/option&gt;&lt;option value=&quot;71&quot;&gt;Currency&lt;/option&gt;&lt;option value=&quot;9&quot;&gt;Percent&lt;/option&gt;&lt;option value=&quot;5&quot;&gt;Date&lt;/option&gt;&lt;option value=&quot;13&quot;&gt;Email&lt;/option&gt;&lt;option value=&quot;11&quot;&gt;Phone&lt;/option&gt;&lt;option value=&quot;15&quot;&gt;Picklist&lt;/option&gt;&lt;option value=&quot;56&quot;&gt;Checkbox&lt;/option&gt;&lt;option value=&quot;21&quot;&gt;Textarea&lt;/option&gt;&lt;option value=&quot;33&quot;&gt;Multi-Select-Box&lt;/option&gt;&lt;option value=&quot;26&quot;&gt;Folder&lt;/option&gt;&lt;option value=&quot;69&quot;&gt;Product Image&lt;/option&gt;&lt;option value=&quot;10&quot;&gt;Relation&lt;/option&gt;&lt;/select&gt;&lt;/td&gt;		&lt;td&gt;Column Type: &lt;input type=&quot;text&quot; id=&quot;field_block_0_field_4_columntype&quot; name=&quot;field_block_0_field_4_columntype&quot; value=&quot;VARCHAR(100)&quot; checked=&quot;checked&quot;&gt;&lt;/td&gt;	&lt;/tr&gt;	&lt;tr&gt;		&lt;td&gt;Type of Data: &lt;input type=&quot;text&quot; id=&quot;field_block_0_field_4_typedata&quot; name=&quot;field_block_0_field_4_typedata&quot; value=&quot;V~O~LE~100&quot; checked=&quot;checked&quot;&gt;&lt;/td&gt;		&lt;td&gt;Set PickList Values: &lt;textarea class=&quot;picklist_holder&quot; style=&quot;margin: 0px; height: 125px; max-width: 214px; id=&quot; field_block_0_field_4_picklist&quot;=&quot;&quot; name=&quot;field_block_0_field_4_picklist&quot; value=&quot;&quot; checked=&quot;checked&quot;&gt;&lt;/textarea&gt;&lt;/td&gt;		&lt;td&gt;Set Relationship: &lt;input type=&quot;text&quot; id=&quot;field_block_0_field_4_relationship&quot; name=&quot;field_block_0_field_4_relationship&quot; value=&quot;&quot; checked=&quot;checked&quot;&gt;&lt;/td&gt;		&lt;td&gt; Related List(include): &lt;input type=&quot;checkbox&quot; id=&quot;field_block_0_field_4_relatedlist&quot; name=&quot;field_block_0_field_4_relatedlist&quot; value=&quot;1&quot; checked=&quot;checked&quot;&gt;&lt;br&gt;Search List(include): &lt;input type=&quot;checkbox&quot; id=&quot;field_block_0_field_4_search&quot; name=&quot;field_block_0_field_4_search&quot; value=&quot;1&quot; checked=&quot;checked&quot;&gt;&lt;br&gt;List View(include): &lt;input type=&quot;checkbox&quot; id=&quot;field_block_0_field_4_listview&quot; name=&quot;field_block_0_field_4_listview&quot; value=&quot;field_block_0_field_4&quot; checked=&quot;checked&quot;&gt;&lt;br&gt;Module Identifier(atleast 1): &lt;input type=&quot;checkbox&quot; id=&quot;field_block_0_field_4_identifier&quot; name=&quot;field_block_0_field_4_identifier&quot; value=&quot;field_block_0_field_4&quot;&gt;&lt;br&gt;List Link Field(only 1): &lt;input type=&quot;checkbox&quot; id=&quot;field_block_0_field_4_link&quot; name=&quot;field_block_0_field_4_link&quot; value=&quot;1&quot;&gt;&lt;/td&gt;	&lt;/tr&gt;	&lt;/tbody&gt;&lt;/table&gt;&lt;button class=&quot;del_field&quot;&gt;remove&lt;/button&gt;&lt;/div&gt;&lt;/li&gt;&lt;li&gt;&lt;div class=&quot;fields&quot; id=&quot;field_block_0_field_5&quot;&gt;&lt;table&gt;	&lt;tbody&gt;&lt;tr&gt;		&lt;td&gt;Field Label: &lt;input type=&quot;text&quot; id=&quot;field_block_0_field_5_label&quot; name=&quot;field_block_0_field_5_label&quot; value=&quot;Middle Name&quot; checked=&quot;checked&quot;&gt;&lt;/td&gt;		&lt;td&gt;Column Name / Field Name: &lt;input type=&quot;text&quot; id=&quot;field_block_0_field_5_columnname&quot; name=&quot;field_block_0_field_5_columnname&quot; value=&quot;middlename&quot; checked=&quot;checked&quot;&gt;&lt;/td&gt;		&lt;td&gt;UI Type: &lt;select class=&quot;uitype_select&quot; id=&quot;field_block_0_field_5^_^uitype&quot; name=&quot;field_block_0_field_5_uitype&quot; value=&quot;1&quot; checked=&quot;checked&quot;&gt;&lt;option value=&quot;0&quot;&gt;--&lt;/option&gt;&lt;option value=&quot;1&quot; selected=&quot;selected&quot;&gt;Text&lt;/option&gt;&lt;option value=&quot;4&quot;&gt;Incremantal&lt;/option&gt;&lt;option value=&quot;7&quot;&gt;Number&lt;/option&gt;&lt;option value=&quot;71&quot;&gt;Currency&lt;/option&gt;&lt;option value=&quot;9&quot;&gt;Percent&lt;/option&gt;&lt;option value=&quot;5&quot;&gt;Date&lt;/option&gt;&lt;option value=&quot;13&quot;&gt;Email&lt;/option&gt;&lt;option value=&quot;11&quot;&gt;Phone&lt;/option&gt;&lt;option value=&quot;15&quot;&gt;Picklist&lt;/option&gt;&lt;option value=&quot;56&quot;&gt;Checkbox&lt;/option&gt;&lt;option value=&quot;21&quot;&gt;Textarea&lt;/option&gt;&lt;option value=&quot;33&quot;&gt;Multi-Select-Box&lt;/option&gt;&lt;option value=&quot;26&quot;&gt;Folder&lt;/option&gt;&lt;option value=&quot;69&quot;&gt;Product Image&lt;/option&gt;&lt;option value=&quot;10&quot;&gt;Relation&lt;/option&gt;&lt;/select&gt;&lt;/td&gt;		&lt;td&gt;Column Type: &lt;input type=&quot;text&quot; id=&quot;field_block_0_field_5_columntype&quot; name=&quot;field_block_0_field_5_columntype&quot; value=&quot;VARCHAR(100)&quot; checked=&quot;checked&quot;&gt;&lt;/td&gt;	&lt;/tr&gt;	&lt;tr&gt;		&lt;td&gt;Type of Data: &lt;input type=&quot;text&quot; id=&quot;field_block_0_field_5_typedata&quot; name=&quot;field_block_0_field_5_typedata&quot; value=&quot;V~O~LE~100&quot; checked=&quot;checked&quot;&gt;&lt;/td&gt;		&lt;td&gt;Set PickList Values: &lt;textarea class=&quot;picklist_holder&quot; style=&quot;margin: 0px; height: 125px; max-width: 214px; id=&quot; field_block_0_field_5_picklist&quot;=&quot;&quot; name=&quot;field_block_0_field_5_picklist&quot; value=&quot;&quot; checked=&quot;checked&quot;&gt;&lt;/textarea&gt;&lt;/td&gt;		&lt;td&gt;Set Relationship: &lt;input type=&quot;text&quot; id=&quot;field_block_0_field_5_relationship&quot; name=&quot;field_block_0_field_5_relationship&quot; value=&quot;&quot; checked=&quot;checked&quot;&gt;&lt;/td&gt;		&lt;td&gt; Related List(include): &lt;input type=&quot;checkbox&quot; id=&quot;field_block_0_field_5_relatedlist&quot; name=&quot;field_block_0_field_5_relatedlist&quot; value=&quot;1&quot; checked=&quot;checked&quot;&gt;&lt;br&gt;Search List(include): &lt;input type=&quot;checkbox&quot; id=&quot;field_block_0_field_5_search&quot; name=&quot;field_block_0_field_5_search&quot; value=&quot;1&quot; checked=&quot;checked&quot;&gt;&lt;br&gt;List View(include): &lt;input type=&quot;checkbox&quot; id=&quot;field_block_0_field_5_listview&quot; name=&quot;field_block_0_field_5_listview&quot; value=&quot;field_block_0_field_5&quot; checked=&quot;checked&quot;&gt;&lt;br&gt;Module Identifier(atleast 1): &lt;input type=&quot;checkbox&quot; id=&quot;field_block_0_field_5_identifier&quot; name=&quot;field_block_0_field_5_identifier&quot; value=&quot;field_block_0_field_5&quot;&gt;&lt;br&gt;List Link Field(only 1): &lt;input type=&quot;checkbox&quot; id=&quot;field_block_0_field_5_link&quot; name=&quot;field_block_0_field_5_link&quot; value=&quot;1&quot;&gt;&lt;/td&gt;	&lt;/tr&gt;	&lt;/tbody&gt;&lt;/table&gt;&lt;button class=&quot;del_field&quot;&gt;remove&lt;/button&gt;&lt;/div&gt;&lt;/li&gt;&lt;li&gt;&lt;/li&gt;&lt;/ul&gt;\r\n				&lt;/div&gt;\r\n				&lt;button class=&quot;add_field&quot; id=&quot;field_block_0&quot;&gt;add_field&lt;/button&gt;\r\n				\r\n			&lt;/div&gt;\r\n		&lt;div class=&quot;block&quot; id=&quot;block_1&quot;&gt;Block Name: &lt;input type=&quot;text&quot; name=&quot;block_1_name&quot; id=&quot;block_1_name&quot; value=&quot;Address Information&quot; checked=&quot;checked&quot;&gt;&lt;br&gt;&lt;input type=&quot;hidden&quot; id=&quot;counter_field_block_1&quot; value=&quot;2&quot;&gt;&lt;div id=&quot;container_field_block_1&quot;&gt;&lt;ul class=&quot;sortable ui-sortable&quot;&gt;&lt;li&gt;&lt;div class=&quot;fields&quot; id=&quot;field_block_1_field_1&quot;&gt;&lt;table&gt;	&lt;tbody&gt;&lt;tr&gt;		&lt;td&gt;Field Label: &lt;input type=&quot;text&quot; id=&quot;field_block_1_field_1_label&quot; name=&quot;field_block_1_field_1_label&quot; value=&quot;Street&quot; checked=&quot;checked&quot;&gt;&lt;/td&gt;		&lt;td&gt;Column Name / Field Name: &lt;input type=&quot;text&quot; id=&quot;field_block_1_field_1_columnname&quot; name=&quot;field_block_1_field_1_columnname&quot; value=&quot;street&quot; checked=&quot;checked&quot;&gt;&lt;/td&gt;		&lt;td&gt;UI Type: &lt;select class=&quot;uitype_select&quot; id=&quot;field_block_1_field_1^_^uitype&quot; name=&quot;field_block_1_field_1_uitype&quot; value=&quot;1&quot; checked=&quot;checked&quot;&gt;&lt;option value=&quot;0&quot;&gt;--&lt;/option&gt;&lt;option value=&quot;1&quot; selected=&quot;selected&quot;&gt;Text&lt;/option&gt;&lt;option value=&quot;4&quot;&gt;Incremantal&lt;/option&gt;&lt;option value=&quot;7&quot;&gt;Number&lt;/option&gt;&lt;option value=&quot;71&quot;&gt;Currency&lt;/option&gt;&lt;option value=&quot;9&quot;&gt;Percent&lt;/option&gt;&lt;option value=&quot;5&quot;&gt;Date&lt;/option&gt;&lt;option value=&quot;13&quot;&gt;Email&lt;/option&gt;&lt;option value=&quot;11&quot;&gt;Phone&lt;/option&gt;&lt;option value=&quot;15&quot;&gt;Picklist&lt;/option&gt;&lt;option value=&quot;56&quot;&gt;Checkbox&lt;/option&gt;&lt;option value=&quot;21&quot;&gt;Textarea&lt;/option&gt;&lt;option value=&quot;33&quot;&gt;Multi-Select-Box&lt;/option&gt;&lt;option value=&quot;26&quot;&gt;Folder&lt;/option&gt;&lt;option value=&quot;69&quot;&gt;Product Image&lt;/option&gt;&lt;option value=&quot;10&quot;&gt;Relation&lt;/option&gt;&lt;/select&gt;&lt;/td&gt;		&lt;td&gt;Column Type: &lt;input type=&quot;text&quot; id=&quot;field_block_1_field_1_columntype&quot; name=&quot;field_block_1_field_1_columntype&quot; value=&quot;VARCHAR(100)&quot; checked=&quot;checked&quot;&gt;&lt;/td&gt;	&lt;/tr&gt;	&lt;tr&gt;		&lt;td&gt;Type of Data: &lt;input type=&quot;text&quot; id=&quot;field_block_1_field_1_typedata&quot; name=&quot;field_block_1_field_1_typedata&quot; value=&quot;V~O~LE~100&quot; checked=&quot;checked&quot;&gt;&lt;/td&gt;		&lt;td&gt;Set PickList Values: &lt;textarea class=&quot;picklist_holder&quot; style=&quot;margin: 0px; height: 125px; max-width: 214px; id=&quot; field_block_1_field_1_picklist&quot;=&quot;&quot; name=&quot;field_block_1_field_1_picklist&quot; value=&quot;&quot; checked=&quot;checked&quot;&gt;&lt;/textarea&gt;&lt;/td&gt;		&lt;td&gt;Set Relationship: &lt;input type=&quot;text&quot; id=&quot;field_block_1_field_1_relationship&quot; name=&quot;field_block_1_field_1_relationship&quot; value=&quot;&quot; checked=&quot;checked&quot;&gt;&lt;/td&gt;		&lt;td&gt; Related List(include): &lt;input type=&quot;checkbox&quot; id=&quot;field_block_1_field_1_relatedlist&quot; name=&quot;field_block_1_field_1_relatedlist&quot; value=&quot;1&quot;&gt;&lt;br&gt;Search List(include): &lt;input type=&quot;checkbox&quot; id=&quot;field_block_1_field_1_search&quot; name=&quot;field_block_1_field_1_search&quot; value=&quot;1&quot;&gt;&lt;br&gt;List View(include): &lt;input type=&quot;checkbox&quot; id=&quot;field_block_1_field_1_listview&quot; name=&quot;field_block_1_field_1_listview&quot; value=&quot;field_block_1_field_1&quot;&gt;&lt;br&gt;Module Identifier(atleast 1): &lt;input type=&quot;checkbox&quot; id=&quot;field_block_1_field_1_identifier&quot; name=&quot;field_block_1_field_1_identifier&quot; value=&quot;field_block_1_field_1&quot;&gt;&lt;br&gt;List Link Field(only 1): &lt;input type=&quot;checkbox&quot; id=&quot;field_block_1_field_1_link&quot; name=&quot;field_block_1_field_1_link&quot; value=&quot;1&quot;&gt;&lt;/td&gt;	&lt;/tr&gt;	&lt;/tbody&gt;&lt;/table&gt;&lt;button class=&quot;del_field&quot;&gt;remove&lt;/button&gt;&lt;/div&gt;&lt;/li&gt;&lt;li&gt;&lt;div class=&quot;fields&quot; id=&quot;field_block_1_field_2&quot;&gt;&lt;table&gt;	&lt;tbody&gt;&lt;tr&gt;		&lt;td&gt;Field Label: &lt;input type=&quot;text&quot; id=&quot;field_block_1_field_2_label&quot; name=&quot;field_block_1_field_2_label&quot; value=&quot;Area&quot; checked=&quot;checked&quot;&gt;&lt;/td&gt;		&lt;td&gt;Column Name / Field Name: &lt;input type=&quot;text&quot; id=&quot;field_block_1_field_2_columnname&quot; name=&quot;field_block_1_field_2_columnname&quot; value=&quot;h_area&quot; checked=&quot;checked&quot;&gt;&lt;/td&gt;		&lt;td&gt;UI Type: &lt;select class=&quot;uitype_select&quot; id=&quot;field_block_1_field_2^_^uitype&quot; name=&quot;field_block_1_field_2_uitype&quot; value=&quot;15&quot; checked=&quot;checked&quot;&gt;&lt;option value=&quot;0&quot;&gt;--&lt;/option&gt;&lt;option value=&quot;1&quot;&gt;Text&lt;/option&gt;&lt;option value=&quot;4&quot;&gt;Incremantal&lt;/option&gt;&lt;option value=&quot;7&quot;&gt;Number&lt;/option&gt;&lt;option value=&quot;71&quot;&gt;Currency&lt;/option&gt;&lt;option value=&quot;9&quot;&gt;Percent&lt;/option&gt;&lt;option value=&quot;5&quot;&gt;Date&lt;/option&gt;&lt;option value=&quot;13&quot;&gt;Email&lt;/option&gt;&lt;option value=&quot;11&quot;&gt;Phone&lt;/option&gt;&lt;option value=&quot;15&quot; selected=&quot;selected&quot;&gt;Picklist&lt;/option&gt;&lt;option value=&quot;56&quot;&gt;Checkbox&lt;/option&gt;&lt;option value=&quot;21&quot;&gt;Textarea&lt;/option&gt;&lt;option value=&quot;33&quot;&gt;Multi-Select-Box&lt;/option&gt;&lt;option value=&quot;26&quot;&gt;Folder&lt;/option&gt;&lt;option value=&quot;69&quot;&gt;Product Image&lt;/option&gt;&lt;option value=&quot;10&quot;&gt;Relation&lt;/option&gt;&lt;/select&gt;&lt;/td&gt;		&lt;td&gt;Column Type: &lt;input type=&quot;text&quot; id=&quot;field_block_1_field_2_columntype&quot; name=&quot;field_block_1_field_2_columntype&quot; value=&quot;VARCHAR(255)&quot; checked=&quot;checked&quot;&gt;&lt;/td&gt;	&lt;/tr&gt;	&lt;tr&gt;		&lt;td&gt;Type of Data: &lt;input type=&quot;text&quot; id=&quot;field_block_1_field_2_typedata&quot; name=&quot;field_block_1_field_2_typedata&quot; value=&quot;V~O&quot; checked=&quot;checked&quot;&gt;&lt;/td&gt;		&lt;td&gt;Set PickList Values: &lt;textarea class=&quot;picklist_holder&quot; style=&quot;margin: 0px; height: 125px; max-width: 214px; id=&quot; field_block_1_field_2_picklist&quot;=&quot;&quot; name=&quot;field_block_1_field_2_picklist&quot; value=&quot;- Select - \r\nArea 1\r\nArea 2\r\nArea 3&quot; checked=&quot;checked&quot;&gt;- Select - \r\nArea 1\r\nArea 2\r\nArea 3&lt;/textarea&gt;&lt;/td&gt;		&lt;td&gt;Set Relationship: &lt;input type=&quot;text&quot; id=&quot;field_block_1_field_2_relationship&quot; name=&quot;field_block_1_field_2_relationship&quot; value=&quot;&quot; checked=&quot;checked&quot;&gt;&lt;/td&gt;		&lt;td&gt; Related List(include): &lt;input type=&quot;checkbox&quot; id=&quot;field_block_1_field_2_relatedlist&quot; name=&quot;field_block_1_field_2_relatedlist&quot; value=&quot;1&quot;&gt;&lt;br&gt;Search List(include): &lt;input type=&quot;checkbox&quot; id=&quot;field_block_1_field_2_search&quot; name=&quot;field_block_1_field_2_search&quot; value=&quot;1&quot;&gt;&lt;br&gt;List View(include): &lt;input type=&quot;checkbox&quot; id=&quot;field_block_1_field_2_listview&quot; name=&quot;field_block_1_field_2_listview&quot; value=&quot;field_block_1_field_2&quot;&gt;&lt;br&gt;Module Identifier(atleast 1): &lt;input type=&quot;checkbox&quot; id=&quot;field_block_1_field_2_identifier&quot; name=&quot;field_block_1_field_2_identifier&quot; value=&quot;field_block_1_field_2&quot;&gt;&lt;br&gt;List Link Field(only 1): &lt;input type=&quot;checkbox&quot; id=&quot;field_block_1_field_2_link&quot; name=&quot;field_block_1_field_2_link&quot; value=&quot;1&quot;&gt;&lt;/td&gt;	&lt;/tr&gt;	&lt;/tbody&gt;&lt;/table&gt;&lt;button class=&quot;del_field&quot;&gt;remove&lt;/button&gt;&lt;/div&gt;&lt;/li&gt;&lt;/ul&gt;&lt;/div&gt;&lt;button class=&quot;add_field&quot; id=&quot;field_block_1&quot;&gt;add_field&lt;/button&gt;&lt;button class=&quot;del_block&quot;&gt;remove&lt;/button&gt;&lt;/div&gt;&lt;/div&gt;\r\n	&lt;textarea name=&quot;field_block_container&quot; id=&quot;field_block_container&quot; style=&quot;display:none&quot; value=&quot;&quot; checked=&quot;checked&quot;&gt;&lt;/textarea&gt;');
INSERT INTO `vtiger_modulefileholder` (`id`, `modulename`, `html`) VALUES
(4, 'Billing', '&lt;br&gt;\r\nModule Name: &lt;input type=&quot;text&quot; name=&quot;module_name&quot; id=&quot;module_name&quot; value=&quot;Billing&quot; checked=&quot;checked&quot;&gt;\r\nParent Name: &lt;input type=&quot;text&quot; name=&quot;parent_name&quot; id=&quot;parent_name&quot; value=&quot;Analytics&quot; checked=&quot;checked&quot;&gt;\r\n	&lt;div id=&quot;blocks_container&quot;&gt; \r\n		&lt;input type=&quot;hidden&quot; id=&quot;block_counter&quot; value=&quot;0&quot;&gt;\r\n		\r\n			&lt;div class=&quot;block&quot; id=&quot;block_0&quot;&gt;\r\n			Block Name: &lt;input type=&quot;text&quot; name=&quot;block_0_name&quot; id=&quot;block_0_name&quot; value=&quot;General Information&quot; checked=&quot;checked&quot;&gt;\r\n			&lt;br&gt;\r\n				\r\n				&lt;input type=&quot;hidden&quot; id=&quot;counter_field_block_0&quot; value=&quot;8&quot;&gt;\r\n				\r\n				&lt;div id=&quot;container_field_block_0&quot;&gt;\r\n					&lt;ul class=&quot;sortable ui-sortable&quot;&gt;\r\n						&lt;li&gt;\r\n						&lt;div class=&quot;fields&quot; id=&quot;field_block_0_field_0&quot;&gt;\r\n							&lt;table&gt;\r\n							&lt;tbody&gt;&lt;tr&gt;\r\n								&lt;td&gt;Field Label: &lt;input type=&quot;text&quot; id=&quot;field_block_0_field_0_label&quot; name=&quot;field_block_0_field_0_label&quot; value=&quot;Created Time&quot; checked=&quot;checked&quot;&gt;&lt;/td&gt;\r\n								&lt;td&gt;Field Name: &lt;input type=&quot;text&quot; id=&quot;field_block_0_field_0_name&quot; name=&quot;field_block_0_field_0_fieldname&quot; value=&quot;CreatedTime&quot; checked=&quot;checked&quot;&gt;&lt;/td&gt;\r\n								&lt;td&gt;Column Name: &lt;input type=&quot;text&quot; id=&quot;field_block_0_field_0_columnname&quot; name=&quot;field_block_0_field_0_columnname&quot; value=&quot;createdtime&quot; checked=&quot;checked&quot;&gt;&lt;/td&gt;\r\n							&lt;/tr&gt;\r\n							&lt;tr&gt;\r\n								&lt;td&gt;Table: &lt;input type=&quot;text&quot; id=&quot;field_block_0_field_0_table&quot; name=&quot;field_block_0_field_0_table&quot; value=&quot;vtiger_crmentity&quot; checked=&quot;checked&quot;&gt;&lt;/td&gt;\r\n								&lt;td&gt;UI Type: &lt;input type=&quot;text&quot; id=&quot;field_block_0_field_0_uitype&quot; name=&quot;field_block_0_field_0_uitype&quot; value=&quot;70&quot; checked=&quot;checked&quot;&gt;&lt;/td&gt;\r\n								&lt;td&gt;Type of Data: &lt;input type=&quot;text&quot; id=&quot;field_block_0_field_0_typedata&quot; name=&quot;field_block_0_field_0_typedata&quot; value=&quot;T~O&quot; checked=&quot;checked&quot;&gt;&lt;/td&gt;\r\n								&lt;td&gt;Display Type: &lt;input type=&quot;text&quot; id=&quot;field_block_0_field_0_displaytype&quot; name=&quot;field_block_0_field_0_displaytype&quot; value=&quot;2&quot; checked=&quot;checked&quot;&gt;&lt;/td&gt;\r\n							&lt;/tr&gt;\r\n							&lt;/tbody&gt;&lt;/table&gt;\r\n						&lt;/div&gt;\r\n						&lt;/li&gt;\r\n						&lt;li&gt;\r\n						&lt;div class=&quot;fields&quot; id=&quot;field_block_0_field_1&quot;&gt;\r\n							&lt;table&gt;\r\n							&lt;tbody&gt;&lt;tr&gt;\r\n								&lt;td&gt;Field Label: &lt;input type=&quot;text&quot; id=&quot;field_block_0_field_1_label&quot; name=&quot;field_block_0_field_1_label&quot; value=&quot;Modified Time&quot; checked=&quot;checked&quot;&gt;&lt;/td&gt;\r\n								&lt;td&gt;Field Name: &lt;input type=&quot;text&quot; id=&quot;field_block_0_field_1_name&quot; name=&quot;field_block_0_field_1_fieldname&quot; value=&quot;ModifiedTime&quot; checked=&quot;checked&quot;&gt;&lt;/td&gt;\r\n								&lt;td&gt;Column Name: &lt;input type=&quot;text&quot; id=&quot;field_block_0_field_1_columnname&quot; name=&quot;field_block_0_field_1_columnname&quot; value=&quot;modifiedtime&quot; checked=&quot;checked&quot;&gt;&lt;/td&gt;\r\n							&lt;/tr&gt;\r\n							&lt;tr&gt;\r\n								&lt;td&gt;Table: &lt;input type=&quot;text&quot; id=&quot;field_block_0_field_1_table&quot; name=&quot;field_block_0_field_1_table&quot; value=&quot;vtiger_crmentity&quot; checked=&quot;checked&quot;&gt;&lt;/td&gt;\r\n								&lt;td&gt;UI Type: &lt;input type=&quot;text&quot; id=&quot;field_block_0_field_1_uitype&quot; name=&quot;field_block_0_field_1_uitype&quot; value=&quot;70&quot; checked=&quot;checked&quot;&gt;&lt;/td&gt;\r\n								&lt;td&gt;Type of Data: &lt;input type=&quot;text&quot; id=&quot;field_block_0_field_1_typedata&quot; name=&quot;field_block_0_field_1_typedata&quot; value=&quot;T~O&quot; checked=&quot;checked&quot;&gt;&lt;/td&gt;\r\n								&lt;td&gt;Display Type: &lt;input type=&quot;text&quot; id=&quot;field_block_0_field_1_displaytype&quot; name=&quot;field_block_0_field_1_displaytype&quot; value=&quot;2&quot; checked=&quot;checked&quot;&gt;&lt;/td&gt;\r\n							&lt;/tr&gt;\r\n							&lt;/tbody&gt;&lt;/table&gt;\r\n						&lt;/div&gt;\r\n						&lt;/li&gt;\r\n						&lt;li&gt;\r\n						&lt;div class=&quot;fields&quot; id=&quot;field_block_0_field_2&quot;&gt;\r\n							&lt;table&gt;\r\n							&lt;tbody&gt;&lt;tr&gt;\r\n								&lt;td&gt;Field Label: &lt;input type=&quot;text&quot; id=&quot;field_block_0_field_2_label&quot; name=&quot;field_block_0_field_2_label&quot; value=&quot;Assigned To&quot; checked=&quot;checked&quot;&gt;&lt;/td&gt;\r\n								&lt;td&gt;Field Name: &lt;input type=&quot;text&quot; id=&quot;field_block_0_field_2_fieldname&quot; name=&quot;field_block_0_field_2_fieldname&quot; value=&quot;assigned_user_id&quot; checked=&quot;checked&quot;&gt;&lt;/td&gt;\r\n								&lt;td&gt;Column Name: &lt;input type=&quot;text&quot; id=&quot;field_block_0_field_2_columnname&quot; name=&quot;field_block_0_field_2_columnname&quot; value=&quot;smownerid&quot; checked=&quot;checked&quot;&gt;&lt;/td&gt;\r\n								&lt;td&gt;UI Type: &lt;input type=&quot;text&quot; id=&quot;field_block_0_field_2_uitype&quot; name=&quot;field_block_0_field_2_uitype&quot; value=&quot;53&quot; checked=&quot;checked&quot;&gt;&lt;/td&gt;\r\n							&lt;/tr&gt;\r\n							&lt;tr&gt;\r\n								&lt;td&gt;Table: &lt;input type=&quot;text&quot; id=&quot;field_block_0_field_2_table&quot; name=&quot;field_block_0_field_2_table&quot; value=&quot;vtiger_crmentity&quot; checked=&quot;checked&quot;&gt;&lt;/td&gt;\r\n								&lt;td&gt;Type of Data: &lt;input type=&quot;text&quot; id=&quot;field_block_0_field_2_typedata&quot; name=&quot;field_block_0_field_2_typedata&quot; value=&quot;V~M&quot; checked=&quot;checked&quot;&gt;&lt;/td&gt;\r\n							&lt;/tr&gt;\r\n							&lt;/tbody&gt;&lt;/table&gt;\r\n						&lt;/div&gt;\r\n						&lt;/li&gt;\r\n					&lt;li&gt;&lt;div class=&quot;fields&quot; id=&quot;field_block_0_field_3&quot;&gt;&lt;table&gt;	&lt;tbody&gt;&lt;tr&gt;		&lt;td&gt;Field Label: &lt;input type=&quot;text&quot; id=&quot;field_block_0_field_3_label&quot; name=&quot;field_block_0_field_3_label&quot; value=&quot;Bill No.&quot; checked=&quot;checked&quot;&gt;&lt;/td&gt;		&lt;td&gt;Column Name / Field Name: &lt;input type=&quot;text&quot; id=&quot;field_block_0_field_3_columnname&quot; name=&quot;field_block_0_field_3_columnname&quot; value=&quot;billno&quot; checked=&quot;checked&quot;&gt;&lt;/td&gt;		&lt;td&gt;UI Type: &lt;select class=&quot;uitype_select&quot; id=&quot;field_block_0_field_3^_^uitype&quot; name=&quot;field_block_0_field_3_uitype&quot; value=&quot;4&quot; checked=&quot;checked&quot;&gt;&lt;option value=&quot;0&quot;&gt;--&lt;/option&gt;&lt;option value=&quot;1&quot;&gt;Text&lt;/option&gt;&lt;option value=&quot;4&quot; selected=&quot;selected&quot;&gt;Incremantal&lt;/option&gt;&lt;option value=&quot;7&quot;&gt;Number&lt;/option&gt;&lt;option value=&quot;71&quot;&gt;Currency&lt;/option&gt;&lt;option value=&quot;9&quot;&gt;Percent&lt;/option&gt;&lt;option value=&quot;5&quot;&gt;Date&lt;/option&gt;&lt;option value=&quot;13&quot;&gt;Email&lt;/option&gt;&lt;option value=&quot;11&quot;&gt;Phone&lt;/option&gt;&lt;option value=&quot;15&quot;&gt;Picklist&lt;/option&gt;&lt;option value=&quot;56&quot;&gt;Checkbox&lt;/option&gt;&lt;option value=&quot;21&quot;&gt;Textarea&lt;/option&gt;&lt;option value=&quot;33&quot;&gt;Multi-Select-Box&lt;/option&gt;&lt;option value=&quot;26&quot;&gt;Folder&lt;/option&gt;&lt;option value=&quot;69&quot;&gt;Product Image&lt;/option&gt;&lt;option value=&quot;10&quot;&gt;Relation&lt;/option&gt;&lt;/select&gt;&lt;/td&gt;		&lt;td&gt;Column Type: &lt;input type=&quot;text&quot; id=&quot;field_block_0_field_3_columntype&quot; name=&quot;field_block_0_field_3_columntype&quot; value=&quot;VARCHAR(100)&quot; checked=&quot;checked&quot;&gt;&lt;/td&gt;	&lt;/tr&gt;	&lt;tr&gt;		&lt;td&gt;Type of Data: &lt;input type=&quot;text&quot; id=&quot;field_block_0_field_3_typedata&quot; name=&quot;field_block_0_field_3_typedata&quot; value=&quot;V~O&quot; checked=&quot;checked&quot;&gt;&lt;/td&gt;		&lt;td&gt;Set PickList Values: &lt;textarea class=&quot;picklist_holder&quot; style=&quot;margin: 0px; height: 125px; max-width: 214px; id=&quot; field_block_0_field_3_picklist&quot;=&quot;&quot; name=&quot;field_block_0_field_3_picklist&quot; value=&quot;&quot; checked=&quot;checked&quot;&gt;&lt;/textarea&gt;&lt;/td&gt;		&lt;td&gt;Set Relationship: &lt;input type=&quot;text&quot; id=&quot;field_block_0_field_3_relationship&quot; name=&quot;field_block_0_field_3_relationship&quot; value=&quot;&quot; checked=&quot;checked&quot;&gt;&lt;/td&gt;		&lt;td&gt; Related List(include): &lt;input type=&quot;checkbox&quot; id=&quot;field_block_0_field_3_relatedlist&quot; name=&quot;field_block_0_field_3_relatedlist&quot; value=&quot;1&quot; checked=&quot;checked&quot;&gt;&lt;br&gt;Search List(include): &lt;input type=&quot;checkbox&quot; id=&quot;field_block_0_field_3_search&quot; name=&quot;field_block_0_field_3_search&quot; value=&quot;1&quot; checked=&quot;checked&quot;&gt;&lt;br&gt;List View(include): &lt;input type=&quot;checkbox&quot; id=&quot;field_block_0_field_3_listview&quot; name=&quot;field_block_0_field_3_listview&quot; value=&quot;field_block_0_field_3&quot; checked=&quot;checked&quot;&gt;&lt;br&gt;Module Identifier(atleast 1): &lt;input type=&quot;checkbox&quot; id=&quot;field_block_0_field_3_identifier&quot; name=&quot;field_block_0_field_3_identifier&quot; value=&quot;field_block_0_field_3&quot; checked=&quot;checked&quot;&gt;&lt;br&gt;List Link Field(only 1): &lt;input type=&quot;checkbox&quot; id=&quot;field_block_0_field_3_link&quot; name=&quot;field_block_0_field_3_link&quot; value=&quot;1&quot; checked=&quot;checked&quot;&gt;&lt;/td&gt;	&lt;/tr&gt;	&lt;/tbody&gt;&lt;/table&gt;&lt;button class=&quot;del_field&quot;&gt;remove&lt;/button&gt;&lt;/div&gt;&lt;/li&gt;&lt;li&gt;&lt;div class=&quot;fields&quot; id=&quot;field_block_0_field_4&quot;&gt;&lt;table&gt;	&lt;tbody&gt;&lt;tr&gt;		&lt;td&gt;Field Label: &lt;input type=&quot;text&quot; id=&quot;field_block_0_field_4_label&quot; name=&quot;field_block_0_field_4_label&quot; value=&quot;Amount&quot; checked=&quot;checked&quot;&gt;&lt;/td&gt;		&lt;td&gt;Column Name / Field Name: &lt;input type=&quot;text&quot; id=&quot;field_block_0_field_4_columnname&quot; name=&quot;field_block_0_field_4_columnname&quot; value=&quot;amount&quot; checked=&quot;checked&quot;&gt;&lt;/td&gt;		&lt;td&gt;UI Type: &lt;select class=&quot;uitype_select&quot; id=&quot;field_block_0_field_4^_^uitype&quot; name=&quot;field_block_0_field_4_uitype&quot; value=&quot;71&quot; checked=&quot;checked&quot;&gt;&lt;option value=&quot;0&quot;&gt;--&lt;/option&gt;&lt;option value=&quot;1&quot;&gt;Text&lt;/option&gt;&lt;option value=&quot;4&quot;&gt;Incremantal&lt;/option&gt;&lt;option value=&quot;7&quot;&gt;Number&lt;/option&gt;&lt;option value=&quot;71&quot; selected=&quot;selected&quot;&gt;Currency&lt;/option&gt;&lt;option value=&quot;9&quot;&gt;Percent&lt;/option&gt;&lt;option value=&quot;5&quot;&gt;Date&lt;/option&gt;&lt;option value=&quot;13&quot;&gt;Email&lt;/option&gt;&lt;option value=&quot;11&quot;&gt;Phone&lt;/option&gt;&lt;option value=&quot;15&quot;&gt;Picklist&lt;/option&gt;&lt;option value=&quot;56&quot;&gt;Checkbox&lt;/option&gt;&lt;option value=&quot;21&quot;&gt;Textarea&lt;/option&gt;&lt;option value=&quot;33&quot;&gt;Multi-Select-Box&lt;/option&gt;&lt;option value=&quot;26&quot;&gt;Folder&lt;/option&gt;&lt;option value=&quot;69&quot;&gt;Product Image&lt;/option&gt;&lt;option value=&quot;10&quot;&gt;Relation&lt;/option&gt;&lt;/select&gt;&lt;/td&gt;		&lt;td&gt;Column Type: &lt;input type=&quot;text&quot; id=&quot;field_block_0_field_4_columntype&quot; name=&quot;field_block_0_field_4_columntype&quot; value=&quot;DECIMAL(13,2)&quot; checked=&quot;checked&quot;&gt;&lt;/td&gt;	&lt;/tr&gt;	&lt;tr&gt;		&lt;td&gt;Type of Data: &lt;input type=&quot;text&quot; id=&quot;field_block_0_field_4_typedata&quot; name=&quot;field_block_0_field_4_typedata&quot; value=&quot;N~O~10,2&quot; checked=&quot;checked&quot;&gt;&lt;/td&gt;		&lt;td&gt;Set PickList Values: &lt;textarea class=&quot;picklist_holder&quot; style=&quot;margin: 0px; height: 125px; max-width: 214px; id=&quot; field_block_0_field_4_picklist&quot;=&quot;&quot; name=&quot;field_block_0_field_4_picklist&quot; value=&quot;&quot; checked=&quot;checked&quot;&gt;&lt;/textarea&gt;&lt;/td&gt;		&lt;td&gt;Set Relationship: &lt;input type=&quot;text&quot; id=&quot;field_block_0_field_4_relationship&quot; name=&quot;field_block_0_field_4_relationship&quot; value=&quot;&quot; checked=&quot;checked&quot;&gt;&lt;/td&gt;		&lt;td&gt; Related List(include): &lt;input type=&quot;checkbox&quot; id=&quot;field_block_0_field_4_relatedlist&quot; name=&quot;field_block_0_field_4_relatedlist&quot; value=&quot;1&quot; checked=&quot;checked&quot;&gt;&lt;br&gt;Search List(include): &lt;input type=&quot;checkbox&quot; id=&quot;field_block_0_field_4_search&quot; name=&quot;field_block_0_field_4_search&quot; value=&quot;1&quot; checked=&quot;checked&quot;&gt;&lt;br&gt;List View(include): &lt;input type=&quot;checkbox&quot; id=&quot;field_block_0_field_4_listview&quot; name=&quot;field_block_0_field_4_listview&quot; value=&quot;field_block_0_field_4&quot; checked=&quot;checked&quot;&gt;&lt;br&gt;Module Identifier(atleast 1): &lt;input type=&quot;checkbox&quot; id=&quot;field_block_0_field_4_identifier&quot; name=&quot;field_block_0_field_4_identifier&quot; value=&quot;field_block_0_field_4&quot;&gt;&lt;br&gt;List Link Field(only 1): &lt;input type=&quot;checkbox&quot; id=&quot;field_block_0_field_4_link&quot; name=&quot;field_block_0_field_4_link&quot; value=&quot;1&quot;&gt;&lt;/td&gt;	&lt;/tr&gt;	&lt;/tbody&gt;&lt;/table&gt;&lt;button class=&quot;del_field&quot;&gt;remove&lt;/button&gt;&lt;/div&gt;&lt;/li&gt;&lt;li class=&quot;&quot; style=&quot;&quot;&gt;&lt;div class=&quot;fields&quot; id=&quot;field_block_0_field_5&quot;&gt;&lt;table&gt;	&lt;tbody&gt;&lt;tr&gt;		&lt;td&gt;Field Label: &lt;input type=&quot;text&quot; id=&quot;field_block_0_field_5_label&quot; name=&quot;field_block_0_field_5_label&quot; value=&quot;Purpose&quot; checked=&quot;checked&quot;&gt;&lt;/td&gt;		&lt;td&gt;Column Name / Field Name: &lt;input type=&quot;text&quot; id=&quot;field_block_0_field_5_columnname&quot; name=&quot;field_block_0_field_5_columnname&quot; value=&quot;purpose&quot; checked=&quot;checked&quot;&gt;&lt;/td&gt;		&lt;td&gt;UI Type: &lt;select class=&quot;uitype_select&quot; id=&quot;field_block_0_field_5^_^uitype&quot; name=&quot;field_block_0_field_5_uitype&quot; value=&quot;15&quot; checked=&quot;checked&quot;&gt;&lt;option value=&quot;0&quot;&gt;--&lt;/option&gt;&lt;option value=&quot;1&quot;&gt;Text&lt;/option&gt;&lt;option value=&quot;4&quot;&gt;Incremantal&lt;/option&gt;&lt;option value=&quot;7&quot;&gt;Number&lt;/option&gt;&lt;option value=&quot;71&quot;&gt;Currency&lt;/option&gt;&lt;option value=&quot;9&quot;&gt;Percent&lt;/option&gt;&lt;option value=&quot;5&quot;&gt;Date&lt;/option&gt;&lt;option value=&quot;13&quot;&gt;Email&lt;/option&gt;&lt;option value=&quot;11&quot;&gt;Phone&lt;/option&gt;&lt;option value=&quot;15&quot; selected=&quot;selected&quot;&gt;Picklist&lt;/option&gt;&lt;option value=&quot;56&quot;&gt;Checkbox&lt;/option&gt;&lt;option value=&quot;21&quot;&gt;Textarea&lt;/option&gt;&lt;option value=&quot;33&quot;&gt;Multi-Select-Box&lt;/option&gt;&lt;option value=&quot;26&quot;&gt;Folder&lt;/option&gt;&lt;option value=&quot;69&quot;&gt;Product Image&lt;/option&gt;&lt;option value=&quot;10&quot;&gt;Relation&lt;/option&gt;&lt;/select&gt;&lt;/td&gt;		&lt;td&gt;Column Type: &lt;input type=&quot;text&quot; id=&quot;field_block_0_field_5_columntype&quot; name=&quot;field_block_0_field_5_columntype&quot; value=&quot;VARCHAR(255)&quot; checked=&quot;checked&quot;&gt;&lt;/td&gt;	&lt;/tr&gt;	&lt;tr&gt;		&lt;td&gt;Type of Data: &lt;input type=&quot;text&quot; id=&quot;field_block_0_field_5_typedata&quot; name=&quot;field_block_0_field_5_typedata&quot; value=&quot;V~O&quot; checked=&quot;checked&quot;&gt;&lt;/td&gt;		&lt;td&gt;Set PickList Values: &lt;textarea class=&quot;picklist_holder&quot; style=&quot;margin: 0px; height: 125px; max-width: 214px; id=&quot; field_block_0_field_5_picklist&quot;=&quot;&quot; name=&quot;field_block_0_field_5_picklist&quot; value=&quot;- Select - \r\nMonthly Dues\r\nConstruction Bond\r\nStreamer\r\nMembership Fee\r\nClubhouse Rental&quot; checked=&quot;checked&quot;&gt;- Select - \r\nMonthly Dues\r\nConstruction Bond\r\nStreamer\r\nMembership Fee\r\nClubhouse Rental&lt;/textarea&gt;&lt;/td&gt;		&lt;td&gt;Set Relationship: &lt;input type=&quot;text&quot; id=&quot;field_block_0_field_5_relationship&quot; name=&quot;field_block_0_field_5_relationship&quot; value=&quot;&quot; checked=&quot;checked&quot;&gt;&lt;/td&gt;		&lt;td&gt; Related List(include): &lt;input type=&quot;checkbox&quot; id=&quot;field_block_0_field_5_relatedlist&quot; name=&quot;field_block_0_field_5_relatedlist&quot; value=&quot;1&quot; checked=&quot;checked&quot;&gt;&lt;br&gt;Search List(include): &lt;input type=&quot;checkbox&quot; id=&quot;field_block_0_field_5_search&quot; name=&quot;field_block_0_field_5_search&quot; value=&quot;1&quot; checked=&quot;checked&quot;&gt;&lt;br&gt;List View(include): &lt;input type=&quot;checkbox&quot; id=&quot;field_block_0_field_5_listview&quot; name=&quot;field_block_0_field_5_listview&quot; value=&quot;field_block_0_field_5&quot; checked=&quot;checked&quot;&gt;&lt;br&gt;Module Identifier(atleast 1): &lt;input type=&quot;checkbox&quot; id=&quot;field_block_0_field_5_identifier&quot; name=&quot;field_block_0_field_5_identifier&quot; value=&quot;field_block_0_field_5&quot;&gt;&lt;br&gt;List Link Field(only 1): &lt;input type=&quot;checkbox&quot; id=&quot;field_block_0_field_5_link&quot; name=&quot;field_block_0_field_5_link&quot; value=&quot;1&quot;&gt;&lt;/td&gt;	&lt;/tr&gt;	&lt;/tbody&gt;&lt;/table&gt;&lt;button class=&quot;del_field&quot;&gt;remove&lt;/button&gt;&lt;/div&gt;&lt;/li&gt;&lt;li class=&quot;&quot; style=&quot;&quot;&gt;&lt;div class=&quot;fields&quot; id=&quot;field_block_0_field_6&quot;&gt;&lt;table&gt;	&lt;tbody&gt;&lt;tr&gt;		&lt;td&gt;Field Label: &lt;input type=&quot;text&quot; id=&quot;field_block_0_field_6_label&quot; name=&quot;field_block_0_field_6_label&quot; value=&quot;Homeowner&quot; checked=&quot;checked&quot;&gt;&lt;/td&gt;		&lt;td&gt;Column Name / Field Name: &lt;input type=&quot;text&quot; id=&quot;field_block_0_field_6_columnname&quot; name=&quot;field_block_0_field_6_columnname&quot; value=&quot;homeowner&quot; checked=&quot;checked&quot;&gt;&lt;/td&gt;		&lt;td&gt;UI Type: &lt;select class=&quot;uitype_select&quot; id=&quot;field_block_0_field_6^_^uitype&quot; name=&quot;field_block_0_field_6_uitype&quot; value=&quot;10&quot; checked=&quot;checked&quot;&gt;&lt;option value=&quot;0&quot;&gt;--&lt;/option&gt;&lt;option value=&quot;1&quot;&gt;Text&lt;/option&gt;&lt;option value=&quot;4&quot;&gt;Incremantal&lt;/option&gt;&lt;option value=&quot;7&quot;&gt;Number&lt;/option&gt;&lt;option value=&quot;71&quot;&gt;Currency&lt;/option&gt;&lt;option value=&quot;9&quot;&gt;Percent&lt;/option&gt;&lt;option value=&quot;5&quot;&gt;Date&lt;/option&gt;&lt;option value=&quot;13&quot;&gt;Email&lt;/option&gt;&lt;option value=&quot;11&quot;&gt;Phone&lt;/option&gt;&lt;option value=&quot;15&quot;&gt;Picklist&lt;/option&gt;&lt;option value=&quot;56&quot;&gt;Checkbox&lt;/option&gt;&lt;option value=&quot;21&quot;&gt;Textarea&lt;/option&gt;&lt;option value=&quot;33&quot;&gt;Multi-Select-Box&lt;/option&gt;&lt;option value=&quot;26&quot;&gt;Folder&lt;/option&gt;&lt;option value=&quot;69&quot;&gt;Product Image&lt;/option&gt;&lt;option value=&quot;10&quot; selected=&quot;selected&quot;&gt;Relation&lt;/option&gt;&lt;/select&gt;&lt;/td&gt;		&lt;td&gt;Column Type: &lt;input type=&quot;text&quot; id=&quot;field_block_0_field_6_columntype&quot; name=&quot;field_block_0_field_6_columntype&quot; value=&quot;VARCHAR(20)&quot; checked=&quot;checked&quot;&gt;&lt;/td&gt;	&lt;/tr&gt;	&lt;tr&gt;		&lt;td&gt;Type of Data: &lt;input type=&quot;text&quot; id=&quot;field_block_0_field_6_typedata&quot; name=&quot;field_block_0_field_6_typedata&quot; value=&quot;V~O&quot; checked=&quot;checked&quot;&gt;&lt;/td&gt;		&lt;td&gt;Set PickList Values: &lt;textarea class=&quot;picklist_holder&quot; style=&quot;margin: 0px; height: 125px; max-width: 214px; id=&quot; field_block_0_field_6_picklist&quot;=&quot;&quot; name=&quot;field_block_0_field_6_picklist&quot; value=&quot;&quot; checked=&quot;checked&quot;&gt;&lt;/textarea&gt;&lt;/td&gt;		&lt;td&gt;Set Relationship: &lt;input type=&quot;text&quot; id=&quot;field_block_0_field_6_relationship&quot; name=&quot;field_block_0_field_6_relationship&quot; value=&quot;HomeOwner&quot; checked=&quot;checked&quot;&gt;&lt;/td&gt;		&lt;td&gt; Related List(include): &lt;input type=&quot;checkbox&quot; id=&quot;field_block_0_field_6_relatedlist&quot; name=&quot;field_block_0_field_6_relatedlist&quot; value=&quot;1&quot;&gt;&lt;br&gt;Search List(include): &lt;input type=&quot;checkbox&quot; id=&quot;field_block_0_field_6_search&quot; name=&quot;field_block_0_field_6_search&quot; value=&quot;1&quot;&gt;&lt;br&gt;List View(include): &lt;input type=&quot;checkbox&quot; id=&quot;field_block_0_field_6_listview&quot; name=&quot;field_block_0_field_6_listview&quot; value=&quot;field_block_0_field_6&quot;&gt;&lt;br&gt;Module Identifier(atleast 1): &lt;input type=&quot;checkbox&quot; id=&quot;field_block_0_field_6_identifier&quot; name=&quot;field_block_0_field_6_identifier&quot; value=&quot;field_block_0_field_6&quot;&gt;&lt;br&gt;List Link Field(only 1): &lt;input type=&quot;checkbox&quot; id=&quot;field_block_0_field_6_link&quot; name=&quot;field_block_0_field_6_link&quot; value=&quot;1&quot;&gt;&lt;/td&gt;	&lt;/tr&gt;	&lt;/tbody&gt;&lt;/table&gt;&lt;button class=&quot;del_field&quot;&gt;remove&lt;/button&gt;&lt;/div&gt;&lt;/li&gt;&lt;li&gt;&lt;div class=&quot;fields&quot; id=&quot;field_block_0_field_7&quot;&gt;&lt;table&gt;	&lt;tbody&gt;&lt;tr&gt;		&lt;td&gt;Field Label: &lt;input type=&quot;text&quot; id=&quot;field_block_0_field_7_label&quot; name=&quot;field_block_0_field_7_label&quot; value=&quot;Date of Bill&quot; checked=&quot;checked&quot;&gt;&lt;/td&gt;		&lt;td&gt;Column Name / Field Name: &lt;input type=&quot;text&quot; id=&quot;field_block_0_field_7_columnname&quot; name=&quot;field_block_0_field_7_columnname&quot; value=&quot;date_of_bill&quot; checked=&quot;checked&quot;&gt;&lt;/td&gt;		&lt;td&gt;UI Type: &lt;select class=&quot;uitype_select&quot; id=&quot;field_block_0_field_7^_^uitype&quot; name=&quot;field_block_0_field_7_uitype&quot; value=&quot;5&quot; checked=&quot;checked&quot;&gt;&lt;option value=&quot;0&quot;&gt;--&lt;/option&gt;&lt;option value=&quot;1&quot;&gt;Text&lt;/option&gt;&lt;option value=&quot;4&quot;&gt;Incremantal&lt;/option&gt;&lt;option value=&quot;7&quot;&gt;Number&lt;/option&gt;&lt;option value=&quot;71&quot;&gt;Currency&lt;/option&gt;&lt;option value=&quot;9&quot;&gt;Percent&lt;/option&gt;&lt;option value=&quot;5&quot; selected=&quot;selected&quot;&gt;Date&lt;/option&gt;&lt;option value=&quot;13&quot;&gt;Email&lt;/option&gt;&lt;option value=&quot;11&quot;&gt;Phone&lt;/option&gt;&lt;option value=&quot;15&quot;&gt;Picklist&lt;/option&gt;&lt;option value=&quot;56&quot;&gt;Checkbox&lt;/option&gt;&lt;option value=&quot;21&quot;&gt;Textarea&lt;/option&gt;&lt;option value=&quot;33&quot;&gt;Multi-Select-Box&lt;/option&gt;&lt;option value=&quot;26&quot;&gt;Folder&lt;/option&gt;&lt;option value=&quot;69&quot;&gt;Product Image&lt;/option&gt;&lt;option value=&quot;10&quot;&gt;Relation&lt;/option&gt;&lt;/select&gt;&lt;/td&gt;		&lt;td&gt;Column Type: &lt;input type=&quot;text&quot; id=&quot;field_block_0_field_7_columntype&quot; name=&quot;field_block_0_field_7_columntype&quot; value=&quot;DATE&quot; checked=&quot;checked&quot;&gt;&lt;/td&gt;	&lt;/tr&gt;	&lt;tr&gt;		&lt;td&gt;Type of Data: &lt;input type=&quot;text&quot; id=&quot;field_block_0_field_7_typedata&quot; name=&quot;field_block_0_field_7_typedata&quot; value=&quot;D~O&quot; checked=&quot;checked&quot;&gt;&lt;/td&gt;		&lt;td&gt;Set PickList Values: &lt;textarea class=&quot;picklist_holder&quot; style=&quot;margin: 0px; height: 125px; max-width: 214px; id=&quot; field_block_0_field_7_picklist&quot;=&quot;&quot; name=&quot;field_block_0_field_7_picklist&quot; value=&quot;&quot; checked=&quot;checked&quot;&gt;&lt;/textarea&gt;&lt;/td&gt;		&lt;td&gt;Set Relationship: &lt;input type=&quot;text&quot; id=&quot;field_block_0_field_7_relationship&quot; name=&quot;field_block_0_field_7_relationship&quot; value=&quot;&quot; checked=&quot;checked&quot;&gt;&lt;/td&gt;		&lt;td&gt; Related List(include): &lt;input type=&quot;checkbox&quot; id=&quot;field_block_0_field_7_relatedlist&quot; name=&quot;field_block_0_field_7_relatedlist&quot; value=&quot;1&quot; checked=&quot;checked&quot;&gt;&lt;br&gt;Search List(include): &lt;input type=&quot;checkbox&quot; id=&quot;field_block_0_field_7_search&quot; name=&quot;field_block_0_field_7_search&quot; value=&quot;1&quot; checked=&quot;checked&quot;&gt;&lt;br&gt;List View(include): &lt;input type=&quot;checkbox&quot; id=&quot;field_block_0_field_7_listview&quot; name=&quot;field_block_0_field_7_listview&quot; value=&quot;field_block_0_field_7&quot; checked=&quot;checked&quot;&gt;&lt;br&gt;Module Identifier(atleast 1): &lt;input type=&quot;checkbox&quot; id=&quot;field_block_0_field_7_identifier&quot; name=&quot;field_block_0_field_7_identifier&quot; value=&quot;field_block_0_field_7&quot;&gt;&lt;br&gt;List Link Field(only 1): &lt;input type=&quot;checkbox&quot; id=&quot;field_block_0_field_7_link&quot; name=&quot;field_block_0_field_7_link&quot; value=&quot;1&quot;&gt;&lt;/td&gt;	&lt;/tr&gt;	&lt;/tbody&gt;&lt;/table&gt;&lt;button class=&quot;del_field&quot;&gt;remove&lt;/button&gt;&lt;/div&gt;&lt;/li&gt;&lt;li&gt;&lt;div class=&quot;fields&quot; id=&quot;field_block_0_field_8&quot;&gt;&lt;table&gt;	&lt;tbody&gt;&lt;tr&gt;		&lt;td&gt;Field Label: &lt;input type=&quot;text&quot; id=&quot;field_block_0_field_8_label&quot; name=&quot;field_block_0_field_8_label&quot; value=&quot;Status&quot; checked=&quot;checked&quot;&gt;&lt;/td&gt;		&lt;td&gt;Column Name / Field Name: &lt;input type=&quot;text&quot; id=&quot;field_block_0_field_8_columnname&quot; name=&quot;field_block_0_field_8_columnname&quot; value=&quot;b_status&quot; checked=&quot;checked&quot;&gt;&lt;/td&gt;		&lt;td&gt;UI Type: &lt;select class=&quot;uitype_select&quot; id=&quot;field_block_0_field_8^_^uitype&quot; name=&quot;field_block_0_field_8_uitype&quot; value=&quot;15&quot; checked=&quot;checked&quot;&gt;&lt;option value=&quot;0&quot;&gt;--&lt;/option&gt;&lt;option value=&quot;1&quot;&gt;Text&lt;/option&gt;&lt;option value=&quot;4&quot;&gt;Incremantal&lt;/option&gt;&lt;option value=&quot;7&quot;&gt;Number&lt;/option&gt;&lt;option value=&quot;71&quot;&gt;Currency&lt;/option&gt;&lt;option value=&quot;9&quot;&gt;Percent&lt;/option&gt;&lt;option value=&quot;5&quot;&gt;Date&lt;/option&gt;&lt;option value=&quot;13&quot;&gt;Email&lt;/option&gt;&lt;option value=&quot;11&quot;&gt;Phone&lt;/option&gt;&lt;option value=&quot;15&quot; selected=&quot;selected&quot;&gt;Picklist&lt;/option&gt;&lt;option value=&quot;56&quot;&gt;Checkbox&lt;/option&gt;&lt;option value=&quot;21&quot;&gt;Textarea&lt;/option&gt;&lt;option value=&quot;33&quot;&gt;Multi-Select-Box&lt;/option&gt;&lt;option value=&quot;26&quot;&gt;Folder&lt;/option&gt;&lt;option value=&quot;69&quot;&gt;Product Image&lt;/option&gt;&lt;option value=&quot;10&quot;&gt;Relation&lt;/option&gt;&lt;/select&gt;&lt;/td&gt;		&lt;td&gt;Column Type: &lt;input type=&quot;text&quot; id=&quot;field_block_0_field_8_columntype&quot; name=&quot;field_block_0_field_8_columntype&quot; value=&quot;VARCHAR(255)&quot; checked=&quot;checked&quot;&gt;&lt;/td&gt;	&lt;/tr&gt;	&lt;tr&gt;		&lt;td&gt;Type of Data: &lt;input type=&quot;text&quot; id=&quot;field_block_0_field_8_typedata&quot; name=&quot;field_block_0_field_8_typedata&quot; value=&quot;V~O&quot; checked=&quot;checked&quot;&gt;&lt;/td&gt;		&lt;td&gt;Set PickList Values: &lt;textarea class=&quot;picklist_holder&quot; style=&quot;margin: 0px; height: 125px; max-width: 214px; id=&quot; field_block_0_field_8_picklist&quot;=&quot;&quot; name=&quot;field_block_0_field_8_picklist&quot; value=&quot;Pending\r\nPaid&quot; checked=&quot;checked&quot;&gt;Pending\r\nPaid&lt;/textarea&gt;&lt;/td&gt;		&lt;td&gt;Set Relationship: &lt;input type=&quot;text&quot; id=&quot;field_block_0_field_8_relationship&quot; name=&quot;field_block_0_field_8_relationship&quot; value=&quot;&quot; checked=&quot;checked&quot;&gt;&lt;/td&gt;		&lt;td&gt; Related List(include): &lt;input type=&quot;checkbox&quot; id=&quot;field_block_0_field_8_relatedlist&quot; name=&quot;field_block_0_field_8_relatedlist&quot; value=&quot;1&quot; checked=&quot;checked&quot;&gt;&lt;br&gt;Search List(include): &lt;input type=&quot;checkbox&quot; id=&quot;field_block_0_field_8_search&quot; name=&quot;field_block_0_field_8_search&quot; value=&quot;1&quot; checked=&quot;checked&quot;&gt;&lt;br&gt;List View(include): &lt;input type=&quot;checkbox&quot; id=&quot;field_block_0_field_8_listview&quot; name=&quot;field_block_0_field_8_listview&quot; value=&quot;field_block_0_field_8&quot; checked=&quot;checked&quot;&gt;&lt;br&gt;Module Identifier(atleast 1): &lt;input type=&quot;checkbox&quot; id=&quot;field_block_0_field_8_identifier&quot; name=&quot;field_block_0_field_8_identifier&quot; value=&quot;field_block_0_field_8&quot;&gt;&lt;br&gt;List Link Field(only 1): &lt;input type=&quot;checkbox&quot; id=&quot;field_block_0_field_8_link&quot; name=&quot;field_block_0_field_8_link&quot; value=&quot;1&quot;&gt;&lt;/td&gt;	&lt;/tr&gt;	&lt;/tbody&gt;&lt;/table&gt;&lt;button class=&quot;del_field&quot;&gt;remove&lt;/button&gt;&lt;/div&gt;&lt;/li&gt;&lt;/ul&gt;\r\n				&lt;/div&gt;\r\n				&lt;button class=&quot;add_field&quot; id=&quot;field_block_0&quot;&gt;add_field&lt;/button&gt;\r\n				\r\n			&lt;/div&gt;\r\n		&lt;/div&gt;\r\n	&lt;textarea name=&quot;field_block_container&quot; id=&quot;field_block_container&quot; style=&quot;display:none&quot; value=&quot;&quot; checked=&quot;checked&quot;&gt;&lt;/textarea&gt;');
INSERT INTO `vtiger_modulefileholder` (`id`, `modulename`, `html`) VALUES
(5, 'Payments', '\r\n			&lt;br&gt;\r\nModule Name: &lt;input type=&quot;text&quot; name=&quot;module_name&quot; id=&quot;module_name&quot; value=&quot;Payments&quot; checked=&quot;checked&quot;&gt;\r\nParent Name: &lt;input type=&quot;text&quot; name=&quot;parent_name&quot; id=&quot;parent_name&quot; value=&quot;Analytics&quot; checked=&quot;checked&quot;&gt;\r\n	&lt;div id=&quot;blocks_container&quot;&gt; \r\n		&lt;input type=&quot;hidden&quot; id=&quot;block_counter&quot; value=&quot;0&quot;&gt;\r\n		\r\n			&lt;div class=&quot;block&quot; id=&quot;block_0&quot;&gt;\r\n			Block Name: &lt;input type=&quot;text&quot; name=&quot;block_0_name&quot; id=&quot;block_0_name&quot; value=&quot;General Information&quot; checked=&quot;checked&quot;&gt;\r\n			&lt;br&gt;\r\n				\r\n				&lt;input type=&quot;hidden&quot; id=&quot;counter_field_block_0&quot; value=&quot;8&quot;&gt;\r\n				\r\n				&lt;div id=&quot;container_field_block_0&quot;&gt;\r\n					&lt;ul class=&quot;sortable ui-sortable&quot;&gt;\r\n						&lt;li&gt;\r\n						&lt;div class=&quot;fields&quot; id=&quot;field_block_0_field_0&quot;&gt;\r\n							&lt;table&gt;\r\n							&lt;tbody&gt;&lt;tr&gt;\r\n								&lt;td&gt;Field Label: &lt;input type=&quot;text&quot; id=&quot;field_block_0_field_0_label&quot; name=&quot;field_block_0_field_0_label&quot; value=&quot;Created Time&quot; checked=&quot;checked&quot;&gt;&lt;/td&gt;\r\n								&lt;td&gt;Field Name: &lt;input type=&quot;text&quot; id=&quot;field_block_0_field_0_name&quot; name=&quot;field_block_0_field_0_fieldname&quot; value=&quot;CreatedTime&quot; checked=&quot;checked&quot;&gt;&lt;/td&gt;\r\n								&lt;td&gt;Column Name: &lt;input type=&quot;text&quot; id=&quot;field_block_0_field_0_columnname&quot; name=&quot;field_block_0_field_0_columnname&quot; value=&quot;createdtime&quot; checked=&quot;checked&quot;&gt;&lt;/td&gt;\r\n							&lt;/tr&gt;\r\n							&lt;tr&gt;\r\n								&lt;td&gt;Table: &lt;input type=&quot;text&quot; id=&quot;field_block_0_field_0_table&quot; name=&quot;field_block_0_field_0_table&quot; value=&quot;vtiger_crmentity&quot; checked=&quot;checked&quot;&gt;&lt;/td&gt;\r\n								&lt;td&gt;UI Type: &lt;input type=&quot;text&quot; id=&quot;field_block_0_field_0_uitype&quot; name=&quot;field_block_0_field_0_uitype&quot; value=&quot;70&quot; checked=&quot;checked&quot;&gt;&lt;/td&gt;\r\n								&lt;td&gt;Type of Data: &lt;input type=&quot;text&quot; id=&quot;field_block_0_field_0_typedata&quot; name=&quot;field_block_0_field_0_typedata&quot; value=&quot;T~O&quot; checked=&quot;checked&quot;&gt;&lt;/td&gt;\r\n								&lt;td&gt;Display Type: &lt;input type=&quot;text&quot; id=&quot;field_block_0_field_0_displaytype&quot; name=&quot;field_block_0_field_0_displaytype&quot; value=&quot;2&quot; checked=&quot;checked&quot;&gt;&lt;/td&gt;\r\n							&lt;/tr&gt;\r\n							&lt;/tbody&gt;&lt;/table&gt;\r\n						&lt;/div&gt;\r\n						&lt;/li&gt;\r\n						&lt;li&gt;\r\n						&lt;div class=&quot;fields&quot; id=&quot;field_block_0_field_1&quot;&gt;\r\n							&lt;table&gt;\r\n							&lt;tbody&gt;&lt;tr&gt;\r\n								&lt;td&gt;Field Label: &lt;input type=&quot;text&quot; id=&quot;field_block_0_field_1_label&quot; name=&quot;field_block_0_field_1_label&quot; value=&quot;Modified Time&quot; checked=&quot;checked&quot;&gt;&lt;/td&gt;\r\n								&lt;td&gt;Field Name: &lt;input type=&quot;text&quot; id=&quot;field_block_0_field_1_name&quot; name=&quot;field_block_0_field_1_fieldname&quot; value=&quot;ModifiedTime&quot; checked=&quot;checked&quot;&gt;&lt;/td&gt;\r\n								&lt;td&gt;Column Name: &lt;input type=&quot;text&quot; id=&quot;field_block_0_field_1_columnname&quot; name=&quot;field_block_0_field_1_columnname&quot; value=&quot;modifiedtime&quot; checked=&quot;checked&quot;&gt;&lt;/td&gt;\r\n							&lt;/tr&gt;\r\n							&lt;tr&gt;\r\n								&lt;td&gt;Table: &lt;input type=&quot;text&quot; id=&quot;field_block_0_field_1_table&quot; name=&quot;field_block_0_field_1_table&quot; value=&quot;vtiger_crmentity&quot; checked=&quot;checked&quot;&gt;&lt;/td&gt;\r\n								&lt;td&gt;UI Type: &lt;input type=&quot;text&quot; id=&quot;field_block_0_field_1_uitype&quot; name=&quot;field_block_0_field_1_uitype&quot; value=&quot;70&quot; checked=&quot;checked&quot;&gt;&lt;/td&gt;\r\n								&lt;td&gt;Type of Data: &lt;input type=&quot;text&quot; id=&quot;field_block_0_field_1_typedata&quot; name=&quot;field_block_0_field_1_typedata&quot; value=&quot;T~O&quot; checked=&quot;checked&quot;&gt;&lt;/td&gt;\r\n								&lt;td&gt;Display Type: &lt;input type=&quot;text&quot; id=&quot;field_block_0_field_1_displaytype&quot; name=&quot;field_block_0_field_1_displaytype&quot; value=&quot;2&quot; checked=&quot;checked&quot;&gt;&lt;/td&gt;\r\n							&lt;/tr&gt;\r\n							&lt;/tbody&gt;&lt;/table&gt;\r\n						&lt;/div&gt;\r\n						&lt;/li&gt;\r\n						&lt;li&gt;\r\n						&lt;div class=&quot;fields&quot; id=&quot;field_block_0_field_2&quot;&gt;\r\n							&lt;table&gt;\r\n							&lt;tbody&gt;&lt;tr&gt;\r\n								&lt;td&gt;Field Label: &lt;input type=&quot;text&quot; id=&quot;field_block_0_field_2_label&quot; name=&quot;field_block_0_field_2_label&quot; value=&quot;Assigned To&quot; checked=&quot;checked&quot;&gt;&lt;/td&gt;\r\n								&lt;td&gt;Field Name: &lt;input type=&quot;text&quot; id=&quot;field_block_0_field_2_fieldname&quot; name=&quot;field_block_0_field_2_fieldname&quot; value=&quot;assigned_user_id&quot; checked=&quot;checked&quot;&gt;&lt;/td&gt;\r\n								&lt;td&gt;Column Name: &lt;input type=&quot;text&quot; id=&quot;field_block_0_field_2_columnname&quot; name=&quot;field_block_0_field_2_columnname&quot; value=&quot;smownerid&quot; checked=&quot;checked&quot;&gt;&lt;/td&gt;\r\n								&lt;td&gt;UI Type: &lt;input type=&quot;text&quot; id=&quot;field_block_0_field_2_uitype&quot; name=&quot;field_block_0_field_2_uitype&quot; value=&quot;53&quot; checked=&quot;checked&quot;&gt;&lt;/td&gt;\r\n							&lt;/tr&gt;\r\n							&lt;tr&gt;\r\n								&lt;td&gt;Table: &lt;input type=&quot;text&quot; id=&quot;field_block_0_field_2_table&quot; name=&quot;field_block_0_field_2_table&quot; value=&quot;vtiger_crmentity&quot; checked=&quot;checked&quot;&gt;&lt;/td&gt;\r\n								&lt;td&gt;Type of Data: &lt;input type=&quot;text&quot; id=&quot;field_block_0_field_2_typedata&quot; name=&quot;field_block_0_field_2_typedata&quot; value=&quot;V~M&quot; checked=&quot;checked&quot;&gt;&lt;/td&gt;\r\n							&lt;/tr&gt;\r\n							&lt;/tbody&gt;&lt;/table&gt;\r\n						&lt;/div&gt;\r\n						&lt;/li&gt;\r\n					&lt;li class=&quot;&quot; style=&quot;&quot;&gt;&lt;div class=&quot;fields&quot; id=&quot;field_block_0_field_3&quot;&gt;&lt;table&gt;	&lt;tbody&gt;&lt;tr&gt;		&lt;td&gt;Field Label: &lt;input type=&quot;text&quot; id=&quot;field_block_0_field_3_label&quot; name=&quot;field_block_0_field_3_label&quot; value=&quot;Payment No&quot; checked=&quot;checked&quot;&gt;&lt;/td&gt;		&lt;td&gt;Column Name / Field Name: &lt;input type=&quot;text&quot; id=&quot;field_block_0_field_3_columnname&quot; name=&quot;field_block_0_field_3_columnname&quot; value=&quot;payment_no&quot; checked=&quot;checked&quot;&gt;&lt;/td&gt;		&lt;td&gt;UI Type: &lt;select class=&quot;uitype_select&quot; id=&quot;field_block_0_field_3^_^uitype&quot; name=&quot;field_block_0_field_3_uitype&quot; value=&quot;4&quot; checked=&quot;checked&quot;&gt;&lt;option value=&quot;0&quot;&gt;--&lt;/option&gt;&lt;option value=&quot;1&quot;&gt;Text&lt;/option&gt;&lt;option value=&quot;4&quot; selected=&quot;selected&quot;&gt;Incremantal&lt;/option&gt;&lt;option value=&quot;7&quot;&gt;Number&lt;/option&gt;&lt;option value=&quot;71&quot;&gt;Currency&lt;/option&gt;&lt;option value=&quot;9&quot;&gt;Percent&lt;/option&gt;&lt;option value=&quot;5&quot;&gt;Date&lt;/option&gt;&lt;option value=&quot;13&quot;&gt;Email&lt;/option&gt;&lt;option value=&quot;11&quot;&gt;Phone&lt;/option&gt;&lt;option value=&quot;15&quot;&gt;Picklist&lt;/option&gt;&lt;option value=&quot;56&quot;&gt;Checkbox&lt;/option&gt;&lt;option value=&quot;21&quot;&gt;Textarea&lt;/option&gt;&lt;option value=&quot;33&quot;&gt;Multi-Select-Box&lt;/option&gt;&lt;option value=&quot;26&quot;&gt;Folder&lt;/option&gt;&lt;option value=&quot;69&quot;&gt;Product Image&lt;/option&gt;&lt;option value=&quot;10&quot;&gt;Relation&lt;/option&gt;&lt;/select&gt;&lt;/td&gt;		&lt;td&gt;Column Type: &lt;input type=&quot;text&quot; id=&quot;field_block_0_field_3_columntype&quot; name=&quot;field_block_0_field_3_columntype&quot; value=&quot;VARCHAR(100)&quot; checked=&quot;checked&quot;&gt;&lt;/td&gt;	&lt;/tr&gt;	&lt;tr&gt;		&lt;td&gt;Type of Data: &lt;input type=&quot;text&quot; id=&quot;field_block_0_field_3_typedata&quot; name=&quot;field_block_0_field_3_typedata&quot; value=&quot;V~O&quot; checked=&quot;checked&quot;&gt;&lt;/td&gt;		&lt;td&gt;Set PickList Values: &lt;textarea class=&quot;picklist_holder&quot; style=&quot;margin: 0px; height: 125px; max-width: 214px; id=&quot; field_block_0_field_3_picklist&quot;=&quot;&quot; name=&quot;field_block_0_field_3_picklist&quot; value=&quot;&quot; checked=&quot;checked&quot;&gt;&lt;/textarea&gt;&lt;/td&gt;		&lt;td&gt;Set Relationship: &lt;input type=&quot;text&quot; id=&quot;field_block_0_field_3_relationship&quot; name=&quot;field_block_0_field_3_relationship&quot; value=&quot;&quot; checked=&quot;checked&quot;&gt;&lt;/td&gt;		&lt;td&gt; Related List(include): &lt;input type=&quot;checkbox&quot; id=&quot;field_block_0_field_3_relatedlist&quot; name=&quot;field_block_0_field_3_relatedlist&quot; value=&quot;1&quot; checked=&quot;checked&quot;&gt;&lt;br&gt;Search List(include): &lt;input type=&quot;checkbox&quot; id=&quot;field_block_0_field_3_search&quot; name=&quot;field_block_0_field_3_search&quot; value=&quot;1&quot; checked=&quot;checked&quot;&gt;&lt;br&gt;List View(include): &lt;input type=&quot;checkbox&quot; id=&quot;field_block_0_field_3_listview&quot; name=&quot;field_block_0_field_3_listview&quot; value=&quot;field_block_0_field_3&quot; checked=&quot;checked&quot;&gt;&lt;br&gt;Module Identifier(atleast 1): &lt;input type=&quot;checkbox&quot; id=&quot;field_block_0_field_3_identifier&quot; name=&quot;field_block_0_field_3_identifier&quot; value=&quot;field_block_0_field_3&quot; checked=&quot;checked&quot;&gt;&lt;br&gt;List Link Field(only 1): &lt;input type=&quot;checkbox&quot; id=&quot;field_block_0_field_3_link&quot; name=&quot;field_block_0_field_3_link&quot; value=&quot;1&quot; checked=&quot;checked&quot;&gt;&lt;/td&gt;	&lt;/tr&gt;	&lt;/tbody&gt;&lt;/table&gt;&lt;button class=&quot;del_field&quot;&gt;remove&lt;/button&gt;&lt;/div&gt;&lt;/li&gt;&lt;li&gt;&lt;div class=&quot;fields&quot; id=&quot;field_block_0_field_4&quot;&gt;&lt;table&gt;	&lt;tbody&gt;&lt;tr&gt;		&lt;td&gt;Field Label: &lt;input type=&quot;text&quot; id=&quot;field_block_0_field_4_label&quot; name=&quot;field_block_0_field_4_label&quot; value=&quot;Homeowner&quot; checked=&quot;checked&quot;&gt;&lt;/td&gt;		&lt;td&gt;Column Name / Field Name: &lt;input type=&quot;text&quot; id=&quot;field_block_0_field_4_columnname&quot; name=&quot;field_block_0_field_4_columnname&quot; value=&quot;homeowner&quot; checked=&quot;checked&quot;&gt;&lt;/td&gt;		&lt;td&gt;UI Type: &lt;select class=&quot;uitype_select&quot; id=&quot;field_block_0_field_4^_^uitype&quot; name=&quot;field_block_0_field_4_uitype&quot; value=&quot;10&quot; checked=&quot;checked&quot;&gt;&lt;option value=&quot;0&quot;&gt;--&lt;/option&gt;&lt;option value=&quot;1&quot;&gt;Text&lt;/option&gt;&lt;option value=&quot;4&quot;&gt;Incremantal&lt;/option&gt;&lt;option value=&quot;7&quot;&gt;Number&lt;/option&gt;&lt;option value=&quot;71&quot;&gt;Currency&lt;/option&gt;&lt;option value=&quot;9&quot;&gt;Percent&lt;/option&gt;&lt;option value=&quot;5&quot;&gt;Date&lt;/option&gt;&lt;option value=&quot;13&quot;&gt;Email&lt;/option&gt;&lt;option value=&quot;11&quot;&gt;Phone&lt;/option&gt;&lt;option value=&quot;15&quot;&gt;Picklist&lt;/option&gt;&lt;option value=&quot;56&quot;&gt;Checkbox&lt;/option&gt;&lt;option value=&quot;21&quot;&gt;Textarea&lt;/option&gt;&lt;option value=&quot;33&quot;&gt;Multi-Select-Box&lt;/option&gt;&lt;option value=&quot;26&quot;&gt;Folder&lt;/option&gt;&lt;option value=&quot;69&quot;&gt;Product Image&lt;/option&gt;&lt;option value=&quot;10&quot; selected=&quot;selected&quot;&gt;Relation&lt;/option&gt;&lt;/select&gt;&lt;/td&gt;		&lt;td&gt;Column Type: &lt;input type=&quot;text&quot; id=&quot;field_block_0_field_4_columntype&quot; name=&quot;field_block_0_field_4_columntype&quot; value=&quot;VARCHAR(20)&quot; checked=&quot;checked&quot;&gt;&lt;/td&gt;	&lt;/tr&gt;	&lt;tr&gt;		&lt;td&gt;Type of Data: &lt;input type=&quot;text&quot; id=&quot;field_block_0_field_4_typedata&quot; name=&quot;field_block_0_field_4_typedata&quot; value=&quot;V~O&quot; checked=&quot;checked&quot;&gt;&lt;/td&gt;		&lt;td&gt;Set PickList Values: &lt;textarea class=&quot;picklist_holder&quot; style=&quot;margin: 0px; height: 125px; max-width: 214px; id=&quot; field_block_0_field_4_picklist&quot;=&quot;&quot; name=&quot;field_block_0_field_4_picklist&quot; value=&quot;&quot; checked=&quot;checked&quot;&gt;&lt;/textarea&gt;&lt;/td&gt;		&lt;td&gt;Set Relationship: &lt;input type=&quot;text&quot; id=&quot;field_block_0_field_4_relationship&quot; name=&quot;field_block_0_field_4_relationship&quot; value=&quot;HomeOwner&quot; checked=&quot;checked&quot;&gt;&lt;/td&gt;		&lt;td&gt; Related List(include): &lt;input type=&quot;checkbox&quot; id=&quot;field_block_0_field_4_relatedlist&quot; name=&quot;field_block_0_field_4_relatedlist&quot; value=&quot;1&quot; checked=&quot;checked&quot;&gt;&lt;br&gt;Search List(include): &lt;input type=&quot;checkbox&quot; id=&quot;field_block_0_field_4_search&quot; name=&quot;field_block_0_field_4_search&quot; value=&quot;1&quot; checked=&quot;checked&quot;&gt;&lt;br&gt;List View(include): &lt;input type=&quot;checkbox&quot; id=&quot;field_block_0_field_4_listview&quot; name=&quot;field_block_0_field_4_listview&quot; value=&quot;field_block_0_field_4&quot; checked=&quot;checked&quot;&gt;&lt;br&gt;Module Identifier(atleast 1): &lt;input type=&quot;checkbox&quot; id=&quot;field_block_0_field_4_identifier&quot; name=&quot;field_block_0_field_4_identifier&quot; value=&quot;field_block_0_field_4&quot;&gt;&lt;br&gt;List Link Field(only 1): &lt;input type=&quot;checkbox&quot; id=&quot;field_block_0_field_4_link&quot; name=&quot;field_block_0_field_4_link&quot; value=&quot;1&quot;&gt;&lt;/td&gt;	&lt;/tr&gt;	&lt;/tbody&gt;&lt;/table&gt;&lt;button class=&quot;del_field&quot;&gt;remove&lt;/button&gt;&lt;/div&gt;&lt;/li&gt;&lt;li&gt;&lt;div class=&quot;fields&quot; id=&quot;field_block_0_field_5&quot;&gt;&lt;table&gt;	&lt;tbody&gt;&lt;tr&gt;		&lt;td&gt;Field Label: &lt;input type=&quot;text&quot; id=&quot;field_block_0_field_5_label&quot; name=&quot;field_block_0_field_5_label&quot; value=&quot;Bill No.&quot; checked=&quot;checked&quot;&gt;&lt;/td&gt;		&lt;td&gt;Column Name / Field Name: &lt;input type=&quot;text&quot; id=&quot;field_block_0_field_5_columnname&quot; name=&quot;field_block_0_field_5_columnname&quot; value=&quot;bill_no&quot; checked=&quot;checked&quot;&gt;&lt;/td&gt;		&lt;td&gt;UI Type: &lt;select class=&quot;uitype_select&quot; id=&quot;field_block_0_field_5^_^uitype&quot; name=&quot;field_block_0_field_5_uitype&quot; value=&quot;10&quot; checked=&quot;checked&quot;&gt;&lt;option value=&quot;0&quot;&gt;--&lt;/option&gt;&lt;option value=&quot;1&quot;&gt;Text&lt;/option&gt;&lt;option value=&quot;4&quot;&gt;Incremantal&lt;/option&gt;&lt;option value=&quot;7&quot;&gt;Number&lt;/option&gt;&lt;option value=&quot;71&quot;&gt;Currency&lt;/option&gt;&lt;option value=&quot;9&quot;&gt;Percent&lt;/option&gt;&lt;option value=&quot;5&quot;&gt;Date&lt;/option&gt;&lt;option value=&quot;13&quot;&gt;Email&lt;/option&gt;&lt;option value=&quot;11&quot;&gt;Phone&lt;/option&gt;&lt;option value=&quot;15&quot;&gt;Picklist&lt;/option&gt;&lt;option value=&quot;56&quot;&gt;Checkbox&lt;/option&gt;&lt;option value=&quot;21&quot;&gt;Textarea&lt;/option&gt;&lt;option value=&quot;33&quot;&gt;Multi-Select-Box&lt;/option&gt;&lt;option value=&quot;26&quot;&gt;Folder&lt;/option&gt;&lt;option value=&quot;69&quot;&gt;Product Image&lt;/option&gt;&lt;option value=&quot;10&quot; selected=&quot;selected&quot;&gt;Relation&lt;/option&gt;&lt;/select&gt;&lt;/td&gt;		&lt;td&gt;Column Type: &lt;input type=&quot;text&quot; id=&quot;field_block_0_field_5_columntype&quot; name=&quot;field_block_0_field_5_columntype&quot; value=&quot;VARCHAR(20)&quot; checked=&quot;checked&quot;&gt;&lt;/td&gt;	&lt;/tr&gt;	&lt;tr&gt;		&lt;td&gt;Type of Data: &lt;input type=&quot;text&quot; id=&quot;field_block_0_field_5_typedata&quot; name=&quot;field_block_0_field_5_typedata&quot; value=&quot;V~O&quot; checked=&quot;checked&quot;&gt;&lt;/td&gt;		&lt;td&gt;Set PickList Values: &lt;textarea class=&quot;picklist_holder&quot; style=&quot;margin: 0px; height: 125px; max-width: 214px; id=&quot; field_block_0_field_5_picklist&quot;=&quot;&quot; name=&quot;field_block_0_field_5_picklist&quot; value=&quot;&quot; checked=&quot;checked&quot;&gt;&lt;/textarea&gt;&lt;/td&gt;		&lt;td&gt;Set Relationship: &lt;input type=&quot;text&quot; id=&quot;field_block_0_field_5_relationship&quot; name=&quot;field_block_0_field_5_relationship&quot; value=&quot;Billing&quot; checked=&quot;checked&quot;&gt;&lt;/td&gt;		&lt;td&gt; Related List(include): &lt;input type=&quot;checkbox&quot; id=&quot;field_block_0_field_5_relatedlist&quot; name=&quot;field_block_0_field_5_relatedlist&quot; value=&quot;1&quot; checked=&quot;checked&quot;&gt;&lt;br&gt;Search List(include): &lt;input type=&quot;checkbox&quot; id=&quot;field_block_0_field_5_search&quot; name=&quot;field_block_0_field_5_search&quot; value=&quot;1&quot; checked=&quot;checked&quot;&gt;&lt;br&gt;List View(include): &lt;input type=&quot;checkbox&quot; id=&quot;field_block_0_field_5_listview&quot; name=&quot;field_block_0_field_5_listview&quot; value=&quot;field_block_0_field_5&quot; checked=&quot;checked&quot;&gt;&lt;br&gt;Module Identifier(atleast 1): &lt;input type=&quot;checkbox&quot; id=&quot;field_block_0_field_5_identifier&quot; name=&quot;field_block_0_field_5_identifier&quot; value=&quot;field_block_0_field_5&quot;&gt;&lt;br&gt;List Link Field(only 1): &lt;input type=&quot;checkbox&quot; id=&quot;field_block_0_field_5_link&quot; name=&quot;field_block_0_field_5_link&quot; value=&quot;1&quot;&gt;&lt;/td&gt;	&lt;/tr&gt;	&lt;/tbody&gt;&lt;/table&gt;&lt;button class=&quot;del_field&quot;&gt;remove&lt;/button&gt;&lt;/div&gt;&lt;/li&gt;&lt;li&gt;&lt;div class=&quot;fields&quot; id=&quot;field_block_0_field_6&quot;&gt;&lt;table&gt;	&lt;tbody&gt;&lt;tr&gt;		&lt;td&gt;Field Label: &lt;input type=&quot;text&quot; id=&quot;field_block_0_field_6_label&quot; name=&quot;field_block_0_field_6_label&quot; value=&quot;Amount Paid&quot; checked=&quot;checked&quot;&gt;&lt;/td&gt;		&lt;td&gt;Column Name / Field Name: &lt;input type=&quot;text&quot; id=&quot;field_block_0_field_6_columnname&quot; name=&quot;field_block_0_field_6_columnname&quot; value=&quot;amount_paid&quot; checked=&quot;checked&quot;&gt;&lt;/td&gt;		&lt;td&gt;UI Type: &lt;select class=&quot;uitype_select&quot; id=&quot;field_block_0_field_6^_^uitype&quot; name=&quot;field_block_0_field_6_uitype&quot; value=&quot;71&quot; checked=&quot;checked&quot;&gt;&lt;option value=&quot;0&quot;&gt;--&lt;/option&gt;&lt;option value=&quot;1&quot;&gt;Text&lt;/option&gt;&lt;option value=&quot;4&quot;&gt;Incremantal&lt;/option&gt;&lt;option value=&quot;7&quot;&gt;Number&lt;/option&gt;&lt;option value=&quot;71&quot; selected=&quot;selected&quot;&gt;Currency&lt;/option&gt;&lt;option value=&quot;9&quot;&gt;Percent&lt;/option&gt;&lt;option value=&quot;5&quot;&gt;Date&lt;/option&gt;&lt;option value=&quot;13&quot;&gt;Email&lt;/option&gt;&lt;option value=&quot;11&quot;&gt;Phone&lt;/option&gt;&lt;option value=&quot;15&quot;&gt;Picklist&lt;/option&gt;&lt;option value=&quot;56&quot;&gt;Checkbox&lt;/option&gt;&lt;option value=&quot;21&quot;&gt;Textarea&lt;/option&gt;&lt;option value=&quot;33&quot;&gt;Multi-Select-Box&lt;/option&gt;&lt;option value=&quot;26&quot;&gt;Folder&lt;/option&gt;&lt;option value=&quot;69&quot;&gt;Product Image&lt;/option&gt;&lt;option value=&quot;10&quot;&gt;Relation&lt;/option&gt;&lt;/select&gt;&lt;/td&gt;		&lt;td&gt;Column Type: &lt;input type=&quot;text&quot; id=&quot;field_block_0_field_6_columntype&quot; name=&quot;field_block_0_field_6_columntype&quot; value=&quot;DECIMAL(13,2)&quot; checked=&quot;checked&quot;&gt;&lt;/td&gt;	&lt;/tr&gt;	&lt;tr&gt;		&lt;td&gt;Type of Data: &lt;input type=&quot;text&quot; id=&quot;field_block_0_field_6_typedata&quot; name=&quot;field_block_0_field_6_typedata&quot; value=&quot;N~O~10,2&quot; checked=&quot;checked&quot;&gt;&lt;/td&gt;		&lt;td&gt;Set PickList Values: &lt;textarea class=&quot;picklist_holder&quot; style=&quot;margin: 0px; height: 125px; max-width: 214px; id=&quot; field_block_0_field_6_picklist&quot;=&quot;&quot; name=&quot;field_block_0_field_6_picklist&quot; value=&quot;&quot; checked=&quot;checked&quot;&gt;&lt;/textarea&gt;&lt;/td&gt;		&lt;td&gt;Set Relationship: &lt;input type=&quot;text&quot; id=&quot;field_block_0_field_6_relationship&quot; name=&quot;field_block_0_field_6_relationship&quot; value=&quot;&quot; checked=&quot;checked&quot;&gt;&lt;/td&gt;		&lt;td&gt; Related List(include): &lt;input type=&quot;checkbox&quot; id=&quot;field_block_0_field_6_relatedlist&quot; name=&quot;field_block_0_field_6_relatedlist&quot; value=&quot;1&quot; checked=&quot;checked&quot;&gt;&lt;br&gt;Search List(include): &lt;input type=&quot;checkbox&quot; id=&quot;field_block_0_field_6_search&quot; name=&quot;field_block_0_field_6_search&quot; value=&quot;1&quot; checked=&quot;checked&quot;&gt;&lt;br&gt;List View(include): &lt;input type=&quot;checkbox&quot; id=&quot;field_block_0_field_6_listview&quot; name=&quot;field_block_0_field_6_listview&quot; value=&quot;field_block_0_field_6&quot; checked=&quot;checked&quot;&gt;&lt;br&gt;Module Identifier(atleast 1): &lt;input type=&quot;checkbox&quot; id=&quot;field_block_0_field_6_identifier&quot; name=&quot;field_block_0_field_6_identifier&quot; value=&quot;field_block_0_field_6&quot;&gt;&lt;br&gt;List Link Field(only 1): &lt;input type=&quot;checkbox&quot; id=&quot;field_block_0_field_6_link&quot; name=&quot;field_block_0_field_6_link&quot; value=&quot;1&quot;&gt;&lt;/td&gt;	&lt;/tr&gt;	&lt;/tbody&gt;&lt;/table&gt;&lt;button class=&quot;del_field&quot;&gt;remove&lt;/button&gt;&lt;/div&gt;&lt;/li&gt;&lt;li&gt;&lt;div class=&quot;fields&quot; id=&quot;field_block_0_field_7&quot;&gt;&lt;table&gt;	&lt;tbody&gt;&lt;tr&gt;		&lt;td&gt;Field Label: &lt;input type=&quot;text&quot; id=&quot;field_block_0_field_7_label&quot; name=&quot;field_block_0_field_7_label&quot; value=&quot;Type of Payment&quot; checked=&quot;checked&quot;&gt;&lt;/td&gt;		&lt;td&gt;Column Name / Field Name: &lt;input type=&quot;text&quot; id=&quot;field_block_0_field_7_columnname&quot; name=&quot;field_block_0_field_7_columnname&quot; value=&quot;p_type_payment&quot; checked=&quot;checked&quot;&gt;&lt;/td&gt;		&lt;td&gt;UI Type: &lt;select class=&quot;uitype_select&quot; id=&quot;field_block_0_field_7^_^uitype&quot; name=&quot;field_block_0_field_7_uitype&quot; value=&quot;15&quot; checked=&quot;checked&quot;&gt;&lt;option value=&quot;0&quot;&gt;--&lt;/option&gt;&lt;option value=&quot;1&quot;&gt;Text&lt;/option&gt;&lt;option value=&quot;4&quot;&gt;Incremantal&lt;/option&gt;&lt;option value=&quot;7&quot;&gt;Number&lt;/option&gt;&lt;option value=&quot;71&quot;&gt;Currency&lt;/option&gt;&lt;option value=&quot;9&quot;&gt;Percent&lt;/option&gt;&lt;option value=&quot;5&quot;&gt;Date&lt;/option&gt;&lt;option value=&quot;13&quot;&gt;Email&lt;/option&gt;&lt;option value=&quot;11&quot;&gt;Phone&lt;/option&gt;&lt;option value=&quot;15&quot; selected=&quot;selected&quot;&gt;Picklist&lt;/option&gt;&lt;option value=&quot;56&quot;&gt;Checkbox&lt;/option&gt;&lt;option value=&quot;21&quot;&gt;Textarea&lt;/option&gt;&lt;option value=&quot;33&quot;&gt;Multi-Select-Box&lt;/option&gt;&lt;option value=&quot;26&quot;&gt;Folder&lt;/option&gt;&lt;option value=&quot;69&quot;&gt;Product Image&lt;/option&gt;&lt;option value=&quot;10&quot;&gt;Relation&lt;/option&gt;&lt;/select&gt;&lt;/td&gt;		&lt;td&gt;Column Type: &lt;input type=&quot;text&quot; id=&quot;field_block_0_field_7_columntype&quot; name=&quot;field_block_0_field_7_columntype&quot; value=&quot;VARCHAR(255)&quot; checked=&quot;checked&quot;&gt;&lt;/td&gt;	&lt;/tr&gt;	&lt;tr&gt;		&lt;td&gt;Type of Data: &lt;input type=&quot;text&quot; id=&quot;field_block_0_field_7_typedata&quot; name=&quot;field_block_0_field_7_typedata&quot; value=&quot;V~O&quot; checked=&quot;checked&quot;&gt;&lt;/td&gt;		&lt;td&gt;Set PickList Values: &lt;textarea class=&quot;picklist_holder&quot; style=&quot;margin: 0px; height: 125px; max-width: 214px; id=&quot; field_block_0_field_7_picklist&quot;=&quot;&quot; name=&quot;field_block_0_field_7_picklist&quot; value=&quot;- Select -\r\nCash\r\nCheck&quot; checked=&quot;checked&quot;&gt;- Select -\r\nCash\r\nCheck&lt;/textarea&gt;&lt;/td&gt;		&lt;td&gt;Set Relationship: &lt;input type=&quot;text&quot; id=&quot;field_block_0_field_7_relationship&quot; name=&quot;field_block_0_field_7_relationship&quot; value=&quot;&quot; checked=&quot;checked&quot;&gt;&lt;/td&gt;		&lt;td&gt; Related List(include): &lt;input type=&quot;checkbox&quot; id=&quot;field_block_0_field_7_relatedlist&quot; name=&quot;field_block_0_field_7_relatedlist&quot; value=&quot;1&quot; checked=&quot;checked&quot;&gt;&lt;br&gt;Search List(include): &lt;input type=&quot;checkbox&quot; id=&quot;field_block_0_field_7_search&quot; name=&quot;field_block_0_field_7_search&quot; value=&quot;1&quot; checked=&quot;checked&quot;&gt;&lt;br&gt;List View(include): &lt;input type=&quot;checkbox&quot; id=&quot;field_block_0_field_7_listview&quot; name=&quot;field_block_0_field_7_listview&quot; value=&quot;field_block_0_field_7&quot; checked=&quot;checked&quot;&gt;&lt;br&gt;Module Identifier(atleast 1): &lt;input type=&quot;checkbox&quot; id=&quot;field_block_0_field_7_identifier&quot; name=&quot;field_block_0_field_7_identifier&quot; value=&quot;field_block_0_field_7&quot;&gt;&lt;br&gt;List Link Field(only 1): &lt;input type=&quot;checkbox&quot; id=&quot;field_block_0_field_7_link&quot; name=&quot;field_block_0_field_7_link&quot; value=&quot;1&quot;&gt;&lt;/td&gt;	&lt;/tr&gt;	&lt;/tbody&gt;&lt;/table&gt;&lt;button class=&quot;del_field&quot;&gt;remove&lt;/button&gt;&lt;/div&gt;&lt;/li&gt;&lt;li&gt;&lt;div class=&quot;fields&quot; id=&quot;field_block_0_field_8&quot;&gt;&lt;table&gt;	&lt;tbody&gt;&lt;tr&gt;		&lt;td&gt;Field Label: &lt;input type=&quot;text&quot; id=&quot;field_block_0_field_8_label&quot; name=&quot;field_block_0_field_8_label&quot; value=&quot;Date of Payment&quot; checked=&quot;checked&quot;&gt;&lt;/td&gt;		&lt;td&gt;Column Name / Field Name: &lt;input type=&quot;text&quot; id=&quot;field_block_0_field_8_columnname&quot; name=&quot;field_block_0_field_8_columnname&quot; value=&quot;date_of_payment&quot; checked=&quot;checked&quot;&gt;&lt;/td&gt;		&lt;td&gt;UI Type: &lt;select class=&quot;uitype_select&quot; id=&quot;field_block_0_field_8^_^uitype&quot; name=&quot;field_block_0_field_8_uitype&quot; value=&quot;5&quot; checked=&quot;checked&quot;&gt;&lt;option value=&quot;0&quot;&gt;--&lt;/option&gt;&lt;option value=&quot;1&quot;&gt;Text&lt;/option&gt;&lt;option value=&quot;4&quot;&gt;Incremantal&lt;/option&gt;&lt;option value=&quot;7&quot;&gt;Number&lt;/option&gt;&lt;option value=&quot;71&quot;&gt;Currency&lt;/option&gt;&lt;option value=&quot;9&quot;&gt;Percent&lt;/option&gt;&lt;option value=&quot;5&quot; selected=&quot;selected&quot;&gt;Date&lt;/option&gt;&lt;option value=&quot;13&quot;&gt;Email&lt;/option&gt;&lt;option value=&quot;11&quot;&gt;Phone&lt;/option&gt;&lt;option value=&quot;15&quot;&gt;Picklist&lt;/option&gt;&lt;option value=&quot;56&quot;&gt;Checkbox&lt;/option&gt;&lt;option value=&quot;21&quot;&gt;Textarea&lt;/option&gt;&lt;option value=&quot;33&quot;&gt;Multi-Select-Box&lt;/option&gt;&lt;option value=&quot;26&quot;&gt;Folder&lt;/option&gt;&lt;option value=&quot;69&quot;&gt;Product Image&lt;/option&gt;&lt;option value=&quot;10&quot;&gt;Relation&lt;/option&gt;&lt;/select&gt;&lt;/td&gt;		&lt;td&gt;Column Type: &lt;input type=&quot;text&quot; id=&quot;field_block_0_field_8_columntype&quot; name=&quot;field_block_0_field_8_columntype&quot; value=&quot;DATE&quot; checked=&quot;checked&quot;&gt;&lt;/td&gt;	&lt;/tr&gt;	&lt;tr&gt;		&lt;td&gt;Type of Data: &lt;input type=&quot;text&quot; id=&quot;field_block_0_field_8_typedata&quot; name=&quot;field_block_0_field_8_typedata&quot; value=&quot;D~O&quot; checked=&quot;checked&quot;&gt;&lt;/td&gt;		&lt;td&gt;Set PickList Values: &lt;textarea class=&quot;picklist_holder&quot; style=&quot;margin: 0px; height: 125px; max-width: 214px; id=&quot; field_block_0_field_8_picklist&quot;=&quot;&quot; name=&quot;field_block_0_field_8_picklist&quot; value=&quot;&quot; checked=&quot;checked&quot;&gt;&lt;/textarea&gt;&lt;/td&gt;		&lt;td&gt;Set Relationship: &lt;input type=&quot;text&quot; id=&quot;field_block_0_field_8_relationship&quot; name=&quot;field_block_0_field_8_relationship&quot; value=&quot;&quot; checked=&quot;checked&quot;&gt;&lt;/td&gt;		&lt;td&gt; Related List(include): &lt;input type=&quot;checkbox&quot; id=&quot;field_block_0_field_8_relatedlist&quot; name=&quot;field_block_0_field_8_relatedlist&quot; value=&quot;1&quot; checked=&quot;checked&quot;&gt;&lt;br&gt;Search List(include): &lt;input type=&quot;checkbox&quot; id=&quot;field_block_0_field_8_search&quot; name=&quot;field_block_0_field_8_search&quot; value=&quot;1&quot; checked=&quot;checked&quot;&gt;&lt;br&gt;List View(include): &lt;input type=&quot;checkbox&quot; id=&quot;field_block_0_field_8_listview&quot; name=&quot;field_block_0_field_8_listview&quot; value=&quot;field_block_0_field_8&quot; checked=&quot;checked&quot;&gt;&lt;br&gt;Module Identifier(atleast 1): &lt;input type=&quot;checkbox&quot; id=&quot;field_block_0_field_8_identifier&quot; name=&quot;field_block_0_field_8_identifier&quot; value=&quot;field_block_0_field_8&quot;&gt;&lt;br&gt;List Link Field(only 1): &lt;input type=&quot;checkbox&quot; id=&quot;field_block_0_field_8_link&quot; name=&quot;field_block_0_field_8_link&quot; value=&quot;1&quot;&gt;&lt;/td&gt;	&lt;/tr&gt;	&lt;/tbody&gt;&lt;/table&gt;&lt;button class=&quot;del_field&quot;&gt;remove&lt;/button&gt;&lt;/div&gt;&lt;/li&gt;&lt;/ul&gt;\r\n				&lt;/div&gt;\r\n				&lt;button class=&quot;add_field&quot; id=&quot;field_block_0&quot;&gt;add_field&lt;/button&gt;\r\n				\r\n			&lt;/div&gt;\r\n		&lt;/div&gt;\r\n	&lt;textarea name=&quot;field_block_container&quot; id=&quot;field_block_container&quot; style=&quot;display:none&quot; value=&quot;&quot; checked=&quot;checked&quot;&gt;&lt;/textarea&gt;		');
INSERT INTO `vtiger_modulefileholder` (`id`, `modulename`, `html`) VALUES
(6, 'AdvancePayment', '\r\n			&lt;br&gt;\r\nModule Name: &lt;input type=&quot;text&quot; name=&quot;module_name&quot; id=&quot;module_name&quot; value=&quot;AdvancePayment&quot; checked=&quot;checked&quot;&gt;\r\nParent Name: &lt;input type=&quot;text&quot; name=&quot;parent_name&quot; id=&quot;parent_name&quot; value=&quot;Analytics&quot; checked=&quot;checked&quot;&gt;\r\n	&lt;div id=&quot;blocks_container&quot;&gt; \r\n		&lt;input type=&quot;hidden&quot; id=&quot;block_counter&quot; value=&quot;0&quot;&gt;\r\n		\r\n			&lt;div class=&quot;block&quot; id=&quot;block_0&quot;&gt;\r\n			Block Name: &lt;input type=&quot;text&quot; name=&quot;block_0_name&quot; id=&quot;block_0_name&quot; value=&quot;General Information&quot; checked=&quot;checked&quot;&gt;\r\n			&lt;br&gt;\r\n				\r\n				&lt;input type=&quot;hidden&quot; id=&quot;counter_field_block_0&quot; value=&quot;7&quot;&gt;\r\n				\r\n				&lt;div id=&quot;container_field_block_0&quot;&gt;\r\n					&lt;ul class=&quot;sortable ui-sortable&quot;&gt;\r\n						&lt;li&gt;\r\n						&lt;div class=&quot;fields&quot; id=&quot;field_block_0_field_0&quot;&gt;\r\n							&lt;table&gt;\r\n							&lt;tbody&gt;&lt;tr&gt;\r\n								&lt;td&gt;Field Label: &lt;input type=&quot;text&quot; id=&quot;field_block_0_field_0_label&quot; name=&quot;field_block_0_field_0_label&quot; value=&quot;Created Time&quot; checked=&quot;checked&quot;&gt;&lt;/td&gt;\r\n								&lt;td&gt;Field Name: &lt;input type=&quot;text&quot; id=&quot;field_block_0_field_0_name&quot; name=&quot;field_block_0_field_0_fieldname&quot; value=&quot;CreatedTime&quot; checked=&quot;checked&quot;&gt;&lt;/td&gt;\r\n								&lt;td&gt;Column Name: &lt;input type=&quot;text&quot; id=&quot;field_block_0_field_0_columnname&quot; name=&quot;field_block_0_field_0_columnname&quot; value=&quot;createdtime&quot; checked=&quot;checked&quot;&gt;&lt;/td&gt;\r\n							&lt;/tr&gt;\r\n							&lt;tr&gt;\r\n								&lt;td&gt;Table: &lt;input type=&quot;text&quot; id=&quot;field_block_0_field_0_table&quot; name=&quot;field_block_0_field_0_table&quot; value=&quot;vtiger_crmentity&quot; checked=&quot;checked&quot;&gt;&lt;/td&gt;\r\n								&lt;td&gt;UI Type: &lt;input type=&quot;text&quot; id=&quot;field_block_0_field_0_uitype&quot; name=&quot;field_block_0_field_0_uitype&quot; value=&quot;70&quot; checked=&quot;checked&quot;&gt;&lt;/td&gt;\r\n								&lt;td&gt;Type of Data: &lt;input type=&quot;text&quot; id=&quot;field_block_0_field_0_typedata&quot; name=&quot;field_block_0_field_0_typedata&quot; value=&quot;T~O&quot; checked=&quot;checked&quot;&gt;&lt;/td&gt;\r\n								&lt;td&gt;Display Type: &lt;input type=&quot;text&quot; id=&quot;field_block_0_field_0_displaytype&quot; name=&quot;field_block_0_field_0_displaytype&quot; value=&quot;2&quot; checked=&quot;checked&quot;&gt;&lt;/td&gt;\r\n							&lt;/tr&gt;\r\n							&lt;/tbody&gt;&lt;/table&gt;\r\n						&lt;/div&gt;\r\n						&lt;/li&gt;\r\n						&lt;li&gt;\r\n						&lt;div class=&quot;fields&quot; id=&quot;field_block_0_field_1&quot;&gt;\r\n							&lt;table&gt;\r\n							&lt;tbody&gt;&lt;tr&gt;\r\n								&lt;td&gt;Field Label: &lt;input type=&quot;text&quot; id=&quot;field_block_0_field_1_label&quot; name=&quot;field_block_0_field_1_label&quot; value=&quot;Modified Time&quot; checked=&quot;checked&quot;&gt;&lt;/td&gt;\r\n								&lt;td&gt;Field Name: &lt;input type=&quot;text&quot; id=&quot;field_block_0_field_1_name&quot; name=&quot;field_block_0_field_1_fieldname&quot; value=&quot;ModifiedTime&quot; checked=&quot;checked&quot;&gt;&lt;/td&gt;\r\n								&lt;td&gt;Column Name: &lt;input type=&quot;text&quot; id=&quot;field_block_0_field_1_columnname&quot; name=&quot;field_block_0_field_1_columnname&quot; value=&quot;modifiedtime&quot; checked=&quot;checked&quot;&gt;&lt;/td&gt;\r\n							&lt;/tr&gt;\r\n							&lt;tr&gt;\r\n								&lt;td&gt;Table: &lt;input type=&quot;text&quot; id=&quot;field_block_0_field_1_table&quot; name=&quot;field_block_0_field_1_table&quot; value=&quot;vtiger_crmentity&quot; checked=&quot;checked&quot;&gt;&lt;/td&gt;\r\n								&lt;td&gt;UI Type: &lt;input type=&quot;text&quot; id=&quot;field_block_0_field_1_uitype&quot; name=&quot;field_block_0_field_1_uitype&quot; value=&quot;70&quot; checked=&quot;checked&quot;&gt;&lt;/td&gt;\r\n								&lt;td&gt;Type of Data: &lt;input type=&quot;text&quot; id=&quot;field_block_0_field_1_typedata&quot; name=&quot;field_block_0_field_1_typedata&quot; value=&quot;T~O&quot; checked=&quot;checked&quot;&gt;&lt;/td&gt;\r\n								&lt;td&gt;Display Type: &lt;input type=&quot;text&quot; id=&quot;field_block_0_field_1_displaytype&quot; name=&quot;field_block_0_field_1_displaytype&quot; value=&quot;2&quot; checked=&quot;checked&quot;&gt;&lt;/td&gt;\r\n							&lt;/tr&gt;\r\n							&lt;/tbody&gt;&lt;/table&gt;\r\n						&lt;/div&gt;\r\n						&lt;/li&gt;&lt;li class=&quot;&quot; style=&quot;&quot;&gt;\r\n						&lt;div class=&quot;fields&quot; id=&quot;field_block_0_field_2&quot;&gt;\r\n							&lt;table&gt;\r\n							&lt;tbody&gt;&lt;tr&gt;\r\n								&lt;td&gt;Field Label: &lt;input type=&quot;text&quot; id=&quot;field_block_0_field_2_label&quot; name=&quot;field_block_0_field_2_label&quot; value=&quot;Assigned To&quot; checked=&quot;checked&quot;&gt;&lt;/td&gt;\r\n								&lt;td&gt;Field Name: &lt;input type=&quot;text&quot; id=&quot;field_block_0_field_2_fieldname&quot; name=&quot;field_block_0_field_2_fieldname&quot; value=&quot;assigned_user_id&quot; checked=&quot;checked&quot;&gt;&lt;/td&gt;\r\n								&lt;td&gt;Column Name: &lt;input type=&quot;text&quot; id=&quot;field_block_0_field_2_columnname&quot; name=&quot;field_block_0_field_2_columnname&quot; value=&quot;smownerid&quot; checked=&quot;checked&quot;&gt;&lt;/td&gt;\r\n								&lt;td&gt;UI Type: &lt;input type=&quot;text&quot; id=&quot;field_block_0_field_2_uitype&quot; name=&quot;field_block_0_field_2_uitype&quot; value=&quot;53&quot; checked=&quot;checked&quot;&gt;&lt;/td&gt;\r\n							&lt;/tr&gt;\r\n							&lt;tr&gt;\r\n								&lt;td&gt;Table: &lt;input type=&quot;text&quot; id=&quot;field_block_0_field_2_table&quot; name=&quot;field_block_0_field_2_table&quot; value=&quot;vtiger_crmentity&quot; checked=&quot;checked&quot;&gt;&lt;/td&gt;\r\n								&lt;td&gt;Type of Data: &lt;input type=&quot;text&quot; id=&quot;field_block_0_field_2_typedata&quot; name=&quot;field_block_0_field_2_typedata&quot; value=&quot;V~M&quot; checked=&quot;checked&quot;&gt;&lt;/td&gt;\r\n							&lt;/tr&gt;\r\n							&lt;/tbody&gt;&lt;/table&gt;\r\n						&lt;/div&gt;\r\n						&lt;/li&gt;\r\n						\r\n					&lt;li class=&quot;&quot; style=&quot;&quot;&gt;&lt;div class=&quot;fields&quot; id=&quot;field_block_0_field_3&quot;&gt;&lt;table&gt;	&lt;tbody&gt;&lt;tr&gt;		&lt;td&gt;Field Label: &lt;input type=&quot;text&quot; id=&quot;field_block_0_field_3_label&quot; name=&quot;field_block_0_field_3_label&quot; value=&quot;Advance Payment No&quot; checked=&quot;checked&quot;&gt;&lt;/td&gt;		&lt;td&gt;Column Name / Field Name: &lt;input type=&quot;text&quot; id=&quot;field_block_0_field_3_columnname&quot; name=&quot;field_block_0_field_3_columnname&quot; value=&quot;advance_no&quot; checked=&quot;checked&quot;&gt;&lt;/td&gt;		&lt;td&gt;UI Type: &lt;select class=&quot;uitype_select&quot; id=&quot;field_block_0_field_3^_^uitype&quot; name=&quot;field_block_0_field_3_uitype&quot; value=&quot;4&quot; checked=&quot;checked&quot;&gt;&lt;option value=&quot;0&quot;&gt;--&lt;/option&gt;&lt;option value=&quot;1&quot;&gt;Text&lt;/option&gt;&lt;option value=&quot;4&quot; selected=&quot;selected&quot;&gt;Incremantal&lt;/option&gt;&lt;option value=&quot;7&quot;&gt;Number&lt;/option&gt;&lt;option value=&quot;71&quot;&gt;Currency&lt;/option&gt;&lt;option value=&quot;9&quot;&gt;Percent&lt;/option&gt;&lt;option value=&quot;5&quot;&gt;Date&lt;/option&gt;&lt;option value=&quot;13&quot;&gt;Email&lt;/option&gt;&lt;option value=&quot;11&quot;&gt;Phone&lt;/option&gt;&lt;option value=&quot;15&quot;&gt;Picklist&lt;/option&gt;&lt;option value=&quot;56&quot;&gt;Checkbox&lt;/option&gt;&lt;option value=&quot;21&quot;&gt;Textarea&lt;/option&gt;&lt;option value=&quot;33&quot;&gt;Multi-Select-Box&lt;/option&gt;&lt;option value=&quot;26&quot;&gt;Folder&lt;/option&gt;&lt;option value=&quot;69&quot;&gt;Product Image&lt;/option&gt;&lt;option value=&quot;10&quot;&gt;Relation&lt;/option&gt;&lt;/select&gt;&lt;/td&gt;		&lt;td&gt;Column Type: &lt;input type=&quot;text&quot; id=&quot;field_block_0_field_3_columntype&quot; name=&quot;field_block_0_field_3_columntype&quot; value=&quot;VARCHAR(100)&quot; checked=&quot;checked&quot;&gt;&lt;/td&gt;	&lt;/tr&gt;	&lt;tr&gt;		&lt;td&gt;Type of Data: &lt;input type=&quot;text&quot; id=&quot;field_block_0_field_3_typedata&quot; name=&quot;field_block_0_field_3_typedata&quot; value=&quot;V~O&quot; checked=&quot;checked&quot;&gt;&lt;/td&gt;		&lt;td&gt;Set PickList Values: &lt;textarea class=&quot;picklist_holder&quot; style=&quot;margin: 0px; height: 125px; max-width: 214px; id=&quot; field_block_0_field_3_picklist&quot;=&quot;&quot; name=&quot;field_block_0_field_3_picklist&quot; value=&quot;&quot; checked=&quot;checked&quot;&gt;&lt;/textarea&gt;&lt;/td&gt;		&lt;td&gt;Set Relationship: &lt;input type=&quot;text&quot; id=&quot;field_block_0_field_3_relationship&quot; name=&quot;field_block_0_field_3_relationship&quot; value=&quot;&quot; checked=&quot;checked&quot;&gt;&lt;/td&gt;		&lt;td&gt; Related List(include): &lt;input type=&quot;checkbox&quot; id=&quot;field_block_0_field_3_relatedlist&quot; name=&quot;field_block_0_field_3_relatedlist&quot; value=&quot;1&quot; checked=&quot;checked&quot;&gt;&lt;br&gt;Search List(include): &lt;input type=&quot;checkbox&quot; id=&quot;field_block_0_field_3_search&quot; name=&quot;field_block_0_field_3_search&quot; value=&quot;1&quot; checked=&quot;checked&quot;&gt;&lt;br&gt;List View(include): &lt;input type=&quot;checkbox&quot; id=&quot;field_block_0_field_3_listview&quot; name=&quot;field_block_0_field_3_listview&quot; value=&quot;field_block_0_field_3&quot; checked=&quot;checked&quot;&gt;&lt;br&gt;Module Identifier(atleast 1): &lt;input type=&quot;checkbox&quot; id=&quot;field_block_0_field_3_identifier&quot; name=&quot;field_block_0_field_3_identifier&quot; value=&quot;field_block_0_field_3&quot; checked=&quot;checked&quot;&gt;&lt;br&gt;List Link Field(only 1): &lt;input type=&quot;checkbox&quot; id=&quot;field_block_0_field_3_link&quot; name=&quot;field_block_0_field_3_link&quot; value=&quot;1&quot; checked=&quot;checked&quot;&gt;&lt;/td&gt;	&lt;/tr&gt;	&lt;/tbody&gt;&lt;/table&gt;&lt;button class=&quot;del_field&quot;&gt;remove&lt;/button&gt;&lt;/div&gt;&lt;/li&gt;&lt;li&gt;&lt;div class=&quot;fields&quot; id=&quot;field_block_0_field_4&quot;&gt;&lt;table&gt;	&lt;tbody&gt;&lt;tr&gt;		&lt;td&gt;Field Label: &lt;input type=&quot;text&quot; id=&quot;field_block_0_field_4_label&quot; name=&quot;field_block_0_field_4_label&quot; value=&quot;Purpose&quot; checked=&quot;checked&quot;&gt;&lt;/td&gt;		&lt;td&gt;Column Name / Field Name: &lt;input type=&quot;text&quot; id=&quot;field_block_0_field_4_columnname&quot; name=&quot;field_block_0_field_4_columnname&quot; value=&quot;a_purpose&quot; checked=&quot;checked&quot;&gt;&lt;/td&gt;		&lt;td&gt;UI Type: &lt;select class=&quot;uitype_select&quot; id=&quot;field_block_0_field_4^_^uitype&quot; name=&quot;field_block_0_field_4_uitype&quot; value=&quot;33&quot; checked=&quot;checked&quot;&gt;&lt;option value=&quot;0&quot;&gt;--&lt;/option&gt;&lt;option value=&quot;1&quot;&gt;Text&lt;/option&gt;&lt;option value=&quot;4&quot;&gt;Incremantal&lt;/option&gt;&lt;option value=&quot;7&quot;&gt;Number&lt;/option&gt;&lt;option value=&quot;71&quot;&gt;Currency&lt;/option&gt;&lt;option value=&quot;9&quot;&gt;Percent&lt;/option&gt;&lt;option value=&quot;5&quot;&gt;Date&lt;/option&gt;&lt;option value=&quot;13&quot;&gt;Email&lt;/option&gt;&lt;option value=&quot;11&quot;&gt;Phone&lt;/option&gt;&lt;option value=&quot;15&quot;&gt;Picklist&lt;/option&gt;&lt;option value=&quot;56&quot;&gt;Checkbox&lt;/option&gt;&lt;option value=&quot;21&quot;&gt;Textarea&lt;/option&gt;&lt;option value=&quot;33&quot; selected=&quot;selected&quot;&gt;Multi-Select-Box&lt;/option&gt;&lt;option value=&quot;26&quot;&gt;Folder&lt;/option&gt;&lt;option value=&quot;69&quot;&gt;Product Image&lt;/option&gt;&lt;option value=&quot;10&quot;&gt;Relation&lt;/option&gt;&lt;/select&gt;&lt;/td&gt;		&lt;td&gt;Column Type: &lt;input type=&quot;text&quot; id=&quot;field_block_0_field_4_columntype&quot; name=&quot;field_block_0_field_4_columntype&quot; value=&quot;TEXT&quot; checked=&quot;checked&quot;&gt;&lt;/td&gt;	&lt;/tr&gt;	&lt;tr&gt;		&lt;td&gt;Type of Data: &lt;input type=&quot;text&quot; id=&quot;field_block_0_field_4_typedata&quot; name=&quot;field_block_0_field_4_typedata&quot; value=&quot;V~O&quot; checked=&quot;checked&quot;&gt;&lt;/td&gt;		&lt;td&gt;Set PickList Values: &lt;textarea class=&quot;picklist_holder&quot; style=&quot;margin: 0px; height: 125px; max-width: 214px; id=&quot; field_block_0_field_4_picklist&quot;=&quot;&quot; name=&quot;field_block_0_field_4_picklist&quot; value=&quot;Monthly Dues\r\nConstruction Bond\r\nStreamer\r\nMembership Fee\r\nClubhouse Rental&quot; checked=&quot;checked&quot;&gt;Monthly Dues\r\nConstruction Bond\r\nStreamer\r\nMembership Fee\r\nClubhouse Rental&lt;/textarea&gt;&lt;/td&gt;		&lt;td&gt;Set Relationship: &lt;input type=&quot;text&quot; id=&quot;field_block_0_field_4_relationship&quot; name=&quot;field_block_0_field_4_relationship&quot; value=&quot;&quot; checked=&quot;checked&quot;&gt;&lt;/td&gt;		&lt;td&gt; Related List(include): &lt;input type=&quot;checkbox&quot; id=&quot;field_block_0_field_4_relatedlist&quot; name=&quot;field_block_0_field_4_relatedlist&quot; value=&quot;1&quot; checked=&quot;checked&quot;&gt;&lt;br&gt;Search List(include): &lt;input type=&quot;checkbox&quot; id=&quot;field_block_0_field_4_search&quot; name=&quot;field_block_0_field_4_search&quot; value=&quot;1&quot; checked=&quot;checked&quot;&gt;&lt;br&gt;List View(include): &lt;input type=&quot;checkbox&quot; id=&quot;field_block_0_field_4_listview&quot; name=&quot;field_block_0_field_4_listview&quot; value=&quot;field_block_0_field_4&quot; checked=&quot;checked&quot;&gt;&lt;br&gt;Module Identifier(atleast 1): &lt;input type=&quot;checkbox&quot; id=&quot;field_block_0_field_4_identifier&quot; name=&quot;field_block_0_field_4_identifier&quot; value=&quot;field_block_0_field_4&quot;&gt;&lt;br&gt;List Link Field(only 1): &lt;input type=&quot;checkbox&quot; id=&quot;field_block_0_field_4_link&quot; name=&quot;field_block_0_field_4_link&quot; value=&quot;1&quot;&gt;&lt;/td&gt;	&lt;/tr&gt;	&lt;/tbody&gt;&lt;/table&gt;&lt;button class=&quot;del_field&quot;&gt;remove&lt;/button&gt;&lt;/div&gt;&lt;/li&gt;&lt;li&gt;&lt;div class=&quot;fields&quot; id=&quot;field_block_0_field_5&quot;&gt;&lt;table&gt;	&lt;tbody&gt;&lt;tr&gt;		&lt;td&gt;Field Label: &lt;input type=&quot;text&quot; id=&quot;field_block_0_field_5_label&quot; name=&quot;field_block_0_field_5_label&quot; value=&quot;Amount&quot; checked=&quot;checked&quot;&gt;&lt;/td&gt;		&lt;td&gt;Column Name / Field Name: &lt;input type=&quot;text&quot; id=&quot;field_block_0_field_5_columnname&quot; name=&quot;field_block_0_field_5_columnname&quot; value=&quot;amount&quot; checked=&quot;checked&quot;&gt;&lt;/td&gt;		&lt;td&gt;UI Type: &lt;select class=&quot;uitype_select&quot; id=&quot;field_block_0_field_5^_^uitype&quot; name=&quot;field_block_0_field_5_uitype&quot; value=&quot;71&quot; checked=&quot;checked&quot;&gt;&lt;option value=&quot;0&quot;&gt;--&lt;/option&gt;&lt;option value=&quot;1&quot;&gt;Text&lt;/option&gt;&lt;option value=&quot;4&quot;&gt;Incremantal&lt;/option&gt;&lt;option value=&quot;7&quot;&gt;Number&lt;/option&gt;&lt;option value=&quot;71&quot; selected=&quot;selected&quot;&gt;Currency&lt;/option&gt;&lt;option value=&quot;9&quot;&gt;Percent&lt;/option&gt;&lt;option value=&quot;5&quot;&gt;Date&lt;/option&gt;&lt;option value=&quot;13&quot;&gt;Email&lt;/option&gt;&lt;option value=&quot;11&quot;&gt;Phone&lt;/option&gt;&lt;option value=&quot;15&quot;&gt;Picklist&lt;/option&gt;&lt;option value=&quot;56&quot;&gt;Checkbox&lt;/option&gt;&lt;option value=&quot;21&quot;&gt;Textarea&lt;/option&gt;&lt;option value=&quot;33&quot;&gt;Multi-Select-Box&lt;/option&gt;&lt;option value=&quot;26&quot;&gt;Folder&lt;/option&gt;&lt;option value=&quot;69&quot;&gt;Product Image&lt;/option&gt;&lt;option value=&quot;10&quot;&gt;Relation&lt;/option&gt;&lt;/select&gt;&lt;/td&gt;		&lt;td&gt;Column Type: &lt;input type=&quot;text&quot; id=&quot;field_block_0_field_5_columntype&quot; name=&quot;field_block_0_field_5_columntype&quot; value=&quot;DECIMAL(13,2)&quot; checked=&quot;checked&quot;&gt;&lt;/td&gt;	&lt;/tr&gt;	&lt;tr&gt;		&lt;td&gt;Type of Data: &lt;input type=&quot;text&quot; id=&quot;field_block_0_field_5_typedata&quot; name=&quot;field_block_0_field_5_typedata&quot; value=&quot;N~O~10,2&quot; checked=&quot;checked&quot;&gt;&lt;/td&gt;		&lt;td&gt;Set PickList Values: &lt;textarea class=&quot;picklist_holder&quot; style=&quot;margin: 0px; height: 125px; max-width: 214px; id=&quot; field_block_0_field_5_picklist&quot;=&quot;&quot; name=&quot;field_block_0_field_5_picklist&quot; value=&quot;&quot; checked=&quot;checked&quot;&gt;&lt;/textarea&gt;&lt;/td&gt;		&lt;td&gt;Set Relationship: &lt;input type=&quot;text&quot; id=&quot;field_block_0_field_5_relationship&quot; name=&quot;field_block_0_field_5_relationship&quot; value=&quot;&quot; checked=&quot;checked&quot;&gt;&lt;/td&gt;		&lt;td&gt; Related List(include): &lt;input type=&quot;checkbox&quot; id=&quot;field_block_0_field_5_relatedlist&quot; name=&quot;field_block_0_field_5_relatedlist&quot; value=&quot;1&quot; checked=&quot;checked&quot;&gt;&lt;br&gt;Search List(include): &lt;input type=&quot;checkbox&quot; id=&quot;field_block_0_field_5_search&quot; name=&quot;field_block_0_field_5_search&quot; value=&quot;1&quot; checked=&quot;checked&quot;&gt;&lt;br&gt;List View(include): &lt;input type=&quot;checkbox&quot; id=&quot;field_block_0_field_5_listview&quot; name=&quot;field_block_0_field_5_listview&quot; value=&quot;field_block_0_field_5&quot; checked=&quot;checked&quot;&gt;&lt;br&gt;Module Identifier(atleast 1): &lt;input type=&quot;checkbox&quot; id=&quot;field_block_0_field_5_identifier&quot; name=&quot;field_block_0_field_5_identifier&quot; value=&quot;field_block_0_field_5&quot;&gt;&lt;br&gt;List Link Field(only 1): &lt;input type=&quot;checkbox&quot; id=&quot;field_block_0_field_5_link&quot; name=&quot;field_block_0_field_5_link&quot; value=&quot;1&quot;&gt;&lt;/td&gt;	&lt;/tr&gt;	&lt;/tbody&gt;&lt;/table&gt;&lt;button class=&quot;del_field&quot;&gt;remove&lt;/button&gt;&lt;/div&gt;&lt;/li&gt;&lt;li&gt;&lt;div class=&quot;fields&quot; id=&quot;field_block_0_field_6&quot;&gt;&lt;table&gt;	&lt;tbody&gt;&lt;tr&gt;		&lt;td&gt;Field Label: &lt;input type=&quot;text&quot; id=&quot;field_block_0_field_6_label&quot; name=&quot;field_block_0_field_6_label&quot; value=&quot;Status&quot; checked=&quot;checked&quot;&gt;&lt;/td&gt;		&lt;td&gt;Column Name / Field Name: &lt;input type=&quot;text&quot; id=&quot;field_block_0_field_6_columnname&quot; name=&quot;field_block_0_field_6_columnname&quot; value=&quot;a_status&quot; checked=&quot;checked&quot;&gt;&lt;/td&gt;		&lt;td&gt;UI Type: &lt;select class=&quot;uitype_select&quot; id=&quot;field_block_0_field_6^_^uitype&quot; name=&quot;field_block_0_field_6_uitype&quot; value=&quot;15&quot; checked=&quot;checked&quot;&gt;&lt;option value=&quot;0&quot;&gt;--&lt;/option&gt;&lt;option value=&quot;1&quot;&gt;Text&lt;/option&gt;&lt;option value=&quot;4&quot;&gt;Incremantal&lt;/option&gt;&lt;option value=&quot;7&quot;&gt;Number&lt;/option&gt;&lt;option value=&quot;71&quot;&gt;Currency&lt;/option&gt;&lt;option value=&quot;9&quot;&gt;Percent&lt;/option&gt;&lt;option value=&quot;5&quot;&gt;Date&lt;/option&gt;&lt;option value=&quot;13&quot;&gt;Email&lt;/option&gt;&lt;option value=&quot;11&quot;&gt;Phone&lt;/option&gt;&lt;option value=&quot;15&quot; selected=&quot;selected&quot;&gt;Picklist&lt;/option&gt;&lt;option value=&quot;56&quot;&gt;Checkbox&lt;/option&gt;&lt;option value=&quot;21&quot;&gt;Textarea&lt;/option&gt;&lt;option value=&quot;33&quot;&gt;Multi-Select-Box&lt;/option&gt;&lt;option value=&quot;26&quot;&gt;Folder&lt;/option&gt;&lt;option value=&quot;69&quot;&gt;Product Image&lt;/option&gt;&lt;option value=&quot;10&quot;&gt;Relation&lt;/option&gt;&lt;/select&gt;&lt;/td&gt;		&lt;td&gt;Column Type: &lt;input type=&quot;text&quot; id=&quot;field_block_0_field_6_columntype&quot; name=&quot;field_block_0_field_6_columntype&quot; value=&quot;VARCHAR(255)&quot; checked=&quot;checked&quot;&gt;&lt;/td&gt;	&lt;/tr&gt;	&lt;tr&gt;		&lt;td&gt;Type of Data: &lt;input type=&quot;text&quot; id=&quot;field_block_0_field_6_typedata&quot; name=&quot;field_block_0_field_6_typedata&quot; value=&quot;V~O&quot; checked=&quot;checked&quot;&gt;&lt;/td&gt;		&lt;td&gt;Set PickList Values: &lt;textarea class=&quot;picklist_holder&quot; style=&quot;margin: 0px; height: 125px; max-width: 214px; id=&quot; field_block_0_field_6_picklist&quot;=&quot;&quot; name=&quot;field_block_0_field_6_picklist&quot; value=&quot;Active\r\nInactive&quot; checked=&quot;checked&quot;&gt;Active\r\nInactive&lt;/textarea&gt;&lt;/td&gt;		&lt;td&gt;Set Relationship: &lt;input type=&quot;text&quot; id=&quot;field_block_0_field_6_relationship&quot; name=&quot;field_block_0_field_6_relationship&quot; value=&quot;&quot; checked=&quot;checked&quot;&gt;&lt;/td&gt;		&lt;td&gt; Related List(include): &lt;input type=&quot;checkbox&quot; id=&quot;field_block_0_field_6_relatedlist&quot; name=&quot;field_block_0_field_6_relatedlist&quot; value=&quot;1&quot; checked=&quot;checked&quot;&gt;&lt;br&gt;Search List(include): &lt;input type=&quot;checkbox&quot; id=&quot;field_block_0_field_6_search&quot; name=&quot;field_block_0_field_6_search&quot; value=&quot;1&quot; checked=&quot;checked&quot;&gt;&lt;br&gt;List View(include): &lt;input type=&quot;checkbox&quot; id=&quot;field_block_0_field_6_listview&quot; name=&quot;field_block_0_field_6_listview&quot; value=&quot;field_block_0_field_6&quot; checked=&quot;checked&quot;&gt;&lt;br&gt;Module Identifier(atleast 1): &lt;input type=&quot;checkbox&quot; id=&quot;field_block_0_field_6_identifier&quot; name=&quot;field_block_0_field_6_identifier&quot; value=&quot;field_block_0_field_6&quot;&gt;&lt;br&gt;List Link Field(only 1): &lt;input type=&quot;checkbox&quot; id=&quot;field_block_0_field_6_link&quot; name=&quot;field_block_0_field_6_link&quot; value=&quot;1&quot;&gt;&lt;/td&gt;	&lt;/tr&gt;	&lt;/tbody&gt;&lt;/table&gt;&lt;button class=&quot;del_field&quot;&gt;remove&lt;/button&gt;&lt;/div&gt;&lt;/li&gt;&lt;li&gt;&lt;div class=&quot;fields&quot; id=&quot;field_block_0_field_7&quot;&gt;&lt;table&gt;	&lt;tbody&gt;&lt;tr&gt;		&lt;td&gt;Field Label: &lt;input type=&quot;text&quot; id=&quot;field_block_0_field_7_label&quot; name=&quot;field_block_0_field_7_label&quot; value=&quot;Homeowner&quot; checked=&quot;checked&quot;&gt;&lt;/td&gt;		&lt;td&gt;Column Name / Field Name: &lt;input type=&quot;text&quot; id=&quot;field_block_0_field_7_columnname&quot; name=&quot;field_block_0_field_7_columnname&quot; value=&quot;homeowner&quot; checked=&quot;checked&quot;&gt;&lt;/td&gt;		&lt;td&gt;UI Type: &lt;select class=&quot;uitype_select&quot; id=&quot;field_block_0_field_7^_^uitype&quot; name=&quot;field_block_0_field_7_uitype&quot; value=&quot;10&quot; checked=&quot;checked&quot;&gt;&lt;option value=&quot;0&quot;&gt;--&lt;/option&gt;&lt;option value=&quot;1&quot;&gt;Text&lt;/option&gt;&lt;option value=&quot;4&quot;&gt;Incremantal&lt;/option&gt;&lt;option value=&quot;7&quot;&gt;Number&lt;/option&gt;&lt;option value=&quot;71&quot;&gt;Currency&lt;/option&gt;&lt;option value=&quot;9&quot;&gt;Percent&lt;/option&gt;&lt;option value=&quot;5&quot;&gt;Date&lt;/option&gt;&lt;option value=&quot;13&quot;&gt;Email&lt;/option&gt;&lt;option value=&quot;11&quot;&gt;Phone&lt;/option&gt;&lt;option value=&quot;15&quot;&gt;Picklist&lt;/option&gt;&lt;option value=&quot;56&quot;&gt;Checkbox&lt;/option&gt;&lt;option value=&quot;21&quot;&gt;Textarea&lt;/option&gt;&lt;option value=&quot;33&quot;&gt;Multi-Select-Box&lt;/option&gt;&lt;option value=&quot;26&quot;&gt;Folder&lt;/option&gt;&lt;option value=&quot;69&quot;&gt;Product Image&lt;/option&gt;&lt;option value=&quot;10&quot; selected=&quot;selected&quot;&gt;Relation&lt;/option&gt;&lt;/select&gt;&lt;/td&gt;		&lt;td&gt;Column Type: &lt;input type=&quot;text&quot; id=&quot;field_block_0_field_7_columntype&quot; name=&quot;field_block_0_field_7_columntype&quot; value=&quot;VARCHAR(20)&quot; checked=&quot;checked&quot;&gt;&lt;/td&gt;	&lt;/tr&gt;	&lt;tr&gt;		&lt;td&gt;Type of Data: &lt;input type=&quot;text&quot; id=&quot;field_block_0_field_7_typedata&quot; name=&quot;field_block_0_field_7_typedata&quot; value=&quot;V~O&quot; checked=&quot;checked&quot;&gt;&lt;/td&gt;		&lt;td&gt;Set PickList Values: &lt;textarea class=&quot;picklist_holder&quot; style=&quot;margin: 0px; height: 125px; max-width: 214px; id=&quot; field_block_0_field_7_picklist&quot;=&quot;&quot; name=&quot;field_block_0_field_7_picklist&quot; value=&quot;&quot; checked=&quot;checked&quot;&gt;&lt;/textarea&gt;&lt;/td&gt;		&lt;td&gt;Set Relationship: &lt;input type=&quot;text&quot; id=&quot;field_block_0_field_7_relationship&quot; name=&quot;field_block_0_field_7_relationship&quot; value=&quot;HomeOwner&quot; checked=&quot;checked&quot;&gt;&lt;/td&gt;		&lt;td&gt; Related List(include): &lt;input type=&quot;checkbox&quot; id=&quot;field_block_0_field_7_relatedlist&quot; name=&quot;field_block_0_field_7_relatedlist&quot; value=&quot;1&quot; checked=&quot;checked&quot;&gt;&lt;br&gt;Search List(include): &lt;input type=&quot;checkbox&quot; id=&quot;field_block_0_field_7_search&quot; name=&quot;field_block_0_field_7_search&quot; value=&quot;1&quot; checked=&quot;checked&quot;&gt;&lt;br&gt;List View(include): &lt;input type=&quot;checkbox&quot; id=&quot;field_block_0_field_7_listview&quot; name=&quot;field_block_0_field_7_listview&quot; value=&quot;field_block_0_field_7&quot; checked=&quot;checked&quot;&gt;&lt;br&gt;Module Identifier(atleast 1): &lt;input type=&quot;checkbox&quot; id=&quot;field_block_0_field_7_identifier&quot; name=&quot;field_block_0_field_7_identifier&quot; value=&quot;field_block_0_field_7&quot;&gt;&lt;br&gt;List Link Field(only 1): &lt;input type=&quot;checkbox&quot; id=&quot;field_block_0_field_7_link&quot; name=&quot;field_block_0_field_7_link&quot; value=&quot;1&quot;&gt;&lt;/td&gt;	&lt;/tr&gt;	&lt;/tbody&gt;&lt;/table&gt;&lt;button class=&quot;del_field&quot;&gt;remove&lt;/button&gt;&lt;/div&gt;&lt;/li&gt;&lt;/ul&gt;\r\n				&lt;/div&gt;\r\n				&lt;button class=&quot;add_field&quot; id=&quot;field_block_0&quot;&gt;add_field&lt;/button&gt;\r\n				\r\n			&lt;/div&gt;\r\n		&lt;/div&gt;\r\n	&lt;textarea name=&quot;field_block_container&quot; id=&quot;field_block_container&quot; style=&quot;display:none&quot; value=&quot;&quot; checked=&quot;checked&quot;&gt;&lt;/textarea&gt;		');
INSERT INTO `vtiger_modulefileholder` (`id`, `modulename`, `html`) VALUES
(7, 'MemoAdvice', '\r\n			&lt;br&gt;\r\nModule Name: &lt;input type=&quot;text&quot; name=&quot;module_name&quot; id=&quot;module_name&quot; value=&quot;MemoAdvice&quot; checked=&quot;checked&quot;&gt;\r\nParent Name: &lt;input type=&quot;text&quot; name=&quot;parent_name&quot; id=&quot;parent_name&quot; value=&quot;Analytics&quot; checked=&quot;checked&quot;&gt;\r\n	&lt;div id=&quot;blocks_container&quot;&gt; \r\n		&lt;input type=&quot;hidden&quot; id=&quot;block_counter&quot; value=&quot;0&quot;&gt;\r\n		\r\n			&lt;div class=&quot;block&quot; id=&quot;block_0&quot;&gt;\r\n			Block Name: &lt;input type=&quot;text&quot; name=&quot;block_0_name&quot; id=&quot;block_0_name&quot; value=&quot;General Information&quot; checked=&quot;checked&quot;&gt;\r\n			&lt;br&gt;\r\n				\r\n				&lt;input type=&quot;hidden&quot; id=&quot;counter_field_block_0&quot; value=&quot;10&quot;&gt;\r\n				\r\n				&lt;div id=&quot;container_field_block_0&quot;&gt;\r\n					&lt;ul class=&quot;sortable ui-sortable&quot;&gt;\r\n						&lt;li&gt;\r\n						&lt;div class=&quot;fields&quot; id=&quot;field_block_0_field_0&quot;&gt;\r\n							&lt;table&gt;\r\n							&lt;tbody&gt;&lt;tr&gt;\r\n								&lt;td&gt;Field Label: &lt;input type=&quot;text&quot; id=&quot;field_block_0_field_0_label&quot; name=&quot;field_block_0_field_0_label&quot; value=&quot;Created Time&quot; checked=&quot;checked&quot;&gt;&lt;/td&gt;\r\n								&lt;td&gt;Field Name: &lt;input type=&quot;text&quot; id=&quot;field_block_0_field_0_name&quot; name=&quot;field_block_0_field_0_fieldname&quot; value=&quot;CreatedTime&quot; checked=&quot;checked&quot;&gt;&lt;/td&gt;\r\n								&lt;td&gt;Column Name: &lt;input type=&quot;text&quot; id=&quot;field_block_0_field_0_columnname&quot; name=&quot;field_block_0_field_0_columnname&quot; value=&quot;createdtime&quot; checked=&quot;checked&quot;&gt;&lt;/td&gt;\r\n							&lt;/tr&gt;\r\n							&lt;tr&gt;\r\n								&lt;td&gt;Table: &lt;input type=&quot;text&quot; id=&quot;field_block_0_field_0_table&quot; name=&quot;field_block_0_field_0_table&quot; value=&quot;vtiger_crmentity&quot; checked=&quot;checked&quot;&gt;&lt;/td&gt;\r\n								&lt;td&gt;UI Type: &lt;input type=&quot;text&quot; id=&quot;field_block_0_field_0_uitype&quot; name=&quot;field_block_0_field_0_uitype&quot; value=&quot;70&quot; checked=&quot;checked&quot;&gt;&lt;/td&gt;\r\n								&lt;td&gt;Type of Data: &lt;input type=&quot;text&quot; id=&quot;field_block_0_field_0_typedata&quot; name=&quot;field_block_0_field_0_typedata&quot; value=&quot;T~O&quot; checked=&quot;checked&quot;&gt;&lt;/td&gt;\r\n								&lt;td&gt;Display Type: &lt;input type=&quot;text&quot; id=&quot;field_block_0_field_0_displaytype&quot; name=&quot;field_block_0_field_0_displaytype&quot; value=&quot;2&quot; checked=&quot;checked&quot;&gt;&lt;/td&gt;\r\n							&lt;/tr&gt;\r\n							&lt;/tbody&gt;&lt;/table&gt;\r\n						&lt;/div&gt;\r\n						&lt;/li&gt;\r\n						&lt;li&gt;\r\n						&lt;div class=&quot;fields&quot; id=&quot;field_block_0_field_1&quot;&gt;\r\n							&lt;table&gt;\r\n							&lt;tbody&gt;&lt;tr&gt;\r\n								&lt;td&gt;Field Label: &lt;input type=&quot;text&quot; id=&quot;field_block_0_field_1_label&quot; name=&quot;field_block_0_field_1_label&quot; value=&quot;Modified Time&quot; checked=&quot;checked&quot;&gt;&lt;/td&gt;\r\n								&lt;td&gt;Field Name: &lt;input type=&quot;text&quot; id=&quot;field_block_0_field_1_name&quot; name=&quot;field_block_0_field_1_fieldname&quot; value=&quot;ModifiedTime&quot; checked=&quot;checked&quot;&gt;&lt;/td&gt;\r\n								&lt;td&gt;Column Name: &lt;input type=&quot;text&quot; id=&quot;field_block_0_field_1_columnname&quot; name=&quot;field_block_0_field_1_columnname&quot; value=&quot;modifiedtime&quot; checked=&quot;checked&quot;&gt;&lt;/td&gt;\r\n							&lt;/tr&gt;\r\n							&lt;tr&gt;\r\n								&lt;td&gt;Table: &lt;input type=&quot;text&quot; id=&quot;field_block_0_field_1_table&quot; name=&quot;field_block_0_field_1_table&quot; value=&quot;vtiger_crmentity&quot; checked=&quot;checked&quot;&gt;&lt;/td&gt;\r\n								&lt;td&gt;UI Type: &lt;input type=&quot;text&quot; id=&quot;field_block_0_field_1_uitype&quot; name=&quot;field_block_0_field_1_uitype&quot; value=&quot;70&quot; checked=&quot;checked&quot;&gt;&lt;/td&gt;\r\n								&lt;td&gt;Type of Data: &lt;input type=&quot;text&quot; id=&quot;field_block_0_field_1_typedata&quot; name=&quot;field_block_0_field_1_typedata&quot; value=&quot;T~O&quot; checked=&quot;checked&quot;&gt;&lt;/td&gt;\r\n								&lt;td&gt;Display Type: &lt;input type=&quot;text&quot; id=&quot;field_block_0_field_1_displaytype&quot; name=&quot;field_block_0_field_1_displaytype&quot; value=&quot;2&quot; checked=&quot;checked&quot;&gt;&lt;/td&gt;\r\n							&lt;/tr&gt;\r\n							&lt;/tbody&gt;&lt;/table&gt;\r\n						&lt;/div&gt;\r\n						&lt;/li&gt;\r\n						&lt;li&gt;\r\n						&lt;div class=&quot;fields&quot; id=&quot;field_block_0_field_2&quot;&gt;\r\n							&lt;table&gt;\r\n							&lt;tbody&gt;&lt;tr&gt;\r\n								&lt;td&gt;Field Label: &lt;input type=&quot;text&quot; id=&quot;field_block_0_field_2_label&quot; name=&quot;field_block_0_field_2_label&quot; value=&quot;Assigned To&quot; checked=&quot;checked&quot;&gt;&lt;/td&gt;\r\n								&lt;td&gt;Field Name: &lt;input type=&quot;text&quot; id=&quot;field_block_0_field_2_fieldname&quot; name=&quot;field_block_0_field_2_fieldname&quot; value=&quot;assigned_user_id&quot; checked=&quot;checked&quot;&gt;&lt;/td&gt;\r\n								&lt;td&gt;Column Name: &lt;input type=&quot;text&quot; id=&quot;field_block_0_field_2_columnname&quot; name=&quot;field_block_0_field_2_columnname&quot; value=&quot;smownerid&quot; checked=&quot;checked&quot;&gt;&lt;/td&gt;\r\n								&lt;td&gt;UI Type: &lt;input type=&quot;text&quot; id=&quot;field_block_0_field_2_uitype&quot; name=&quot;field_block_0_field_2_uitype&quot; value=&quot;53&quot; checked=&quot;checked&quot;&gt;&lt;/td&gt;\r\n							&lt;/tr&gt;\r\n							&lt;tr&gt;\r\n								&lt;td&gt;Table: &lt;input type=&quot;text&quot; id=&quot;field_block_0_field_2_table&quot; name=&quot;field_block_0_field_2_table&quot; value=&quot;vtiger_crmentity&quot; checked=&quot;checked&quot;&gt;&lt;/td&gt;\r\n								&lt;td&gt;Type of Data: &lt;input type=&quot;text&quot; id=&quot;field_block_0_field_2_typedata&quot; name=&quot;field_block_0_field_2_typedata&quot; value=&quot;V~M&quot; checked=&quot;checked&quot;&gt;&lt;/td&gt;\r\n							&lt;/tr&gt;\r\n							&lt;/tbody&gt;&lt;/table&gt;\r\n						&lt;/div&gt;\r\n						&lt;/li&gt;\r\n					&lt;li&gt;&lt;div class=&quot;fields&quot; id=&quot;field_block_0_field_3&quot;&gt;&lt;table&gt;	&lt;tbody&gt;&lt;tr&gt;		&lt;td&gt;Field Label: &lt;input type=&quot;text&quot; id=&quot;field_block_0_field_3_label&quot; name=&quot;field_block_0_field_3_label&quot; value=&quot;Memo Advice No.&quot; checked=&quot;checked&quot;&gt;&lt;/td&gt;		&lt;td&gt;Column Name / Field Name: &lt;input type=&quot;text&quot; id=&quot;field_block_0_field_3_columnname&quot; name=&quot;field_block_0_field_3_columnname&quot; value=&quot;memo_no&quot; checked=&quot;checked&quot;&gt;&lt;/td&gt;		&lt;td&gt;UI Type: &lt;select class=&quot;uitype_select&quot; id=&quot;field_block_0_field_3^_^uitype&quot; name=&quot;field_block_0_field_3_uitype&quot; value=&quot;4&quot; checked=&quot;checked&quot;&gt;&lt;option value=&quot;0&quot;&gt;--&lt;/option&gt;&lt;option value=&quot;1&quot;&gt;Text&lt;/option&gt;&lt;option value=&quot;4&quot; selected=&quot;selected&quot;&gt;Incremantal&lt;/option&gt;&lt;option value=&quot;7&quot;&gt;Number&lt;/option&gt;&lt;option value=&quot;71&quot;&gt;Currency&lt;/option&gt;&lt;option value=&quot;9&quot;&gt;Percent&lt;/option&gt;&lt;option value=&quot;5&quot;&gt;Date&lt;/option&gt;&lt;option value=&quot;13&quot;&gt;Email&lt;/option&gt;&lt;option value=&quot;11&quot;&gt;Phone&lt;/option&gt;&lt;option value=&quot;15&quot;&gt;Picklist&lt;/option&gt;&lt;option value=&quot;56&quot;&gt;Checkbox&lt;/option&gt;&lt;option value=&quot;21&quot;&gt;Textarea&lt;/option&gt;&lt;option value=&quot;33&quot;&gt;Multi-Select-Box&lt;/option&gt;&lt;option value=&quot;26&quot;&gt;Folder&lt;/option&gt;&lt;option value=&quot;69&quot;&gt;Product Image&lt;/option&gt;&lt;option value=&quot;10&quot;&gt;Relation&lt;/option&gt;&lt;/select&gt;&lt;/td&gt;		&lt;td&gt;Column Type: &lt;input type=&quot;text&quot; id=&quot;field_block_0_field_3_columntype&quot; name=&quot;field_block_0_field_3_columntype&quot; value=&quot;VARCHAR(100)&quot; checked=&quot;checked&quot;&gt;&lt;/td&gt;	&lt;/tr&gt;	&lt;tr&gt;		&lt;td&gt;Type of Data: &lt;input type=&quot;text&quot; id=&quot;field_block_0_field_3_typedata&quot; name=&quot;field_block_0_field_3_typedata&quot; value=&quot;V~O&quot; checked=&quot;checked&quot;&gt;&lt;/td&gt;		&lt;td&gt;Set PickList Values: &lt;textarea class=&quot;picklist_holder&quot; style=&quot;margin: 0px; height: 125px; max-width: 214px; id=&quot; field_block_0_field_3_picklist&quot;=&quot;&quot; name=&quot;field_block_0_field_3_picklist&quot; value=&quot;&quot; checked=&quot;checked&quot;&gt;&lt;/textarea&gt;&lt;/td&gt;		&lt;td&gt;Set Relationship: &lt;input type=&quot;text&quot; id=&quot;field_block_0_field_3_relationship&quot; name=&quot;field_block_0_field_3_relationship&quot; value=&quot;&quot; checked=&quot;checked&quot;&gt;&lt;/td&gt;		&lt;td&gt; Related List(include): &lt;input type=&quot;checkbox&quot; id=&quot;field_block_0_field_3_relatedlist&quot; name=&quot;field_block_0_field_3_relatedlist&quot; value=&quot;1&quot; checked=&quot;checked&quot;&gt;&lt;br&gt;Search List(include): &lt;input type=&quot;checkbox&quot; id=&quot;field_block_0_field_3_search&quot; name=&quot;field_block_0_field_3_search&quot; value=&quot;1&quot; checked=&quot;checked&quot;&gt;&lt;br&gt;List View(include): &lt;input type=&quot;checkbox&quot; id=&quot;field_block_0_field_3_listview&quot; name=&quot;field_block_0_field_3_listview&quot; value=&quot;field_block_0_field_3&quot; checked=&quot;checked&quot;&gt;&lt;br&gt;Module Identifier(atleast 1): &lt;input type=&quot;checkbox&quot; id=&quot;field_block_0_field_3_identifier&quot; name=&quot;field_block_0_field_3_identifier&quot; value=&quot;field_block_0_field_3&quot; checked=&quot;checked&quot;&gt;&lt;br&gt;List Link Field(only 1): &lt;input type=&quot;checkbox&quot; id=&quot;field_block_0_field_3_link&quot; name=&quot;field_block_0_field_3_link&quot; value=&quot;1&quot; checked=&quot;checked&quot;&gt;&lt;/td&gt;	&lt;/tr&gt;	&lt;/tbody&gt;&lt;/table&gt;&lt;button class=&quot;del_field&quot;&gt;remove&lt;/button&gt;&lt;/div&gt;&lt;/li&gt;&lt;li&gt;&lt;div class=&quot;fields&quot; id=&quot;field_block_0_field_4&quot;&gt;&lt;table&gt;	&lt;tbody&gt;&lt;tr&gt;		&lt;td&gt;Field Label: &lt;input type=&quot;text&quot; id=&quot;field_block_0_field_4_label&quot; name=&quot;field_block_0_field_4_label&quot; value=&quot;Purpose&quot; checked=&quot;checked&quot;&gt;&lt;/td&gt;		&lt;td&gt;Column Name / Field Name: &lt;input type=&quot;text&quot; id=&quot;field_block_0_field_4_columnname&quot; name=&quot;field_block_0_field_4_columnname&quot; value=&quot;ma_purpose&quot; checked=&quot;checked&quot;&gt;&lt;/td&gt;		&lt;td&gt;UI Type: &lt;select class=&quot;uitype_select&quot; id=&quot;field_block_0_field_4^_^uitype&quot; name=&quot;field_block_0_field_4_uitype&quot; value=&quot;15&quot; checked=&quot;checked&quot;&gt;&lt;option value=&quot;0&quot;&gt;--&lt;/option&gt;&lt;option value=&quot;1&quot;&gt;Text&lt;/option&gt;&lt;option value=&quot;4&quot;&gt;Incremantal&lt;/option&gt;&lt;option value=&quot;7&quot;&gt;Number&lt;/option&gt;&lt;option value=&quot;71&quot;&gt;Currency&lt;/option&gt;&lt;option value=&quot;9&quot;&gt;Percent&lt;/option&gt;&lt;option value=&quot;5&quot;&gt;Date&lt;/option&gt;&lt;option value=&quot;13&quot;&gt;Email&lt;/option&gt;&lt;option value=&quot;11&quot;&gt;Phone&lt;/option&gt;&lt;option value=&quot;15&quot; selected=&quot;selected&quot;&gt;Picklist&lt;/option&gt;&lt;option value=&quot;56&quot;&gt;Checkbox&lt;/option&gt;&lt;option value=&quot;21&quot;&gt;Textarea&lt;/option&gt;&lt;option value=&quot;33&quot;&gt;Multi-Select-Box&lt;/option&gt;&lt;option value=&quot;26&quot;&gt;Folder&lt;/option&gt;&lt;option value=&quot;69&quot;&gt;Product Image&lt;/option&gt;&lt;option value=&quot;10&quot;&gt;Relation&lt;/option&gt;&lt;/select&gt;&lt;/td&gt;		&lt;td&gt;Column Type: &lt;input type=&quot;text&quot; id=&quot;field_block_0_field_4_columntype&quot; name=&quot;field_block_0_field_4_columntype&quot; value=&quot;VARCHAR(255)&quot; checked=&quot;checked&quot;&gt;&lt;/td&gt;	&lt;/tr&gt;	&lt;tr&gt;		&lt;td&gt;Type of Data: &lt;input type=&quot;text&quot; id=&quot;field_block_0_field_4_typedata&quot; name=&quot;field_block_0_field_4_typedata&quot; value=&quot;V~O&quot; checked=&quot;checked&quot;&gt;&lt;/td&gt;		&lt;td&gt;Set PickList Values: &lt;textarea class=&quot;picklist_holder&quot; style=&quot;margin: 0px; height: 125px; max-width: 214px; id=&quot; field_block_0_field_4_picklist&quot;=&quot;&quot; name=&quot;field_block_0_field_4_picklist&quot; value=&quot;- Select - \r\nConstruction Bond\r\nStreamer\r\nMembership Fee\r\nClubhouse Rental&quot; checked=&quot;checked&quot;&gt;- Select - \r\nConstruction Bond\r\nStreamer\r\nMembership Fee\r\nClubhouse Rental&lt;/textarea&gt;&lt;/td&gt;		&lt;td&gt;Set Relationship: &lt;input type=&quot;text&quot; id=&quot;field_block_0_field_4_relationship&quot; name=&quot;field_block_0_field_4_relationship&quot; value=&quot;&quot; checked=&quot;checked&quot;&gt;&lt;/td&gt;		&lt;td&gt; Related List(include): &lt;input type=&quot;checkbox&quot; id=&quot;field_block_0_field_4_relatedlist&quot; name=&quot;field_block_0_field_4_relatedlist&quot; value=&quot;1&quot; checked=&quot;checked&quot;&gt;&lt;br&gt;Search List(include): &lt;input type=&quot;checkbox&quot; id=&quot;field_block_0_field_4_search&quot; name=&quot;field_block_0_field_4_search&quot; value=&quot;1&quot; checked=&quot;checked&quot;&gt;&lt;br&gt;List View(include): &lt;input type=&quot;checkbox&quot; id=&quot;field_block_0_field_4_listview&quot; name=&quot;field_block_0_field_4_listview&quot; value=&quot;field_block_0_field_4&quot; checked=&quot;checked&quot;&gt;&lt;br&gt;Module Identifier(atleast 1): &lt;input type=&quot;checkbox&quot; id=&quot;field_block_0_field_4_identifier&quot; name=&quot;field_block_0_field_4_identifier&quot; value=&quot;field_block_0_field_4&quot;&gt;&lt;br&gt;List Link Field(only 1): &lt;input type=&quot;checkbox&quot; id=&quot;field_block_0_field_4_link&quot; name=&quot;field_block_0_field_4_link&quot; value=&quot;1&quot;&gt;&lt;/td&gt;	&lt;/tr&gt;	&lt;/tbody&gt;&lt;/table&gt;&lt;button class=&quot;del_field&quot;&gt;remove&lt;/button&gt;&lt;/div&gt;&lt;/li&gt;&lt;li&gt;&lt;div class=&quot;fields&quot; id=&quot;field_block_0_field_5&quot;&gt;&lt;table&gt;	&lt;tbody&gt;&lt;tr&gt;		&lt;td&gt;Field Label: &lt;input type=&quot;text&quot; id=&quot;field_block_0_field_5_label&quot; name=&quot;field_block_0_field_5_label&quot; value=&quot;Homeowner No.&quot; checked=&quot;checked&quot;&gt;&lt;/td&gt;		&lt;td&gt;Column Name / Field Name: &lt;input type=&quot;text&quot; id=&quot;field_block_0_field_5_columnname&quot; name=&quot;field_block_0_field_5_columnname&quot; value=&quot;homeowner&quot; checked=&quot;checked&quot;&gt;&lt;/td&gt;		&lt;td&gt;UI Type: &lt;select class=&quot;uitype_select&quot; id=&quot;field_block_0_field_5^_^uitype&quot; name=&quot;field_block_0_field_5_uitype&quot; value=&quot;10&quot; checked=&quot;checked&quot;&gt;&lt;option value=&quot;0&quot;&gt;--&lt;/option&gt;&lt;option value=&quot;1&quot;&gt;Text&lt;/option&gt;&lt;option value=&quot;4&quot;&gt;Incremantal&lt;/option&gt;&lt;option value=&quot;7&quot;&gt;Number&lt;/option&gt;&lt;option value=&quot;71&quot;&gt;Currency&lt;/option&gt;&lt;option value=&quot;9&quot;&gt;Percent&lt;/option&gt;&lt;option value=&quot;5&quot;&gt;Date&lt;/option&gt;&lt;option value=&quot;13&quot;&gt;Email&lt;/option&gt;&lt;option value=&quot;11&quot;&gt;Phone&lt;/option&gt;&lt;option value=&quot;15&quot;&gt;Picklist&lt;/option&gt;&lt;option value=&quot;56&quot;&gt;Checkbox&lt;/option&gt;&lt;option value=&quot;21&quot;&gt;Textarea&lt;/option&gt;&lt;option value=&quot;33&quot;&gt;Multi-Select-Box&lt;/option&gt;&lt;option value=&quot;26&quot;&gt;Folder&lt;/option&gt;&lt;option value=&quot;69&quot;&gt;Product Image&lt;/option&gt;&lt;option value=&quot;10&quot; selected=&quot;selected&quot;&gt;Relation&lt;/option&gt;&lt;/select&gt;&lt;/td&gt;		&lt;td&gt;Column Type: &lt;input type=&quot;text&quot; id=&quot;field_block_0_field_5_columntype&quot; name=&quot;field_block_0_field_5_columntype&quot; value=&quot;VARCHAR(20)&quot; checked=&quot;checked&quot;&gt;&lt;/td&gt;	&lt;/tr&gt;	&lt;tr&gt;		&lt;td&gt;Type of Data: &lt;input type=&quot;text&quot; id=&quot;field_block_0_field_5_typedata&quot; name=&quot;field_block_0_field_5_typedata&quot; value=&quot;V~O&quot; checked=&quot;checked&quot;&gt;&lt;/td&gt;		&lt;td&gt;Set PickList Values: &lt;textarea class=&quot;picklist_holder&quot; style=&quot;margin: 0px; height: 125px; max-width: 214px; id=&quot; field_block_0_field_5_picklist&quot;=&quot;&quot; name=&quot;field_block_0_field_5_picklist&quot; value=&quot;&quot; checked=&quot;checked&quot;&gt;&lt;/textarea&gt;&lt;/td&gt;		&lt;td&gt;Set Relationship: &lt;input type=&quot;text&quot; id=&quot;field_block_0_field_5_relationship&quot; name=&quot;field_block_0_field_5_relationship&quot; value=&quot;HomeOwner&quot; checked=&quot;checked&quot;&gt;&lt;/td&gt;		&lt;td&gt; Related List(include): &lt;input type=&quot;checkbox&quot; id=&quot;field_block_0_field_5_relatedlist&quot; name=&quot;field_block_0_field_5_relatedlist&quot; value=&quot;1&quot; checked=&quot;checked&quot;&gt;&lt;br&gt;Search List(include): &lt;input type=&quot;checkbox&quot; id=&quot;field_block_0_field_5_search&quot; name=&quot;field_block_0_field_5_search&quot; value=&quot;1&quot; checked=&quot;checked&quot;&gt;&lt;br&gt;List View(include): &lt;input type=&quot;checkbox&quot; id=&quot;field_block_0_field_5_listview&quot; name=&quot;field_block_0_field_5_listview&quot; value=&quot;field_block_0_field_5&quot; checked=&quot;checked&quot;&gt;&lt;br&gt;Module Identifier(atleast 1): &lt;input type=&quot;checkbox&quot; id=&quot;field_block_0_field_5_identifier&quot; name=&quot;field_block_0_field_5_identifier&quot; value=&quot;field_block_0_field_5&quot;&gt;&lt;br&gt;List Link Field(only 1): &lt;input type=&quot;checkbox&quot; id=&quot;field_block_0_field_5_link&quot; name=&quot;field_block_0_field_5_link&quot; value=&quot;1&quot;&gt;&lt;/td&gt;	&lt;/tr&gt;	&lt;/tbody&gt;&lt;/table&gt;&lt;button class=&quot;del_field&quot;&gt;remove&lt;/button&gt;&lt;/div&gt;&lt;/li&gt;&lt;li&gt;&lt;div class=&quot;fields&quot; id=&quot;field_block_0_field_6&quot;&gt;&lt;table&gt;	&lt;tbody&gt;&lt;tr&gt;		&lt;td&gt;Field Label: &lt;input type=&quot;text&quot; id=&quot;field_block_0_field_6_label&quot; name=&quot;field_block_0_field_6_label&quot; value=&quot;Payment No.&quot; checked=&quot;checked&quot;&gt;&lt;/td&gt;		&lt;td&gt;Column Name / Field Name: &lt;input type=&quot;text&quot; id=&quot;field_block_0_field_6_columnname&quot; name=&quot;field_block_0_field_6_columnname&quot; value=&quot;payment&quot; checked=&quot;checked&quot;&gt;&lt;/td&gt;		&lt;td&gt;UI Type: &lt;select class=&quot;uitype_select&quot; id=&quot;field_block_0_field_6^_^uitype&quot; name=&quot;field_block_0_field_6_uitype&quot; value=&quot;10&quot; checked=&quot;checked&quot;&gt;&lt;option value=&quot;0&quot;&gt;--&lt;/option&gt;&lt;option value=&quot;1&quot;&gt;Text&lt;/option&gt;&lt;option value=&quot;4&quot;&gt;Incremantal&lt;/option&gt;&lt;option value=&quot;7&quot;&gt;Number&lt;/option&gt;&lt;option value=&quot;71&quot;&gt;Currency&lt;/option&gt;&lt;option value=&quot;9&quot;&gt;Percent&lt;/option&gt;&lt;option value=&quot;5&quot;&gt;Date&lt;/option&gt;&lt;option value=&quot;13&quot;&gt;Email&lt;/option&gt;&lt;option value=&quot;11&quot;&gt;Phone&lt;/option&gt;&lt;option value=&quot;15&quot;&gt;Picklist&lt;/option&gt;&lt;option value=&quot;56&quot;&gt;Checkbox&lt;/option&gt;&lt;option value=&quot;21&quot;&gt;Textarea&lt;/option&gt;&lt;option value=&quot;33&quot;&gt;Multi-Select-Box&lt;/option&gt;&lt;option value=&quot;26&quot;&gt;Folder&lt;/option&gt;&lt;option value=&quot;69&quot;&gt;Product Image&lt;/option&gt;&lt;option value=&quot;10&quot; selected=&quot;selected&quot;&gt;Relation&lt;/option&gt;&lt;/select&gt;&lt;/td&gt;		&lt;td&gt;Column Type: &lt;input type=&quot;text&quot; id=&quot;field_block_0_field_6_columntype&quot; name=&quot;field_block_0_field_6_columntype&quot; value=&quot;VARCHAR(20)&quot; checked=&quot;checked&quot;&gt;&lt;/td&gt;	&lt;/tr&gt;	&lt;tr&gt;		&lt;td&gt;Type of Data: &lt;input type=&quot;text&quot; id=&quot;field_block_0_field_6_typedata&quot; name=&quot;field_block_0_field_6_typedata&quot; value=&quot;V~O&quot; checked=&quot;checked&quot;&gt;&lt;/td&gt;		&lt;td&gt;Set PickList Values: &lt;textarea class=&quot;picklist_holder&quot; style=&quot;margin: 0px; height: 125px; max-width: 214px; id=&quot; field_block_0_field_6_picklist&quot;=&quot;&quot; name=&quot;field_block_0_field_6_picklist&quot; value=&quot;&quot; checked=&quot;checked&quot;&gt;&lt;/textarea&gt;&lt;/td&gt;		&lt;td&gt;Set Relationship: &lt;input type=&quot;text&quot; id=&quot;field_block_0_field_6_relationship&quot; name=&quot;field_block_0_field_6_relationship&quot; value=&quot;Payments&quot; checked=&quot;checked&quot;&gt;&lt;/td&gt;		&lt;td&gt; Related List(include): &lt;input type=&quot;checkbox&quot; id=&quot;field_block_0_field_6_relatedlist&quot; name=&quot;field_block_0_field_6_relatedlist&quot; value=&quot;1&quot; checked=&quot;checked&quot;&gt;&lt;br&gt;Search List(include): &lt;input type=&quot;checkbox&quot; id=&quot;field_block_0_field_6_search&quot; name=&quot;field_block_0_field_6_search&quot; value=&quot;1&quot; checked=&quot;checked&quot;&gt;&lt;br&gt;List View(include): &lt;input type=&quot;checkbox&quot; id=&quot;field_block_0_field_6_listview&quot; name=&quot;field_block_0_field_6_listview&quot; value=&quot;field_block_0_field_6&quot; checked=&quot;checked&quot;&gt;&lt;br&gt;Module Identifier(atleast 1): &lt;input type=&quot;checkbox&quot; id=&quot;field_block_0_field_6_identifier&quot; name=&quot;field_block_0_field_6_identifier&quot; value=&quot;field_block_0_field_6&quot;&gt;&lt;br&gt;List Link Field(only 1): &lt;input type=&quot;checkbox&quot; id=&quot;field_block_0_field_6_link&quot; name=&quot;field_block_0_field_6_link&quot; value=&quot;1&quot;&gt;&lt;/td&gt;	&lt;/tr&gt;	&lt;/tbody&gt;&lt;/table&gt;&lt;button class=&quot;del_field&quot;&gt;remove&lt;/button&gt;&lt;/div&gt;&lt;/li&gt;&lt;li&gt;&lt;div class=&quot;fields&quot; id=&quot;field_block_0_field_7&quot;&gt;&lt;table&gt;	&lt;tbody&gt;&lt;tr&gt;		&lt;td&gt;Field Label: &lt;input type=&quot;text&quot; id=&quot;field_block_0_field_7_label&quot; name=&quot;field_block_0_field_7_label&quot; value=&quot;Amount&quot; checked=&quot;checked&quot;&gt;&lt;/td&gt;		&lt;td&gt;Column Name / Field Name: &lt;input type=&quot;text&quot; id=&quot;field_block_0_field_7_columnname&quot; name=&quot;field_block_0_field_7_columnname&quot; value=&quot;amount&quot; checked=&quot;checked&quot;&gt;&lt;/td&gt;		&lt;td&gt;UI Type: &lt;select class=&quot;uitype_select&quot; id=&quot;field_block_0_field_7^_^uitype&quot; name=&quot;field_block_0_field_7_uitype&quot; value=&quot;71&quot; checked=&quot;checked&quot;&gt;&lt;option value=&quot;0&quot;&gt;--&lt;/option&gt;&lt;option value=&quot;1&quot;&gt;Text&lt;/option&gt;&lt;option value=&quot;4&quot;&gt;Incremantal&lt;/option&gt;&lt;option value=&quot;7&quot;&gt;Number&lt;/option&gt;&lt;option value=&quot;71&quot; selected=&quot;selected&quot;&gt;Currency&lt;/option&gt;&lt;option value=&quot;9&quot;&gt;Percent&lt;/option&gt;&lt;option value=&quot;5&quot;&gt;Date&lt;/option&gt;&lt;option value=&quot;13&quot;&gt;Email&lt;/option&gt;&lt;option value=&quot;11&quot;&gt;Phone&lt;/option&gt;&lt;option value=&quot;15&quot;&gt;Picklist&lt;/option&gt;&lt;option value=&quot;56&quot;&gt;Checkbox&lt;/option&gt;&lt;option value=&quot;21&quot;&gt;Textarea&lt;/option&gt;&lt;option value=&quot;33&quot;&gt;Multi-Select-Box&lt;/option&gt;&lt;option value=&quot;26&quot;&gt;Folder&lt;/option&gt;&lt;option value=&quot;69&quot;&gt;Product Image&lt;/option&gt;&lt;option value=&quot;10&quot;&gt;Relation&lt;/option&gt;&lt;/select&gt;&lt;/td&gt;		&lt;td&gt;Column Type: &lt;input type=&quot;text&quot; id=&quot;field_block_0_field_7_columntype&quot; name=&quot;field_block_0_field_7_columntype&quot; value=&quot;DECIMAL(13,2)&quot; checked=&quot;checked&quot;&gt;&lt;/td&gt;	&lt;/tr&gt;	&lt;tr&gt;		&lt;td&gt;Type of Data: &lt;input type=&quot;text&quot; id=&quot;field_block_0_field_7_typedata&quot; name=&quot;field_block_0_field_7_typedata&quot; value=&quot;N~O~10,2&quot; checked=&quot;checked&quot;&gt;&lt;/td&gt;		&lt;td&gt;Set PickList Values: &lt;textarea class=&quot;picklist_holder&quot; style=&quot;margin: 0px; height: 125px; max-width: 214px; id=&quot; field_block_0_field_7_picklist&quot;=&quot;&quot; name=&quot;field_block_0_field_7_picklist&quot; value=&quot;&quot; checked=&quot;checked&quot;&gt;&lt;/textarea&gt;&lt;/td&gt;		&lt;td&gt;Set Relationship: &lt;input type=&quot;text&quot; id=&quot;field_block_0_field_7_relationship&quot; name=&quot;field_block_0_field_7_relationship&quot; value=&quot;&quot; checked=&quot;checked&quot;&gt;&lt;/td&gt;		&lt;td&gt; Related List(include): &lt;input type=&quot;checkbox&quot; id=&quot;field_block_0_field_7_relatedlist&quot; name=&quot;field_block_0_field_7_relatedlist&quot; value=&quot;1&quot; checked=&quot;checked&quot;&gt;&lt;br&gt;Search List(include): &lt;input type=&quot;checkbox&quot; id=&quot;field_block_0_field_7_search&quot; name=&quot;field_block_0_field_7_search&quot; value=&quot;1&quot; checked=&quot;checked&quot;&gt;&lt;br&gt;List View(include): &lt;input type=&quot;checkbox&quot; id=&quot;field_block_0_field_7_listview&quot; name=&quot;field_block_0_field_7_listview&quot; value=&quot;field_block_0_field_7&quot; checked=&quot;checked&quot;&gt;&lt;br&gt;Module Identifier(atleast 1): &lt;input type=&quot;checkbox&quot; id=&quot;field_block_0_field_7_identifier&quot; name=&quot;field_block_0_field_7_identifier&quot; value=&quot;field_block_0_field_7&quot;&gt;&lt;br&gt;List Link Field(only 1): &lt;input type=&quot;checkbox&quot; id=&quot;field_block_0_field_7_link&quot; name=&quot;field_block_0_field_7_link&quot; value=&quot;1&quot;&gt;&lt;/td&gt;	&lt;/tr&gt;	&lt;/tbody&gt;&lt;/table&gt;&lt;button class=&quot;del_field&quot;&gt;remove&lt;/button&gt;&lt;/div&gt;&lt;/li&gt;&lt;li class=&quot;&quot; style=&quot;&quot;&gt;&lt;div class=&quot;fields&quot; id=&quot;field_block_0_field_8&quot;&gt;&lt;table&gt;	&lt;tbody&gt;&lt;tr&gt;		&lt;td&gt;Field Label: &lt;input type=&quot;text&quot; id=&quot;field_block_0_field_8_label&quot; name=&quot;field_block_0_field_8_label&quot; value=&quot;Amount Paid&quot; checked=&quot;checked&quot;&gt;&lt;/td&gt;		&lt;td&gt;Column Name / Field Name: &lt;input type=&quot;text&quot; id=&quot;field_block_0_field_8_columnname&quot; name=&quot;field_block_0_field_8_columnname&quot; value=&quot;amount_paid&quot; checked=&quot;checked&quot;&gt;&lt;/td&gt;		&lt;td&gt;UI Type: &lt;select class=&quot;uitype_select&quot; id=&quot;field_block_0_field_8^_^uitype&quot; name=&quot;field_block_0_field_8_uitype&quot; value=&quot;71&quot; checked=&quot;checked&quot;&gt;&lt;option value=&quot;0&quot;&gt;--&lt;/option&gt;&lt;option value=&quot;1&quot;&gt;Text&lt;/option&gt;&lt;option value=&quot;4&quot;&gt;Incremantal&lt;/option&gt;&lt;option value=&quot;7&quot;&gt;Number&lt;/option&gt;&lt;option value=&quot;71&quot; selected=&quot;selected&quot;&gt;Currency&lt;/option&gt;&lt;option value=&quot;9&quot;&gt;Percent&lt;/option&gt;&lt;option value=&quot;5&quot;&gt;Date&lt;/option&gt;&lt;option value=&quot;13&quot;&gt;Email&lt;/option&gt;&lt;option value=&quot;11&quot;&gt;Phone&lt;/option&gt;&lt;option value=&quot;15&quot;&gt;Picklist&lt;/option&gt;&lt;option value=&quot;56&quot;&gt;Checkbox&lt;/option&gt;&lt;option value=&quot;21&quot;&gt;Textarea&lt;/option&gt;&lt;option value=&quot;33&quot;&gt;Multi-Select-Box&lt;/option&gt;&lt;option value=&quot;26&quot;&gt;Folder&lt;/option&gt;&lt;option value=&quot;69&quot;&gt;Product Image&lt;/option&gt;&lt;option value=&quot;10&quot;&gt;Relation&lt;/option&gt;&lt;/select&gt;&lt;/td&gt;		&lt;td&gt;Column Type: &lt;input type=&quot;text&quot; id=&quot;field_block_0_field_8_columntype&quot; name=&quot;field_block_0_field_8_columntype&quot; value=&quot;DECIMAL(13,2)&quot; checked=&quot;checked&quot;&gt;&lt;/td&gt;	&lt;/tr&gt;	&lt;tr&gt;		&lt;td&gt;Type of Data: &lt;input type=&quot;text&quot; id=&quot;field_block_0_field_8_typedata&quot; name=&quot;field_block_0_field_8_typedata&quot; value=&quot;N~O~10,2&quot; checked=&quot;checked&quot;&gt;&lt;/td&gt;		&lt;td&gt;Set PickList Values: &lt;textarea class=&quot;picklist_holder&quot; style=&quot;margin: 0px; height: 125px; max-width: 214px; id=&quot; field_block_0_field_8_picklist&quot;=&quot;&quot; name=&quot;field_block_0_field_8_picklist&quot; value=&quot;&quot; checked=&quot;checked&quot;&gt;&lt;/textarea&gt;&lt;/td&gt;		&lt;td&gt;Set Relationship: &lt;input type=&quot;text&quot; id=&quot;field_block_0_field_8_relationship&quot; name=&quot;field_block_0_field_8_relationship&quot; value=&quot;&quot; checked=&quot;checked&quot;&gt;&lt;/td&gt;		&lt;td&gt; Related List(include): &lt;input type=&quot;checkbox&quot; id=&quot;field_block_0_field_8_relatedlist&quot; name=&quot;field_block_0_field_8_relatedlist&quot; value=&quot;1&quot; checked=&quot;checked&quot;&gt;&lt;br&gt;Search List(include): &lt;input type=&quot;checkbox&quot; id=&quot;field_block_0_field_8_search&quot; name=&quot;field_block_0_field_8_search&quot; value=&quot;1&quot; checked=&quot;checked&quot;&gt;&lt;br&gt;List View(include): &lt;input type=&quot;checkbox&quot; id=&quot;field_block_0_field_8_listview&quot; name=&quot;field_block_0_field_8_listview&quot; value=&quot;field_block_0_field_8&quot; checked=&quot;checked&quot;&gt;&lt;br&gt;Module Identifier(atleast 1): &lt;input type=&quot;checkbox&quot; id=&quot;field_block_0_field_8_identifier&quot; name=&quot;field_block_0_field_8_identifier&quot; value=&quot;field_block_0_field_8&quot;&gt;&lt;br&gt;List Link Field(only 1): &lt;input type=&quot;checkbox&quot; id=&quot;field_block_0_field_8_link&quot; name=&quot;field_block_0_field_8_link&quot; value=&quot;1&quot;&gt;&lt;/td&gt;	&lt;/tr&gt;	&lt;/tbody&gt;&lt;/table&gt;&lt;button class=&quot;del_field&quot;&gt;remove&lt;/button&gt;&lt;/div&gt;&lt;/li&gt;&lt;li&gt;&lt;div class=&quot;fields&quot; id=&quot;field_block_0_field_9&quot;&gt;&lt;table&gt;	&lt;tbody&gt;&lt;tr&gt;		&lt;td&gt;Field Label: &lt;input type=&quot;text&quot; id=&quot;field_block_0_field_9_label&quot; name=&quot;field_block_0_field_9_label&quot; value=&quot;Status&quot; checked=&quot;checked&quot;&gt;&lt;/td&gt;		&lt;td&gt;Column Name / Field Name: &lt;input type=&quot;text&quot; id=&quot;field_block_0_field_9_columnname&quot; name=&quot;field_block_0_field_9_columnname&quot; value=&quot;ma_status&quot; checked=&quot;checked&quot;&gt;&lt;/td&gt;		&lt;td&gt;UI Type: &lt;select class=&quot;uitype_select&quot; id=&quot;field_block_0_field_9^_^uitype&quot; name=&quot;field_block_0_field_9_uitype&quot; value=&quot;15&quot; checked=&quot;checked&quot;&gt;&lt;option value=&quot;0&quot;&gt;--&lt;/option&gt;&lt;option value=&quot;1&quot;&gt;Text&lt;/option&gt;&lt;option value=&quot;4&quot;&gt;Incremantal&lt;/option&gt;&lt;option value=&quot;7&quot;&gt;Number&lt;/option&gt;&lt;option value=&quot;71&quot;&gt;Currency&lt;/option&gt;&lt;option value=&quot;9&quot;&gt;Percent&lt;/option&gt;&lt;option value=&quot;5&quot;&gt;Date&lt;/option&gt;&lt;option value=&quot;13&quot;&gt;Email&lt;/option&gt;&lt;option value=&quot;11&quot;&gt;Phone&lt;/option&gt;&lt;option value=&quot;15&quot; selected=&quot;selected&quot;&gt;Picklist&lt;/option&gt;&lt;option value=&quot;56&quot;&gt;Checkbox&lt;/option&gt;&lt;option value=&quot;21&quot;&gt;Textarea&lt;/option&gt;&lt;option value=&quot;33&quot;&gt;Multi-Select-Box&lt;/option&gt;&lt;option value=&quot;26&quot;&gt;Folder&lt;/option&gt;&lt;option value=&quot;69&quot;&gt;Product Image&lt;/option&gt;&lt;option value=&quot;10&quot;&gt;Relation&lt;/option&gt;&lt;/select&gt;&lt;/td&gt;		&lt;td&gt;Column Type: &lt;input type=&quot;text&quot; id=&quot;field_block_0_field_9_columntype&quot; name=&quot;field_block_0_field_9_columntype&quot; value=&quot;VARCHAR(255)&quot; checked=&quot;checked&quot;&gt;&lt;/td&gt;	&lt;/tr&gt;	&lt;tr&gt;		&lt;td&gt;Type of Data: &lt;input type=&quot;text&quot; id=&quot;field_block_0_field_9_typedata&quot; name=&quot;field_block_0_field_9_typedata&quot; value=&quot;V~O&quot; checked=&quot;checked&quot;&gt;&lt;/td&gt;		&lt;td&gt;Set PickList Values: &lt;textarea class=&quot;picklist_holder&quot; style=&quot;margin: 0px; height: 125px; max-width: 214px; id=&quot; field_block_0_field_9_picklist&quot;=&quot;&quot; name=&quot;field_block_0_field_9_picklist&quot; value=&quot;Pending\r\nPaid&quot; checked=&quot;checked&quot;&gt;Pending\r\nPaid&lt;/textarea&gt;&lt;/td&gt;		&lt;td&gt;Set Relationship: &lt;input type=&quot;text&quot; id=&quot;field_block_0_field_9_relationship&quot; name=&quot;field_block_0_field_9_relationship&quot; value=&quot;&quot; checked=&quot;checked&quot;&gt;&lt;/td&gt;		&lt;td&gt; Related List(include): &lt;input type=&quot;checkbox&quot; id=&quot;field_block_0_field_9_relatedlist&quot; name=&quot;field_block_0_field_9_relatedlist&quot; value=&quot;1&quot; checked=&quot;checked&quot;&gt;&lt;br&gt;Search List(include): &lt;input type=&quot;checkbox&quot; id=&quot;field_block_0_field_9_search&quot; name=&quot;field_block_0_field_9_search&quot; value=&quot;1&quot; checked=&quot;checked&quot;&gt;&lt;br&gt;List View(include): &lt;input type=&quot;checkbox&quot; id=&quot;field_block_0_field_9_listview&quot; name=&quot;field_block_0_field_9_listview&quot; value=&quot;field_block_0_field_9&quot; checked=&quot;checked&quot;&gt;&lt;br&gt;Module Identifier(atleast 1): &lt;input type=&quot;checkbox&quot; id=&quot;field_block_0_field_9_identifier&quot; name=&quot;field_block_0_field_9_identifier&quot; value=&quot;field_block_0_field_9&quot;&gt;&lt;br&gt;List Link Field(only 1): &lt;input type=&quot;checkbox&quot; id=&quot;field_block_0_field_9_link&quot; name=&quot;field_block_0_field_9_link&quot; value=&quot;1&quot;&gt;&lt;/td&gt;	&lt;/tr&gt;	&lt;/tbody&gt;&lt;/table&gt;&lt;button class=&quot;del_field&quot;&gt;remove&lt;/button&gt;&lt;/div&gt;&lt;/li&gt;&lt;li&gt;&lt;div class=&quot;fields&quot; id=&quot;field_block_0_field_10&quot;&gt;&lt;table&gt;	&lt;tbody&gt;&lt;tr&gt;		&lt;td&gt;Field Label: &lt;input type=&quot;text&quot; id=&quot;field_block_0_field_10_label&quot; name=&quot;field_block_0_field_10_label&quot; value=&quot;Date of Memo&quot; checked=&quot;checked&quot;&gt;&lt;/td&gt;		&lt;td&gt;Column Name / Field Name: &lt;input type=&quot;text&quot; id=&quot;field_block_0_field_10_columnname&quot; name=&quot;field_block_0_field_10_columnname&quot; value=&quot;date_of_memo&quot; checked=&quot;checked&quot;&gt;&lt;/td&gt;		&lt;td&gt;UI Type: &lt;select class=&quot;uitype_select&quot; id=&quot;field_block_0_field_10^_^uitype&quot; name=&quot;field_block_0_field_10_uitype&quot; value=&quot;5&quot; checked=&quot;checked&quot;&gt;&lt;option value=&quot;0&quot;&gt;--&lt;/option&gt;&lt;option value=&quot;1&quot;&gt;Text&lt;/option&gt;&lt;option value=&quot;4&quot;&gt;Incremantal&lt;/option&gt;&lt;option value=&quot;7&quot;&gt;Number&lt;/option&gt;&lt;option value=&quot;71&quot;&gt;Currency&lt;/option&gt;&lt;option value=&quot;9&quot;&gt;Percent&lt;/option&gt;&lt;option value=&quot;5&quot; selected=&quot;selected&quot;&gt;Date&lt;/option&gt;&lt;option value=&quot;13&quot;&gt;Email&lt;/option&gt;&lt;option value=&quot;11&quot;&gt;Phone&lt;/option&gt;&lt;option value=&quot;15&quot;&gt;Picklist&lt;/option&gt;&lt;option value=&quot;56&quot;&gt;Checkbox&lt;/option&gt;&lt;option value=&quot;21&quot;&gt;Textarea&lt;/option&gt;&lt;option value=&quot;33&quot;&gt;Multi-Select-Box&lt;/option&gt;&lt;option value=&quot;26&quot;&gt;Folder&lt;/option&gt;&lt;option value=&quot;69&quot;&gt;Product Image&lt;/option&gt;&lt;option value=&quot;10&quot;&gt;Relation&lt;/option&gt;&lt;/select&gt;&lt;/td&gt;		&lt;td&gt;Column Type: &lt;input type=&quot;text&quot; id=&quot;field_block_0_field_10_columntype&quot; name=&quot;field_block_0_field_10_columntype&quot; value=&quot;DATE&quot; checked=&quot;checked&quot;&gt;&lt;/td&gt;	&lt;/tr&gt;	&lt;tr&gt;		&lt;td&gt;Type of Data: &lt;input type=&quot;text&quot; id=&quot;field_block_0_field_10_typedata&quot; name=&quot;field_block_0_field_10_typedata&quot; value=&quot;D~O&quot; checked=&quot;checked&quot;&gt;&lt;/td&gt;		&lt;td&gt;Set PickList Values: &lt;textarea class=&quot;picklist_holder&quot; style=&quot;margin: 0px; height: 125px; max-width: 214px; id=&quot; field_block_0_field_10_picklist&quot;=&quot;&quot; name=&quot;field_block_0_field_10_picklist&quot; value=&quot;&quot; checked=&quot;checked&quot;&gt;&lt;/textarea&gt;&lt;/td&gt;		&lt;td&gt;Set Relationship: &lt;input type=&quot;text&quot; id=&quot;field_block_0_field_10_relationship&quot; name=&quot;field_block_0_field_10_relationship&quot; value=&quot;&quot; checked=&quot;checked&quot;&gt;&lt;/td&gt;		&lt;td&gt; Related List(include): &lt;input type=&quot;checkbox&quot; id=&quot;field_block_0_field_10_relatedlist&quot; name=&quot;field_block_0_field_10_relatedlist&quot; value=&quot;1&quot; checked=&quot;checked&quot;&gt;&lt;br&gt;Search List(include): &lt;input type=&quot;checkbox&quot; id=&quot;field_block_0_field_10_search&quot; name=&quot;field_block_0_field_10_search&quot; value=&quot;1&quot; checked=&quot;checked&quot;&gt;&lt;br&gt;List View(include): &lt;input type=&quot;checkbox&quot; id=&quot;field_block_0_field_10_listview&quot; name=&quot;field_block_0_field_10_listview&quot; value=&quot;field_block_0_field_10&quot; checked=&quot;checked&quot;&gt;&lt;br&gt;Module Identifier(atleast 1): &lt;input type=&quot;checkbox&quot; id=&quot;field_block_0_field_10_identifier&quot; name=&quot;field_block_0_field_10_identifier&quot; value=&quot;field_block_0_field_10&quot;&gt;&lt;br&gt;List Link Field(only 1): &lt;input type=&quot;checkbox&quot; id=&quot;field_block_0_field_10_link&quot; name=&quot;field_block_0_field_10_link&quot; value=&quot;1&quot;&gt;&lt;/td&gt;	&lt;/tr&gt;	&lt;/tbody&gt;&lt;/table&gt;&lt;button class=&quot;del_field&quot;&gt;remove&lt;/button&gt;&lt;/div&gt;&lt;/li&gt;&lt;/ul&gt;\r\n				&lt;/div&gt;\r\n				&lt;button class=&quot;add_field&quot; id=&quot;field_block_0&quot;&gt;add_field&lt;/button&gt;\r\n				\r\n			&lt;/div&gt;\r\n		&lt;/div&gt;\r\n	&lt;textarea name=&quot;field_block_container&quot; id=&quot;field_block_container&quot; style=&quot;display:none&quot; value=&quot;&quot; checked=&quot;checked&quot;&gt;&lt;/textarea&gt;		');
INSERT INTO `vtiger_modulefileholder` (`id`, `modulename`, `html`) VALUES
(8, 'House', '\r\n			&lt;br&gt;\r\nModule Name: &lt;input type=&quot;text&quot; name=&quot;module_name&quot; id=&quot;module_name&quot; value=&quot;House&quot; checked=&quot;checked&quot;&gt;\r\nParent Name: &lt;input type=&quot;text&quot; name=&quot;parent_name&quot; id=&quot;parent_name&quot; value=&quot;Analytics&quot; checked=&quot;checked&quot;&gt;\r\n	&lt;div id=&quot;blocks_container&quot;&gt; \r\n		&lt;input type=&quot;hidden&quot; id=&quot;block_counter&quot; value=&quot;0&quot;&gt;\r\n		\r\n			&lt;div class=&quot;block&quot; id=&quot;block_0&quot;&gt;\r\n			Block Name: &lt;input type=&quot;text&quot; name=&quot;block_0_name&quot; id=&quot;block_0_name&quot; value=&quot;General Information&quot; checked=&quot;checked&quot;&gt;\r\n			&lt;br&gt;\r\n				\r\n				&lt;input type=&quot;hidden&quot; id=&quot;counter_field_block_0&quot; value=&quot;6&quot;&gt;\r\n				\r\n				&lt;div id=&quot;container_field_block_0&quot;&gt;\r\n					&lt;ul class=&quot;sortable ui-sortable&quot;&gt;\r\n						&lt;li&gt;\r\n						&lt;div class=&quot;fields&quot; id=&quot;field_block_0_field_0&quot;&gt;\r\n							&lt;table&gt;\r\n							&lt;tbody&gt;&lt;tr&gt;\r\n								&lt;td&gt;Field Label: &lt;input type=&quot;text&quot; id=&quot;field_block_0_field_0_label&quot; name=&quot;field_block_0_field_0_label&quot; value=&quot;Created Time&quot; checked=&quot;checked&quot;&gt;&lt;/td&gt;\r\n								&lt;td&gt;Field Name: &lt;input type=&quot;text&quot; id=&quot;field_block_0_field_0_name&quot; name=&quot;field_block_0_field_0_fieldname&quot; value=&quot;CreatedTime&quot; checked=&quot;checked&quot;&gt;&lt;/td&gt;\r\n								&lt;td&gt;Column Name: &lt;input type=&quot;text&quot; id=&quot;field_block_0_field_0_columnname&quot; name=&quot;field_block_0_field_0_columnname&quot; value=&quot;createdtime&quot; checked=&quot;checked&quot;&gt;&lt;/td&gt;\r\n							&lt;/tr&gt;\r\n							&lt;tr&gt;\r\n								&lt;td&gt;Table: &lt;input type=&quot;text&quot; id=&quot;field_block_0_field_0_table&quot; name=&quot;field_block_0_field_0_table&quot; value=&quot;vtiger_crmentity&quot; checked=&quot;checked&quot;&gt;&lt;/td&gt;\r\n								&lt;td&gt;UI Type: &lt;input type=&quot;text&quot; id=&quot;field_block_0_field_0_uitype&quot; name=&quot;field_block_0_field_0_uitype&quot; value=&quot;70&quot; checked=&quot;checked&quot;&gt;&lt;/td&gt;\r\n								&lt;td&gt;Type of Data: &lt;input type=&quot;text&quot; id=&quot;field_block_0_field_0_typedata&quot; name=&quot;field_block_0_field_0_typedata&quot; value=&quot;T~O&quot; checked=&quot;checked&quot;&gt;&lt;/td&gt;\r\n								&lt;td&gt;Display Type: &lt;input type=&quot;text&quot; id=&quot;field_block_0_field_0_displaytype&quot; name=&quot;field_block_0_field_0_displaytype&quot; value=&quot;2&quot; checked=&quot;checked&quot;&gt;&lt;/td&gt;\r\n							&lt;/tr&gt;\r\n							&lt;/tbody&gt;&lt;/table&gt;\r\n						&lt;/div&gt;\r\n						&lt;/li&gt;\r\n						&lt;li&gt;\r\n						&lt;div class=&quot;fields&quot; id=&quot;field_block_0_field_1&quot;&gt;\r\n							&lt;table&gt;\r\n							&lt;tbody&gt;&lt;tr&gt;\r\n								&lt;td&gt;Field Label: &lt;input type=&quot;text&quot; id=&quot;field_block_0_field_1_label&quot; name=&quot;field_block_0_field_1_label&quot; value=&quot;Modified Time&quot; checked=&quot;checked&quot;&gt;&lt;/td&gt;\r\n								&lt;td&gt;Field Name: &lt;input type=&quot;text&quot; id=&quot;field_block_0_field_1_name&quot; name=&quot;field_block_0_field_1_fieldname&quot; value=&quot;ModifiedTime&quot; checked=&quot;checked&quot;&gt;&lt;/td&gt;\r\n								&lt;td&gt;Column Name: &lt;input type=&quot;text&quot; id=&quot;field_block_0_field_1_columnname&quot; name=&quot;field_block_0_field_1_columnname&quot; value=&quot;modifiedtime&quot; checked=&quot;checked&quot;&gt;&lt;/td&gt;\r\n							&lt;/tr&gt;\r\n							&lt;tr&gt;\r\n								&lt;td&gt;Table: &lt;input type=&quot;text&quot; id=&quot;field_block_0_field_1_table&quot; name=&quot;field_block_0_field_1_table&quot; value=&quot;vtiger_crmentity&quot; checked=&quot;checked&quot;&gt;&lt;/td&gt;\r\n								&lt;td&gt;UI Type: &lt;input type=&quot;text&quot; id=&quot;field_block_0_field_1_uitype&quot; name=&quot;field_block_0_field_1_uitype&quot; value=&quot;70&quot; checked=&quot;checked&quot;&gt;&lt;/td&gt;\r\n								&lt;td&gt;Type of Data: &lt;input type=&quot;text&quot; id=&quot;field_block_0_field_1_typedata&quot; name=&quot;field_block_0_field_1_typedata&quot; value=&quot;T~O&quot; checked=&quot;checked&quot;&gt;&lt;/td&gt;\r\n								&lt;td&gt;Display Type: &lt;input type=&quot;text&quot; id=&quot;field_block_0_field_1_displaytype&quot; name=&quot;field_block_0_field_1_displaytype&quot; value=&quot;2&quot; checked=&quot;checked&quot;&gt;&lt;/td&gt;\r\n							&lt;/tr&gt;\r\n							&lt;/tbody&gt;&lt;/table&gt;\r\n						&lt;/div&gt;\r\n						&lt;/li&gt;\r\n						&lt;li&gt;\r\n						&lt;div class=&quot;fields&quot; id=&quot;field_block_0_field_2&quot;&gt;\r\n							&lt;table&gt;\r\n							&lt;tbody&gt;&lt;tr&gt;\r\n								&lt;td&gt;Field Label: &lt;input type=&quot;text&quot; id=&quot;field_block_0_field_2_label&quot; name=&quot;field_block_0_field_2_label&quot; value=&quot;Assigned To&quot; checked=&quot;checked&quot;&gt;&lt;/td&gt;\r\n								&lt;td&gt;Field Name: &lt;input type=&quot;text&quot; id=&quot;field_block_0_field_2_fieldname&quot; name=&quot;field_block_0_field_2_fieldname&quot; value=&quot;assigned_user_id&quot; checked=&quot;checked&quot;&gt;&lt;/td&gt;\r\n								&lt;td&gt;Column Name: &lt;input type=&quot;text&quot; id=&quot;field_block_0_field_2_columnname&quot; name=&quot;field_block_0_field_2_columnname&quot; value=&quot;smownerid&quot; checked=&quot;checked&quot;&gt;&lt;/td&gt;\r\n								&lt;td&gt;UI Type: &lt;input type=&quot;text&quot; id=&quot;field_block_0_field_2_uitype&quot; name=&quot;field_block_0_field_2_uitype&quot; value=&quot;53&quot; checked=&quot;checked&quot;&gt;&lt;/td&gt;\r\n							&lt;/tr&gt;\r\n							&lt;tr&gt;\r\n								&lt;td&gt;Table: &lt;input type=&quot;text&quot; id=&quot;field_block_0_field_2_table&quot; name=&quot;field_block_0_field_2_table&quot; value=&quot;vtiger_crmentity&quot; checked=&quot;checked&quot;&gt;&lt;/td&gt;\r\n								&lt;td&gt;Type of Data: &lt;input type=&quot;text&quot; id=&quot;field_block_0_field_2_typedata&quot; name=&quot;field_block_0_field_2_typedata&quot; value=&quot;V~M&quot; checked=&quot;checked&quot;&gt;&lt;/td&gt;\r\n							&lt;/tr&gt;\r\n							&lt;/tbody&gt;&lt;/table&gt;\r\n						&lt;/div&gt;\r\n						&lt;/li&gt;&lt;li class=&quot;&quot; style=&quot;&quot;&gt;&lt;div class=&quot;fields&quot; id=&quot;field_block_0_field_3&quot;&gt;&lt;table&gt;	&lt;tbody&gt;&lt;tr&gt;		&lt;td&gt;Field Label: &lt;input type=&quot;text&quot; id=&quot;field_block_0_field_3_label&quot; name=&quot;field_block_0_field_3_label&quot; value=&quot;House No.&quot; checked=&quot;checked&quot;&gt;&lt;/td&gt;		&lt;td&gt;Column Name / Field Name: &lt;input type=&quot;text&quot; id=&quot;field_block_0_field_3_columnname&quot; name=&quot;field_block_0_field_3_columnname&quot; value=&quot;house_no&quot; checked=&quot;checked&quot;&gt;&lt;/td&gt;		&lt;td&gt;UI Type: &lt;select class=&quot;uitype_select&quot; id=&quot;field_block_0_field_3^_^uitype&quot; name=&quot;field_block_0_field_3_uitype&quot; value=&quot;4&quot; checked=&quot;checked&quot;&gt;&lt;option value=&quot;0&quot;&gt;--&lt;/option&gt;&lt;option value=&quot;1&quot;&gt;Text&lt;/option&gt;&lt;option value=&quot;4&quot; selected=&quot;selected&quot;&gt;Incremantal&lt;/option&gt;&lt;option value=&quot;7&quot;&gt;Number&lt;/option&gt;&lt;option value=&quot;71&quot;&gt;Currency&lt;/option&gt;&lt;option value=&quot;9&quot;&gt;Percent&lt;/option&gt;&lt;option value=&quot;5&quot;&gt;Date&lt;/option&gt;&lt;option value=&quot;13&quot;&gt;Email&lt;/option&gt;&lt;option value=&quot;11&quot;&gt;Phone&lt;/option&gt;&lt;option value=&quot;15&quot;&gt;Picklist&lt;/option&gt;&lt;option value=&quot;56&quot;&gt;Checkbox&lt;/option&gt;&lt;option value=&quot;21&quot;&gt;Textarea&lt;/option&gt;&lt;option value=&quot;33&quot;&gt;Multi-Select-Box&lt;/option&gt;&lt;option value=&quot;26&quot;&gt;Folder&lt;/option&gt;&lt;option value=&quot;69&quot;&gt;Product Image&lt;/option&gt;&lt;option value=&quot;10&quot;&gt;Relation&lt;/option&gt;&lt;/select&gt;&lt;/td&gt;		&lt;td&gt;Column Type: &lt;input type=&quot;text&quot; id=&quot;field_block_0_field_3_columntype&quot; name=&quot;field_block_0_field_3_columntype&quot; value=&quot;VARCHAR(100)&quot; checked=&quot;checked&quot;&gt;&lt;/td&gt;	&lt;/tr&gt;	&lt;tr&gt;		&lt;td&gt;Type of Data: &lt;input type=&quot;text&quot; id=&quot;field_block_0_field_3_typedata&quot; name=&quot;field_block_0_field_3_typedata&quot; value=&quot;V~O&quot; checked=&quot;checked&quot;&gt;&lt;/td&gt;		&lt;td&gt;Set PickList Values: &lt;textarea class=&quot;picklist_holder&quot; style=&quot;margin: 0px; height: 125px; max-width: 214px; id=&quot; field_block_0_field_3_picklist&quot;=&quot;&quot; name=&quot;field_block_0_field_3_picklist&quot; value=&quot;&quot; checked=&quot;checked&quot;&gt;&lt;/textarea&gt;&lt;/td&gt;		&lt;td&gt;Set Relationship: &lt;input type=&quot;text&quot; id=&quot;field_block_0_field_3_relationship&quot; name=&quot;field_block_0_field_3_relationship&quot; value=&quot;&quot; checked=&quot;checked&quot;&gt;&lt;/td&gt;		&lt;td&gt; Related List(include): &lt;input type=&quot;checkbox&quot; id=&quot;field_block_0_field_3_relatedlist&quot; name=&quot;field_block_0_field_3_relatedlist&quot; value=&quot;1&quot; checked=&quot;checked&quot;&gt;&lt;br&gt;Search List(include): &lt;input type=&quot;checkbox&quot; id=&quot;field_block_0_field_3_search&quot; name=&quot;field_block_0_field_3_search&quot; value=&quot;1&quot; checked=&quot;checked&quot;&gt;&lt;br&gt;List View(include): &lt;input type=&quot;checkbox&quot; id=&quot;field_block_0_field_3_listview&quot; name=&quot;field_block_0_field_3_listview&quot; value=&quot;field_block_0_field_3&quot; checked=&quot;checked&quot;&gt;&lt;br&gt;Module Identifier(atleast 1): &lt;input type=&quot;checkbox&quot; id=&quot;field_block_0_field_3_identifier&quot; name=&quot;field_block_0_field_3_identifier&quot; value=&quot;field_block_0_field_3&quot; checked=&quot;checked&quot;&gt;&lt;br&gt;List Link Field(only 1): &lt;input type=&quot;checkbox&quot; id=&quot;field_block_0_field_3_link&quot; name=&quot;field_block_0_field_3_link&quot; value=&quot;1&quot; checked=&quot;checked&quot;&gt;&lt;/td&gt;	&lt;/tr&gt;	&lt;/tbody&gt;&lt;/table&gt;&lt;button class=&quot;del_field&quot;&gt;remove&lt;/button&gt;&lt;/div&gt;&lt;/li&gt;&lt;li class=&quot;&quot; style=&quot;&quot;&gt;&lt;div class=&quot;fields&quot; id=&quot;field_block_0_field_5&quot;&gt;&lt;table&gt;	&lt;tbody&gt;&lt;tr&gt;		&lt;td&gt;Field Label: &lt;input type=&quot;text&quot; id=&quot;field_block_0_field_5_label&quot; name=&quot;field_block_0_field_5_label&quot; value=&quot;Homeowner&quot; checked=&quot;checked&quot;&gt;&lt;/td&gt;		&lt;td&gt;Column Name / Field Name: &lt;input type=&quot;text&quot; id=&quot;field_block_0_field_5_columnname&quot; name=&quot;field_block_0_field_5_columnname&quot; value=&quot;homeowner&quot; checked=&quot;checked&quot;&gt;&lt;/td&gt;		&lt;td&gt;UI Type: &lt;select class=&quot;uitype_select&quot; id=&quot;field_block_0_field_5^_^uitype&quot; name=&quot;field_block_0_field_5_uitype&quot; value=&quot;10&quot; checked=&quot;checked&quot;&gt;&lt;option value=&quot;0&quot;&gt;--&lt;/option&gt;&lt;option value=&quot;1&quot;&gt;Text&lt;/option&gt;&lt;option value=&quot;4&quot;&gt;Incremantal&lt;/option&gt;&lt;option value=&quot;7&quot;&gt;Number&lt;/option&gt;&lt;option value=&quot;71&quot;&gt;Currency&lt;/option&gt;&lt;option value=&quot;9&quot;&gt;Percent&lt;/option&gt;&lt;option value=&quot;5&quot;&gt;Date&lt;/option&gt;&lt;option value=&quot;13&quot;&gt;Email&lt;/option&gt;&lt;option value=&quot;11&quot;&gt;Phone&lt;/option&gt;&lt;option value=&quot;15&quot;&gt;Picklist&lt;/option&gt;&lt;option value=&quot;56&quot;&gt;Checkbox&lt;/option&gt;&lt;option value=&quot;21&quot;&gt;Textarea&lt;/option&gt;&lt;option value=&quot;33&quot;&gt;Multi-Select-Box&lt;/option&gt;&lt;option value=&quot;26&quot;&gt;Folder&lt;/option&gt;&lt;option value=&quot;69&quot;&gt;Product Image&lt;/option&gt;&lt;option value=&quot;10&quot; selected=&quot;selected&quot;&gt;Relation&lt;/option&gt;&lt;/select&gt;&lt;/td&gt;		&lt;td&gt;Column Type: &lt;input type=&quot;text&quot; id=&quot;field_block_0_field_5_columntype&quot; name=&quot;field_block_0_field_5_columntype&quot; value=&quot;VARCHAR(20)&quot; checked=&quot;checked&quot;&gt;&lt;/td&gt;	&lt;/tr&gt;	&lt;tr&gt;		&lt;td&gt;Type of Data: &lt;input type=&quot;text&quot; id=&quot;field_block_0_field_5_typedata&quot; name=&quot;field_block_0_field_5_typedata&quot; value=&quot;V~O&quot; checked=&quot;checked&quot;&gt;&lt;/td&gt;		&lt;td&gt;Set PickList Values: &lt;textarea class=&quot;picklist_holder&quot; style=&quot;margin: 0px; height: 125px; max-width: 214px; id=&quot; field_block_0_field_5_picklist&quot;=&quot;&quot; name=&quot;field_block_0_field_5_picklist&quot; value=&quot;&quot; checked=&quot;checked&quot;&gt;&lt;/textarea&gt;&lt;/td&gt;		&lt;td&gt;Set Relationship: &lt;input type=&quot;text&quot; id=&quot;field_block_0_field_5_relationship&quot; name=&quot;field_block_0_field_5_relationship&quot; value=&quot;HomeOwner&quot; checked=&quot;checked&quot;&gt;&lt;/td&gt;		&lt;td&gt; Related List(include): &lt;input type=&quot;checkbox&quot; id=&quot;field_block_0_field_5_relatedlist&quot; name=&quot;field_block_0_field_5_relatedlist&quot; value=&quot;1&quot; checked=&quot;checked&quot;&gt;&lt;br&gt;Search List(include): &lt;input type=&quot;checkbox&quot; id=&quot;field_block_0_field_5_search&quot; name=&quot;field_block_0_field_5_search&quot; value=&quot;1&quot; checked=&quot;checked&quot;&gt;&lt;br&gt;List View(include): &lt;input type=&quot;checkbox&quot; id=&quot;field_block_0_field_5_listview&quot; name=&quot;field_block_0_field_5_listview&quot; value=&quot;field_block_0_field_5&quot; checked=&quot;checked&quot;&gt;&lt;br&gt;Module Identifier(atleast 1): &lt;input type=&quot;checkbox&quot; id=&quot;field_block_0_field_5_identifier&quot; name=&quot;field_block_0_field_5_identifier&quot; value=&quot;field_block_0_field_5&quot;&gt;&lt;br&gt;List Link Field(only 1): &lt;input type=&quot;checkbox&quot; id=&quot;field_block_0_field_5_link&quot; name=&quot;field_block_0_field_5_link&quot; value=&quot;1&quot;&gt;&lt;/td&gt;	&lt;/tr&gt;	&lt;/tbody&gt;&lt;/table&gt;&lt;button class=&quot;del_field&quot;&gt;remove&lt;/button&gt;&lt;/div&gt;&lt;/li&gt;\r\n					&lt;li&gt;&lt;div class=&quot;fields&quot; id=&quot;field_block_0_field_4&quot;&gt;&lt;table&gt;	&lt;tbody&gt;&lt;tr&gt;		&lt;td&gt;Field Label: &lt;input type=&quot;text&quot; id=&quot;field_block_0_field_4_label&quot; name=&quot;field_block_0_field_4_label&quot; value=&quot;Street&quot; checked=&quot;checked&quot;&gt;&lt;/td&gt;		&lt;td&gt;Column Name / Field Name: &lt;input type=&quot;text&quot; id=&quot;field_block_0_field_4_columnname&quot; name=&quot;field_block_0_field_4_columnname&quot; value=&quot;street&quot; checked=&quot;checked&quot;&gt;&lt;/td&gt;		&lt;td&gt;UI Type: &lt;select class=&quot;uitype_select&quot; id=&quot;field_block_0_field_4^_^uitype&quot; name=&quot;field_block_0_field_4_uitype&quot; value=&quot;1&quot; checked=&quot;checked&quot;&gt;&lt;option value=&quot;0&quot;&gt;--&lt;/option&gt;&lt;option value=&quot;1&quot; selected=&quot;selected&quot;&gt;Text&lt;/option&gt;&lt;option value=&quot;4&quot;&gt;Incremantal&lt;/option&gt;&lt;option value=&quot;7&quot;&gt;Number&lt;/option&gt;&lt;option value=&quot;71&quot;&gt;Currency&lt;/option&gt;&lt;option value=&quot;9&quot;&gt;Percent&lt;/option&gt;&lt;option value=&quot;5&quot;&gt;Date&lt;/option&gt;&lt;option value=&quot;13&quot;&gt;Email&lt;/option&gt;&lt;option value=&quot;11&quot;&gt;Phone&lt;/option&gt;&lt;option value=&quot;15&quot;&gt;Picklist&lt;/option&gt;&lt;option value=&quot;56&quot;&gt;Checkbox&lt;/option&gt;&lt;option value=&quot;21&quot;&gt;Textarea&lt;/option&gt;&lt;option value=&quot;33&quot;&gt;Multi-Select-Box&lt;/option&gt;&lt;option value=&quot;26&quot;&gt;Folder&lt;/option&gt;&lt;option value=&quot;69&quot;&gt;Product Image&lt;/option&gt;&lt;option value=&quot;10&quot;&gt;Relation&lt;/option&gt;&lt;/select&gt;&lt;/td&gt;		&lt;td&gt;Column Type: &lt;input type=&quot;text&quot; id=&quot;field_block_0_field_4_columntype&quot; name=&quot;field_block_0_field_4_columntype&quot; value=&quot;VARCHAR(100)&quot; checked=&quot;checked&quot;&gt;&lt;/td&gt;	&lt;/tr&gt;	&lt;tr&gt;		&lt;td&gt;Type of Data: &lt;input type=&quot;text&quot; id=&quot;field_block_0_field_4_typedata&quot; name=&quot;field_block_0_field_4_typedata&quot; value=&quot;V~O~LE~100&quot; checked=&quot;checked&quot;&gt;&lt;/td&gt;		&lt;td&gt;Set PickList Values: &lt;textarea class=&quot;picklist_holder&quot; style=&quot;margin: 0px; height: 125px; max-width: 214px; id=&quot; field_block_0_field_4_picklist&quot;=&quot;&quot; name=&quot;field_block_0_field_4_picklist&quot; value=&quot;&quot; checked=&quot;checked&quot;&gt;&lt;/textarea&gt;&lt;/td&gt;		&lt;td&gt;Set Relationship: &lt;input type=&quot;text&quot; id=&quot;field_block_0_field_4_relationship&quot; name=&quot;field_block_0_field_4_relationship&quot; value=&quot;&quot; checked=&quot;checked&quot;&gt;&lt;/td&gt;		&lt;td&gt; Related List(include): &lt;input type=&quot;checkbox&quot; id=&quot;field_block_0_field_4_relatedlist&quot; name=&quot;field_block_0_field_4_relatedlist&quot; value=&quot;1&quot; checked=&quot;checked&quot;&gt;&lt;br&gt;Search List(include): &lt;input type=&quot;checkbox&quot; id=&quot;field_block_0_field_4_search&quot; name=&quot;field_block_0_field_4_search&quot; value=&quot;1&quot; checked=&quot;checked&quot;&gt;&lt;br&gt;List View(include): &lt;input type=&quot;checkbox&quot; id=&quot;field_block_0_field_4_listview&quot; name=&quot;field_block_0_field_4_listview&quot; value=&quot;field_block_0_field_4&quot; checked=&quot;checked&quot;&gt;&lt;br&gt;Module Identifier(atleast 1): &lt;input type=&quot;checkbox&quot; id=&quot;field_block_0_field_4_identifier&quot; name=&quot;field_block_0_field_4_identifier&quot; value=&quot;field_block_0_field_4&quot;&gt;&lt;br&gt;List Link Field(only 1): &lt;input type=&quot;checkbox&quot; id=&quot;field_block_0_field_4_link&quot; name=&quot;field_block_0_field_4_link&quot; value=&quot;1&quot;&gt;&lt;/td&gt;	&lt;/tr&gt;	&lt;/tbody&gt;&lt;/table&gt;&lt;button class=&quot;del_field&quot;&gt;remove&lt;/button&gt;&lt;/div&gt;&lt;/li&gt;&lt;li&gt;&lt;div class=&quot;fields&quot; id=&quot;field_block_0_field_6&quot;&gt;&lt;table&gt;	&lt;tbody&gt;&lt;tr&gt;		&lt;td&gt;Field Label: &lt;input type=&quot;text&quot; id=&quot;field_block_0_field_6_label&quot; name=&quot;field_block_0_field_6_label&quot; value=&quot;Area&quot; checked=&quot;checked&quot;&gt;&lt;/td&gt;		&lt;td&gt;Column Name / Field Name: &lt;input type=&quot;text&quot; id=&quot;field_block_0_field_6_columnname&quot; name=&quot;field_block_0_field_6_columnname&quot; value=&quot;area&quot; checked=&quot;checked&quot;&gt;&lt;/td&gt;		&lt;td&gt;UI Type: &lt;select class=&quot;uitype_select&quot; id=&quot;field_block_0_field_6^_^uitype&quot; name=&quot;field_block_0_field_6_uitype&quot; value=&quot;15&quot; checked=&quot;checked&quot;&gt;&lt;option value=&quot;0&quot;&gt;--&lt;/option&gt;&lt;option value=&quot;1&quot;&gt;Text&lt;/option&gt;&lt;option value=&quot;4&quot;&gt;Incremantal&lt;/option&gt;&lt;option value=&quot;7&quot;&gt;Number&lt;/option&gt;&lt;option value=&quot;71&quot;&gt;Currency&lt;/option&gt;&lt;option value=&quot;9&quot;&gt;Percent&lt;/option&gt;&lt;option value=&quot;5&quot;&gt;Date&lt;/option&gt;&lt;option value=&quot;13&quot;&gt;Email&lt;/option&gt;&lt;option value=&quot;11&quot;&gt;Phone&lt;/option&gt;&lt;option value=&quot;15&quot; selected=&quot;selected&quot;&gt;Picklist&lt;/option&gt;&lt;option value=&quot;56&quot;&gt;Checkbox&lt;/option&gt;&lt;option value=&quot;21&quot;&gt;Textarea&lt;/option&gt;&lt;option value=&quot;33&quot;&gt;Multi-Select-Box&lt;/option&gt;&lt;option value=&quot;26&quot;&gt;Folder&lt;/option&gt;&lt;option value=&quot;69&quot;&gt;Product Image&lt;/option&gt;&lt;option value=&quot;10&quot;&gt;Relation&lt;/option&gt;&lt;/select&gt;&lt;/td&gt;		&lt;td&gt;Column Type: &lt;input type=&quot;text&quot; id=&quot;field_block_0_field_6_columntype&quot; name=&quot;field_block_0_field_6_columntype&quot; value=&quot;VARCHAR(255)&quot; checked=&quot;checked&quot;&gt;&lt;/td&gt;	&lt;/tr&gt;	&lt;tr&gt;		&lt;td&gt;Type of Data: &lt;input type=&quot;text&quot; id=&quot;field_block_0_field_6_typedata&quot; name=&quot;field_block_0_field_6_typedata&quot; value=&quot;V~O&quot; checked=&quot;checked&quot;&gt;&lt;/td&gt;		&lt;td&gt;Set PickList Values: &lt;textarea class=&quot;picklist_holder&quot; style=&quot;margin: 0px; height: 125px; max-width: 214px; id=&quot; field_block_0_field_6_picklist&quot;=&quot;&quot; name=&quot;field_block_0_field_6_picklist&quot; value=&quot;- Select -\r\nArea 1\r\nArea 2\r\nArea 3&quot; checked=&quot;checked&quot;&gt;- Select -\r\nArea 1\r\nArea 2\r\nArea 3&lt;/textarea&gt;&lt;/td&gt;		&lt;td&gt;Set Relationship: &lt;input type=&quot;text&quot; id=&quot;field_block_0_field_6_relationship&quot; name=&quot;field_block_0_field_6_relationship&quot; value=&quot;&quot; checked=&quot;checked&quot;&gt;&lt;/td&gt;		&lt;td&gt; Related List(include): &lt;input type=&quot;checkbox&quot; id=&quot;field_block_0_field_6_relatedlist&quot; name=&quot;field_block_0_field_6_relatedlist&quot; value=&quot;1&quot; checked=&quot;checked&quot;&gt;&lt;br&gt;Search List(include): &lt;input type=&quot;checkbox&quot; id=&quot;field_block_0_field_6_search&quot; name=&quot;field_block_0_field_6_search&quot; value=&quot;1&quot; checked=&quot;checked&quot;&gt;&lt;br&gt;List View(include): &lt;input type=&quot;checkbox&quot; id=&quot;field_block_0_field_6_listview&quot; name=&quot;field_block_0_field_6_listview&quot; value=&quot;field_block_0_field_6&quot; checked=&quot;checked&quot;&gt;&lt;br&gt;Module Identifier(atleast 1): &lt;input type=&quot;checkbox&quot; id=&quot;field_block_0_field_6_identifier&quot; name=&quot;field_block_0_field_6_identifier&quot; value=&quot;field_block_0_field_6&quot;&gt;&lt;br&gt;List Link Field(only 1): &lt;input type=&quot;checkbox&quot; id=&quot;field_block_0_field_6_link&quot; name=&quot;field_block_0_field_6_link&quot; value=&quot;1&quot;&gt;&lt;/td&gt;	&lt;/tr&gt;	&lt;/tbody&gt;&lt;/table&gt;&lt;button class=&quot;del_field&quot;&gt;remove&lt;/button&gt;&lt;/div&gt;&lt;/li&gt;&lt;/ul&gt;\r\n				&lt;/div&gt;\r\n				&lt;button class=&quot;add_field&quot; id=&quot;field_block_0&quot;&gt;add_field&lt;/button&gt;\r\n				\r\n			&lt;/div&gt;\r\n		&lt;/div&gt;\r\n	&lt;textarea name=&quot;field_block_container&quot; id=&quot;field_block_container&quot; style=&quot;display:none&quot; value=&quot;&quot; checked=&quot;checked&quot;&gt;&lt;/textarea&gt;		'),
(9, 'Cars', '\r\n			&lt;br&gt;\r\nModule Name: &lt;input type=&quot;text&quot; name=&quot;module_name&quot; id=&quot;module_name&quot; value=&quot;Cars&quot; checked=&quot;checked&quot;&gt;\r\nParent Name: &lt;input type=&quot;text&quot; name=&quot;parent_name&quot; id=&quot;parent_name&quot; value=&quot;Analytics&quot; checked=&quot;checked&quot;&gt;\r\n	&lt;div id=&quot;blocks_container&quot;&gt; \r\n		&lt;input type=&quot;hidden&quot; id=&quot;block_counter&quot; value=&quot;0&quot;&gt;\r\n		\r\n			&lt;div class=&quot;block&quot; id=&quot;block_0&quot;&gt;\r\n			Block Name: &lt;input type=&quot;text&quot; name=&quot;block_0_name&quot; id=&quot;block_0_name&quot; value=&quot;General Information&quot; checked=&quot;checked&quot;&gt;\r\n			&lt;br&gt;\r\n				\r\n				&lt;input type=&quot;hidden&quot; id=&quot;counter_field_block_0&quot; value=&quot;6&quot;&gt;\r\n				\r\n				&lt;div id=&quot;container_field_block_0&quot;&gt;\r\n					&lt;ul class=&quot;sortable ui-sortable&quot;&gt;\r\n						&lt;li&gt;\r\n						&lt;div class=&quot;fields&quot; id=&quot;field_block_0_field_0&quot;&gt;\r\n							&lt;table&gt;\r\n							&lt;tbody&gt;&lt;tr&gt;\r\n								&lt;td&gt;Field Label: &lt;input type=&quot;text&quot; id=&quot;field_block_0_field_0_label&quot; name=&quot;field_block_0_field_0_label&quot; value=&quot;Created Time&quot; checked=&quot;checked&quot;&gt;&lt;/td&gt;\r\n								&lt;td&gt;Field Name: &lt;input type=&quot;text&quot; id=&quot;field_block_0_field_0_name&quot; name=&quot;field_block_0_field_0_fieldname&quot; value=&quot;CreatedTime&quot; checked=&quot;checked&quot;&gt;&lt;/td&gt;\r\n								&lt;td&gt;Column Name: &lt;input type=&quot;text&quot; id=&quot;field_block_0_field_0_columnname&quot; name=&quot;field_block_0_field_0_columnname&quot; value=&quot;createdtime&quot; checked=&quot;checked&quot;&gt;&lt;/td&gt;\r\n							&lt;/tr&gt;\r\n							&lt;tr&gt;\r\n								&lt;td&gt;Table: &lt;input type=&quot;text&quot; id=&quot;field_block_0_field_0_table&quot; name=&quot;field_block_0_field_0_table&quot; value=&quot;vtiger_crmentity&quot; checked=&quot;checked&quot;&gt;&lt;/td&gt;\r\n								&lt;td&gt;UI Type: &lt;input type=&quot;text&quot; id=&quot;field_block_0_field_0_uitype&quot; name=&quot;field_block_0_field_0_uitype&quot; value=&quot;70&quot; checked=&quot;checked&quot;&gt;&lt;/td&gt;\r\n								&lt;td&gt;Type of Data: &lt;input type=&quot;text&quot; id=&quot;field_block_0_field_0_typedata&quot; name=&quot;field_block_0_field_0_typedata&quot; value=&quot;T~O&quot; checked=&quot;checked&quot;&gt;&lt;/td&gt;\r\n								&lt;td&gt;Display Type: &lt;input type=&quot;text&quot; id=&quot;field_block_0_field_0_displaytype&quot; name=&quot;field_block_0_field_0_displaytype&quot; value=&quot;2&quot; checked=&quot;checked&quot;&gt;&lt;/td&gt;\r\n							&lt;/tr&gt;\r\n							&lt;/tbody&gt;&lt;/table&gt;\r\n						&lt;/div&gt;\r\n						&lt;/li&gt;\r\n						&lt;li&gt;\r\n						&lt;div class=&quot;fields&quot; id=&quot;field_block_0_field_1&quot;&gt;\r\n							&lt;table&gt;\r\n							&lt;tbody&gt;&lt;tr&gt;\r\n								&lt;td&gt;Field Label: &lt;input type=&quot;text&quot; id=&quot;field_block_0_field_1_label&quot; name=&quot;field_block_0_field_1_label&quot; value=&quot;Modified Time&quot; checked=&quot;checked&quot;&gt;&lt;/td&gt;\r\n								&lt;td&gt;Field Name: &lt;input type=&quot;text&quot; id=&quot;field_block_0_field_1_name&quot; name=&quot;field_block_0_field_1_fieldname&quot; value=&quot;ModifiedTime&quot; checked=&quot;checked&quot;&gt;&lt;/td&gt;\r\n								&lt;td&gt;Column Name: &lt;input type=&quot;text&quot; id=&quot;field_block_0_field_1_columnname&quot; name=&quot;field_block_0_field_1_columnname&quot; value=&quot;modifiedtime&quot; checked=&quot;checked&quot;&gt;&lt;/td&gt;\r\n							&lt;/tr&gt;\r\n							&lt;tr&gt;\r\n								&lt;td&gt;Table: &lt;input type=&quot;text&quot; id=&quot;field_block_0_field_1_table&quot; name=&quot;field_block_0_field_1_table&quot; value=&quot;vtiger_crmentity&quot; checked=&quot;checked&quot;&gt;&lt;/td&gt;\r\n								&lt;td&gt;UI Type: &lt;input type=&quot;text&quot; id=&quot;field_block_0_field_1_uitype&quot; name=&quot;field_block_0_field_1_uitype&quot; value=&quot;70&quot; checked=&quot;checked&quot;&gt;&lt;/td&gt;\r\n								&lt;td&gt;Type of Data: &lt;input type=&quot;text&quot; id=&quot;field_block_0_field_1_typedata&quot; name=&quot;field_block_0_field_1_typedata&quot; value=&quot;T~O&quot; checked=&quot;checked&quot;&gt;&lt;/td&gt;\r\n								&lt;td&gt;Display Type: &lt;input type=&quot;text&quot; id=&quot;field_block_0_field_1_displaytype&quot; name=&quot;field_block_0_field_1_displaytype&quot; value=&quot;2&quot; checked=&quot;checked&quot;&gt;&lt;/td&gt;\r\n							&lt;/tr&gt;\r\n							&lt;/tbody&gt;&lt;/table&gt;\r\n						&lt;/div&gt;\r\n						&lt;/li&gt;\r\n						&lt;li&gt;\r\n						&lt;div class=&quot;fields&quot; id=&quot;field_block_0_field_2&quot;&gt;\r\n							&lt;table&gt;\r\n							&lt;tbody&gt;&lt;tr&gt;\r\n								&lt;td&gt;Field Label: &lt;input type=&quot;text&quot; id=&quot;field_block_0_field_2_label&quot; name=&quot;field_block_0_field_2_label&quot; value=&quot;Assigned To&quot; checked=&quot;checked&quot;&gt;&lt;/td&gt;\r\n								&lt;td&gt;Field Name: &lt;input type=&quot;text&quot; id=&quot;field_block_0_field_2_fieldname&quot; name=&quot;field_block_0_field_2_fieldname&quot; value=&quot;assigned_user_id&quot; checked=&quot;checked&quot;&gt;&lt;/td&gt;\r\n								&lt;td&gt;Column Name: &lt;input type=&quot;text&quot; id=&quot;field_block_0_field_2_columnname&quot; name=&quot;field_block_0_field_2_columnname&quot; value=&quot;smownerid&quot; checked=&quot;checked&quot;&gt;&lt;/td&gt;\r\n								&lt;td&gt;UI Type: &lt;input type=&quot;text&quot; id=&quot;field_block_0_field_2_uitype&quot; name=&quot;field_block_0_field_2_uitype&quot; value=&quot;53&quot; checked=&quot;checked&quot;&gt;&lt;/td&gt;\r\n							&lt;/tr&gt;\r\n							&lt;tr&gt;\r\n								&lt;td&gt;Table: &lt;input type=&quot;text&quot; id=&quot;field_block_0_field_2_table&quot; name=&quot;field_block_0_field_2_table&quot; value=&quot;vtiger_crmentity&quot; checked=&quot;checked&quot;&gt;&lt;/td&gt;\r\n								&lt;td&gt;Type of Data: &lt;input type=&quot;text&quot; id=&quot;field_block_0_field_2_typedata&quot; name=&quot;field_block_0_field_2_typedata&quot; value=&quot;V~M&quot; checked=&quot;checked&quot;&gt;&lt;/td&gt;\r\n							&lt;/tr&gt;\r\n							&lt;/tbody&gt;&lt;/table&gt;\r\n						&lt;/div&gt;\r\n						&lt;/li&gt;\r\n					&lt;li&gt;&lt;div class=&quot;fields&quot; id=&quot;field_block_0_field_3&quot;&gt;&lt;table&gt;	&lt;tbody&gt;&lt;tr&gt;		&lt;td&gt;Field Label: &lt;input type=&quot;text&quot; id=&quot;field_block_0_field_3_label&quot; name=&quot;field_block_0_field_3_label&quot; value=&quot;Car No.&quot; checked=&quot;checked&quot;&gt;&lt;/td&gt;		&lt;td&gt;Column Name / Field Name: &lt;input type=&quot;text&quot; id=&quot;field_block_0_field_3_columnname&quot; name=&quot;field_block_0_field_3_columnname&quot; value=&quot;car_no&quot; checked=&quot;checked&quot;&gt;&lt;/td&gt;		&lt;td&gt;UI Type: &lt;select class=&quot;uitype_select&quot; id=&quot;field_block_0_field_3^_^uitype&quot; name=&quot;field_block_0_field_3_uitype&quot; value=&quot;4&quot; checked=&quot;checked&quot;&gt;&lt;option value=&quot;0&quot;&gt;--&lt;/option&gt;&lt;option value=&quot;1&quot;&gt;Text&lt;/option&gt;&lt;option value=&quot;4&quot; selected=&quot;selected&quot;&gt;Incremantal&lt;/option&gt;&lt;option value=&quot;7&quot;&gt;Number&lt;/option&gt;&lt;option value=&quot;71&quot;&gt;Currency&lt;/option&gt;&lt;option value=&quot;9&quot;&gt;Percent&lt;/option&gt;&lt;option value=&quot;5&quot;&gt;Date&lt;/option&gt;&lt;option value=&quot;13&quot;&gt;Email&lt;/option&gt;&lt;option value=&quot;11&quot;&gt;Phone&lt;/option&gt;&lt;option value=&quot;15&quot;&gt;Picklist&lt;/option&gt;&lt;option value=&quot;56&quot;&gt;Checkbox&lt;/option&gt;&lt;option value=&quot;21&quot;&gt;Textarea&lt;/option&gt;&lt;option value=&quot;33&quot;&gt;Multi-Select-Box&lt;/option&gt;&lt;option value=&quot;26&quot;&gt;Folder&lt;/option&gt;&lt;option value=&quot;69&quot;&gt;Product Image&lt;/option&gt;&lt;option value=&quot;10&quot;&gt;Relation&lt;/option&gt;&lt;/select&gt;&lt;/td&gt;		&lt;td&gt;Column Type: &lt;input type=&quot;text&quot; id=&quot;field_block_0_field_3_columntype&quot; name=&quot;field_block_0_field_3_columntype&quot; value=&quot;VARCHAR(100)&quot; checked=&quot;checked&quot;&gt;&lt;/td&gt;	&lt;/tr&gt;	&lt;tr&gt;		&lt;td&gt;Type of Data: &lt;input type=&quot;text&quot; id=&quot;field_block_0_field_3_typedata&quot; name=&quot;field_block_0_field_3_typedata&quot; value=&quot;V~O&quot; checked=&quot;checked&quot;&gt;&lt;/td&gt;		&lt;td&gt;Set PickList Values: &lt;textarea class=&quot;picklist_holder&quot; style=&quot;margin: 0px; height: 125px; max-width: 214px; id=&quot; field_block_0_field_3_picklist&quot;=&quot;&quot; name=&quot;field_block_0_field_3_picklist&quot; value=&quot;&quot; checked=&quot;checked&quot;&gt;&lt;/textarea&gt;&lt;/td&gt;		&lt;td&gt;Set Relationship: &lt;input type=&quot;text&quot; id=&quot;field_block_0_field_3_relationship&quot; name=&quot;field_block_0_field_3_relationship&quot; value=&quot;&quot; checked=&quot;checked&quot;&gt;&lt;/td&gt;		&lt;td&gt; Related List(include): &lt;input type=&quot;checkbox&quot; id=&quot;field_block_0_field_3_relatedlist&quot; name=&quot;field_block_0_field_3_relatedlist&quot; value=&quot;1&quot; checked=&quot;checked&quot;&gt;&lt;br&gt;Search List(include): &lt;input type=&quot;checkbox&quot; id=&quot;field_block_0_field_3_search&quot; name=&quot;field_block_0_field_3_search&quot; value=&quot;1&quot; checked=&quot;checked&quot;&gt;&lt;br&gt;List View(include): &lt;input type=&quot;checkbox&quot; id=&quot;field_block_0_field_3_listview&quot; name=&quot;field_block_0_field_3_listview&quot; value=&quot;field_block_0_field_3&quot; checked=&quot;checked&quot;&gt;&lt;br&gt;Module Identifier(atleast 1): &lt;input type=&quot;checkbox&quot; id=&quot;field_block_0_field_3_identifier&quot; name=&quot;field_block_0_field_3_identifier&quot; value=&quot;field_block_0_field_3&quot; checked=&quot;checked&quot;&gt;&lt;br&gt;List Link Field(only 1): &lt;input type=&quot;checkbox&quot; id=&quot;field_block_0_field_3_link&quot; name=&quot;field_block_0_field_3_link&quot; value=&quot;1&quot; checked=&quot;checked&quot;&gt;&lt;/td&gt;	&lt;/tr&gt;	&lt;/tbody&gt;&lt;/table&gt;&lt;button class=&quot;del_field&quot;&gt;remove&lt;/button&gt;&lt;/div&gt;&lt;/li&gt;&lt;li&gt;&lt;div class=&quot;fields&quot; id=&quot;field_block_0_field_4&quot;&gt;&lt;table&gt;	&lt;tbody&gt;&lt;tr&gt;		&lt;td&gt;Field Label: &lt;input type=&quot;text&quot; id=&quot;field_block_0_field_4_label&quot; name=&quot;field_block_0_field_4_label&quot; value=&quot;Plate No.&quot; checked=&quot;checked&quot;&gt;&lt;/td&gt;		&lt;td&gt;Column Name / Field Name: &lt;input type=&quot;text&quot; id=&quot;field_block_0_field_4_columnname&quot; name=&quot;field_block_0_field_4_columnname&quot; value=&quot;plate_no&quot; checked=&quot;checked&quot;&gt;&lt;/td&gt;		&lt;td&gt;UI Type: &lt;select class=&quot;uitype_select&quot; id=&quot;field_block_0_field_4^_^uitype&quot; name=&quot;field_block_0_field_4_uitype&quot; value=&quot;1&quot; checked=&quot;checked&quot;&gt;&lt;option value=&quot;0&quot;&gt;--&lt;/option&gt;&lt;option value=&quot;1&quot; selected=&quot;selected&quot;&gt;Text&lt;/option&gt;&lt;option value=&quot;4&quot;&gt;Incremantal&lt;/option&gt;&lt;option value=&quot;7&quot;&gt;Number&lt;/option&gt;&lt;option value=&quot;71&quot;&gt;Currency&lt;/option&gt;&lt;option value=&quot;9&quot;&gt;Percent&lt;/option&gt;&lt;option value=&quot;5&quot;&gt;Date&lt;/option&gt;&lt;option value=&quot;13&quot;&gt;Email&lt;/option&gt;&lt;option value=&quot;11&quot;&gt;Phone&lt;/option&gt;&lt;option value=&quot;15&quot;&gt;Picklist&lt;/option&gt;&lt;option value=&quot;56&quot;&gt;Checkbox&lt;/option&gt;&lt;option value=&quot;21&quot;&gt;Textarea&lt;/option&gt;&lt;option value=&quot;33&quot;&gt;Multi-Select-Box&lt;/option&gt;&lt;option value=&quot;26&quot;&gt;Folder&lt;/option&gt;&lt;option value=&quot;69&quot;&gt;Product Image&lt;/option&gt;&lt;option value=&quot;10&quot;&gt;Relation&lt;/option&gt;&lt;/select&gt;&lt;/td&gt;		&lt;td&gt;Column Type: &lt;input type=&quot;text&quot; id=&quot;field_block_0_field_4_columntype&quot; name=&quot;field_block_0_field_4_columntype&quot; value=&quot;VARCHAR(100)&quot; checked=&quot;checked&quot;&gt;&lt;/td&gt;	&lt;/tr&gt;	&lt;tr&gt;		&lt;td&gt;Type of Data: &lt;input type=&quot;text&quot; id=&quot;field_block_0_field_4_typedata&quot; name=&quot;field_block_0_field_4_typedata&quot; value=&quot;V~O~LE~100&quot; checked=&quot;checked&quot;&gt;&lt;/td&gt;		&lt;td&gt;Set PickList Values: &lt;textarea class=&quot;picklist_holder&quot; style=&quot;margin: 0px; height: 125px; max-width: 214px; id=&quot; field_block_0_field_4_picklist&quot;=&quot;&quot; name=&quot;field_block_0_field_4_picklist&quot; value=&quot;&quot; checked=&quot;checked&quot;&gt;&lt;/textarea&gt;&lt;/td&gt;		&lt;td&gt;Set Relationship: &lt;input type=&quot;text&quot; id=&quot;field_block_0_field_4_relationship&quot; name=&quot;field_block_0_field_4_relationship&quot; value=&quot;&quot; checked=&quot;checked&quot;&gt;&lt;/td&gt;		&lt;td&gt; Related List(include): &lt;input type=&quot;checkbox&quot; id=&quot;field_block_0_field_4_relatedlist&quot; name=&quot;field_block_0_field_4_relatedlist&quot; value=&quot;1&quot; checked=&quot;checked&quot;&gt;&lt;br&gt;Search List(include): &lt;input type=&quot;checkbox&quot; id=&quot;field_block_0_field_4_search&quot; name=&quot;field_block_0_field_4_search&quot; value=&quot;1&quot; checked=&quot;checked&quot;&gt;&lt;br&gt;List View(include): &lt;input type=&quot;checkbox&quot; id=&quot;field_block_0_field_4_listview&quot; name=&quot;field_block_0_field_4_listview&quot; value=&quot;field_block_0_field_4&quot; checked=&quot;checked&quot;&gt;&lt;br&gt;Module Identifier(atleast 1): &lt;input type=&quot;checkbox&quot; id=&quot;field_block_0_field_4_identifier&quot; name=&quot;field_block_0_field_4_identifier&quot; value=&quot;field_block_0_field_4&quot;&gt;&lt;br&gt;List Link Field(only 1): &lt;input type=&quot;checkbox&quot; id=&quot;field_block_0_field_4_link&quot; name=&quot;field_block_0_field_4_link&quot; value=&quot;1&quot;&gt;&lt;/td&gt;	&lt;/tr&gt;	&lt;/tbody&gt;&lt;/table&gt;&lt;button class=&quot;del_field&quot;&gt;remove&lt;/button&gt;&lt;/div&gt;&lt;/li&gt;&lt;li&gt;&lt;div class=&quot;fields&quot; id=&quot;field_block_0_field_5&quot;&gt;&lt;table&gt;	&lt;tbody&gt;&lt;tr&gt;		&lt;td&gt;Field Label: &lt;input type=&quot;text&quot; id=&quot;field_block_0_field_5_label&quot; name=&quot;field_block_0_field_5_label&quot; value=&quot;Homeowner&quot; checked=&quot;checked&quot;&gt;&lt;/td&gt;		&lt;td&gt;Column Name / Field Name: &lt;input type=&quot;text&quot; id=&quot;field_block_0_field_5_columnname&quot; name=&quot;field_block_0_field_5_columnname&quot; value=&quot;homeowner&quot; checked=&quot;checked&quot;&gt;&lt;/td&gt;		&lt;td&gt;UI Type: &lt;select class=&quot;uitype_select&quot; id=&quot;field_block_0_field_5^_^uitype&quot; name=&quot;field_block_0_field_5_uitype&quot; value=&quot;10&quot; checked=&quot;checked&quot;&gt;&lt;option value=&quot;0&quot;&gt;--&lt;/option&gt;&lt;option value=&quot;1&quot;&gt;Text&lt;/option&gt;&lt;option value=&quot;4&quot;&gt;Incremantal&lt;/option&gt;&lt;option value=&quot;7&quot;&gt;Number&lt;/option&gt;&lt;option value=&quot;71&quot;&gt;Currency&lt;/option&gt;&lt;option value=&quot;9&quot;&gt;Percent&lt;/option&gt;&lt;option value=&quot;5&quot;&gt;Date&lt;/option&gt;&lt;option value=&quot;13&quot;&gt;Email&lt;/option&gt;&lt;option value=&quot;11&quot;&gt;Phone&lt;/option&gt;&lt;option value=&quot;15&quot;&gt;Picklist&lt;/option&gt;&lt;option value=&quot;56&quot;&gt;Checkbox&lt;/option&gt;&lt;option value=&quot;21&quot;&gt;Textarea&lt;/option&gt;&lt;option value=&quot;33&quot;&gt;Multi-Select-Box&lt;/option&gt;&lt;option value=&quot;26&quot;&gt;Folder&lt;/option&gt;&lt;option value=&quot;69&quot;&gt;Product Image&lt;/option&gt;&lt;option value=&quot;10&quot; selected=&quot;selected&quot;&gt;Relation&lt;/option&gt;&lt;/select&gt;&lt;/td&gt;		&lt;td&gt;Column Type: &lt;input type=&quot;text&quot; id=&quot;field_block_0_field_5_columntype&quot; name=&quot;field_block_0_field_5_columntype&quot; value=&quot;VARCHAR(20)&quot; checked=&quot;checked&quot;&gt;&lt;/td&gt;	&lt;/tr&gt;	&lt;tr&gt;		&lt;td&gt;Type of Data: &lt;input type=&quot;text&quot; id=&quot;field_block_0_field_5_typedata&quot; name=&quot;field_block_0_field_5_typedata&quot; value=&quot;V~O&quot; checked=&quot;checked&quot;&gt;&lt;/td&gt;		&lt;td&gt;Set PickList Values: &lt;textarea class=&quot;picklist_holder&quot; style=&quot;margin: 0px; height: 125px; max-width: 214px; id=&quot; field_block_0_field_5_picklist&quot;=&quot;&quot; name=&quot;field_block_0_field_5_picklist&quot; value=&quot;&quot; checked=&quot;checked&quot;&gt;&lt;/textarea&gt;&lt;/td&gt;		&lt;td&gt;Set Relationship: &lt;input type=&quot;text&quot; id=&quot;field_block_0_field_5_relationship&quot; name=&quot;field_block_0_field_5_relationship&quot; value=&quot;HomeOwner&quot; checked=&quot;checked&quot;&gt;&lt;/td&gt;		&lt;td&gt; Related List(include): &lt;input type=&quot;checkbox&quot; id=&quot;field_block_0_field_5_relatedlist&quot; name=&quot;field_block_0_field_5_relatedlist&quot; value=&quot;1&quot; checked=&quot;checked&quot;&gt;&lt;br&gt;Search List(include): &lt;input type=&quot;checkbox&quot; id=&quot;field_block_0_field_5_search&quot; name=&quot;field_block_0_field_5_search&quot; value=&quot;1&quot; checked=&quot;checked&quot;&gt;&lt;br&gt;List View(include): &lt;input type=&quot;checkbox&quot; id=&quot;field_block_0_field_5_listview&quot; name=&quot;field_block_0_field_5_listview&quot; value=&quot;field_block_0_field_5&quot; checked=&quot;checked&quot;&gt;&lt;br&gt;Module Identifier(atleast 1): &lt;input type=&quot;checkbox&quot; id=&quot;field_block_0_field_5_identifier&quot; name=&quot;field_block_0_field_5_identifier&quot; value=&quot;field_block_0_field_5&quot;&gt;&lt;br&gt;List Link Field(only 1): &lt;input type=&quot;checkbox&quot; id=&quot;field_block_0_field_5_link&quot; name=&quot;field_block_0_field_5_link&quot; value=&quot;1&quot;&gt;&lt;/td&gt;	&lt;/tr&gt;	&lt;/tbody&gt;&lt;/table&gt;&lt;button class=&quot;del_field&quot;&gt;remove&lt;/button&gt;&lt;/div&gt;&lt;/li&gt;&lt;li&gt;&lt;div class=&quot;fields&quot; id=&quot;field_block_0_field_6&quot;&gt;&lt;table&gt;	&lt;tbody&gt;&lt;tr&gt;		&lt;td&gt;Field Label: &lt;input type=&quot;text&quot; id=&quot;field_block_0_field_6_label&quot; name=&quot;field_block_0_field_6_label&quot; value=&quot;Status&quot; checked=&quot;checked&quot;&gt;&lt;/td&gt;		&lt;td&gt;Column Name / Field Name: &lt;input type=&quot;text&quot; id=&quot;field_block_0_field_6_columnname&quot; name=&quot;field_block_0_field_6_columnname&quot; value=&quot;c_status&quot; checked=&quot;checked&quot;&gt;&lt;/td&gt;		&lt;td&gt;UI Type: &lt;select class=&quot;uitype_select&quot; id=&quot;field_block_0_field_6^_^uitype&quot; name=&quot;field_block_0_field_6_uitype&quot; value=&quot;15&quot; checked=&quot;checked&quot;&gt;&lt;option value=&quot;0&quot;&gt;--&lt;/option&gt;&lt;option value=&quot;1&quot;&gt;Text&lt;/option&gt;&lt;option value=&quot;4&quot;&gt;Incremantal&lt;/option&gt;&lt;option value=&quot;7&quot;&gt;Number&lt;/option&gt;&lt;option value=&quot;71&quot;&gt;Currency&lt;/option&gt;&lt;option value=&quot;9&quot;&gt;Percent&lt;/option&gt;&lt;option value=&quot;5&quot;&gt;Date&lt;/option&gt;&lt;option value=&quot;13&quot;&gt;Email&lt;/option&gt;&lt;option value=&quot;11&quot;&gt;Phone&lt;/option&gt;&lt;option value=&quot;15&quot; selected=&quot;selected&quot;&gt;Picklist&lt;/option&gt;&lt;option value=&quot;56&quot;&gt;Checkbox&lt;/option&gt;&lt;option value=&quot;21&quot;&gt;Textarea&lt;/option&gt;&lt;option value=&quot;33&quot;&gt;Multi-Select-Box&lt;/option&gt;&lt;option value=&quot;26&quot;&gt;Folder&lt;/option&gt;&lt;option value=&quot;69&quot;&gt;Product Image&lt;/option&gt;&lt;option value=&quot;10&quot;&gt;Relation&lt;/option&gt;&lt;/select&gt;&lt;/td&gt;		&lt;td&gt;Column Type: &lt;input type=&quot;text&quot; id=&quot;field_block_0_field_6_columntype&quot; name=&quot;field_block_0_field_6_columntype&quot; value=&quot;VARCHAR(255)&quot; checked=&quot;checked&quot;&gt;&lt;/td&gt;	&lt;/tr&gt;	&lt;tr&gt;		&lt;td&gt;Type of Data: &lt;input type=&quot;text&quot; id=&quot;field_block_0_field_6_typedata&quot; name=&quot;field_block_0_field_6_typedata&quot; value=&quot;V~O&quot; checked=&quot;checked&quot;&gt;&lt;/td&gt;		&lt;td&gt;Set PickList Values: &lt;textarea class=&quot;picklist_holder&quot; style=&quot;margin: 0px; height: 125px; max-width: 214px; id=&quot; field_block_0_field_6_picklist&quot;=&quot;&quot; name=&quot;field_block_0_field_6_picklist&quot; value=&quot;Expired\r\nRenewed&quot; checked=&quot;checked&quot;&gt;Expired\r\nRenewed&lt;/textarea&gt;&lt;/td&gt;		&lt;td&gt;Set Relationship: &lt;input type=&quot;text&quot; id=&quot;field_block_0_field_6_relationship&quot; name=&quot;field_block_0_field_6_relationship&quot; value=&quot;&quot; checked=&quot;checked&quot;&gt;&lt;/td&gt;		&lt;td&gt; Related List(include): &lt;input type=&quot;checkbox&quot; id=&quot;field_block_0_field_6_relatedlist&quot; name=&quot;field_block_0_field_6_relatedlist&quot; value=&quot;1&quot; checked=&quot;checked&quot;&gt;&lt;br&gt;Search List(include): &lt;input type=&quot;checkbox&quot; id=&quot;field_block_0_field_6_search&quot; name=&quot;field_block_0_field_6_search&quot; value=&quot;1&quot; checked=&quot;checked&quot;&gt;&lt;br&gt;List View(include): &lt;input type=&quot;checkbox&quot; id=&quot;field_block_0_field_6_listview&quot; name=&quot;field_block_0_field_6_listview&quot; value=&quot;field_block_0_field_6&quot; checked=&quot;checked&quot;&gt;&lt;br&gt;Module Identifier(atleast 1): &lt;input type=&quot;checkbox&quot; id=&quot;field_block_0_field_6_identifier&quot; name=&quot;field_block_0_field_6_identifier&quot; value=&quot;field_block_0_field_6&quot;&gt;&lt;br&gt;List Link Field(only 1): &lt;input type=&quot;checkbox&quot; id=&quot;field_block_0_field_6_link&quot; name=&quot;field_block_0_field_6_link&quot; value=&quot;1&quot;&gt;&lt;/td&gt;	&lt;/tr&gt;	&lt;/tbody&gt;&lt;/table&gt;&lt;button class=&quot;del_field&quot;&gt;remove&lt;/button&gt;&lt;/div&gt;&lt;/li&gt;&lt;/ul&gt;\r\n				&lt;/div&gt;\r\n				&lt;button class=&quot;add_field&quot; id=&quot;field_block_0&quot;&gt;add_field&lt;/button&gt;\r\n				\r\n			&lt;/div&gt;\r\n		&lt;/div&gt;\r\n	&lt;textarea name=&quot;field_block_container&quot; id=&quot;field_block_container&quot; style=&quot;display:none&quot; value=&quot;&quot; checked=&quot;checked&quot;&gt;&lt;/textarea&gt;		');
INSERT INTO `vtiger_modulefileholder` (`id`, `modulename`, `html`) VALUES
(10, 'ReportsKHA', '\r\n			&lt;br&gt;\r\nModule Name: &lt;input type=&quot;text&quot; name=&quot;module_name&quot; id=&quot;module_name&quot; value=&quot;ReportsKHA&quot; checked=&quot;checked&quot;&gt;\r\nParent Name: &lt;input type=&quot;text&quot; name=&quot;parent_name&quot; id=&quot;parent_name&quot; value=&quot;Analytics&quot; checked=&quot;checked&quot;&gt;\r\n	&lt;div id=&quot;blocks_container&quot;&gt; \r\n		&lt;input type=&quot;hidden&quot; id=&quot;block_counter&quot; value=&quot;0&quot;&gt;\r\n		\r\n			&lt;div class=&quot;block&quot; id=&quot;block_0&quot;&gt;\r\n			Block Name: &lt;input type=&quot;text&quot; name=&quot;block_0_name&quot; id=&quot;block_0_name&quot; value=&quot;General Information&quot; checked=&quot;checked&quot;&gt;\r\n			&lt;br&gt;\r\n				\r\n				&lt;input type=&quot;hidden&quot; id=&quot;counter_field_block_0&quot; value=&quot;4&quot;&gt;\r\n				\r\n				&lt;div id=&quot;container_field_block_0&quot;&gt;\r\n					&lt;ul class=&quot;sortable ui-sortable&quot;&gt;\r\n						&lt;li&gt;\r\n						&lt;div class=&quot;fields&quot; id=&quot;field_block_0_field_0&quot;&gt;\r\n							&lt;table&gt;\r\n							&lt;tbody&gt;&lt;tr&gt;\r\n								&lt;td&gt;Field Label: &lt;input type=&quot;text&quot; id=&quot;field_block_0_field_0_label&quot; name=&quot;field_block_0_field_0_label&quot; value=&quot;Created Time&quot; checked=&quot;checked&quot;&gt;&lt;/td&gt;\r\n								&lt;td&gt;Field Name: &lt;input type=&quot;text&quot; id=&quot;field_block_0_field_0_name&quot; name=&quot;field_block_0_field_0_fieldname&quot; value=&quot;CreatedTime&quot; checked=&quot;checked&quot;&gt;&lt;/td&gt;\r\n								&lt;td&gt;Column Name: &lt;input type=&quot;text&quot; id=&quot;field_block_0_field_0_columnname&quot; name=&quot;field_block_0_field_0_columnname&quot; value=&quot;createdtime&quot; checked=&quot;checked&quot;&gt;&lt;/td&gt;\r\n							&lt;/tr&gt;\r\n							&lt;tr&gt;\r\n								&lt;td&gt;Table: &lt;input type=&quot;text&quot; id=&quot;field_block_0_field_0_table&quot; name=&quot;field_block_0_field_0_table&quot; value=&quot;vtiger_crmentity&quot; checked=&quot;checked&quot;&gt;&lt;/td&gt;\r\n								&lt;td&gt;UI Type: &lt;input type=&quot;text&quot; id=&quot;field_block_0_field_0_uitype&quot; name=&quot;field_block_0_field_0_uitype&quot; value=&quot;70&quot; checked=&quot;checked&quot;&gt;&lt;/td&gt;\r\n								&lt;td&gt;Type of Data: &lt;input type=&quot;text&quot; id=&quot;field_block_0_field_0_typedata&quot; name=&quot;field_block_0_field_0_typedata&quot; value=&quot;T~O&quot; checked=&quot;checked&quot;&gt;&lt;/td&gt;\r\n								&lt;td&gt;Display Type: &lt;input type=&quot;text&quot; id=&quot;field_block_0_field_0_displaytype&quot; name=&quot;field_block_0_field_0_displaytype&quot; value=&quot;2&quot; checked=&quot;checked&quot;&gt;&lt;/td&gt;\r\n							&lt;/tr&gt;\r\n							&lt;/tbody&gt;&lt;/table&gt;\r\n						&lt;/div&gt;\r\n						&lt;/li&gt;\r\n						&lt;li&gt;\r\n						&lt;div class=&quot;fields&quot; id=&quot;field_block_0_field_1&quot;&gt;\r\n							&lt;table&gt;\r\n							&lt;tbody&gt;&lt;tr&gt;\r\n								&lt;td&gt;Field Label: &lt;input type=&quot;text&quot; id=&quot;field_block_0_field_1_label&quot; name=&quot;field_block_0_field_1_label&quot; value=&quot;Modified Time&quot; checked=&quot;checked&quot;&gt;&lt;/td&gt;\r\n								&lt;td&gt;Field Name: &lt;input type=&quot;text&quot; id=&quot;field_block_0_field_1_name&quot; name=&quot;field_block_0_field_1_fieldname&quot; value=&quot;ModifiedTime&quot; checked=&quot;checked&quot;&gt;&lt;/td&gt;\r\n								&lt;td&gt;Column Name: &lt;input type=&quot;text&quot; id=&quot;field_block_0_field_1_columnname&quot; name=&quot;field_block_0_field_1_columnname&quot; value=&quot;modifiedtime&quot; checked=&quot;checked&quot;&gt;&lt;/td&gt;\r\n							&lt;/tr&gt;\r\n							&lt;tr&gt;\r\n								&lt;td&gt;Table: &lt;input type=&quot;text&quot; id=&quot;field_block_0_field_1_table&quot; name=&quot;field_block_0_field_1_table&quot; value=&quot;vtiger_crmentity&quot; checked=&quot;checked&quot;&gt;&lt;/td&gt;\r\n								&lt;td&gt;UI Type: &lt;input type=&quot;text&quot; id=&quot;field_block_0_field_1_uitype&quot; name=&quot;field_block_0_field_1_uitype&quot; value=&quot;70&quot; checked=&quot;checked&quot;&gt;&lt;/td&gt;\r\n								&lt;td&gt;Type of Data: &lt;input type=&quot;text&quot; id=&quot;field_block_0_field_1_typedata&quot; name=&quot;field_block_0_field_1_typedata&quot; value=&quot;T~O&quot; checked=&quot;checked&quot;&gt;&lt;/td&gt;\r\n								&lt;td&gt;Display Type: &lt;input type=&quot;text&quot; id=&quot;field_block_0_field_1_displaytype&quot; name=&quot;field_block_0_field_1_displaytype&quot; value=&quot;2&quot; checked=&quot;checked&quot;&gt;&lt;/td&gt;\r\n							&lt;/tr&gt;\r\n							&lt;/tbody&gt;&lt;/table&gt;\r\n						&lt;/div&gt;\r\n						&lt;/li&gt;\r\n						&lt;li&gt;\r\n						&lt;div class=&quot;fields&quot; id=&quot;field_block_0_field_2&quot;&gt;\r\n							&lt;table&gt;\r\n							&lt;tbody&gt;&lt;tr&gt;\r\n								&lt;td&gt;Field Label: &lt;input type=&quot;text&quot; id=&quot;field_block_0_field_2_label&quot; name=&quot;field_block_0_field_2_label&quot; value=&quot;Assigned To&quot; checked=&quot;checked&quot;&gt;&lt;/td&gt;\r\n								&lt;td&gt;Field Name: &lt;input type=&quot;text&quot; id=&quot;field_block_0_field_2_fieldname&quot; name=&quot;field_block_0_field_2_fieldname&quot; value=&quot;assigned_user_id&quot; checked=&quot;checked&quot;&gt;&lt;/td&gt;\r\n								&lt;td&gt;Column Name: &lt;input type=&quot;text&quot; id=&quot;field_block_0_field_2_columnname&quot; name=&quot;field_block_0_field_2_columnname&quot; value=&quot;smownerid&quot; checked=&quot;checked&quot;&gt;&lt;/td&gt;\r\n								&lt;td&gt;UI Type: &lt;input type=&quot;text&quot; id=&quot;field_block_0_field_2_uitype&quot; name=&quot;field_block_0_field_2_uitype&quot; value=&quot;53&quot; checked=&quot;checked&quot;&gt;&lt;/td&gt;\r\n							&lt;/tr&gt;\r\n							&lt;tr&gt;\r\n								&lt;td&gt;Table: &lt;input type=&quot;text&quot; id=&quot;field_block_0_field_2_table&quot; name=&quot;field_block_0_field_2_table&quot; value=&quot;vtiger_crmentity&quot; checked=&quot;checked&quot;&gt;&lt;/td&gt;\r\n								&lt;td&gt;Type of Data: &lt;input type=&quot;text&quot; id=&quot;field_block_0_field_2_typedata&quot; name=&quot;field_block_0_field_2_typedata&quot; value=&quot;V~M&quot; checked=&quot;checked&quot;&gt;&lt;/td&gt;\r\n							&lt;/tr&gt;\r\n							&lt;/tbody&gt;&lt;/table&gt;\r\n						&lt;/div&gt;\r\n						&lt;/li&gt;\r\n					&lt;li class=&quot;&quot; style=&quot;&quot;&gt;&lt;div class=&quot;fields&quot; id=&quot;field_block_0_field_3&quot;&gt;&lt;table&gt;	&lt;tbody&gt;&lt;tr&gt;		&lt;td&gt;Field Label: &lt;input type=&quot;text&quot; id=&quot;field_block_0_field_3_label&quot; name=&quot;field_block_0_field_3_label&quot; value=&quot;Report No.&quot; checked=&quot;checked&quot;&gt;&lt;/td&gt;		&lt;td&gt;Column Name / Field Name: &lt;input type=&quot;text&quot; id=&quot;field_block_0_field_3_columnname&quot; name=&quot;field_block_0_field_3_columnname&quot; value=&quot;report_no&quot; checked=&quot;checked&quot;&gt;&lt;/td&gt;		&lt;td&gt;UI Type: &lt;select class=&quot;uitype_select&quot; id=&quot;field_block_0_field_3^_^uitype&quot; name=&quot;field_block_0_field_3_uitype&quot; value=&quot;4&quot; checked=&quot;checked&quot;&gt;&lt;option value=&quot;0&quot;&gt;--&lt;/option&gt;&lt;option value=&quot;1&quot;&gt;Text&lt;/option&gt;&lt;option value=&quot;4&quot; selected=&quot;selected&quot;&gt;Incremantal&lt;/option&gt;&lt;option value=&quot;7&quot;&gt;Number&lt;/option&gt;&lt;option value=&quot;71&quot;&gt;Currency&lt;/option&gt;&lt;option value=&quot;9&quot;&gt;Percent&lt;/option&gt;&lt;option value=&quot;5&quot;&gt;Date&lt;/option&gt;&lt;option value=&quot;13&quot;&gt;Email&lt;/option&gt;&lt;option value=&quot;11&quot;&gt;Phone&lt;/option&gt;&lt;option value=&quot;15&quot;&gt;Picklist&lt;/option&gt;&lt;option value=&quot;56&quot;&gt;Checkbox&lt;/option&gt;&lt;option value=&quot;21&quot;&gt;Textarea&lt;/option&gt;&lt;option value=&quot;33&quot;&gt;Multi-Select-Box&lt;/option&gt;&lt;option value=&quot;26&quot;&gt;Folder&lt;/option&gt;&lt;option value=&quot;69&quot;&gt;Product Image&lt;/option&gt;&lt;option value=&quot;10&quot;&gt;Relation&lt;/option&gt;&lt;/select&gt;&lt;/td&gt;		&lt;td&gt;Column Type: &lt;input type=&quot;text&quot; id=&quot;field_block_0_field_3_columntype&quot; name=&quot;field_block_0_field_3_columntype&quot; value=&quot;VARCHAR(100)&quot; checked=&quot;checked&quot;&gt;&lt;/td&gt;	&lt;/tr&gt;	&lt;tr&gt;		&lt;td&gt;Type of Data: &lt;input type=&quot;text&quot; id=&quot;field_block_0_field_3_typedata&quot; name=&quot;field_block_0_field_3_typedata&quot; value=&quot;V~O&quot; checked=&quot;checked&quot;&gt;&lt;/td&gt;		&lt;td&gt;Set PickList Values: &lt;textarea class=&quot;picklist_holder&quot; style=&quot;margin: 0px; height: 125px; max-width: 214px; id=&quot; field_block_0_field_3_picklist&quot;=&quot;&quot; name=&quot;field_block_0_field_3_picklist&quot; value=&quot;&quot; checked=&quot;checked&quot;&gt;&lt;/textarea&gt;&lt;/td&gt;		&lt;td&gt;Set Relationship: &lt;input type=&quot;text&quot; id=&quot;field_block_0_field_3_relationship&quot; name=&quot;field_block_0_field_3_relationship&quot; value=&quot;&quot; checked=&quot;checked&quot;&gt;&lt;/td&gt;		&lt;td&gt; Related List(include): &lt;input type=&quot;checkbox&quot; id=&quot;field_block_0_field_3_relatedlist&quot; name=&quot;field_block_0_field_3_relatedlist&quot; value=&quot;1&quot; checked=&quot;checked&quot;&gt;&lt;br&gt;Search List(include): &lt;input type=&quot;checkbox&quot; id=&quot;field_block_0_field_3_search&quot; name=&quot;field_block_0_field_3_search&quot; value=&quot;1&quot; checked=&quot;checked&quot;&gt;&lt;br&gt;List View(include): &lt;input type=&quot;checkbox&quot; id=&quot;field_block_0_field_3_listview&quot; name=&quot;field_block_0_field_3_listview&quot; value=&quot;field_block_0_field_3&quot; checked=&quot;checked&quot;&gt;&lt;br&gt;Module Identifier(atleast 1): &lt;input type=&quot;checkbox&quot; id=&quot;field_block_0_field_3_identifier&quot; name=&quot;field_block_0_field_3_identifier&quot; value=&quot;field_block_0_field_3&quot; checked=&quot;checked&quot;&gt;&lt;br&gt;List Link Field(only 1): &lt;input type=&quot;checkbox&quot; id=&quot;field_block_0_field_3_link&quot; name=&quot;field_block_0_field_3_link&quot; value=&quot;1&quot; checked=&quot;checked&quot;&gt;&lt;/td&gt;	&lt;/tr&gt;	&lt;/tbody&gt;&lt;/table&gt;&lt;button class=&quot;del_field&quot;&gt;remove&lt;/button&gt;&lt;/div&gt;&lt;/li&gt;&lt;li&gt;&lt;div class=&quot;fields&quot; id=&quot;field_block_0_field_4&quot;&gt;&lt;table&gt;	&lt;tbody&gt;&lt;tr&gt;		&lt;td&gt;Field Label: &lt;input type=&quot;text&quot; id=&quot;field_block_0_field_4_label&quot; name=&quot;field_block_0_field_4_label&quot; value=&quot;Report Name&quot; checked=&quot;checked&quot;&gt;&lt;/td&gt;		&lt;td&gt;Column Name / Field Name: &lt;input type=&quot;text&quot; id=&quot;field_block_0_field_4_columnname&quot; name=&quot;field_block_0_field_4_columnname&quot; value=&quot;name&quot; checked=&quot;checked&quot;&gt;&lt;/td&gt;		&lt;td&gt;UI Type: &lt;select class=&quot;uitype_select&quot; id=&quot;field_block_0_field_4^_^uitype&quot; name=&quot;field_block_0_field_4_uitype&quot; value=&quot;1&quot; checked=&quot;checked&quot;&gt;&lt;option value=&quot;0&quot;&gt;--&lt;/option&gt;&lt;option value=&quot;1&quot; selected=&quot;selected&quot;&gt;Text&lt;/option&gt;&lt;option value=&quot;4&quot;&gt;Incremantal&lt;/option&gt;&lt;option value=&quot;7&quot;&gt;Number&lt;/option&gt;&lt;option value=&quot;71&quot;&gt;Currency&lt;/option&gt;&lt;option value=&quot;9&quot;&gt;Percent&lt;/option&gt;&lt;option value=&quot;5&quot;&gt;Date&lt;/option&gt;&lt;option value=&quot;13&quot;&gt;Email&lt;/option&gt;&lt;option value=&quot;11&quot;&gt;Phone&lt;/option&gt;&lt;option value=&quot;15&quot;&gt;Picklist&lt;/option&gt;&lt;option value=&quot;56&quot;&gt;Checkbox&lt;/option&gt;&lt;option value=&quot;21&quot;&gt;Textarea&lt;/option&gt;&lt;option value=&quot;33&quot;&gt;Multi-Select-Box&lt;/option&gt;&lt;option value=&quot;26&quot;&gt;Folder&lt;/option&gt;&lt;option value=&quot;69&quot;&gt;Product Image&lt;/option&gt;&lt;option value=&quot;10&quot;&gt;Relation&lt;/option&gt;&lt;/select&gt;&lt;/td&gt;		&lt;td&gt;Column Type: &lt;input type=&quot;text&quot; id=&quot;field_block_0_field_4_columntype&quot; name=&quot;field_block_0_field_4_columntype&quot; value=&quot;VARCHAR(100)&quot; checked=&quot;checked&quot;&gt;&lt;/td&gt;	&lt;/tr&gt;	&lt;tr&gt;		&lt;td&gt;Type of Data: &lt;input type=&quot;text&quot; id=&quot;field_block_0_field_4_typedata&quot; name=&quot;field_block_0_field_4_typedata&quot; value=&quot;V~O~LE~100&quot; checked=&quot;checked&quot;&gt;&lt;/td&gt;		&lt;td&gt;Set PickList Values: &lt;textarea class=&quot;picklist_holder&quot; style=&quot;margin: 0px; height: 125px; max-width: 214px; id=&quot; field_block_0_field_4_picklist&quot;=&quot;&quot; name=&quot;field_block_0_field_4_picklist&quot; value=&quot;&quot; checked=&quot;checked&quot;&gt;&lt;/textarea&gt;&lt;/td&gt;		&lt;td&gt;Set Relationship: &lt;input type=&quot;text&quot; id=&quot;field_block_0_field_4_relationship&quot; name=&quot;field_block_0_field_4_relationship&quot; value=&quot;&quot; checked=&quot;checked&quot;&gt;&lt;/td&gt;		&lt;td&gt; Related List(include): &lt;input type=&quot;checkbox&quot; id=&quot;field_block_0_field_4_relatedlist&quot; name=&quot;field_block_0_field_4_relatedlist&quot; value=&quot;1&quot; checked=&quot;checked&quot;&gt;&lt;br&gt;Search List(include): &lt;input type=&quot;checkbox&quot; id=&quot;field_block_0_field_4_search&quot; name=&quot;field_block_0_field_4_search&quot; value=&quot;1&quot; checked=&quot;checked&quot;&gt;&lt;br&gt;List View(include): &lt;input type=&quot;checkbox&quot; id=&quot;field_block_0_field_4_listview&quot; name=&quot;field_block_0_field_4_listview&quot; value=&quot;field_block_0_field_4&quot; checked=&quot;checked&quot;&gt;&lt;br&gt;Module Identifier(atleast 1): &lt;input type=&quot;checkbox&quot; id=&quot;field_block_0_field_4_identifier&quot; name=&quot;field_block_0_field_4_identifier&quot; value=&quot;field_block_0_field_4&quot;&gt;&lt;br&gt;List Link Field(only 1): &lt;input type=&quot;checkbox&quot; id=&quot;field_block_0_field_4_link&quot; name=&quot;field_block_0_field_4_link&quot; value=&quot;1&quot;&gt;&lt;/td&gt;	&lt;/tr&gt;	&lt;/tbody&gt;&lt;/table&gt;&lt;button class=&quot;del_field&quot;&gt;remove&lt;/button&gt;&lt;/div&gt;&lt;/li&gt;&lt;/ul&gt;\r\n				&lt;/div&gt;\r\n				&lt;button class=&quot;add_field&quot; id=&quot;field_block_0&quot;&gt;add_field&lt;/button&gt;\r\n				\r\n			&lt;/div&gt;\r\n		&lt;/div&gt;\r\n	&lt;textarea name=&quot;field_block_container&quot; id=&quot;field_block_container&quot; style=&quot;display:none&quot; value=&quot;&quot; checked=&quot;checked&quot;&gt;&lt;/textarea&gt;		'),
(11, 'CarLogger', '\r\n			&lt;br&gt;\r\nModule Name: &lt;input type=&quot;text&quot; name=&quot;module_name&quot; id=&quot;module_name&quot; value=&quot;CarLogger&quot; checked=&quot;checked&quot;&gt;\r\nParent Name: &lt;input type=&quot;text&quot; name=&quot;parent_name&quot; id=&quot;parent_name&quot; value=&quot;Tools&quot; checked=&quot;checked&quot;&gt;\r\n	&lt;div id=&quot;blocks_container&quot;&gt; \r\n		&lt;input type=&quot;hidden&quot; id=&quot;block_counter&quot; value=&quot;0&quot;&gt;\r\n		\r\n			&lt;div class=&quot;block&quot; id=&quot;block_0&quot;&gt;\r\n			Block Name: &lt;input type=&quot;text&quot; name=&quot;block_0_name&quot; id=&quot;block_0_name&quot; value=&quot;General Information&quot; checked=&quot;checked&quot;&gt;\r\n			&lt;br&gt;\r\n				\r\n				&lt;input type=&quot;hidden&quot; id=&quot;counter_field_block_0&quot; value=&quot;6&quot;&gt;\r\n				\r\n				&lt;div id=&quot;container_field_block_0&quot;&gt;\r\n					&lt;ul class=&quot;sortable ui-sortable&quot;&gt;\r\n						&lt;li&gt;\r\n						&lt;div class=&quot;fields&quot; id=&quot;field_block_0_field_0&quot;&gt;\r\n							&lt;table&gt;\r\n							&lt;tbody&gt;&lt;tr&gt;\r\n								&lt;td&gt;Field Label: &lt;input type=&quot;text&quot; id=&quot;field_block_0_field_0_label&quot; name=&quot;field_block_0_field_0_label&quot; value=&quot;Created Time&quot; checked=&quot;checked&quot;&gt;&lt;/td&gt;\r\n								&lt;td&gt;Field Name: &lt;input type=&quot;text&quot; id=&quot;field_block_0_field_0_name&quot; name=&quot;field_block_0_field_0_fieldname&quot; value=&quot;CreatedTime&quot; checked=&quot;checked&quot;&gt;&lt;/td&gt;\r\n								&lt;td&gt;Column Name: &lt;input type=&quot;text&quot; id=&quot;field_block_0_field_0_columnname&quot; name=&quot;field_block_0_field_0_columnname&quot; value=&quot;createdtime&quot; checked=&quot;checked&quot;&gt;&lt;/td&gt;\r\n							&lt;/tr&gt;\r\n							&lt;tr&gt;\r\n								&lt;td&gt;Table: &lt;input type=&quot;text&quot; id=&quot;field_block_0_field_0_table&quot; name=&quot;field_block_0_field_0_table&quot; value=&quot;vtiger_crmentity&quot; checked=&quot;checked&quot;&gt;&lt;/td&gt;\r\n								&lt;td&gt;UI Type: &lt;input type=&quot;text&quot; id=&quot;field_block_0_field_0_uitype&quot; name=&quot;field_block_0_field_0_uitype&quot; value=&quot;70&quot; checked=&quot;checked&quot;&gt;&lt;/td&gt;\r\n								&lt;td&gt;Type of Data: &lt;input type=&quot;text&quot; id=&quot;field_block_0_field_0_typedata&quot; name=&quot;field_block_0_field_0_typedata&quot; value=&quot;T~O&quot; checked=&quot;checked&quot;&gt;&lt;/td&gt;\r\n								&lt;td&gt;Display Type: &lt;input type=&quot;text&quot; id=&quot;field_block_0_field_0_displaytype&quot; name=&quot;field_block_0_field_0_displaytype&quot; value=&quot;2&quot; checked=&quot;checked&quot;&gt;&lt;/td&gt;\r\n							&lt;/tr&gt;\r\n							&lt;/tbody&gt;&lt;/table&gt;\r\n						&lt;/div&gt;\r\n						&lt;/li&gt;\r\n						&lt;li&gt;\r\n						&lt;div class=&quot;fields&quot; id=&quot;field_block_0_field_1&quot;&gt;\r\n							&lt;table&gt;\r\n							&lt;tbody&gt;&lt;tr&gt;\r\n								&lt;td&gt;Field Label: &lt;input type=&quot;text&quot; id=&quot;field_block_0_field_1_label&quot; name=&quot;field_block_0_field_1_label&quot; value=&quot;Modified Time&quot; checked=&quot;checked&quot;&gt;&lt;/td&gt;\r\n								&lt;td&gt;Field Name: &lt;input type=&quot;text&quot; id=&quot;field_block_0_field_1_name&quot; name=&quot;field_block_0_field_1_fieldname&quot; value=&quot;ModifiedTime&quot; checked=&quot;checked&quot;&gt;&lt;/td&gt;\r\n								&lt;td&gt;Column Name: &lt;input type=&quot;text&quot; id=&quot;field_block_0_field_1_columnname&quot; name=&quot;field_block_0_field_1_columnname&quot; value=&quot;modifiedtime&quot; checked=&quot;checked&quot;&gt;&lt;/td&gt;\r\n							&lt;/tr&gt;\r\n							&lt;tr&gt;\r\n								&lt;td&gt;Table: &lt;input type=&quot;text&quot; id=&quot;field_block_0_field_1_table&quot; name=&quot;field_block_0_field_1_table&quot; value=&quot;vtiger_crmentity&quot; checked=&quot;checked&quot;&gt;&lt;/td&gt;\r\n								&lt;td&gt;UI Type: &lt;input type=&quot;text&quot; id=&quot;field_block_0_field_1_uitype&quot; name=&quot;field_block_0_field_1_uitype&quot; value=&quot;70&quot; checked=&quot;checked&quot;&gt;&lt;/td&gt;\r\n								&lt;td&gt;Type of Data: &lt;input type=&quot;text&quot; id=&quot;field_block_0_field_1_typedata&quot; name=&quot;field_block_0_field_1_typedata&quot; value=&quot;T~O&quot; checked=&quot;checked&quot;&gt;&lt;/td&gt;\r\n								&lt;td&gt;Display Type: &lt;input type=&quot;text&quot; id=&quot;field_block_0_field_1_displaytype&quot; name=&quot;field_block_0_field_1_displaytype&quot; value=&quot;2&quot; checked=&quot;checked&quot;&gt;&lt;/td&gt;\r\n							&lt;/tr&gt;\r\n							&lt;/tbody&gt;&lt;/table&gt;\r\n						&lt;/div&gt;\r\n						&lt;/li&gt;\r\n						&lt;li&gt;\r\n						&lt;div class=&quot;fields&quot; id=&quot;field_block_0_field_2&quot;&gt;\r\n							&lt;table&gt;\r\n							&lt;tbody&gt;&lt;tr&gt;\r\n								&lt;td&gt;Field Label: &lt;input type=&quot;text&quot; id=&quot;field_block_0_field_2_label&quot; name=&quot;field_block_0_field_2_label&quot; value=&quot;Assigned To&quot; checked=&quot;checked&quot;&gt;&lt;/td&gt;\r\n								&lt;td&gt;Field Name: &lt;input type=&quot;text&quot; id=&quot;field_block_0_field_2_fieldname&quot; name=&quot;field_block_0_field_2_fieldname&quot; value=&quot;assigned_user_id&quot; checked=&quot;checked&quot;&gt;&lt;/td&gt;\r\n								&lt;td&gt;Column Name: &lt;input type=&quot;text&quot; id=&quot;field_block_0_field_2_columnname&quot; name=&quot;field_block_0_field_2_columnname&quot; value=&quot;smownerid&quot; checked=&quot;checked&quot;&gt;&lt;/td&gt;\r\n								&lt;td&gt;UI Type: &lt;input type=&quot;text&quot; id=&quot;field_block_0_field_2_uitype&quot; name=&quot;field_block_0_field_2_uitype&quot; value=&quot;53&quot; checked=&quot;checked&quot;&gt;&lt;/td&gt;\r\n							&lt;/tr&gt;\r\n							&lt;tr&gt;\r\n								&lt;td&gt;Table: &lt;input type=&quot;text&quot; id=&quot;field_block_0_field_2_table&quot; name=&quot;field_block_0_field_2_table&quot; value=&quot;vtiger_crmentity&quot; checked=&quot;checked&quot;&gt;&lt;/td&gt;\r\n								&lt;td&gt;Type of Data: &lt;input type=&quot;text&quot; id=&quot;field_block_0_field_2_typedata&quot; name=&quot;field_block_0_field_2_typedata&quot; value=&quot;V~M&quot; checked=&quot;checked&quot;&gt;&lt;/td&gt;\r\n							&lt;/tr&gt;\r\n							&lt;/tbody&gt;&lt;/table&gt;\r\n						&lt;/div&gt;\r\n						&lt;/li&gt;\r\n					&lt;li class=&quot;&quot; style=&quot;&quot;&gt;&lt;div class=&quot;fields&quot; id=&quot;field_block_0_field_4&quot;&gt;&lt;table&gt;	&lt;tbody&gt;&lt;tr&gt;		&lt;td&gt;Field Label: &lt;input type=&quot;text&quot; id=&quot;field_block_0_field_4_label&quot; name=&quot;field_block_0_field_4_label&quot; value=&quot;Log No.&quot; checked=&quot;checked&quot;&gt;&lt;/td&gt;		&lt;td&gt;Column Name / Field Name: &lt;input type=&quot;text&quot; id=&quot;field_block_0_field_4_columnname&quot; name=&quot;field_block_0_field_4_columnname&quot; value=&quot;log_no&quot; checked=&quot;checked&quot;&gt;&lt;/td&gt;		&lt;td&gt;UI Type: &lt;select class=&quot;uitype_select&quot; id=&quot;field_block_0_field_4^_^uitype&quot; name=&quot;field_block_0_field_4_uitype&quot; value=&quot;4&quot; checked=&quot;checked&quot;&gt;&lt;option value=&quot;0&quot;&gt;--&lt;/option&gt;&lt;option value=&quot;1&quot;&gt;Text&lt;/option&gt;&lt;option value=&quot;4&quot; selected=&quot;selected&quot;&gt;Incremantal&lt;/option&gt;&lt;option value=&quot;7&quot;&gt;Number&lt;/option&gt;&lt;option value=&quot;71&quot;&gt;Currency&lt;/option&gt;&lt;option value=&quot;9&quot;&gt;Percent&lt;/option&gt;&lt;option value=&quot;5&quot;&gt;Date&lt;/option&gt;&lt;option value=&quot;13&quot;&gt;Email&lt;/option&gt;&lt;option value=&quot;11&quot;&gt;Phone&lt;/option&gt;&lt;option value=&quot;15&quot;&gt;Picklist&lt;/option&gt;&lt;option value=&quot;56&quot;&gt;Checkbox&lt;/option&gt;&lt;option value=&quot;21&quot;&gt;Textarea&lt;/option&gt;&lt;option value=&quot;33&quot;&gt;Multi-Select-Box&lt;/option&gt;&lt;option value=&quot;26&quot;&gt;Folder&lt;/option&gt;&lt;option value=&quot;69&quot;&gt;Product Image&lt;/option&gt;&lt;option value=&quot;10&quot;&gt;Relation&lt;/option&gt;&lt;/select&gt;&lt;/td&gt;		&lt;td&gt;Column Type: &lt;input type=&quot;text&quot; id=&quot;field_block_0_field_4_columntype&quot; name=&quot;field_block_0_field_4_columntype&quot; value=&quot;VARCHAR(100)&quot; checked=&quot;checked&quot;&gt;&lt;/td&gt;	&lt;/tr&gt;	&lt;tr&gt;		&lt;td&gt;Type of Data: &lt;input type=&quot;text&quot; id=&quot;field_block_0_field_4_typedata&quot; name=&quot;field_block_0_field_4_typedata&quot; value=&quot;V~O&quot; checked=&quot;checked&quot;&gt;&lt;/td&gt;		&lt;td&gt;Set PickList Values: &lt;textarea class=&quot;picklist_holder&quot; style=&quot;margin: 0px; height: 125px; max-width: 214px; id=&quot; field_block_0_field_4_picklist&quot;=&quot;&quot; name=&quot;field_block_0_field_4_picklist&quot; value=&quot;&quot; checked=&quot;checked&quot;&gt;&lt;/textarea&gt;&lt;/td&gt;		&lt;td&gt;Set Relationship: &lt;input type=&quot;text&quot; id=&quot;field_block_0_field_4_relationship&quot; name=&quot;field_block_0_field_4_relationship&quot; value=&quot;&quot; checked=&quot;checked&quot;&gt;&lt;/td&gt;		&lt;td&gt; Related List(include): &lt;input type=&quot;checkbox&quot; id=&quot;field_block_0_field_4_relatedlist&quot; name=&quot;field_block_0_field_4_relatedlist&quot; value=&quot;1&quot; checked=&quot;checked&quot;&gt;&lt;br&gt;Search List(include): &lt;input type=&quot;checkbox&quot; id=&quot;field_block_0_field_4_search&quot; name=&quot;field_block_0_field_4_search&quot; value=&quot;1&quot; checked=&quot;checked&quot;&gt;&lt;br&gt;List View(include): &lt;input type=&quot;checkbox&quot; id=&quot;field_block_0_field_4_listview&quot; name=&quot;field_block_0_field_4_listview&quot; value=&quot;field_block_0_field_4&quot; checked=&quot;checked&quot;&gt;&lt;br&gt;Module Identifier(atleast 1): &lt;input type=&quot;checkbox&quot; id=&quot;field_block_0_field_4_identifier&quot; name=&quot;field_block_0_field_4_identifier&quot; value=&quot;field_block_0_field_4&quot; checked=&quot;checked&quot;&gt;&lt;br&gt;List Link Field(only 1): &lt;input type=&quot;checkbox&quot; id=&quot;field_block_0_field_4_link&quot; name=&quot;field_block_0_field_4_link&quot; value=&quot;1&quot; checked=&quot;checked&quot;&gt;&lt;/td&gt;	&lt;/tr&gt;	&lt;/tbody&gt;&lt;/table&gt;&lt;button class=&quot;del_field&quot;&gt;remove&lt;/button&gt;&lt;/div&gt;&lt;/li&gt;&lt;li&gt;&lt;div class=&quot;fields&quot; id=&quot;field_block_0_field_3&quot;&gt;&lt;table&gt;	&lt;tbody&gt;&lt;tr&gt;		&lt;td&gt;Field Label: &lt;input type=&quot;text&quot; id=&quot;field_block_0_field_3_label&quot; name=&quot;field_block_0_field_3_label&quot; value=&quot;Car&quot; checked=&quot;checked&quot;&gt;&lt;/td&gt;		&lt;td&gt;Column Name / Field Name: &lt;input type=&quot;text&quot; id=&quot;field_block_0_field_3_columnname&quot; name=&quot;field_block_0_field_3_columnname&quot; value=&quot;car&quot; checked=&quot;checked&quot;&gt;&lt;/td&gt;		&lt;td&gt;UI Type: &lt;select class=&quot;uitype_select&quot; id=&quot;field_block_0_field_3^_^uitype&quot; name=&quot;field_block_0_field_3_uitype&quot; value=&quot;10&quot; checked=&quot;checked&quot;&gt;&lt;option value=&quot;0&quot;&gt;--&lt;/option&gt;&lt;option value=&quot;1&quot;&gt;Text&lt;/option&gt;&lt;option value=&quot;4&quot;&gt;Incremantal&lt;/option&gt;&lt;option value=&quot;7&quot;&gt;Number&lt;/option&gt;&lt;option value=&quot;71&quot;&gt;Currency&lt;/option&gt;&lt;option value=&quot;9&quot;&gt;Percent&lt;/option&gt;&lt;option value=&quot;5&quot;&gt;Date&lt;/option&gt;&lt;option value=&quot;13&quot;&gt;Email&lt;/option&gt;&lt;option value=&quot;11&quot;&gt;Phone&lt;/option&gt;&lt;option value=&quot;15&quot;&gt;Picklist&lt;/option&gt;&lt;option value=&quot;56&quot;&gt;Checkbox&lt;/option&gt;&lt;option value=&quot;21&quot;&gt;Textarea&lt;/option&gt;&lt;option value=&quot;33&quot;&gt;Multi-Select-Box&lt;/option&gt;&lt;option value=&quot;26&quot;&gt;Folder&lt;/option&gt;&lt;option value=&quot;69&quot;&gt;Product Image&lt;/option&gt;&lt;option value=&quot;10&quot; selected=&quot;selected&quot;&gt;Relation&lt;/option&gt;&lt;/select&gt;&lt;/td&gt;		&lt;td&gt;Column Type: &lt;input type=&quot;text&quot; id=&quot;field_block_0_field_3_columntype&quot; name=&quot;field_block_0_field_3_columntype&quot; value=&quot;VARCHAR(20)&quot; checked=&quot;checked&quot;&gt;&lt;/td&gt;	&lt;/tr&gt;	&lt;tr&gt;		&lt;td&gt;Type of Data: &lt;input type=&quot;text&quot; id=&quot;field_block_0_field_3_typedata&quot; name=&quot;field_block_0_field_3_typedata&quot; value=&quot;V~O&quot; checked=&quot;checked&quot;&gt;&lt;/td&gt;		&lt;td&gt;Set PickList Values: &lt;textarea class=&quot;picklist_holder&quot; style=&quot;margin: 0px; height: 125px; max-width: 214px; id=&quot; field_block_0_field_3_picklist&quot;=&quot;&quot; name=&quot;field_block_0_field_3_picklist&quot; value=&quot;&quot; checked=&quot;checked&quot;&gt;&lt;/textarea&gt;&lt;/td&gt;		&lt;td&gt;Set Relationship: &lt;input type=&quot;text&quot; id=&quot;field_block_0_field_3_relationship&quot; name=&quot;field_block_0_field_3_relationship&quot; value=&quot;Cars&quot; checked=&quot;checked&quot;&gt;&lt;/td&gt;		&lt;td&gt; Related List(include): &lt;input type=&quot;checkbox&quot; id=&quot;field_block_0_field_3_relatedlist&quot; name=&quot;field_block_0_field_3_relatedlist&quot; value=&quot;1&quot; checked=&quot;checked&quot;&gt;&lt;br&gt;Search List(include): &lt;input type=&quot;checkbox&quot; id=&quot;field_block_0_field_3_search&quot; name=&quot;field_block_0_field_3_search&quot; value=&quot;1&quot; checked=&quot;checked&quot;&gt;&lt;br&gt;List View(include): &lt;input type=&quot;checkbox&quot; id=&quot;field_block_0_field_3_listview&quot; name=&quot;field_block_0_field_3_listview&quot; value=&quot;field_block_0_field_3&quot; checked=&quot;checked&quot;&gt;&lt;br&gt;Module Identifier(atleast 1): &lt;input type=&quot;checkbox&quot; id=&quot;field_block_0_field_3_identifier&quot; name=&quot;field_block_0_field_3_identifier&quot; value=&quot;field_block_0_field_3&quot;&gt;&lt;br&gt;List Link Field(only 1): &lt;input type=&quot;checkbox&quot; id=&quot;field_block_0_field_3_link&quot; name=&quot;field_block_0_field_3_link&quot; value=&quot;1&quot;&gt;&lt;/td&gt;	&lt;/tr&gt;	&lt;/tbody&gt;&lt;/table&gt;&lt;button class=&quot;del_field&quot;&gt;remove&lt;/button&gt;&lt;/div&gt;&lt;/li&gt;&lt;li&gt;&lt;div class=&quot;fields&quot; id=&quot;field_block_0_field_5&quot;&gt;&lt;table&gt;	&lt;tbody&gt;&lt;tr&gt;		&lt;td&gt;Field Label: &lt;input type=&quot;text&quot; id=&quot;field_block_0_field_5_label&quot; name=&quot;field_block_0_field_5_label&quot; value=&quot;Time In&quot; checked=&quot;checked&quot;&gt;&lt;/td&gt;		&lt;td&gt;Column Name / Field Name: &lt;input type=&quot;text&quot; id=&quot;field_block_0_field_5_columnname&quot; name=&quot;field_block_0_field_5_columnname&quot; value=&quot;time_in&quot; checked=&quot;checked&quot;&gt;&lt;/td&gt;		&lt;td&gt;UI Type: &lt;select class=&quot;uitype_select&quot; id=&quot;field_block_0_field_5^_^uitype&quot; name=&quot;field_block_0_field_5_uitype&quot; value=&quot;5&quot; checked=&quot;checked&quot;&gt;&lt;option value=&quot;0&quot;&gt;--&lt;/option&gt;&lt;option value=&quot;1&quot;&gt;Text&lt;/option&gt;&lt;option value=&quot;4&quot;&gt;Incremantal&lt;/option&gt;&lt;option value=&quot;7&quot;&gt;Number&lt;/option&gt;&lt;option value=&quot;71&quot;&gt;Currency&lt;/option&gt;&lt;option value=&quot;9&quot;&gt;Percent&lt;/option&gt;&lt;option value=&quot;5&quot; selected=&quot;selected&quot;&gt;Date&lt;/option&gt;&lt;option value=&quot;13&quot;&gt;Email&lt;/option&gt;&lt;option value=&quot;11&quot;&gt;Phone&lt;/option&gt;&lt;option value=&quot;15&quot;&gt;Picklist&lt;/option&gt;&lt;option value=&quot;56&quot;&gt;Checkbox&lt;/option&gt;&lt;option value=&quot;21&quot;&gt;Textarea&lt;/option&gt;&lt;option value=&quot;33&quot;&gt;Multi-Select-Box&lt;/option&gt;&lt;option value=&quot;26&quot;&gt;Folder&lt;/option&gt;&lt;option value=&quot;69&quot;&gt;Product Image&lt;/option&gt;&lt;option value=&quot;10&quot;&gt;Relation&lt;/option&gt;&lt;/select&gt;&lt;/td&gt;		&lt;td&gt;Column Type: &lt;input type=&quot;text&quot; id=&quot;field_block_0_field_5_columntype&quot; name=&quot;field_block_0_field_5_columntype&quot; value=&quot;DATE&quot; checked=&quot;checked&quot;&gt;&lt;/td&gt;	&lt;/tr&gt;	&lt;tr&gt;		&lt;td&gt;Type of Data: &lt;input type=&quot;text&quot; id=&quot;field_block_0_field_5_typedata&quot; name=&quot;field_block_0_field_5_typedata&quot; value=&quot;D~O&quot; checked=&quot;checked&quot;&gt;&lt;/td&gt;		&lt;td&gt;Set PickList Values: &lt;textarea class=&quot;picklist_holder&quot; style=&quot;margin: 0px; height: 125px; max-width: 214px; id=&quot; field_block_0_field_5_picklist&quot;=&quot;&quot; name=&quot;field_block_0_field_5_picklist&quot; value=&quot;&quot; checked=&quot;checked&quot;&gt;&lt;/textarea&gt;&lt;/td&gt;		&lt;td&gt;Set Relationship: &lt;input type=&quot;text&quot; id=&quot;field_block_0_field_5_relationship&quot; name=&quot;field_block_0_field_5_relationship&quot; value=&quot;&quot; checked=&quot;checked&quot;&gt;&lt;/td&gt;		&lt;td&gt; Related List(include): &lt;input type=&quot;checkbox&quot; id=&quot;field_block_0_field_5_relatedlist&quot; name=&quot;field_block_0_field_5_relatedlist&quot; value=&quot;1&quot; checked=&quot;checked&quot;&gt;&lt;br&gt;Search List(include): &lt;input type=&quot;checkbox&quot; id=&quot;field_block_0_field_5_search&quot; name=&quot;field_block_0_field_5_search&quot; value=&quot;1&quot; checked=&quot;checked&quot;&gt;&lt;br&gt;List View(include): &lt;input type=&quot;checkbox&quot; id=&quot;field_block_0_field_5_listview&quot; name=&quot;field_block_0_field_5_listview&quot; value=&quot;field_block_0_field_5&quot; checked=&quot;checked&quot;&gt;&lt;br&gt;Module Identifier(atleast 1): &lt;input type=&quot;checkbox&quot; id=&quot;field_block_0_field_5_identifier&quot; name=&quot;field_block_0_field_5_identifier&quot; value=&quot;field_block_0_field_5&quot;&gt;&lt;br&gt;List Link Field(only 1): &lt;input type=&quot;checkbox&quot; id=&quot;field_block_0_field_5_link&quot; name=&quot;field_block_0_field_5_link&quot; value=&quot;1&quot;&gt;&lt;/td&gt;	&lt;/tr&gt;	&lt;/tbody&gt;&lt;/table&gt;&lt;button class=&quot;del_field&quot;&gt;remove&lt;/button&gt;&lt;/div&gt;&lt;/li&gt;&lt;li&gt;&lt;div class=&quot;fields&quot; id=&quot;field_block_0_field_6&quot;&gt;&lt;table&gt;	&lt;tbody&gt;&lt;tr&gt;		&lt;td&gt;Field Label: &lt;input type=&quot;text&quot; id=&quot;field_block_0_field_6_label&quot; name=&quot;field_block_0_field_6_label&quot; value=&quot;Time Out&quot; checked=&quot;checked&quot;&gt;&lt;/td&gt;		&lt;td&gt;Column Name / Field Name: &lt;input type=&quot;text&quot; id=&quot;field_block_0_field_6_columnname&quot; name=&quot;field_block_0_field_6_columnname&quot; value=&quot;time_out&quot; checked=&quot;checked&quot;&gt;&lt;/td&gt;		&lt;td&gt;UI Type: &lt;select class=&quot;uitype_select&quot; id=&quot;field_block_0_field_6^_^uitype&quot; name=&quot;field_block_0_field_6_uitype&quot; value=&quot;5&quot; checked=&quot;checked&quot;&gt;&lt;option value=&quot;0&quot;&gt;--&lt;/option&gt;&lt;option value=&quot;1&quot;&gt;Text&lt;/option&gt;&lt;option value=&quot;4&quot;&gt;Incremantal&lt;/option&gt;&lt;option value=&quot;7&quot;&gt;Number&lt;/option&gt;&lt;option value=&quot;71&quot;&gt;Currency&lt;/option&gt;&lt;option value=&quot;9&quot;&gt;Percent&lt;/option&gt;&lt;option value=&quot;5&quot; selected=&quot;selected&quot;&gt;Date&lt;/option&gt;&lt;option value=&quot;13&quot;&gt;Email&lt;/option&gt;&lt;option value=&quot;11&quot;&gt;Phone&lt;/option&gt;&lt;option value=&quot;15&quot;&gt;Picklist&lt;/option&gt;&lt;option value=&quot;56&quot;&gt;Checkbox&lt;/option&gt;&lt;option value=&quot;21&quot;&gt;Textarea&lt;/option&gt;&lt;option value=&quot;33&quot;&gt;Multi-Select-Box&lt;/option&gt;&lt;option value=&quot;26&quot;&gt;Folder&lt;/option&gt;&lt;option value=&quot;69&quot;&gt;Product Image&lt;/option&gt;&lt;option value=&quot;10&quot;&gt;Relation&lt;/option&gt;&lt;/select&gt;&lt;/td&gt;		&lt;td&gt;Column Type: &lt;input type=&quot;text&quot; id=&quot;field_block_0_field_6_columntype&quot; name=&quot;field_block_0_field_6_columntype&quot; value=&quot;DATE&quot; checked=&quot;checked&quot;&gt;&lt;/td&gt;	&lt;/tr&gt;	&lt;tr&gt;		&lt;td&gt;Type of Data: &lt;input type=&quot;text&quot; id=&quot;field_block_0_field_6_typedata&quot; name=&quot;field_block_0_field_6_typedata&quot; value=&quot;D~O&quot; checked=&quot;checked&quot;&gt;&lt;/td&gt;		&lt;td&gt;Set PickList Values: &lt;textarea class=&quot;picklist_holder&quot; style=&quot;margin: 0px; height: 125px; max-width: 214px; id=&quot; field_block_0_field_6_picklist&quot;=&quot;&quot; name=&quot;field_block_0_field_6_picklist&quot; value=&quot;&quot; checked=&quot;checked&quot;&gt;&lt;/textarea&gt;&lt;/td&gt;		&lt;td&gt;Set Relationship: &lt;input type=&quot;text&quot; id=&quot;field_block_0_field_6_relationship&quot; name=&quot;field_block_0_field_6_relationship&quot; value=&quot;&quot; checked=&quot;checked&quot;&gt;&lt;/td&gt;		&lt;td&gt; Related List(include): &lt;input type=&quot;checkbox&quot; id=&quot;field_block_0_field_6_relatedlist&quot; name=&quot;field_block_0_field_6_relatedlist&quot; value=&quot;1&quot; checked=&quot;checked&quot;&gt;&lt;br&gt;Search List(include): &lt;input type=&quot;checkbox&quot; id=&quot;field_block_0_field_6_search&quot; name=&quot;field_block_0_field_6_search&quot; value=&quot;1&quot; checked=&quot;checked&quot;&gt;&lt;br&gt;List View(include): &lt;input type=&quot;checkbox&quot; id=&quot;field_block_0_field_6_listview&quot; name=&quot;field_block_0_field_6_listview&quot; value=&quot;field_block_0_field_6&quot; checked=&quot;checked&quot;&gt;&lt;br&gt;Module Identifier(atleast 1): &lt;input type=&quot;checkbox&quot; id=&quot;field_block_0_field_6_identifier&quot; name=&quot;field_block_0_field_6_identifier&quot; value=&quot;field_block_0_field_6&quot;&gt;&lt;br&gt;List Link Field(only 1): &lt;input type=&quot;checkbox&quot; id=&quot;field_block_0_field_6_link&quot; name=&quot;field_block_0_field_6_link&quot; value=&quot;1&quot;&gt;&lt;/td&gt;	&lt;/tr&gt;	&lt;/tbody&gt;&lt;/table&gt;&lt;button class=&quot;del_field&quot;&gt;remove&lt;/button&gt;&lt;/div&gt;&lt;/li&gt;&lt;/ul&gt;\r\n				&lt;/div&gt;\r\n				&lt;button class=&quot;add_field&quot; id=&quot;field_block_0&quot;&gt;add_field&lt;/button&gt;\r\n				\r\n			&lt;/div&gt;\r\n		&lt;/div&gt;\r\n	&lt;textarea name=&quot;field_block_container&quot; id=&quot;field_block_container&quot; style=&quot;display:none&quot; value=&quot;&quot; checked=&quot;checked&quot;&gt;&lt;/textarea&gt;		'),
(12, 'Test', '\r\n			&lt;br&gt;\r\nModule Name: &lt;input type=&quot;text&quot; name=&quot;module_name&quot; id=&quot;module_name&quot; value=&quot;Test&quot; checked=&quot;checked&quot;&gt;\r\nParent Name: &lt;input type=&quot;text&quot; name=&quot;parent_name&quot; id=&quot;parent_name&quot; value=&quot;&quot; checked=&quot;checked&quot;&gt;\r\n	&lt;div id=&quot;blocks_container&quot;&gt; \r\n		&lt;input type=&quot;hidden&quot; id=&quot;block_counter&quot; value=&quot;0&quot;&gt;\r\n		\r\n			&lt;div class=&quot;block&quot; id=&quot;block_0&quot;&gt;\r\n			Block Name: &lt;input type=&quot;text&quot; name=&quot;block_0_name&quot; id=&quot;block_0_name&quot; value=&quot;General Information&quot; checked=&quot;checked&quot;&gt;\r\n			&lt;br&gt;\r\n				\r\n				&lt;input type=&quot;hidden&quot; id=&quot;counter_field_block_0&quot; value=&quot;2&quot;&gt;\r\n				\r\n				&lt;div id=&quot;container_field_block_0&quot;&gt;\r\n					&lt;ul class=&quot;sortable ui-sortable&quot;&gt;\r\n						&lt;li&gt;\r\n						&lt;div class=&quot;fields&quot; id=&quot;field_block_0_field_0&quot;&gt;\r\n							&lt;table&gt;\r\n							&lt;tbody&gt;&lt;tr&gt;\r\n								&lt;td&gt;Field Label: &lt;input type=&quot;text&quot; id=&quot;field_block_0_field_0_label&quot; name=&quot;field_block_0_field_0_label&quot; value=&quot;Created Time&quot; checked=&quot;checked&quot;&gt;&lt;/td&gt;\r\n								&lt;td&gt;Field Name: &lt;input type=&quot;text&quot; id=&quot;field_block_0_field_0_name&quot; name=&quot;field_block_0_field_0_fieldname&quot; value=&quot;CreatedTime&quot; checked=&quot;checked&quot;&gt;&lt;/td&gt;\r\n								&lt;td&gt;Column Name: &lt;input type=&quot;text&quot; id=&quot;field_block_0_field_0_columnname&quot; name=&quot;field_block_0_field_0_columnname&quot; value=&quot;createdtime&quot; checked=&quot;checked&quot;&gt;&lt;/td&gt;\r\n							&lt;/tr&gt;\r\n							&lt;tr&gt;\r\n								&lt;td&gt;Table: &lt;input type=&quot;text&quot; id=&quot;field_block_0_field_0_table&quot; name=&quot;field_block_0_field_0_table&quot; value=&quot;vtiger_crmentity&quot; checked=&quot;checked&quot;&gt;&lt;/td&gt;\r\n								&lt;td&gt;UI Type: &lt;input type=&quot;text&quot; id=&quot;field_block_0_field_0_uitype&quot; name=&quot;field_block_0_field_0_uitype&quot; value=&quot;70&quot; checked=&quot;checked&quot;&gt;&lt;/td&gt;\r\n								&lt;td&gt;Type of Data: &lt;input type=&quot;text&quot; id=&quot;field_block_0_field_0_typedata&quot; name=&quot;field_block_0_field_0_typedata&quot; value=&quot;T~O&quot; checked=&quot;checked&quot;&gt;&lt;/td&gt;\r\n								&lt;td&gt;Display Type: &lt;input type=&quot;text&quot; id=&quot;field_block_0_field_0_displaytype&quot; name=&quot;field_block_0_field_0_displaytype&quot; value=&quot;2&quot; checked=&quot;checked&quot;&gt;&lt;/td&gt;\r\n							&lt;/tr&gt;\r\n							&lt;/tbody&gt;&lt;/table&gt;\r\n						&lt;/div&gt;\r\n						&lt;/li&gt;\r\n						&lt;li&gt;\r\n						&lt;div class=&quot;fields&quot; id=&quot;field_block_0_field_1&quot;&gt;\r\n							&lt;table&gt;\r\n							&lt;tbody&gt;&lt;tr&gt;\r\n								&lt;td&gt;Field Label: &lt;input type=&quot;text&quot; id=&quot;field_block_0_field_1_label&quot; name=&quot;field_block_0_field_1_label&quot; value=&quot;Modified Time&quot; checked=&quot;checked&quot;&gt;&lt;/td&gt;\r\n								&lt;td&gt;Field Name: &lt;input type=&quot;text&quot; id=&quot;field_block_0_field_1_name&quot; name=&quot;field_block_0_field_1_fieldname&quot; value=&quot;ModifiedTime&quot; checked=&quot;checked&quot;&gt;&lt;/td&gt;\r\n								&lt;td&gt;Column Name: &lt;input type=&quot;text&quot; id=&quot;field_block_0_field_1_columnname&quot; name=&quot;field_block_0_field_1_columnname&quot; value=&quot;modifiedtime&quot; checked=&quot;checked&quot;&gt;&lt;/td&gt;\r\n							&lt;/tr&gt;\r\n							&lt;tr&gt;\r\n								&lt;td&gt;Table: &lt;input type=&quot;text&quot; id=&quot;field_block_0_field_1_table&quot; name=&quot;field_block_0_field_1_table&quot; value=&quot;vtiger_crmentity&quot; checked=&quot;checked&quot;&gt;&lt;/td&gt;\r\n								&lt;td&gt;UI Type: &lt;input type=&quot;text&quot; id=&quot;field_block_0_field_1_uitype&quot; name=&quot;field_block_0_field_1_uitype&quot; value=&quot;70&quot; checked=&quot;checked&quot;&gt;&lt;/td&gt;\r\n								&lt;td&gt;Type of Data: &lt;input type=&quot;text&quot; id=&quot;field_block_0_field_1_typedata&quot; name=&quot;field_block_0_field_1_typedata&quot; value=&quot;T~O&quot; checked=&quot;checked&quot;&gt;&lt;/td&gt;\r\n								&lt;td&gt;Display Type: &lt;input type=&quot;text&quot; id=&quot;field_block_0_field_1_displaytype&quot; name=&quot;field_block_0_field_1_displaytype&quot; value=&quot;2&quot; checked=&quot;checked&quot;&gt;&lt;/td&gt;\r\n							&lt;/tr&gt;\r\n							&lt;/tbody&gt;&lt;/table&gt;\r\n						&lt;/div&gt;\r\n						&lt;/li&gt;\r\n						&lt;li&gt;\r\n						&lt;div class=&quot;fields&quot; id=&quot;field_block_0_field_2&quot;&gt;\r\n							&lt;table&gt;\r\n							&lt;tbody&gt;&lt;tr&gt;\r\n								&lt;td&gt;Field Label: &lt;input type=&quot;text&quot; id=&quot;field_block_0_field_2_label&quot; name=&quot;field_block_0_field_2_label&quot; value=&quot;Assigned To&quot; checked=&quot;checked&quot;&gt;&lt;/td&gt;\r\n								&lt;td&gt;Field Name: &lt;input type=&quot;text&quot; id=&quot;field_block_0_field_2_fieldname&quot; name=&quot;field_block_0_field_2_fieldname&quot; value=&quot;assigned_user_id&quot; checked=&quot;checked&quot;&gt;&lt;/td&gt;\r\n								&lt;td&gt;Column Name: &lt;input type=&quot;text&quot; id=&quot;field_block_0_field_2_columnname&quot; name=&quot;field_block_0_field_2_columnname&quot; value=&quot;smownerid&quot; checked=&quot;checked&quot;&gt;&lt;/td&gt;\r\n								&lt;td&gt;UI Type: &lt;input type=&quot;text&quot; id=&quot;field_block_0_field_2_uitype&quot; name=&quot;field_block_0_field_2_uitype&quot; value=&quot;53&quot; checked=&quot;checked&quot;&gt;&lt;/td&gt;\r\n							&lt;/tr&gt;\r\n							&lt;tr&gt;\r\n								&lt;td&gt;Table: &lt;input type=&quot;text&quot; id=&quot;field_block_0_field_2_table&quot; name=&quot;field_block_0_field_2_table&quot; value=&quot;vtiger_crmentity&quot; checked=&quot;checked&quot;&gt;&lt;/td&gt;\r\n								&lt;td&gt;Type of Data: &lt;input type=&quot;text&quot; id=&quot;field_block_0_field_2_typedata&quot; name=&quot;field_block_0_field_2_typedata&quot; value=&quot;V~M&quot; checked=&quot;checked&quot;&gt;&lt;/td&gt;\r\n							&lt;/tr&gt;\r\n							&lt;/tbody&gt;&lt;/table&gt;\r\n						&lt;/div&gt;\r\n						&lt;/li&gt;\r\n					&lt;/ul&gt;\r\n				&lt;/div&gt;\r\n				&lt;button class=&quot;add_field&quot; id=&quot;field_block_0&quot;&gt;add_field&lt;/button&gt;\r\n				\r\n			&lt;/div&gt;\r\n		&lt;/div&gt;\r\n	&lt;textarea name=&quot;field_block_container&quot; id=&quot;field_block_container&quot; style=&quot;display:none&quot; value=&quot;&quot; checked=&quot;checked&quot;&gt;&lt;/textarea&gt;		');

-- --------------------------------------------------------

--
-- Table structure for table `vtiger_notebook_contents`
--

CREATE TABLE IF NOT EXISTS `vtiger_notebook_contents` (
  `userid` int(19) NOT NULL,
  `notebookid` int(19) NOT NULL,
  `contents` text
) ENGINE=InnoDB DEFAULT CHARSET=utf8;

-- --------------------------------------------------------

--
-- Table structure for table `vtiger_notes`
--

CREATE TABLE IF NOT EXISTS `vtiger_notes` (
  `notesid` int(19) NOT NULL DEFAULT '0',
  `note_no` varchar(100) NOT NULL,
  `title` varchar(50) NOT NULL,
  `filename` varchar(200) DEFAULT NULL,
  `notecontent` text,
  `folderid` int(19) NOT NULL DEFAULT '1',
  `filetype` varchar(50) DEFAULT NULL,
  `filelocationtype` varchar(5) DEFAULT NULL,
  `filedownloadcount` int(19) DEFAULT NULL,
  `filestatus` int(19) DEFAULT NULL,
  `filesize` int(19) NOT NULL DEFAULT '0',
  `fileversion` varchar(50) DEFAULT NULL,
  PRIMARY KEY (`notesid`),
  KEY `notes_title_idx` (`title`),
  KEY `notes_notesid_idx` (`notesid`)
) ENGINE=InnoDB DEFAULT CHARSET=utf8;

-- --------------------------------------------------------

--
-- Table structure for table `vtiger_notescf`
--

CREATE TABLE IF NOT EXISTS `vtiger_notescf` (
  `notesid` int(19) NOT NULL DEFAULT '0',
  PRIMARY KEY (`notesid`)
) ENGINE=InnoDB DEFAULT CHARSET=utf8;

-- --------------------------------------------------------

--
-- Table structure for table `vtiger_notificationscheduler`
--

CREATE TABLE IF NOT EXISTS `vtiger_notificationscheduler` (
  `schedulednotificationid` int(19) NOT NULL AUTO_INCREMENT,
  `schedulednotificationname` varchar(200) DEFAULT NULL,
  `active` int(1) DEFAULT NULL,
  `notificationsubject` varchar(200) DEFAULT NULL,
  `notificationbody` text,
  `label` varchar(50) DEFAULT NULL,
  `type` varchar(10) DEFAULT NULL,
  PRIMARY KEY (`schedulednotificationid`),
  UNIQUE KEY `notificationscheduler_schedulednotificationname_idx` (`schedulednotificationname`)
) ENGINE=InnoDB  DEFAULT CHARSET=utf8 AUTO_INCREMENT=9 ;

--
-- Dumping data for table `vtiger_notificationscheduler`
--

INSERT INTO `vtiger_notificationscheduler` (`schedulednotificationid`, `schedulednotificationname`, `active`, `notificationsubject`, `notificationbody`, `label`, `type`) VALUES
(1, 'LBL_TASK_NOTIFICATION_DESCRITPION', 1, 'Task Delay Notification', 'Tasks delayed beyond 24 hrs ', 'LBL_TASK_NOTIFICATION', NULL),
(2, 'LBL_BIG_DEAL_DESCRIPTION', 1, 'Big Deal notification', 'Success! A big deal has been won! ', 'LBL_BIG_DEAL', NULL),
(3, 'LBL_TICKETS_DESCRIPTION', 1, 'Pending Tickets notification', 'Ticket pending please ', 'LBL_PENDING_TICKETS', NULL),
(4, 'LBL_MANY_TICKETS_DESCRIPTION', 1, 'Too many tickets Notification', 'Too many tickets pending against this entity ', 'LBL_MANY_TICKETS', NULL),
(5, 'LBL_START_DESCRIPTION', 1, 'Support Start Notification', '10', 'LBL_START_NOTIFICATION', 'select'),
(6, 'LBL_SUPPORT_DESCRIPTION', 1, 'Support ending please', '11', 'LBL_SUPPORT_NOTICIATION', 'select'),
(7, 'LBL_SUPPORT_DESCRIPTION_MONTH', 1, 'Support ending please', '12', 'LBL_SUPPORT_NOTICIATION_MONTH', 'select'),
(8, 'LBL_ACTIVITY_REMINDER_DESCRIPTION', 1, 'Activity Reminder Notification', 'This is a reminder notification for the Activity', 'LBL_ACTIVITY_NOTIFICATION', NULL);

-- --------------------------------------------------------

--
-- Table structure for table `vtiger_notificationscheduler_seq`
--

CREATE TABLE IF NOT EXISTS `vtiger_notificationscheduler_seq` (
  `id` int(11) NOT NULL
) ENGINE=InnoDB DEFAULT CHARSET=utf8;

--
-- Dumping data for table `vtiger_notificationscheduler_seq`
--

INSERT INTO `vtiger_notificationscheduler_seq` (`id`) VALUES
(8);

-- --------------------------------------------------------

--
-- Table structure for table `vtiger_opportunitystage`
--

CREATE TABLE IF NOT EXISTS `vtiger_opportunitystage` (
  `potstageid` int(19) NOT NULL AUTO_INCREMENT,
  `stage` varchar(200) NOT NULL,
  `sortorderid` int(19) NOT NULL DEFAULT '0',
  `presence` int(1) NOT NULL DEFAULT '1',
  `probability` decimal(3,2) DEFAULT '0.00',
  PRIMARY KEY (`potstageid`),
  UNIQUE KEY `opportunitystage_stage_idx` (`stage`)
) ENGINE=InnoDB DEFAULT CHARSET=utf8 AUTO_INCREMENT=1 ;

-- --------------------------------------------------------

--
-- Table structure for table `vtiger_opportunity_type`
--

CREATE TABLE IF NOT EXISTS `vtiger_opportunity_type` (
  `opptypeid` int(19) NOT NULL AUTO_INCREMENT,
  `opportunity_type` varchar(200) NOT NULL,
  `presence` int(1) NOT NULL DEFAULT '1',
  `picklist_valueid` int(19) NOT NULL DEFAULT '0',
  PRIMARY KEY (`opptypeid`),
  UNIQUE KEY `opportunity_type_opportunity_type_idx` (`opportunity_type`)
) ENGINE=InnoDB  DEFAULT CHARSET=utf8 AUTO_INCREMENT=4 ;

--
-- Dumping data for table `vtiger_opportunity_type`
--

INSERT INTO `vtiger_opportunity_type` (`opptypeid`, `opportunity_type`, `presence`, `picklist_valueid`) VALUES
(1, '--None--', 1, 127),
(2, 'Existing Business', 1, 128),
(3, 'New Business', 1, 129);

-- --------------------------------------------------------

--
-- Table structure for table `vtiger_opportunity_type_seq`
--

CREATE TABLE IF NOT EXISTS `vtiger_opportunity_type_seq` (
  `id` int(11) NOT NULL
) ENGINE=InnoDB DEFAULT CHARSET=utf8;

--
-- Dumping data for table `vtiger_opportunity_type_seq`
--

INSERT INTO `vtiger_opportunity_type_seq` (`id`) VALUES
(3);

-- --------------------------------------------------------

--
-- Table structure for table `vtiger_organizationdetails`
--

CREATE TABLE IF NOT EXISTS `vtiger_organizationdetails` (
  `organization_id` int(11) NOT NULL,
  `organizationname` varchar(60) DEFAULT NULL,
  `address` varchar(150) DEFAULT NULL,
  `city` varchar(100) DEFAULT NULL,
  `state` varchar(100) DEFAULT NULL,
  `country` varchar(100) DEFAULT NULL,
  `code` varchar(30) DEFAULT NULL,
  `phone` varchar(30) DEFAULT NULL,
  `fax` varchar(30) DEFAULT NULL,
  `website` varchar(100) DEFAULT NULL,
  `logoname` varchar(50) DEFAULT NULL,
  `logo` text,
  PRIMARY KEY (`organization_id`)
) ENGINE=InnoDB DEFAULT CHARSET=utf8;

--
-- Dumping data for table `vtiger_organizationdetails`
--

INSERT INTO `vtiger_organizationdetails` (`organization_id`, `organizationname`, `address`, `city`, `state`, `country`, `code`, `phone`, `fax`, `website`, `logoname`, `logo`) VALUES
(1, 'CRM', '', '', '', '', '', '', '', '', '97c2eee161c1acfbfa03fc23e5f58875.jpg', NULL);

-- --------------------------------------------------------

--
-- Table structure for table `vtiger_organizationdetails_seq`
--

CREATE TABLE IF NOT EXISTS `vtiger_organizationdetails_seq` (
  `id` int(11) NOT NULL
) ENGINE=InnoDB DEFAULT CHARSET=utf8;

--
-- Dumping data for table `vtiger_organizationdetails_seq`
--

INSERT INTO `vtiger_organizationdetails_seq` (`id`) VALUES
(1);

-- --------------------------------------------------------

--
-- Table structure for table `vtiger_org_share_action2tab`
--

CREATE TABLE IF NOT EXISTS `vtiger_org_share_action2tab` (
  `share_action_id` int(19) NOT NULL,
  `tabid` int(19) NOT NULL,
  PRIMARY KEY (`share_action_id`,`tabid`),
  KEY `fk_2_vtiger_org_share_action2tab` (`tabid`)
) ENGINE=InnoDB DEFAULT CHARSET=utf8;

--
-- Dumping data for table `vtiger_org_share_action2tab`
--

INSERT INTO `vtiger_org_share_action2tab` (`share_action_id`, `tabid`) VALUES
(0, 2),
(1, 2),
(2, 2),
(3, 2),
(0, 4),
(1, 4),
(2, 4),
(3, 4),
(0, 6),
(1, 6),
(2, 6),
(3, 6),
(0, 7),
(1, 7),
(2, 7),
(3, 7),
(0, 8),
(1, 8),
(2, 8),
(3, 8),
(0, 9),
(1, 9),
(2, 9),
(3, 9),
(0, 10),
(1, 10),
(2, 10),
(3, 10),
(0, 13),
(1, 13),
(2, 13),
(3, 13),
(0, 14),
(1, 14),
(2, 14),
(3, 14),
(0, 16),
(1, 16),
(2, 16),
(3, 16),
(0, 20),
(1, 20),
(2, 20),
(3, 20),
(0, 21),
(1, 21),
(2, 21),
(3, 21),
(0, 22),
(1, 22),
(2, 22),
(3, 22),
(0, 23),
(1, 23),
(2, 23),
(3, 23),
(0, 26),
(1, 26),
(2, 26),
(3, 26),
(0, 36),
(1, 36),
(2, 36),
(3, 36),
(0, 37),
(1, 37),
(2, 37),
(3, 37),
(0, 38),
(1, 38),
(2, 38),
(3, 38),
(0, 41),
(1, 41),
(2, 41),
(3, 41),
(0, 45),
(1, 45),
(2, 45),
(3, 45),
(0, 46),
(1, 46),
(2, 46),
(3, 46),
(0, 47),
(1, 47),
(2, 47),
(3, 47),
(0, 48),
(1, 48),
(2, 48),
(3, 48),
(0, 50),
(1, 50),
(2, 50),
(3, 50),
(0, 53),
(1, 53),
(2, 53),
(3, 53),
(0, 54),
(1, 54),
(2, 54),
(3, 54),
(0, 55),
(1, 55),
(2, 55),
(3, 55),
(0, 56),
(1, 56),
(2, 56),
(3, 56);

-- --------------------------------------------------------

--
-- Table structure for table `vtiger_org_share_action_mapping`
--

CREATE TABLE IF NOT EXISTS `vtiger_org_share_action_mapping` (
  `share_action_id` int(19) NOT NULL,
  `share_action_name` varchar(200) DEFAULT NULL,
  PRIMARY KEY (`share_action_id`)
) ENGINE=InnoDB DEFAULT CHARSET=utf8;

--
-- Dumping data for table `vtiger_org_share_action_mapping`
--

INSERT INTO `vtiger_org_share_action_mapping` (`share_action_id`, `share_action_name`) VALUES
(0, 'Public: Read Only'),
(1, 'Public: Read, Create/Edit'),
(2, 'Public: Read, Create/Edit, Delete'),
(3, 'Private'),
(4, 'Hide Details'),
(5, 'Hide Details and Add Events'),
(6, 'Show Details'),
(7, 'Show Details and Add Events');

-- --------------------------------------------------------

--
-- Table structure for table `vtiger_ownernotify`
--

CREATE TABLE IF NOT EXISTS `vtiger_ownernotify` (
  `crmid` int(19) DEFAULT NULL,
  `smownerid` int(19) DEFAULT NULL,
  `flag` int(3) DEFAULT NULL,
  KEY `ownernotify_crmid_flag_idx` (`crmid`,`flag`)
) ENGINE=InnoDB DEFAULT CHARSET=utf8;

--
-- Dumping data for table `vtiger_ownernotify`
--

INSERT INTO `vtiger_ownernotify` (`crmid`, `smownerid`, `flag`) VALUES
(138, 6, NULL),
(187, 6, NULL),
(191, 6, NULL),
(190, 6, NULL),
(194, 6, NULL),
(181, 6, NULL),
(141, 6, NULL),
(134, 6, NULL),
(140, 6, NULL),
(232, 6, NULL),
(231, 6, NULL),
(245, 6, NULL),
(254, 6, NULL),
(256, 6, NULL),
(257, 6, NULL),
(258, 6, NULL),
(275, 6, NULL),
(284, 6, NULL),
(280, 6, NULL),
(283, 6, NULL),
(276, 6, NULL),
(246, 6, NULL),
(264, 6, NULL),
(263, 6, NULL),
(244, 6, NULL),
(243, 6, NULL),
(270, 6, NULL),
(297, 6, NULL),
(296, 6, NULL),
(273, 6, NULL),
(242, 6, NULL),
(267, 6, NULL),
(266, 6, NULL);

-- --------------------------------------------------------

--
-- Table structure for table `vtiger_parenttab`
--

CREATE TABLE IF NOT EXISTS `vtiger_parenttab` (
  `parenttabid` int(19) NOT NULL,
  `parenttab_label` varchar(100) NOT NULL,
  `sequence` int(10) NOT NULL,
  `visible` int(2) NOT NULL DEFAULT '0',
  PRIMARY KEY (`parenttabid`),
  KEY `parenttab_parenttabid_parenttabl_label_visible_idx` (`parenttabid`,`parenttab_label`,`visible`)
) ENGINE=InnoDB DEFAULT CHARSET=utf8;

--
-- Dumping data for table `vtiger_parenttab`
--

INSERT INTO `vtiger_parenttab` (`parenttabid`, `parenttab_label`, `sequence`, `visible`) VALUES
(1, 'My Home Page', 1, 0),
(2, 'Marketing', 2, 0),
(3, 'Sales', 3, 0),
(4, 'Support', 4, 0),
(5, 'Analytics', 5, 0),
(6, 'Inventory', 6, 0),
(7, 'Tools', 7, 0),
(8, 'Settings', 8, 0);

-- --------------------------------------------------------

--
-- Table structure for table `vtiger_parenttabrel`
--

CREATE TABLE IF NOT EXISTS `vtiger_parenttabrel` (
  `parenttabid` int(19) NOT NULL,
  `tabid` int(19) NOT NULL,
  `sequence` int(3) NOT NULL,
  KEY `parenttabrel_tabid_parenttabid_idx` (`tabid`,`parenttabid`),
  KEY `fk_2_vtiger_parenttabrel` (`parenttabid`)
) ENGINE=InnoDB DEFAULT CHARSET=utf8;

--
-- Dumping data for table `vtiger_parenttabrel`
--

INSERT INTO `vtiger_parenttabrel` (`parenttabid`, `tabid`, `sequence`) VALUES
(1, 9, 2),
(1, 28, 4),
(1, 3, 1),
(3, 7, 1),
(3, 6, 2),
(3, 4, 3),
(3, 2, 4),
(3, 20, 5),
(3, 22, 6),
(3, 23, 7),
(3, 19, 8),
(3, 8, 9),
(4, 13, 1),
(4, 15, 2),
(4, 6, 3),
(4, 4, 4),
(4, 8, 5),
(5, 1, 2),
(5, 25, 1),
(6, 14, 1),
(6, 18, 2),
(6, 19, 3),
(6, 21, 4),
(6, 22, 5),
(6, 20, 6),
(6, 23, 7),
(7, 24, 1),
(7, 27, 2),
(7, 8, 3),
(2, 26, 1),
(2, 6, 2),
(2, 4, 3),
(2, 28, 4),
(4, 28, 7),
(2, 7, 5),
(2, 9, 6),
(4, 9, 8),
(2, 8, 8),
(3, 9, 11),
(7, 32, 4),
(7, 33, 5),
(7, 36, 6),
(4, 37, 9),
(6, 38, 8),
(6, 41, 9),
(7, 45, 7),
(4, 46, 10),
(4, 47, 11),
(4, 48, 12),
(7, 49, 8),
(7, 50, 9),
(7, 53, 10),
(5, 55, 3),
(5, 56, 4);

-- --------------------------------------------------------

--
-- Table structure for table `vtiger_payment_duration`
--

CREATE TABLE IF NOT EXISTS `vtiger_payment_duration` (
  `payment_duration_id` int(11) DEFAULT NULL,
  `payment_duration` varchar(200) DEFAULT NULL,
  `sortorderid` int(11) DEFAULT NULL,
  `presence` int(11) DEFAULT NULL
) ENGINE=InnoDB DEFAULT CHARSET=utf8;

--
-- Dumping data for table `vtiger_payment_duration`
--

INSERT INTO `vtiger_payment_duration` (`payment_duration_id`, `payment_duration`, `sortorderid`, `presence`) VALUES
(1, 'Net 30 days', 0, 1),
(2, 'Net 45 days', 1, 1),
(3, 'Net 60 days', 2, 1);

-- --------------------------------------------------------

--
-- Table structure for table `vtiger_payment_duration_seq`
--

CREATE TABLE IF NOT EXISTS `vtiger_payment_duration_seq` (
  `id` int(11) NOT NULL
) ENGINE=InnoDB DEFAULT CHARSET=utf8;

--
-- Dumping data for table `vtiger_payment_duration_seq`
--

INSERT INTO `vtiger_payment_duration_seq` (`id`) VALUES
(3);

-- --------------------------------------------------------

--
-- Table structure for table `vtiger_pbxmanager`
--

CREATE TABLE IF NOT EXISTS `vtiger_pbxmanager` (
  `pbxmanagerid` int(11) DEFAULT NULL,
  `callfrom` varchar(255) DEFAULT NULL,
  `callto` varchar(255) DEFAULT NULL,
  `timeofcall` varchar(255) DEFAULT NULL,
  `status` varchar(255) DEFAULT NULL
) ENGINE=InnoDB DEFAULT CHARSET=utf8;

-- --------------------------------------------------------

--
-- Table structure for table `vtiger_picklist`
--

CREATE TABLE IF NOT EXISTS `vtiger_picklist` (
  `picklistid` int(11) NOT NULL AUTO_INCREMENT,
  `name` varchar(200) NOT NULL,
  PRIMARY KEY (`picklistid`),
  UNIQUE KEY `picklist_name_idx` (`name`)
) ENGINE=InnoDB  DEFAULT CHARSET=utf8 AUTO_INCREMENT=57 ;

--
-- Dumping data for table `vtiger_picklist`
--

INSERT INTO `vtiger_picklist` (`picklistid`, `name`) VALUES
(1, 'accounttype'),
(2, 'activitytype'),
(37, 'assetstatus'),
(3, 'campaignstatus'),
(4, 'campaigntype'),
(5, 'carrier'),
(33, 'contract_priority'),
(32, 'contract_status'),
(34, 'contract_type'),
(6, 'eventstatus'),
(7, 'expectedresponse'),
(8, 'faqcategories'),
(9, 'faqstatus'),
(10, 'glacct'),
(11, 'industry'),
(12, 'invoicestatus'),
(13, 'leadsource'),
(14, 'leadstatus'),
(15, 'manufacturer'),
(16, 'opportunity_type'),
(17, 'postatus'),
(18, 'productcategory'),
(45, 'progress'),
(38, 'projectmilestonetype'),
(44, 'projectpriority'),
(42, 'projectstatus'),
(40, 'projecttaskpriority'),
(41, 'projecttaskprogress'),
(39, 'projecttasktype'),
(43, 'projecttype'),
(19, 'quotestage'),
(20, 'rating'),
(21, 'sales_stage'),
(22, 'salutationtype'),
(36, 'servicecategory'),
(35, 'service_usageunit'),
(23, 'sostatus'),
(24, 'taskpriority'),
(25, 'taskstatus'),
(56, 'testmod'),
(26, 'ticketcategories'),
(27, 'ticketpriorities'),
(28, 'ticketseverities'),
(29, 'ticketstatus'),
(31, 'tracking_unit'),
(30, 'usageunit');

-- --------------------------------------------------------

--
-- Table structure for table `vtiger_picklistvalues_seq`
--

CREATE TABLE IF NOT EXISTS `vtiger_picklistvalues_seq` (
  `id` int(11) NOT NULL
) ENGINE=InnoDB DEFAULT CHARSET=utf8;

--
-- Dumping data for table `vtiger_picklistvalues_seq`
--

INSERT INTO `vtiger_picklistvalues_seq` (`id`) VALUES
(407);

-- --------------------------------------------------------

--
-- Table structure for table `vtiger_picklist_dependency`
--

CREATE TABLE IF NOT EXISTS `vtiger_picklist_dependency` (
  `id` int(11) NOT NULL,
  `tabid` int(19) NOT NULL,
  `sourcefield` varchar(255) DEFAULT NULL,
  `targetfield` varchar(255) DEFAULT NULL,
  `sourcevalue` varchar(100) DEFAULT NULL,
  `targetvalues` text,
  `criteria` text,
  PRIMARY KEY (`id`)
) ENGINE=InnoDB DEFAULT CHARSET=utf8;

-- --------------------------------------------------------

--
-- Table structure for table `vtiger_picklist_seq`
--

CREATE TABLE IF NOT EXISTS `vtiger_picklist_seq` (
  `id` int(11) NOT NULL
) ENGINE=InnoDB DEFAULT CHARSET=utf8;

--
-- Dumping data for table `vtiger_picklist_seq`
--

INSERT INTO `vtiger_picklist_seq` (`id`) VALUES
(56);

-- --------------------------------------------------------

--
-- Table structure for table `vtiger_pobillads`
--

CREATE TABLE IF NOT EXISTS `vtiger_pobillads` (
  `pobilladdressid` int(19) NOT NULL DEFAULT '0',
  `bill_city` varchar(30) DEFAULT NULL,
  `bill_code` varchar(30) DEFAULT NULL,
  `bill_country` varchar(30) DEFAULT NULL,
  `bill_state` varchar(30) DEFAULT NULL,
  `bill_street` varchar(250) DEFAULT NULL,
  `bill_pobox` varchar(30) DEFAULT NULL,
  PRIMARY KEY (`pobilladdressid`)
) ENGINE=InnoDB DEFAULT CHARSET=utf8;

-- --------------------------------------------------------

--
-- Table structure for table `vtiger_portal`
--

CREATE TABLE IF NOT EXISTS `vtiger_portal` (
  `portalid` int(19) NOT NULL,
  `portalname` varchar(200) NOT NULL,
  `portalurl` varchar(255) NOT NULL,
  `sequence` int(3) NOT NULL,
  `setdefault` int(3) NOT NULL DEFAULT '0',
  PRIMARY KEY (`portalid`),
  KEY `portal_portalname_idx` (`portalname`)
) ENGINE=InnoDB DEFAULT CHARSET=utf8;

--
-- Dumping data for table `vtiger_portal`
--

INSERT INTO `vtiger_portal` (`portalid`, `portalname`, `portalurl`, `sequence`, `setdefault`) VALUES
(1, 'Vtiger', 'http://vtiger.com', 0, 0),
(2, 'Vtiger Blogs', 'http://blogs.vtiger.com', 0, 0),
(3, 'Vtiger Forums', 'http://forums.vtiger.com', 0, 0),
(4, 'VtigerForge', 'http://vtigerforge.com', 0, 0),
(5, 'Vtiger Docs', 'http://wiki.vtiger.com', 0, 0);

-- --------------------------------------------------------

--
-- Table structure for table `vtiger_portalinfo`
--

CREATE TABLE IF NOT EXISTS `vtiger_portalinfo` (
  `id` int(11) NOT NULL,
  `user_name` varchar(50) DEFAULT NULL,
  `user_password` varchar(30) DEFAULT NULL,
  `type` varchar(5) DEFAULT NULL,
  `last_login_time` datetime DEFAULT NULL,
  `login_time` datetime DEFAULT NULL,
  `logout_time` datetime DEFAULT NULL,
  `isactive` int(1) DEFAULT NULL,
  PRIMARY KEY (`id`)
) ENGINE=InnoDB DEFAULT CHARSET=utf8;

-- --------------------------------------------------------

--
-- Table structure for table `vtiger_portal_seq`
--

CREATE TABLE IF NOT EXISTS `vtiger_portal_seq` (
  `id` int(11) NOT NULL
) ENGINE=InnoDB DEFAULT CHARSET=utf8;

--
-- Dumping data for table `vtiger_portal_seq`
--

INSERT INTO `vtiger_portal_seq` (`id`) VALUES
(5);

-- --------------------------------------------------------

--
-- Table structure for table `vtiger_poshipads`
--

CREATE TABLE IF NOT EXISTS `vtiger_poshipads` (
  `poshipaddressid` int(19) NOT NULL DEFAULT '0',
  `ship_city` varchar(30) DEFAULT NULL,
  `ship_code` varchar(30) DEFAULT NULL,
  `ship_country` varchar(30) DEFAULT NULL,
  `ship_state` varchar(30) DEFAULT NULL,
  `ship_street` varchar(250) DEFAULT NULL,
  `ship_pobox` varchar(30) DEFAULT NULL,
  PRIMARY KEY (`poshipaddressid`)
) ENGINE=InnoDB DEFAULT CHARSET=utf8;

-- --------------------------------------------------------

--
-- Table structure for table `vtiger_postatus`
--

CREATE TABLE IF NOT EXISTS `vtiger_postatus` (
  `postatusid` int(19) NOT NULL AUTO_INCREMENT,
  `postatus` varchar(200) NOT NULL,
  `presence` int(1) NOT NULL DEFAULT '1',
  `picklist_valueid` int(19) NOT NULL DEFAULT '0',
  PRIMARY KEY (`postatusid`),
  UNIQUE KEY `postatus_postatus_idx` (`postatus`)
) ENGINE=InnoDB  DEFAULT CHARSET=utf8 AUTO_INCREMENT=6 ;

--
-- Dumping data for table `vtiger_postatus`
--

INSERT INTO `vtiger_postatus` (`postatusid`, `postatus`, `presence`, `picklist_valueid`) VALUES
(1, 'Created', 0, 130),
(2, 'Approved', 0, 131),
(3, 'Delivered', 0, 132),
(4, 'Cancelled', 0, 133),
(5, 'Received Shipment', 0, 134);

-- --------------------------------------------------------

--
-- Table structure for table `vtiger_postatushistory`
--

CREATE TABLE IF NOT EXISTS `vtiger_postatushistory` (
  `historyid` int(19) NOT NULL AUTO_INCREMENT,
  `purchaseorderid` int(19) NOT NULL,
  `vendorname` varchar(100) DEFAULT NULL,
  `total` decimal(10,0) DEFAULT NULL,
  `postatus` varchar(200) DEFAULT NULL,
  `lastmodified` datetime DEFAULT NULL,
  PRIMARY KEY (`historyid`),
  KEY `postatushistory_purchaseorderid_idx` (`purchaseorderid`)
) ENGINE=InnoDB DEFAULT CHARSET=utf8 AUTO_INCREMENT=1 ;

-- --------------------------------------------------------

--
-- Table structure for table `vtiger_postatus_seq`
--

CREATE TABLE IF NOT EXISTS `vtiger_postatus_seq` (
  `id` int(11) NOT NULL
) ENGINE=InnoDB DEFAULT CHARSET=utf8;

--
-- Dumping data for table `vtiger_postatus_seq`
--

INSERT INTO `vtiger_postatus_seq` (`id`) VALUES
(5);

-- --------------------------------------------------------

--
-- Table structure for table `vtiger_potcompetitorrel`
--

CREATE TABLE IF NOT EXISTS `vtiger_potcompetitorrel` (
  `potentialid` int(19) NOT NULL,
  `competitorid` int(19) NOT NULL,
  PRIMARY KEY (`potentialid`,`competitorid`),
  KEY `potcompetitorrel_potentialid_idx` (`potentialid`),
  KEY `potcompetitorrel_competitorid_idx` (`competitorid`)
) ENGINE=InnoDB DEFAULT CHARSET=utf8;

-- --------------------------------------------------------

--
-- Table structure for table `vtiger_potential`
--

CREATE TABLE IF NOT EXISTS `vtiger_potential` (
  `potentialid` int(19) NOT NULL DEFAULT '0',
  `potential_no` varchar(100) NOT NULL,
  `related_to` int(19) DEFAULT NULL,
  `potentialname` varchar(120) NOT NULL,
  `amount` decimal(14,2) DEFAULT '0.00',
  `currency` varchar(20) DEFAULT NULL,
  `closingdate` date DEFAULT NULL,
  `typeofrevenue` varchar(50) DEFAULT NULL,
  `nextstep` varchar(100) DEFAULT NULL,
  `private` int(1) DEFAULT '0',
  `probability` decimal(7,3) DEFAULT '0.000',
  `campaignid` int(19) DEFAULT NULL,
  `sales_stage` varchar(200) DEFAULT NULL,
  `potentialtype` varchar(200) DEFAULT NULL,
  `leadsource` varchar(200) DEFAULT NULL,
  `productid` int(50) DEFAULT NULL,
  `productversion` varchar(50) DEFAULT NULL,
  `quotationref` varchar(50) DEFAULT NULL,
  `partnercontact` varchar(50) DEFAULT NULL,
  `remarks` varchar(50) DEFAULT NULL,
  `runtimefee` int(19) DEFAULT '0',
  `followupdate` date DEFAULT NULL,
  `evaluationstatus` varchar(50) DEFAULT NULL,
  `description` text,
  `forecastcategory` int(19) DEFAULT '0',
  `outcomeanalysis` int(19) DEFAULT '0',
  PRIMARY KEY (`potentialid`),
  KEY `potential_relatedto_idx` (`related_to`),
  KEY `potentail_sales_stage_idx` (`sales_stage`),
  KEY `potentail_sales_stage_amount_idx` (`amount`,`sales_stage`)
) ENGINE=InnoDB DEFAULT CHARSET=utf8;

-- --------------------------------------------------------

--
-- Table structure for table `vtiger_potentialscf`
--

CREATE TABLE IF NOT EXISTS `vtiger_potentialscf` (
  `potentialid` int(19) NOT NULL DEFAULT '0',
  PRIMARY KEY (`potentialid`)
) ENGINE=InnoDB DEFAULT CHARSET=utf8;

-- --------------------------------------------------------

--
-- Table structure for table `vtiger_potstagehistory`
--

CREATE TABLE IF NOT EXISTS `vtiger_potstagehistory` (
  `historyid` int(19) NOT NULL AUTO_INCREMENT,
  `potentialid` int(19) NOT NULL,
  `amount` decimal(10,0) DEFAULT NULL,
  `stage` varchar(100) DEFAULT NULL,
  `probability` decimal(7,3) DEFAULT NULL,
  `expectedrevenue` decimal(10,0) DEFAULT NULL,
  `closedate` date DEFAULT NULL,
  `lastmodified` datetime DEFAULT NULL,
  PRIMARY KEY (`historyid`),
  KEY `potstagehistory_potentialid_idx` (`potentialid`)
) ENGINE=InnoDB DEFAULT CHARSET=utf8 AUTO_INCREMENT=1 ;

-- --------------------------------------------------------

--
-- Table structure for table `vtiger_pricebook`
--

CREATE TABLE IF NOT EXISTS `vtiger_pricebook` (
  `pricebookid` int(19) NOT NULL DEFAULT '0',
  `pricebook_no` varchar(100) NOT NULL,
  `bookname` varchar(100) DEFAULT NULL,
  `active` int(1) DEFAULT NULL,
  `currency_id` int(19) NOT NULL DEFAULT '1',
  PRIMARY KEY (`pricebookid`)
) ENGINE=InnoDB DEFAULT CHARSET=utf8;

-- --------------------------------------------------------

--
-- Table structure for table `vtiger_pricebookcf`
--

CREATE TABLE IF NOT EXISTS `vtiger_pricebookcf` (
  `pricebookid` int(19) NOT NULL DEFAULT '0',
  PRIMARY KEY (`pricebookid`)
) ENGINE=InnoDB DEFAULT CHARSET=utf8;

-- --------------------------------------------------------

--
-- Table structure for table `vtiger_pricebookproductrel`
--

CREATE TABLE IF NOT EXISTS `vtiger_pricebookproductrel` (
  `pricebookid` int(19) NOT NULL,
  `productid` int(19) NOT NULL,
  `listprice` decimal(25,3) DEFAULT NULL,
  `usedcurrency` int(11) NOT NULL DEFAULT '1',
  PRIMARY KEY (`pricebookid`,`productid`),
  KEY `pricebookproductrel_pricebookid_idx` (`pricebookid`),
  KEY `pricebookproductrel_productid_idx` (`productid`)
) ENGINE=InnoDB DEFAULT CHARSET=utf8;

-- --------------------------------------------------------

--
-- Table structure for table `vtiger_priority`
--

CREATE TABLE IF NOT EXISTS `vtiger_priority` (
  `priorityid` int(19) NOT NULL AUTO_INCREMENT,
  `priority` varchar(200) NOT NULL,
  `sortorderid` int(19) NOT NULL DEFAULT '0',
  `presence` int(1) NOT NULL DEFAULT '1',
  PRIMARY KEY (`priorityid`),
  UNIQUE KEY `priority_priority_idx` (`priority`)
) ENGINE=InnoDB DEFAULT CHARSET=utf8 AUTO_INCREMENT=1 ;

-- --------------------------------------------------------

--
-- Table structure for table `vtiger_productcategory`
--

CREATE TABLE IF NOT EXISTS `vtiger_productcategory` (
  `productcategoryid` int(19) NOT NULL AUTO_INCREMENT,
  `productcategory` varchar(200) NOT NULL,
  `presence` int(1) NOT NULL DEFAULT '1',
  `picklist_valueid` int(19) NOT NULL DEFAULT '0',
  PRIMARY KEY (`productcategoryid`),
  UNIQUE KEY `productcategory_productcategory_idx` (`productcategory`)
) ENGINE=InnoDB  DEFAULT CHARSET=utf8 AUTO_INCREMENT=5 ;

--
-- Dumping data for table `vtiger_productcategory`
--

INSERT INTO `vtiger_productcategory` (`productcategoryid`, `productcategory`, `presence`, `picklist_valueid`) VALUES
(1, '--None--', 1, 135),
(2, 'Hardware', 1, 136),
(3, 'Software', 1, 137),
(4, 'CRM Applications', 1, 138);

-- --------------------------------------------------------

--
-- Table structure for table `vtiger_productcategory_seq`
--

CREATE TABLE IF NOT EXISTS `vtiger_productcategory_seq` (
  `id` int(11) NOT NULL
) ENGINE=InnoDB DEFAULT CHARSET=utf8;

--
-- Dumping data for table `vtiger_productcategory_seq`
--

INSERT INTO `vtiger_productcategory_seq` (`id`) VALUES
(4);

-- --------------------------------------------------------

--
-- Table structure for table `vtiger_productcf`
--

CREATE TABLE IF NOT EXISTS `vtiger_productcf` (
  `productid` int(19) NOT NULL DEFAULT '0',
  PRIMARY KEY (`productid`)
) ENGINE=InnoDB DEFAULT CHARSET=utf8;

-- --------------------------------------------------------

--
-- Table structure for table `vtiger_productcollaterals`
--

CREATE TABLE IF NOT EXISTS `vtiger_productcollaterals` (
  `productid` int(11) NOT NULL,
  `date_entered` timestamp NOT NULL DEFAULT CURRENT_TIMESTAMP ON UPDATE CURRENT_TIMESTAMP,
  `data` longblob,
  `description` text,
  `filename` varchar(50) DEFAULT NULL,
  `filesize` varchar(50) NOT NULL,
  `filetype` varchar(20) NOT NULL,
  PRIMARY KEY (`productid`),
  KEY `productcollaterals_productid_filename_idx` (`productid`,`filename`)
) ENGINE=InnoDB DEFAULT CHARSET=utf8;

-- --------------------------------------------------------

--
-- Table structure for table `vtiger_productcurrencyrel`
--

CREATE TABLE IF NOT EXISTS `vtiger_productcurrencyrel` (
  `productid` int(11) NOT NULL,
  `currencyid` int(11) NOT NULL,
  `converted_price` decimal(25,2) DEFAULT NULL,
  `actual_price` decimal(25,2) DEFAULT NULL
) ENGINE=InnoDB DEFAULT CHARSET=utf8;

-- --------------------------------------------------------

--
-- Table structure for table `vtiger_products`
--

CREATE TABLE IF NOT EXISTS `vtiger_products` (
  `productid` int(11) NOT NULL,
  `product_no` varchar(100) NOT NULL,
  `productname` varchar(50) NOT NULL,
  `productcode` varchar(40) DEFAULT NULL,
  `productcategory` varchar(200) DEFAULT NULL,
  `manufacturer` varchar(200) DEFAULT NULL,
  `qty_per_unit` decimal(11,2) DEFAULT '0.00',
  `unit_price` decimal(25,2) DEFAULT NULL,
  `weight` decimal(11,3) DEFAULT NULL,
  `pack_size` int(11) DEFAULT NULL,
  `sales_start_date` date DEFAULT NULL,
  `sales_end_date` date DEFAULT NULL,
  `start_date` date DEFAULT NULL,
  `expiry_date` date DEFAULT NULL,
  `cost_factor` int(11) DEFAULT NULL,
  `commissionrate` decimal(7,3) DEFAULT NULL,
  `commissionmethod` varchar(50) DEFAULT NULL,
  `discontinued` int(1) NOT NULL DEFAULT '0',
  `usageunit` varchar(200) DEFAULT NULL,
  `reorderlevel` int(11) DEFAULT NULL,
  `website` varchar(100) DEFAULT NULL,
  `taxclass` varchar(200) DEFAULT NULL,
  `mfr_part_no` varchar(200) DEFAULT NULL,
  `vendor_part_no` varchar(200) DEFAULT NULL,
  `serialno` varchar(200) DEFAULT NULL,
  `qtyinstock` decimal(25,3) DEFAULT NULL,
  `productsheet` varchar(200) DEFAULT NULL,
  `qtyindemand` int(11) DEFAULT NULL,
  `glacct` varchar(200) DEFAULT NULL,
  `vendor_id` int(11) DEFAULT NULL,
  `imagename` text,
  `currency_id` int(19) NOT NULL DEFAULT '1',
  PRIMARY KEY (`productid`)
) ENGINE=InnoDB DEFAULT CHARSET=utf8;

-- --------------------------------------------------------

--
-- Table structure for table `vtiger_producttaxrel`
--

CREATE TABLE IF NOT EXISTS `vtiger_producttaxrel` (
  `productid` int(11) NOT NULL,
  `taxid` int(3) NOT NULL,
  `taxpercentage` decimal(7,3) DEFAULT NULL,
  KEY `producttaxrel_productid_idx` (`productid`),
  KEY `producttaxrel_taxid_idx` (`taxid`)
) ENGINE=InnoDB DEFAULT CHARSET=utf8;

-- --------------------------------------------------------

--
-- Table structure for table `vtiger_profile`
--

CREATE TABLE IF NOT EXISTS `vtiger_profile` (
  `profileid` int(10) NOT NULL AUTO_INCREMENT,
  `profilename` varchar(50) NOT NULL,
  `description` text,
  PRIMARY KEY (`profileid`)
) ENGINE=InnoDB  DEFAULT CHARSET=utf8 AUTO_INCREMENT=6 ;

--
-- Dumping data for table `vtiger_profile`
--

INSERT INTO `vtiger_profile` (`profileid`, `profilename`, `description`) VALUES
(1, 'Administrator', 'Admin Profile'),
(5, 'Clerk', '');

-- --------------------------------------------------------

--
-- Table structure for table `vtiger_profile2field`
--

CREATE TABLE IF NOT EXISTS `vtiger_profile2field` (
  `profileid` int(11) NOT NULL,
  `tabid` int(10) DEFAULT NULL,
  `fieldid` int(19) NOT NULL,
  `visible` int(19) DEFAULT NULL,
  `readonly` int(19) DEFAULT NULL,
  PRIMARY KEY (`profileid`,`fieldid`),
  KEY `profile2field_profileid_tabid_fieldname_idx` (`profileid`,`tabid`),
  KEY `profile2field_tabid_profileid_idx` (`tabid`,`profileid`),
  KEY `profile2field_visible_profileid_idx` (`visible`,`profileid`)
) ENGINE=InnoDB DEFAULT CHARSET=utf8;

--
-- Dumping data for table `vtiger_profile2field`
--

INSERT INTO `vtiger_profile2field` (`profileid`, `tabid`, `fieldid`, `visible`, `readonly`) VALUES
(1, 6, 1, 0, 0),
(1, 6, 2, 0, 0),
(1, 6, 3, 0, 0),
(1, 6, 4, 0, 0),
(1, 6, 5, 0, 0),
(1, 6, 6, 0, 0),
(1, 6, 7, 0, 0),
(1, 6, 8, 0, 0),
(1, 6, 9, 0, 0),
(1, 6, 10, 0, 0),
(1, 6, 11, 0, 0),
(1, 6, 12, 0, 0),
(1, 6, 13, 0, 0),
(1, 6, 14, 0, 0),
(1, 6, 15, 0, 0),
(1, 6, 16, 0, 0),
(1, 6, 17, 0, 0),
(1, 6, 18, 0, 0),
(1, 6, 19, 0, 0),
(1, 6, 20, 0, 0),
(1, 6, 21, 0, 0),
(1, 6, 22, 0, 0),
(1, 6, 23, 0, 0),
(1, 6, 24, 0, 0),
(1, 6, 25, 0, 0),
(1, 6, 26, 0, 0),
(1, 6, 27, 0, 0),
(1, 6, 28, 0, 0),
(1, 6, 29, 0, 0),
(1, 6, 30, 0, 0),
(1, 6, 31, 0, 0),
(1, 6, 32, 0, 0),
(1, 6, 33, 0, 0),
(1, 6, 34, 0, 0),
(1, 6, 35, 0, 0),
(1, 6, 36, 0, 0),
(1, 7, 37, 0, 0),
(1, 7, 38, 0, 0),
(1, 7, 39, 0, 0),
(1, 7, 40, 0, 0),
(1, 7, 41, 0, 0),
(1, 7, 42, 0, 0),
(1, 7, 43, 0, 0),
(1, 7, 44, 0, 0),
(1, 7, 45, 0, 0),
(1, 7, 46, 0, 0),
(1, 7, 47, 0, 0),
(1, 7, 48, 0, 0),
(1, 7, 49, 0, 0),
(1, 7, 50, 0, 0),
(1, 7, 51, 0, 0),
(1, 7, 52, 0, 0),
(1, 7, 53, 0, 0),
(1, 7, 54, 0, 0),
(1, 7, 55, 0, 0),
(1, 7, 56, 0, 0),
(1, 7, 57, 0, 0),
(1, 7, 58, 0, 0),
(1, 7, 59, 0, 0),
(1, 7, 60, 0, 0),
(1, 7, 61, 0, 0),
(1, 7, 62, 0, 0),
(1, 7, 63, 0, 0),
(1, 7, 64, 0, 0),
(1, 7, 65, 0, 0),
(1, 4, 66, 0, 0),
(1, 4, 67, 0, 0),
(1, 4, 68, 0, 0),
(1, 4, 69, 0, 0),
(1, 4, 70, 0, 0),
(1, 4, 71, 0, 0),
(1, 4, 72, 0, 0),
(1, 4, 73, 0, 0),
(1, 4, 74, 0, 0),
(1, 4, 75, 0, 0),
(1, 4, 76, 0, 0),
(1, 4, 77, 0, 0),
(1, 4, 78, 0, 0),
(1, 4, 79, 0, 0),
(1, 4, 80, 0, 0),
(1, 4, 81, 0, 0),
(1, 4, 82, 0, 0),
(1, 4, 83, 0, 0),
(1, 4, 84, 0, 0),
(1, 4, 85, 0, 0),
(1, 4, 86, 0, 0),
(1, 4, 87, 0, 0),
(1, 4, 88, 0, 0),
(1, 4, 89, 0, 0),
(1, 4, 90, 0, 0),
(1, 4, 91, 0, 0),
(1, 4, 92, 0, 0),
(1, 4, 93, 0, 0),
(1, 4, 94, 0, 0),
(1, 4, 95, 0, 0),
(1, 4, 96, 0, 0),
(1, 4, 97, 0, 0),
(1, 4, 98, 0, 0),
(1, 4, 99, 0, 0),
(1, 4, 100, 0, 0),
(1, 4, 101, 0, 0),
(1, 4, 102, 0, 0),
(1, 4, 103, 0, 0),
(1, 4, 104, 0, 0),
(1, 4, 105, 0, 0),
(1, 4, 106, 0, 0),
(1, 4, 107, 0, 0),
(1, 4, 108, 0, 0),
(1, 4, 109, 0, 0),
(1, 2, 110, 0, 0),
(1, 2, 111, 0, 0),
(1, 2, 112, 0, 0),
(1, 2, 113, 0, 0),
(1, 2, 114, 0, 0),
(1, 2, 115, 0, 0),
(1, 2, 116, 0, 0),
(1, 2, 117, 0, 0),
(1, 2, 118, 0, 0),
(1, 2, 119, 0, 0),
(1, 2, 120, 0, 0),
(1, 2, 121, 0, 0),
(1, 2, 122, 0, 0),
(1, 2, 123, 0, 0),
(1, 2, 124, 0, 0),
(1, 2, 125, 0, 0),
(1, 26, 126, 0, 0),
(1, 26, 127, 0, 0),
(1, 26, 128, 0, 0),
(1, 26, 129, 0, 0),
(1, 26, 130, 0, 0),
(1, 26, 131, 0, 0),
(1, 26, 132, 0, 0),
(1, 26, 133, 0, 0),
(1, 26, 134, 0, 0),
(1, 26, 135, 0, 0),
(1, 26, 136, 0, 0),
(1, 26, 137, 0, 0),
(1, 26, 138, 0, 0),
(1, 26, 139, 0, 0),
(1, 26, 140, 0, 0),
(1, 26, 141, 0, 0),
(1, 26, 142, 0, 0),
(1, 26, 143, 0, 0),
(1, 26, 144, 0, 0),
(1, 26, 145, 0, 0),
(1, 26, 146, 0, 0),
(1, 26, 147, 0, 0),
(1, 26, 148, 0, 0),
(1, 26, 149, 0, 0),
(1, 26, 150, 0, 0),
(1, 4, 151, 0, 0),
(1, 6, 152, 0, 0),
(1, 7, 153, 0, 0),
(1, 26, 154, 0, 0),
(1, 13, 155, 0, 0),
(1, 13, 156, 0, 0),
(1, 13, 157, 0, 0),
(1, 13, 158, 0, 0),
(1, 13, 159, 0, 0),
(1, 13, 160, 0, 0),
(1, 13, 161, 0, 0),
(1, 13, 162, 0, 0),
(1, 13, 163, 0, 0),
(1, 13, 164, 0, 0),
(1, 13, 165, 0, 0),
(1, 13, 166, 0, 0),
(1, 13, 167, 0, 0),
(1, 13, 168, 0, 0),
(1, 13, 169, 0, 0),
(1, 13, 170, 0, 0),
(1, 13, 171, 0, 0),
(1, 13, 172, 0, 0),
(1, 13, 173, 0, 0),
(1, 14, 174, 0, 0),
(1, 14, 175, 0, 0),
(1, 14, 176, 0, 0),
(1, 14, 177, 0, 0),
(1, 14, 178, 0, 0),
(1, 14, 179, 0, 0),
(1, 14, 180, 0, 0),
(1, 14, 181, 0, 0),
(1, 14, 182, 0, 0),
(1, 14, 183, 0, 0),
(1, 14, 184, 0, 0),
(1, 14, 185, 0, 0),
(1, 14, 186, 0, 0),
(1, 14, 187, 0, 0),
(1, 14, 188, 0, 0),
(1, 14, 189, 0, 0),
(1, 14, 190, 0, 0),
(1, 14, 191, 0, 0),
(1, 14, 192, 0, 0),
(1, 14, 193, 0, 0),
(1, 14, 194, 0, 0),
(1, 14, 195, 0, 0),
(1, 14, 196, 0, 0),
(1, 14, 197, 0, 0),
(1, 14, 198, 0, 0),
(1, 14, 199, 0, 0),
(1, 14, 200, 0, 0),
(1, 14, 201, 0, 0),
(1, 14, 202, 0, 0),
(1, 14, 203, 0, 0),
(1, 14, 204, 0, 0),
(1, 8, 205, 0, 0),
(1, 8, 206, 0, 0),
(1, 8, 207, 0, 0),
(1, 8, 208, 0, 0),
(1, 8, 209, 0, 0),
(1, 8, 210, 0, 0),
(1, 8, 211, 0, 0),
(1, 8, 212, 0, 0),
(1, 8, 213, 0, 0),
(1, 8, 214, 0, 0),
(1, 8, 215, 0, 0),
(1, 8, 216, 0, 0),
(1, 8, 217, 0, 0),
(1, 8, 218, 0, 0),
(1, 8, 219, 0, 0),
(1, 10, 220, 0, 0),
(1, 10, 221, 0, 0),
(1, 10, 222, 0, 0),
(1, 10, 223, 0, 0),
(1, 10, 224, 0, 0),
(1, 10, 225, 0, 0),
(1, 10, 226, 0, 0),
(1, 10, 227, 0, 0),
(1, 10, 228, 0, 0),
(1, 10, 229, 0, 0),
(1, 10, 230, 0, 0),
(1, 10, 231, 0, 0),
(1, 9, 232, 0, 0),
(1, 9, 233, 0, 0),
(1, 9, 234, 0, 0),
(1, 9, 235, 0, 0),
(1, 9, 236, 0, 0),
(1, 9, 237, 0, 0),
(1, 9, 238, 0, 0),
(1, 9, 239, 0, 0),
(1, 9, 240, 0, 0),
(1, 9, 241, 0, 0),
(1, 9, 242, 0, 0),
(1, 9, 243, 0, 0),
(1, 9, 244, 0, 0),
(1, 9, 245, 0, 0),
(1, 9, 246, 0, 0),
(1, 9, 247, 0, 0),
(1, 9, 248, 0, 0),
(1, 9, 249, 0, 0),
(1, 9, 250, 0, 0),
(1, 9, 251, 0, 0),
(1, 9, 252, 0, 0),
(1, 9, 253, 0, 0),
(1, 9, 254, 0, 0),
(1, 9, 255, 0, 0),
(1, 16, 256, 0, 0),
(1, 16, 257, 0, 0),
(1, 16, 258, 0, 0),
(1, 16, 259, 0, 0),
(1, 16, 260, 0, 0),
(1, 16, 261, 0, 0),
(1, 16, 262, 0, 0),
(1, 16, 263, 0, 0),
(1, 16, 264, 0, 0),
(1, 16, 265, 0, 0),
(1, 16, 266, 0, 0),
(1, 16, 267, 0, 0),
(1, 16, 268, 0, 0),
(1, 16, 269, 0, 0),
(1, 16, 270, 0, 0),
(1, 16, 271, 0, 0),
(1, 16, 272, 0, 0),
(1, 16, 273, 0, 0),
(1, 16, 274, 0, 0),
(1, 16, 275, 0, 0),
(1, 16, 276, 0, 0),
(1, 16, 277, 0, 0),
(1, 16, 278, 0, 0),
(1, 15, 279, 0, 0),
(1, 15, 280, 0, 0),
(1, 15, 281, 0, 0),
(1, 15, 282, 0, 0),
(1, 15, 283, 0, 0),
(1, 15, 284, 0, 0),
(1, 15, 285, 0, 0),
(1, 15, 286, 0, 0),
(1, 15, 287, 0, 0),
(1, 15, 288, 0, 0),
(1, 18, 289, 0, 0),
(1, 18, 290, 0, 0),
(1, 18, 291, 0, 0),
(1, 18, 292, 0, 0),
(1, 18, 293, 0, 0),
(1, 18, 294, 0, 0),
(1, 18, 295, 0, 0),
(1, 18, 296, 0, 0),
(1, 18, 297, 0, 0),
(1, 18, 298, 0, 0),
(1, 18, 299, 0, 0),
(1, 18, 300, 0, 0),
(1, 18, 301, 0, 0),
(1, 18, 302, 0, 0),
(1, 18, 303, 0, 0),
(1, 18, 304, 0, 0),
(1, 18, 305, 0, 0),
(1, 19, 306, 0, 0),
(1, 19, 307, 0, 0),
(1, 19, 308, 0, 0),
(1, 19, 309, 0, 0),
(1, 19, 310, 0, 0),
(1, 19, 311, 0, 0),
(1, 19, 312, 0, 0),
(1, 19, 313, 0, 0),
(1, 20, 314, 0, 0),
(1, 20, 315, 0, 0),
(1, 20, 316, 0, 0),
(1, 20, 317, 0, 0),
(1, 20, 318, 0, 0),
(1, 20, 319, 0, 0),
(1, 20, 320, 0, 0),
(1, 20, 321, 0, 0),
(1, 20, 322, 0, 0),
(1, 20, 323, 0, 0),
(1, 20, 324, 0, 0),
(1, 20, 325, 0, 0),
(1, 20, 326, 0, 0),
(1, 20, 327, 0, 0),
(1, 20, 328, 0, 0),
(1, 20, 329, 0, 0),
(1, 20, 330, 0, 0),
(1, 20, 331, 0, 0),
(1, 20, 332, 0, 0),
(1, 20, 333, 0, 0),
(1, 20, 334, 0, 0),
(1, 20, 335, 0, 0),
(1, 20, 336, 0, 0),
(1, 20, 337, 0, 0),
(1, 20, 338, 0, 0),
(1, 20, 339, 0, 0),
(1, 20, 340, 0, 0),
(1, 20, 341, 0, 0),
(1, 20, 342, 0, 0),
(1, 20, 343, 0, 0),
(1, 20, 344, 0, 0),
(1, 20, 345, 0, 0),
(1, 20, 346, 0, 0),
(1, 20, 347, 0, 0),
(1, 20, 348, 0, 0),
(1, 20, 349, 0, 0),
(1, 20, 350, 0, 0),
(1, 21, 351, 0, 0),
(1, 21, 352, 0, 0),
(1, 21, 353, 0, 0),
(1, 21, 354, 0, 0),
(1, 21, 355, 0, 0),
(1, 21, 356, 0, 0),
(1, 21, 357, 0, 0),
(1, 21, 358, 0, 0),
(1, 21, 359, 0, 0),
(1, 21, 360, 0, 0),
(1, 21, 361, 0, 0),
(1, 21, 362, 0, 0),
(1, 21, 363, 0, 0),
(1, 21, 364, 0, 0),
(1, 21, 365, 0, 0),
(1, 21, 366, 0, 0),
(1, 21, 367, 0, 0),
(1, 21, 368, 0, 0),
(1, 21, 369, 0, 0),
(1, 21, 370, 0, 0),
(1, 21, 371, 0, 0),
(1, 21, 372, 0, 0),
(1, 21, 373, 0, 0),
(1, 21, 374, 0, 0),
(1, 21, 375, 0, 0),
(1, 21, 376, 0, 0),
(1, 21, 377, 0, 0),
(1, 21, 378, 0, 0),
(1, 21, 379, 0, 0),
(1, 21, 380, 0, 0),
(1, 21, 381, 0, 0),
(1, 21, 382, 0, 0),
(1, 21, 383, 0, 0),
(1, 21, 384, 0, 0),
(1, 21, 385, 0, 0),
(1, 21, 386, 0, 0),
(1, 21, 387, 0, 0),
(1, 21, 388, 0, 0),
(1, 22, 389, 0, 0),
(1, 22, 390, 0, 0),
(1, 22, 391, 0, 0),
(1, 22, 392, 0, 0),
(1, 22, 393, 0, 0),
(1, 22, 394, 0, 0),
(1, 22, 395, 0, 0),
(1, 22, 396, 0, 0),
(1, 22, 397, 0, 0),
(1, 22, 398, 0, 0),
(1, 22, 399, 0, 0),
(1, 22, 400, 0, 0),
(1, 22, 401, 0, 0),
(1, 22, 402, 0, 0),
(1, 22, 403, 0, 0),
(1, 22, 404, 0, 0),
(1, 22, 405, 0, 0),
(1, 22, 406, 0, 0),
(1, 22, 407, 0, 0),
(1, 22, 408, 0, 0),
(1, 22, 409, 0, 0),
(1, 22, 410, 0, 0),
(1, 22, 411, 0, 0),
(1, 22, 412, 0, 0),
(1, 22, 413, 0, 0),
(1, 22, 414, 0, 0),
(1, 22, 415, 0, 0),
(1, 22, 416, 0, 0),
(1, 22, 417, 0, 0),
(1, 22, 418, 0, 0),
(1, 22, 419, 0, 0),
(1, 22, 420, 0, 0),
(1, 22, 421, 0, 0),
(1, 22, 422, 0, 0),
(1, 22, 423, 0, 0),
(1, 22, 424, 0, 0),
(1, 22, 425, 0, 0),
(1, 22, 426, 0, 0),
(1, 22, 427, 0, 0),
(1, 22, 428, 0, 0),
(1, 22, 429, 0, 0),
(1, 22, 430, 0, 0),
(1, 22, 431, 0, 0),
(1, 22, 432, 0, 0),
(1, 22, 433, 0, 0),
(1, 22, 434, 0, 0),
(1, 22, 435, 0, 0),
(1, 23, 436, 0, 0),
(1, 23, 437, 0, 0),
(1, 23, 438, 0, 0),
(1, 23, 439, 0, 0),
(1, 23, 440, 0, 0),
(1, 23, 441, 0, 0),
(1, 23, 442, 0, 0),
(1, 23, 443, 0, 0),
(1, 23, 444, 0, 0),
(1, 23, 445, 0, 0),
(1, 23, 446, 0, 0),
(1, 23, 447, 0, 0),
(1, 23, 448, 0, 0),
(1, 23, 449, 0, 0),
(1, 23, 450, 0, 0),
(1, 23, 451, 0, 0),
(1, 23, 452, 0, 0),
(1, 23, 453, 0, 0),
(1, 23, 454, 0, 0),
(1, 23, 455, 0, 0),
(1, 23, 456, 0, 0),
(1, 23, 457, 0, 0),
(1, 23, 458, 0, 0),
(1, 23, 459, 0, 0),
(1, 23, 460, 0, 0),
(1, 23, 461, 0, 0),
(1, 23, 462, 0, 0),
(1, 23, 463, 0, 0),
(1, 23, 464, 0, 0),
(1, 23, 465, 0, 0),
(1, 23, 466, 0, 0),
(1, 23, 467, 0, 0),
(1, 23, 468, 0, 0),
(1, 23, 469, 0, 0),
(1, 23, 470, 0, 0),
(1, 23, 471, 0, 0),
(1, 23, 472, 0, 0),
(1, 23, 473, 0, 0),
(1, 23, 474, 0, 0),
(1, 10, 519, 0, 0),
(1, 10, 520, 0, 0),
(1, 10, 521, 0, 0),
(1, 10, 522, 0, 0),
(1, 10, 523, 0, 0),
(1, 10, 524, 0, 0),
(1, 36, 525, 0, 0),
(1, 36, 526, 0, 0),
(1, 36, 527, 0, 0),
(1, 36, 528, 0, 0),
(1, 37, 531, 0, 0),
(1, 37, 532, 0, 0),
(1, 37, 533, 0, 0),
(1, 37, 534, 0, 0),
(1, 37, 535, 0, 0),
(1, 37, 536, 0, 0),
(1, 37, 537, 0, 0),
(1, 37, 538, 0, 0),
(1, 37, 539, 0, 0),
(1, 37, 540, 0, 0),
(1, 37, 541, 0, 0),
(1, 37, 542, 0, 0),
(1, 37, 543, 0, 0),
(1, 37, 544, 0, 0),
(1, 37, 545, 0, 0),
(1, 37, 546, 0, 0),
(1, 37, 547, 0, 0),
(1, 37, 548, 0, 0),
(1, 37, 549, 0, 0),
(1, 38, 550, 0, 0),
(1, 38, 551, 0, 0),
(1, 38, 552, 0, 0),
(1, 38, 553, 0, 0),
(1, 38, 554, 0, 0),
(1, 38, 555, 0, 0),
(1, 38, 556, 0, 0),
(1, 38, 557, 0, 0),
(1, 38, 558, 0, 0),
(1, 38, 559, 0, 0),
(1, 38, 560, 0, 0),
(1, 38, 561, 0, 0),
(1, 38, 562, 0, 0),
(1, 38, 563, 0, 0),
(1, 38, 564, 0, 0),
(1, 38, 565, 0, 0),
(1, 38, 566, 0, 0),
(1, 38, 567, 0, 0),
(1, 38, 568, 0, 0),
(1, 41, 569, 0, 0),
(1, 41, 570, 0, 0),
(1, 41, 571, 0, 0),
(1, 41, 572, 0, 0),
(1, 41, 573, 0, 0),
(1, 41, 574, 0, 0),
(1, 41, 575, 0, 0),
(1, 41, 576, 0, 0),
(1, 41, 577, 0, 0),
(1, 41, 578, 0, 0),
(1, 41, 579, 0, 0),
(1, 41, 580, 0, 0),
(1, 41, 581, 0, 0),
(1, 41, 582, 0, 0),
(1, 41, 583, 0, 0),
(1, 41, 584, 0, 0),
(1, 41, 585, 0, 0),
(1, 45, 586, 0, 0),
(1, 45, 587, 0, 0),
(1, 45, 588, 0, 0),
(1, 45, 589, 0, 0),
(1, 45, 590, 0, 0),
(1, 45, 591, 0, 0),
(1, 45, 592, 0, 0),
(1, 46, 593, 0, 0),
(1, 46, 594, 0, 0),
(1, 46, 595, 0, 0),
(1, 46, 596, 0, 0),
(1, 46, 597, 0, 0),
(1, 46, 598, 0, 0),
(1, 46, 599, 0, 0),
(1, 46, 600, 0, 0),
(1, 46, 601, 0, 0),
(1, 46, 602, 0, 0),
(1, 47, 603, 0, 0),
(1, 47, 604, 0, 0),
(1, 47, 605, 0, 0),
(1, 47, 606, 0, 0),
(1, 47, 607, 0, 0),
(1, 47, 608, 0, 0),
(1, 47, 609, 0, 0),
(1, 47, 610, 0, 0),
(1, 47, 611, 0, 0),
(1, 47, 612, 0, 0),
(1, 47, 613, 0, 0),
(1, 47, 614, 0, 0),
(1, 47, 615, 0, 0),
(1, 47, 616, 0, 0),
(1, 47, 617, 0, 0),
(1, 48, 618, 0, 0),
(1, 48, 619, 0, 0),
(1, 48, 620, 0, 0),
(1, 48, 621, 0, 0),
(1, 48, 622, 0, 0),
(1, 48, 623, 0, 0),
(1, 48, 624, 0, 0),
(1, 48, 625, 0, 0),
(1, 48, 626, 0, 0),
(1, 48, 627, 0, 0),
(1, 48, 628, 0, 0),
(1, 48, 629, 0, 0),
(1, 48, 630, 0, 0),
(1, 48, 631, 0, 0),
(1, 48, 632, 0, 0),
(1, 48, 633, 0, 0),
(1, 48, 634, 0, 0),
(1, 50, 635, 0, 0),
(1, 50, 636, 0, 0),
(1, 50, 637, 0, 0),
(1, 50, 638, 0, 0),
(1, 50, 639, 0, 0),
(1, 54, 640, 0, 0),
(1, 54, 641, 0, 0),
(1, 54, 642, 0, 0),
(1, 54, 643, 0, 0),
(1, 54, 644, 0, 0),
(1, 54, 645, 0, 0),
(1, 55, 646, 0, 0),
(1, 55, 647, 0, 0),
(1, 55, 648, 0, 0),
(1, 55, 649, 0, 0),
(1, 55, 650, 0, 0),
(1, 55, 651, 0, 0),
(1, 55, 652, 0, 0),
(1, 55, 653, 0, 0),
(1, 56, 654, 0, 0),
(1, 56, 655, 0, 0),
(1, 56, 656, 0, 0),
(1, 56, 657, 0, 0),
(1, 56, 658, 0, 0),
(1, 56, 659, 0, 0),
(1, 56, 660, 0, 0),
(1, 56, 661, 0, 0),
(1, 55, 662, 0, 0),
(1, 56, 663, 0, 0),
(1, 56, 664, 0, 0),
(1, 56, 665, 0, 0),
(1, 56, 666, 0, 0),
(1, 56, 667, 0, 0),
(1, 56, 668, 0, 0),
(1, 57, 669, 0, 0),
(1, 57, 670, 0, 0),
(1, 57, 671, 0, 0),
(1, 57, 672, 0, 0),
(1, 57, 673, 0, 0),
(1, 57, 674, 0, 0),
(1, 57, 675, 0, 0),
(1, 57, 676, 0, 0),
(1, 57, 677, 0, 0),
(1, 57, 678, 0, 0),
(1, 57, 679, 0, 0),
(1, 57, 680, 0, 0),
(1, 57, 681, 0, 0),
(1, 57, 682, 0, 0),
(1, 57, 683, 0, 0),
(1, 57, 684, 0, 0),
(1, 57, 685, 0, 0),
(1, 57, 686, 0, 0),
(1, 57, 687, 0, 0),
(1, 57, 688, 0, 0),
(1, 56, 689, 0, 0),
(1, 56, 690, 0, 0),
(1, 56, 691, 0, 0),
(1, 56, 692, 0, 0),
(1, 56, 693, 0, 0),
(1, 56, 694, 0, 0),
(1, 56, 695, 0, 0),
(1, 57, 696, 0, 0),
(1, 57, 697, 0, 0),
(1, 57, 698, 0, 0),
(1, 57, 699, 0, 0),
(1, 57, 700, 0, 0),
(1, 57, 701, 0, 0),
(1, 57, 702, 0, 0),
(1, 57, 703, 0, 0),
(1, 57, 704, 0, 0),
(1, 58, 705, 0, 0),
(1, 58, 706, 0, 0),
(1, 58, 707, 0, 0),
(1, 58, 708, 0, 0),
(1, 58, 709, 0, 0),
(1, 58, 710, 0, 0),
(1, 58, 711, 0, 0),
(1, 58, 712, 0, 0),
(1, 58, 713, 0, 0),
(1, 58, 714, 0, 0),
(1, 58, 715, 0, 0),
(1, 58, 716, 0, 0),
(1, 58, 717, 0, 0),
(1, 58, 718, 0, 0),
(1, 58, 719, 0, 0),
(1, 58, 720, 0, 0),
(1, 58, 721, 0, 0),
(1, 58, 722, 0, 0),
(1, 59, 723, 0, 0),
(1, 59, 724, 0, 0),
(1, 59, 725, 0, 0),
(1, 59, 726, 0, 0),
(1, 59, 727, 0, 0),
(1, 59, 728, 0, 0),
(1, 59, 729, 0, 0),
(1, 59, 730, 0, 0),
(1, 59, 731, 0, 0),
(1, 59, 732, 0, 0),
(1, 59, 733, 0, 0),
(1, 59, 734, 0, 0),
(1, 59, 735, 0, 0),
(1, 59, 736, 0, 0),
(1, 59, 737, 0, 0),
(1, 59, 738, 0, 0),
(1, 59, 739, 0, 0),
(1, 59, 740, 0, 0),
(1, 60, 741, 0, 0),
(1, 60, 742, 0, 0),
(1, 60, 743, 0, 0),
(1, 60, 744, 0, 0),
(1, 60, 745, 0, 0),
(1, 60, 746, 0, 0),
(1, 60, 747, 0, 0),
(1, 60, 748, 0, 0),
(1, 60, 749, 0, 0),
(1, 60, 750, 0, 0),
(1, 60, 751, 0, 0),
(1, 60, 752, 0, 0),
(1, 60, 753, 0, 0),
(1, 60, 754, 0, 0),
(1, 60, 755, 0, 0),
(1, 60, 756, 0, 0),
(1, 60, 757, 0, 0),
(1, 60, 758, 0, 0),
(1, 61, 759, 0, 0),
(1, 61, 760, 0, 0),
(1, 61, 761, 0, 0),
(1, 61, 762, 0, 0),
(1, 61, 763, 0, 0),
(1, 61, 764, 0, 0),
(1, 61, 765, 0, 0),
(1, 61, 766, 0, 0),
(1, 61, 767, 0, 0),
(1, 61, 768, 0, 0),
(1, 61, 769, 0, 0),
(1, 61, 770, 0, 0),
(1, 61, 771, 0, 0),
(1, 61, 772, 0, 0),
(1, 61, 773, 0, 0),
(1, 61, 774, 0, 0),
(1, 61, 775, 0, 0),
(1, 62, 776, 0, 0),
(1, 62, 777, 0, 0),
(1, 62, 778, 0, 0),
(1, 62, 779, 0, 0),
(1, 62, 780, 0, 0),
(1, 62, 781, 0, 0),
(1, 62, 782, 0, 0),
(1, 62, 783, 0, 0),
(1, 59, 784, 0, 0),
(1, 62, 785, 0, 0),
(1, 62, 786, 0, 0),
(1, 62, 787, 0, 0),
(1, 62, 788, 0, 0),
(1, 62, 789, 0, 0),
(1, 62, 790, 0, 0),
(1, 62, 792, 0, 0),
(1, 62, 793, 0, 0),
(1, 62, 794, 0, 0),
(1, 62, 795, 0, 0),
(1, 63, 796, 0, 0),
(1, 63, 797, 0, 0),
(1, 63, 798, 0, 0),
(1, 63, 799, 0, 0),
(1, 63, 800, 0, 0),
(1, 63, 801, 0, 0),
(1, 63, 802, 0, 0),
(1, 63, 803, 0, 0),
(1, 63, 804, 0, 0),
(1, 63, 805, 0, 0),
(1, 63, 806, 0, 0),
(1, 62, 807, 0, 0),
(1, 60, 808, 0, 0),
(1, 60, 809, 0, 0),
(1, 60, 810, 0, 0),
(1, 63, 811, 0, 0),
(1, 63, 812, 0, 0),
(1, 63, 813, 0, 0),
(1, 63, 814, 0, 0),
(1, 63, 815, 0, 0),
(1, 63, 816, 0, 0),
(1, 63, 817, 0, 0),
(1, 64, 818, 0, 0),
(1, 64, 819, 0, 0),
(1, 64, 820, 0, 0),
(1, 64, 821, 0, 0),
(1, 64, 822, 0, 0),
(1, 64, 823, 0, 0),
(1, 64, 824, 0, 0),
(1, 60, 825, 0, 0),
(1, 59, 826, 0, 0),
(1, 62, 827, 0, 0),
(1, 60, 828, 0, 0),
(1, 63, 829, 0, 0),
(1, 64, 830, 0, 0),
(1, 64, 831, 0, 0),
(1, 64, 832, 0, 0),
(1, 64, 833, 0, 0),
(1, 64, 834, 0, 0),
(1, 64, 835, 0, 0),
(1, 64, 836, 0, 0),
(1, 65, 837, 0, 0),
(1, 65, 838, 0, 0),
(1, 65, 839, 0, 0),
(1, 65, 840, 0, 0),
(1, 65, 841, 0, 0),
(1, 65, 842, 0, 0),
(1, 65, 843, 0, 0),
(1, 60, 844, 0, 0),
(1, 60, 845, 0, 0),
(1, 60, 846, 0, 0),
(1, 64, 847, 0, 0),
(1, 60, 848, 0, 0),
(1, 65, 849, 0, 0),
(1, 65, 850, 0, 0),
(1, 65, 851, 0, 0),
(1, 65, 852, 0, 0),
(1, 65, 853, 0, 0),
(1, 66, 854, 0, 0),
(1, 66, 855, 0, 0),
(1, 66, 856, 0, 0),
(1, 66, 857, 0, 0),
(1, 66, 858, 0, 0),
(1, 65, 859, 0, 0),
(1, 65, 860, 0, 0),
(1, 65, 861, 0, 0),
(1, 63, 862, 0, 0),
(1, 63, 863, 0, 0),
(1, 64, 864, 0, 0),
(1, 66, 865, 0, 0),
(1, 66, 866, 0, 0),
(1, 66, 867, 0, 0),
(1, 66, 868, 0, 0),
(1, 66, 869, 0, 0),
(1, 66, 870, 0, 0),
(1, 66, 871, 0, 0),
(1, 67, 872, 0, 0),
(1, 67, 873, 0, 0),
(1, 67, 874, 0, 0),
(1, 67, 875, 0, 0),
(1, 67, 876, 0, 0),
(1, 67, 877, 0, 0),
(1, 67, 878, 0, 0),
(1, 55, 879, 0, 0),
(1, 55, 880, 0, 0),
(1, 55, 881, 0, 0),
(1, 55, 882, 0, 0),
(1, 55, 883, 0, 0),
(1, 55, 884, 0, 0),
(1, 55, 885, 0, 0),
(1, 56, 886, 0, 0),
(1, 56, 887, 0, 0),
(1, 56, 888, 0, 0),
(1, 56, 889, 0, 0),
(1, 56, 890, 0, 0),
(1, 56, 891, 0, 0),
(1, 56, 892, 0, 0),
(5, 8, 205, 0, 0),
(5, 8, 206, 0, 0),
(5, 8, 207, 0, 0),
(5, 8, 208, 0, 0),
(5, 8, 209, 0, 0),
(5, 8, 210, 0, 0),
(5, 8, 211, 0, 0),
(5, 8, 212, 0, 0),
(5, 8, 213, 0, 0),
(5, 8, 214, 0, 0),
(5, 8, 215, 0, 0),
(5, 8, 216, 0, 0),
(5, 8, 217, 0, 0),
(5, 8, 218, 0, 0),
(5, 8, 219, 0, 0),
(5, 10, 220, 0, 0),
(5, 10, 221, 0, 0),
(5, 10, 222, 0, 0),
(5, 10, 223, 0, 0),
(5, 10, 224, 0, 0),
(5, 10, 225, 0, 0),
(5, 10, 226, 0, 0),
(5, 10, 227, 0, 0),
(5, 10, 228, 0, 0),
(5, 10, 229, 0, 0),
(5, 10, 230, 0, 0),
(5, 10, 231, 0, 0),
(5, 16, 256, 0, NULL),
(5, 16, 257, 0, NULL),
(5, 16, 258, 0, NULL),
(5, 16, 259, 0, NULL),
(5, 16, 260, 0, NULL),
(5, 16, 261, 0, NULL),
(5, 16, 262, 1, NULL),
(5, 16, 263, 0, NULL),
(5, 16, 264, 1, NULL),
(5, 16, 265, 1, NULL),
(5, 16, 266, 0, NULL),
(5, 16, 267, 1, NULL),
(5, 16, 268, 0, NULL),
(5, 16, 269, 1, NULL),
(5, 16, 270, 1, NULL),
(5, 16, 271, 1, NULL),
(5, 16, 272, 1, NULL),
(5, 16, 273, 1, NULL),
(5, 16, 274, 1, NULL),
(5, 16, 275, 1, NULL),
(5, 16, 276, 1, NULL),
(5, 16, 277, 1, NULL),
(5, 16, 278, 1, NULL),
(5, 10, 519, 0, 0),
(5, 10, 520, 0, 0),
(5, 10, 521, 0, 0),
(5, 10, 522, 0, 0),
(5, 10, 523, 0, 0),
(5, 10, 524, 0, 0),
(5, 45, 586, 0, 0),
(5, 45, 587, 0, 0),
(5, 45, 588, 0, 0),
(5, 45, 589, 0, 0),
(5, 45, 590, 0, 0),
(5, 45, 591, 0, 0),
(5, 45, 592, 0, 0),
(5, 56, 689, 0, 0),
(5, 56, 690, 0, 0),
(5, 56, 691, 0, 0),
(5, 56, 692, 0, 0),
(5, 56, 693, 0, 0),
(5, 56, 694, 0, 0),
(5, 56, 695, 0, 0),
(5, 57, 696, 0, 0),
(5, 57, 697, 0, 0),
(5, 57, 698, 0, 0),
(5, 57, 699, 0, 0),
(5, 57, 700, 0, 0),
(5, 57, 701, 0, 0),
(5, 57, 702, 0, 0),
(5, 57, 703, 0, 0),
(5, 57, 704, 0, 0),
(5, 58, 714, 0, 0),
(5, 58, 715, 0, 0),
(5, 58, 716, 0, 0),
(5, 58, 717, 0, 0),
(5, 58, 718, 0, 0),
(5, 58, 719, 0, 0),
(5, 58, 720, 0, 0),
(5, 58, 721, 0, 0),
(5, 58, 722, 0, 0),
(5, 59, 732, 0, 0),
(5, 59, 733, 0, 0),
(5, 59, 734, 0, 0),
(5, 59, 735, 0, 0),
(5, 59, 736, 0, 0),
(5, 59, 737, 0, 0),
(5, 59, 738, 0, 0),
(5, 59, 739, 0, 0),
(5, 59, 740, 0, 0),
(5, 60, 741, 0, 0),
(5, 60, 742, 0, 0),
(5, 60, 743, 0, 0),
(5, 60, 744, 0, 0),
(5, 60, 745, 0, 0),
(5, 60, 746, 0, 0),
(5, 60, 747, 0, 0),
(5, 60, 748, 0, 0),
(5, 60, 749, 0, 0),
(5, 60, 750, 0, 0),
(5, 60, 751, 0, 0),
(5, 60, 752, 0, 0),
(5, 60, 753, 0, 0),
(5, 60, 754, 0, 0),
(5, 60, 755, 0, 0),
(5, 60, 756, 0, 0),
(5, 60, 757, 0, 0),
(5, 60, 758, 0, 0),
(5, 61, 759, 0, 0),
(5, 61, 760, 0, 0),
(5, 61, 761, 0, 0),
(5, 61, 762, 0, 0),
(5, 61, 763, 0, 0),
(5, 61, 764, 0, 0),
(5, 61, 765, 0, 0),
(5, 61, 766, 0, 0),
(5, 61, 767, 0, 0),
(5, 61, 768, 0, 0),
(5, 61, 769, 0, 0),
(5, 61, 770, 0, 0),
(5, 61, 771, 0, 0),
(5, 61, 772, 0, 0),
(5, 61, 773, 0, 0),
(5, 61, 774, 0, 0),
(5, 61, 775, 0, 0),
(5, 62, 776, 0, 0),
(5, 62, 777, 0, 0),
(5, 62, 778, 0, 0),
(5, 62, 779, 0, 0),
(5, 62, 780, 0, 0),
(5, 62, 781, 0, 0),
(5, 62, 782, 0, 0),
(5, 62, 783, 0, 0),
(5, 59, 784, 0, 0),
(5, 62, 785, 0, 0),
(5, 62, 786, 0, 0),
(5, 62, 787, 0, 0),
(5, 62, 788, 0, 0),
(5, 62, 789, 0, 0),
(5, 62, 790, 0, 0),
(5, 62, 792, 0, 0),
(5, 62, 793, 0, 0),
(5, 62, 794, 0, 0),
(5, 62, 795, 0, 0),
(5, 63, 796, 0, 0),
(5, 63, 797, 0, 0),
(5, 63, 798, 0, 0),
(5, 63, 799, 0, 0),
(5, 63, 800, 0, 0),
(5, 63, 801, 0, 0),
(5, 63, 802, 0, 0),
(5, 63, 803, 0, 0),
(5, 63, 804, 0, 0),
(5, 63, 805, 0, 0),
(5, 63, 806, 0, 0),
(5, 62, 807, 0, 0),
(5, 60, 808, 0, 0),
(5, 60, 809, 0, 0),
(5, 60, 810, 0, 0),
(5, 63, 811, 0, 0),
(5, 63, 812, 0, 0),
(5, 63, 813, 0, 0),
(5, 63, 814, 0, 0),
(5, 63, 815, 0, 0),
(5, 63, 816, 0, 0),
(5, 63, 817, 0, 0),
(5, 64, 818, 0, 0),
(5, 64, 819, 0, 0),
(5, 64, 820, 0, 0),
(5, 64, 821, 0, 0),
(5, 64, 822, 0, 0),
(5, 64, 823, 0, 0),
(5, 64, 824, 0, 0),
(5, 60, 825, 0, 0),
(5, 59, 826, 0, 0),
(5, 62, 827, 0, 0),
(5, 60, 828, 0, 0),
(5, 63, 829, 0, 0),
(5, 64, 830, 0, 0),
(5, 64, 831, 0, 0),
(5, 64, 832, 0, 0),
(5, 64, 833, 0, 0),
(5, 64, 834, 0, 0),
(5, 64, 835, 0, 0),
(5, 64, 836, 0, 0),
(5, 65, 837, 0, 0),
(5, 65, 838, 0, 0),
(5, 65, 839, 0, 0),
(5, 65, 840, 0, 0),
(5, 65, 841, 0, 0),
(5, 65, 842, 0, 0),
(5, 65, 843, 0, 0),
(5, 60, 844, 0, 0),
(5, 60, 845, 0, 0),
(5, 60, 846, 0, 0),
(5, 64, 847, 0, 0),
(5, 60, 848, 0, 0),
(5, 65, 849, 0, 0),
(5, 65, 850, 0, 0),
(5, 65, 851, 0, 0),
(5, 65, 852, 0, 0),
(5, 65, 853, 0, 0),
(5, 66, 854, 0, 0),
(5, 66, 855, 0, 0),
(5, 66, 856, 0, 0),
(5, 66, 857, 0, 0),
(5, 66, 858, 0, 0),
(5, 65, 859, 0, 0),
(5, 65, 860, 0, 0),
(5, 65, 861, 0, 0),
(5, 63, 862, 0, 0),
(5, 63, 863, 0, 0),
(5, 64, 864, 0, 0),
(5, 66, 865, 0, 0),
(5, 66, 866, 0, 0),
(5, 66, 867, 0, 0),
(5, 66, 868, 0, 0),
(5, 66, 869, 0, 0),
(5, 66, 870, 0, 0),
(5, 66, 871, 0, 0),
(5, 67, 872, 0, 0),
(5, 67, 873, 0, 0),
(5, 67, 874, 0, 0),
(5, 67, 875, 0, 0),
(5, 67, 876, 0, 0),
(5, 67, 877, 0, 0),
(5, 67, 878, 0, 0),
(5, 55, 879, 0, 0),
(5, 55, 880, 0, 0),
(5, 55, 881, 0, 0),
(5, 55, 882, 0, 0),
(5, 55, 883, 0, 0),
(5, 55, 884, 0, 0),
(5, 55, 885, 0, 0),
(5, 56, 886, 0, 0),
(5, 56, 887, 0, 0),
(5, 56, 888, 0, 0),
(5, 56, 889, 0, 0),
(5, 56, 890, 0, 0),
(5, 56, 891, 0, 0),
(5, 56, 892, 0, 0);

-- --------------------------------------------------------

--
-- Table structure for table `vtiger_profile2globalpermissions`
--

CREATE TABLE IF NOT EXISTS `vtiger_profile2globalpermissions` (
  `profileid` int(19) NOT NULL,
  `globalactionid` int(19) NOT NULL,
  `globalactionpermission` int(19) DEFAULT NULL,
  PRIMARY KEY (`profileid`,`globalactionid`),
  KEY `idx_profile2globalpermissions` (`profileid`,`globalactionid`)
) ENGINE=InnoDB DEFAULT CHARSET=utf8;

--
-- Dumping data for table `vtiger_profile2globalpermissions`
--

INSERT INTO `vtiger_profile2globalpermissions` (`profileid`, `globalactionid`, `globalactionpermission`) VALUES
(1, 1, 0),
(1, 2, 0),
(5, 1, 1),
(5, 2, 1);

-- --------------------------------------------------------

--
-- Table structure for table `vtiger_profile2standardpermissions`
--

CREATE TABLE IF NOT EXISTS `vtiger_profile2standardpermissions` (
  `profileid` int(11) NOT NULL,
  `tabid` int(10) NOT NULL,
  `operation` int(10) NOT NULL,
  `permissions` int(1) DEFAULT NULL,
  PRIMARY KEY (`profileid`,`tabid`,`operation`),
  KEY `profile2standardpermissions_profileid_tabid_operation_idx` (`profileid`,`tabid`,`operation`)
) ENGINE=InnoDB DEFAULT CHARSET=utf8;

--
-- Dumping data for table `vtiger_profile2standardpermissions`
--

INSERT INTO `vtiger_profile2standardpermissions` (`profileid`, `tabid`, `operation`, `permissions`) VALUES
(1, 2, 0, 0),
(1, 2, 1, 0),
(1, 2, 2, 0),
(1, 2, 3, 0),
(1, 2, 4, 0),
(1, 4, 0, 0),
(1, 4, 1, 0),
(1, 4, 2, 0),
(1, 4, 3, 0),
(1, 4, 4, 0),
(1, 6, 0, 0),
(1, 6, 1, 0),
(1, 6, 2, 0),
(1, 6, 3, 0),
(1, 6, 4, 0),
(1, 7, 0, 0),
(1, 7, 1, 0),
(1, 7, 2, 0),
(1, 7, 3, 0),
(1, 7, 4, 0),
(1, 8, 0, 0),
(1, 8, 1, 0),
(1, 8, 2, 0),
(1, 8, 3, 0),
(1, 8, 4, 0),
(1, 9, 0, 0),
(1, 9, 1, 0),
(1, 9, 2, 0),
(1, 9, 3, 0),
(1, 9, 4, 0),
(1, 13, 0, 0),
(1, 13, 1, 0),
(1, 13, 2, 0),
(1, 13, 3, 0),
(1, 13, 4, 0),
(1, 14, 0, 0),
(1, 14, 1, 0),
(1, 14, 2, 0),
(1, 14, 3, 0),
(1, 14, 4, 0),
(1, 15, 0, 0),
(1, 15, 1, 0),
(1, 15, 2, 0),
(1, 15, 3, 0),
(1, 15, 4, 0),
(1, 16, 0, 0),
(1, 16, 1, 0),
(1, 16, 2, 0),
(1, 16, 3, 0),
(1, 16, 4, 0),
(1, 18, 0, 0),
(1, 18, 1, 0),
(1, 18, 2, 0),
(1, 18, 3, 0),
(1, 18, 4, 0),
(1, 19, 0, 0),
(1, 19, 1, 0),
(1, 19, 2, 0),
(1, 19, 3, 0),
(1, 19, 4, 0),
(1, 20, 0, 0),
(1, 20, 1, 0),
(1, 20, 2, 0),
(1, 20, 3, 0),
(1, 20, 4, 0),
(1, 21, 0, 0),
(1, 21, 1, 0),
(1, 21, 2, 0),
(1, 21, 3, 0),
(1, 21, 4, 0),
(1, 22, 0, 0),
(1, 22, 1, 0),
(1, 22, 2, 0),
(1, 22, 3, 0),
(1, 22, 4, 0),
(1, 23, 0, 0),
(1, 23, 1, 0),
(1, 23, 2, 0),
(1, 23, 3, 0),
(1, 23, 4, 0),
(1, 26, 0, 0),
(1, 26, 1, 0),
(1, 26, 2, 0),
(1, 26, 3, 0),
(1, 26, 4, 0),
(1, 36, 0, 0),
(1, 36, 1, 0),
(1, 36, 2, 0),
(1, 36, 3, 0),
(1, 36, 4, 0),
(1, 37, 0, 0),
(1, 37, 1, 0),
(1, 37, 2, 0),
(1, 37, 3, 0),
(1, 37, 4, 0),
(1, 38, 0, 0),
(1, 38, 1, 0),
(1, 38, 2, 0),
(1, 38, 3, 0),
(1, 38, 4, 0),
(1, 41, 0, 0),
(1, 41, 1, 0),
(1, 41, 2, 0),
(1, 41, 3, 0),
(1, 41, 4, 0),
(1, 45, 0, 0),
(1, 45, 1, 0),
(1, 45, 2, 0),
(1, 45, 3, 0),
(1, 45, 4, 0),
(1, 46, 0, 0),
(1, 46, 1, 0),
(1, 46, 2, 0),
(1, 46, 3, 0),
(1, 46, 4, 0),
(1, 47, 0, 0),
(1, 47, 1, 0),
(1, 47, 2, 0),
(1, 47, 3, 0),
(1, 47, 4, 0),
(1, 48, 0, 0),
(1, 48, 1, 0),
(1, 48, 2, 0),
(1, 48, 3, 0),
(1, 48, 4, 0),
(1, 50, 0, 0),
(1, 50, 1, 0),
(1, 50, 2, 0),
(1, 50, 3, 0),
(1, 50, 4, 0),
(1, 53, 0, 0),
(1, 53, 1, 0),
(1, 53, 2, 0),
(1, 53, 3, 0),
(1, 53, 4, 0),
(1, 54, 0, 0),
(1, 54, 1, 0),
(1, 54, 2, 0),
(1, 54, 3, 0),
(1, 54, 4, 0),
(1, 55, 0, 0),
(1, 55, 1, 0),
(1, 55, 2, 0),
(1, 55, 3, 0),
(1, 55, 4, 0),
(1, 56, 0, 0),
(1, 56, 1, 0),
(1, 56, 2, 0),
(1, 56, 3, 0),
(1, 56, 4, 0),
(1, 67, 0, 0),
(1, 67, 1, 0),
(1, 67, 2, 0),
(1, 67, 3, 0),
(1, 67, 4, 0),
(5, 2, 0, 1),
(5, 2, 1, 1),
(5, 2, 2, 1),
(5, 2, 3, 1),
(5, 2, 4, 1),
(5, 4, 0, 1),
(5, 4, 1, 1),
(5, 4, 2, 1),
(5, 4, 3, 1),
(5, 4, 4, 1),
(5, 6, 0, 1),
(5, 6, 1, 1),
(5, 6, 2, 1),
(5, 6, 3, 1),
(5, 6, 4, 1),
(5, 7, 0, 1),
(5, 7, 1, 1),
(5, 7, 2, 1),
(5, 7, 3, 1),
(5, 7, 4, 1),
(5, 8, 0, 1),
(5, 8, 1, 1),
(5, 8, 2, 1),
(5, 8, 3, 1),
(5, 8, 4, 1),
(5, 9, 0, 1),
(5, 9, 1, 1),
(5, 9, 2, 1),
(5, 9, 3, 1),
(5, 9, 4, 1),
(5, 13, 0, 1),
(5, 13, 1, 1),
(5, 13, 2, 1),
(5, 13, 3, 1),
(5, 13, 4, 1),
(5, 14, 0, 1),
(5, 14, 1, 1),
(5, 14, 2, 1),
(5, 14, 3, 1),
(5, 14, 4, 1),
(5, 15, 0, 1),
(5, 15, 1, 1),
(5, 15, 2, 1),
(5, 15, 3, 1),
(5, 15, 4, 1),
(5, 16, 0, 1),
(5, 16, 1, 1),
(5, 16, 2, 1),
(5, 16, 3, 1),
(5, 16, 4, 1),
(5, 18, 0, 1),
(5, 18, 1, 1),
(5, 18, 2, 1),
(5, 18, 3, 1),
(5, 18, 4, 1),
(5, 19, 0, 1),
(5, 19, 1, 1),
(5, 19, 2, 1),
(5, 19, 3, 1),
(5, 19, 4, 1),
(5, 20, 0, 1),
(5, 20, 1, 1),
(5, 20, 2, 1),
(5, 20, 3, 1),
(5, 20, 4, 1),
(5, 21, 0, 1),
(5, 21, 1, 1),
(5, 21, 2, 1),
(5, 21, 3, 1),
(5, 21, 4, 1),
(5, 22, 0, 1),
(5, 22, 1, 1),
(5, 22, 2, 1),
(5, 22, 3, 1),
(5, 22, 4, 1),
(5, 23, 0, 1),
(5, 23, 1, 1),
(5, 23, 2, 1),
(5, 23, 3, 1),
(5, 23, 4, 1),
(5, 26, 0, 1),
(5, 26, 1, 1),
(5, 26, 2, 1),
(5, 26, 3, 1),
(5, 26, 4, 1),
(5, 36, 0, 1),
(5, 36, 1, 1),
(5, 36, 2, 1),
(5, 36, 3, 1),
(5, 36, 4, 1),
(5, 37, 0, 1),
(5, 37, 1, 1),
(5, 37, 2, 1),
(5, 37, 3, 1),
(5, 37, 4, 1),
(5, 38, 0, 1),
(5, 38, 1, 1),
(5, 38, 2, 1),
(5, 38, 3, 1),
(5, 38, 4, 1),
(5, 41, 0, 1),
(5, 41, 1, 1),
(5, 41, 2, 1),
(5, 41, 3, 1),
(5, 41, 4, 1),
(5, 45, 0, 0),
(5, 45, 1, 0),
(5, 45, 2, 0),
(5, 45, 3, 0),
(5, 45, 4, 0),
(5, 46, 0, 1),
(5, 46, 1, 1),
(5, 46, 2, 1),
(5, 46, 3, 1),
(5, 46, 4, 1),
(5, 47, 0, 1),
(5, 47, 1, 1),
(5, 47, 2, 1),
(5, 47, 3, 1),
(5, 47, 4, 1),
(5, 48, 0, 1),
(5, 48, 1, 1),
(5, 48, 2, 1),
(5, 48, 3, 1),
(5, 48, 4, 1),
(5, 50, 0, 1),
(5, 50, 1, 1),
(5, 50, 2, 1),
(5, 50, 3, 1),
(5, 50, 4, 1),
(5, 53, 0, 1),
(5, 53, 1, 1),
(5, 53, 2, 1),
(5, 53, 3, 1),
(5, 53, 4, 1),
(5, 54, 0, 0),
(5, 54, 1, 0),
(5, 54, 2, 0),
(5, 54, 3, 0),
(5, 54, 4, 0),
(5, 55, 0, 0),
(5, 55, 1, 0),
(5, 55, 2, 0),
(5, 55, 3, 0),
(5, 55, 4, 0),
(5, 56, 0, 0),
(5, 56, 1, 0),
(5, 56, 2, 0),
(5, 56, 3, 0),
(5, 56, 4, 0),
(5, 67, 0, 0),
(5, 67, 1, 0),
(5, 67, 2, 0),
(5, 67, 3, 0),
(5, 67, 4, 0);

-- --------------------------------------------------------

--
-- Table structure for table `vtiger_profile2tab`
--

CREATE TABLE IF NOT EXISTS `vtiger_profile2tab` (
  `profileid` int(11) DEFAULT NULL,
  `tabid` int(10) DEFAULT NULL,
  `permissions` int(10) NOT NULL DEFAULT '0',
  KEY `profile2tab_profileid_tabid_idx` (`profileid`,`tabid`)
) ENGINE=InnoDB DEFAULT CHARSET=utf8;

--
-- Dumping data for table `vtiger_profile2tab`
--

INSERT INTO `vtiger_profile2tab` (`profileid`, `tabid`, `permissions`) VALUES
(1, 1, 0),
(1, 2, 0),
(1, 3, 0),
(1, 4, 0),
(1, 6, 0),
(1, 7, 0),
(1, 8, 0),
(1, 9, 0),
(1, 10, 0),
(1, 13, 0),
(1, 14, 0),
(1, 15, 0),
(1, 16, 0),
(1, 18, 0),
(1, 19, 0),
(1, 20, 0),
(1, 21, 0),
(1, 22, 0),
(1, 23, 0),
(1, 24, 0),
(1, 25, 0),
(1, 26, 0),
(1, 27, 0),
(1, 30, 0),
(1, 31, 0),
(1, 32, 0),
(1, 33, 0),
(1, 34, 0),
(1, 35, 0),
(1, 36, 0),
(1, 37, 0),
(1, 38, 0),
(1, 39, 0),
(1, 40, 0),
(1, 41, 0),
(1, 42, 0),
(1, 43, 0),
(1, 45, 0),
(1, 46, 0),
(1, 47, 0),
(1, 48, 0),
(1, 49, 0),
(1, 50, 0),
(1, 51, 0),
(1, 52, 0),
(1, 53, 0),
(5, 1, 1),
(5, 2, 1),
(5, 4, 1),
(5, 6, 1),
(5, 7, 1),
(5, 8, 1),
(5, 9, 1),
(5, 16, 1),
(5, 10, 0),
(5, 13, 1),
(5, 14, 1),
(5, 15, 1),
(5, 18, 1),
(5, 19, 1),
(5, 20, 1),
(5, 21, 1),
(5, 22, 1),
(5, 23, 1),
(5, 24, 1),
(5, 25, 1),
(5, 26, 1),
(5, 27, 1),
(5, 30, 1),
(5, 31, 1),
(5, 32, 1),
(5, 33, 0),
(5, 34, 1),
(5, 35, 0),
(5, 36, 1),
(5, 37, 1),
(5, 38, 1),
(5, 39, 1),
(5, 40, 1),
(5, 41, 1),
(5, 42, 1),
(5, 43, 1),
(5, 45, 0),
(5, 46, 1),
(5, 47, 1),
(5, 48, 1),
(5, 49, 1),
(5, 50, 1),
(5, 51, 0),
(5, 52, 1),
(5, 53, 1),
(1, 67, 0),
(5, 67, 0),
(1, 54, 0),
(5, 54, 0),
(1, 55, 0),
(5, 55, 0),
(1, 56, 0),
(5, 56, 0);

-- --------------------------------------------------------

--
-- Table structure for table `vtiger_profile2utility`
--

CREATE TABLE IF NOT EXISTS `vtiger_profile2utility` (
  `profileid` int(11) NOT NULL,
  `tabid` int(11) NOT NULL,
  `activityid` int(11) NOT NULL,
  `permission` int(1) DEFAULT NULL,
  PRIMARY KEY (`profileid`,`tabid`,`activityid`),
  KEY `profile2utility_profileid_tabid_activityid_idx` (`profileid`,`tabid`,`activityid`)
) ENGINE=InnoDB DEFAULT CHARSET=utf8;

--
-- Dumping data for table `vtiger_profile2utility`
--

INSERT INTO `vtiger_profile2utility` (`profileid`, `tabid`, `activityid`, `permission`) VALUES
(1, 2, 5, 0),
(1, 2, 6, 0),
(1, 2, 10, 0),
(1, 4, 5, 0),
(1, 4, 6, 0),
(1, 4, 8, 0),
(1, 4, 10, 0),
(1, 6, 5, 0),
(1, 6, 6, 0),
(1, 6, 8, 0),
(1, 6, 10, 0),
(1, 7, 5, 0),
(1, 7, 6, 0),
(1, 7, 8, 0),
(1, 7, 9, 0),
(1, 7, 10, 0),
(1, 8, 6, 0),
(1, 13, 5, 0),
(1, 13, 6, 0),
(1, 13, 8, 0),
(1, 13, 10, 0),
(1, 14, 5, 0),
(1, 14, 6, 0),
(1, 14, 10, 0),
(1, 18, 5, 0),
(1, 18, 6, 0),
(1, 18, 10, 0),
(1, 36, 5, 1),
(1, 36, 6, 1),
(1, 36, 8, 1),
(1, 37, 5, 0),
(1, 37, 6, 0),
(1, 37, 10, 0),
(1, 38, 5, 0),
(1, 38, 6, 0),
(1, 38, 10, 0),
(1, 41, 5, 0),
(1, 41, 6, 0),
(1, 41, 10, 0),
(1, 46, 5, 0),
(1, 46, 6, 0),
(1, 46, 10, 0),
(1, 47, 5, 0),
(1, 47, 6, 0),
(1, 47, 10, 0),
(1, 48, 5, 0),
(1, 48, 6, 0),
(1, 48, 10, 0),
(1, 55, 5, 0),
(1, 55, 6, 0),
(1, 55, 8, 1),
(1, 56, 5, 0),
(1, 56, 6, 0),
(1, 56, 8, 1),
(1, 67, 5, 0),
(1, 67, 6, 0),
(1, 67, 8, 1),
(5, 2, 5, 1),
(5, 2, 6, 1),
(5, 2, 10, 1),
(5, 4, 5, 1),
(5, 4, 6, 1),
(5, 4, 8, 1),
(5, 4, 10, 1),
(5, 6, 5, 1),
(5, 6, 6, 1),
(5, 6, 8, 1),
(5, 6, 10, 1),
(5, 7, 5, 1),
(5, 7, 6, 1),
(5, 7, 8, 1),
(5, 7, 9, 1),
(5, 7, 10, 1),
(5, 8, 6, 0),
(5, 13, 5, 1),
(5, 13, 6, 1),
(5, 13, 8, 1),
(5, 13, 10, 1),
(5, 14, 5, 1),
(5, 14, 6, 1),
(5, 14, 10, 1),
(5, 18, 5, 1),
(5, 18, 6, 1),
(5, 18, 10, 1),
(5, 36, 5, 1),
(5, 36, 6, 1),
(5, 36, 8, 1),
(5, 37, 5, 1),
(5, 37, 6, 1),
(5, 37, 10, 1),
(5, 38, 5, 1),
(5, 38, 6, 1),
(5, 38, 10, 1),
(5, 41, 5, 1),
(5, 41, 6, 1),
(5, 41, 10, 1),
(5, 46, 5, 1),
(5, 46, 6, 1),
(5, 46, 10, 1),
(5, 47, 5, 1),
(5, 47, 6, 1),
(5, 47, 10, 1),
(5, 48, 5, 1),
(5, 48, 6, 1),
(5, 48, 10, 1),
(5, 55, 5, 0),
(5, 55, 6, 0),
(5, 55, 8, 1),
(5, 56, 5, 0),
(5, 56, 6, 0),
(5, 56, 8, 1),
(5, 67, 5, 0),
(5, 67, 6, 0),
(5, 67, 8, 1);

-- --------------------------------------------------------

--
-- Table structure for table `vtiger_profile_seq`
--

CREATE TABLE IF NOT EXISTS `vtiger_profile_seq` (
  `id` int(11) NOT NULL
) ENGINE=InnoDB DEFAULT CHARSET=utf8;

--
-- Dumping data for table `vtiger_profile_seq`
--

INSERT INTO `vtiger_profile_seq` (`id`) VALUES
(5);

-- --------------------------------------------------------

--
-- Table structure for table `vtiger_progress`
--

CREATE TABLE IF NOT EXISTS `vtiger_progress` (
  `progressid` int(11) NOT NULL AUTO_INCREMENT,
  `progress` varchar(200) NOT NULL,
  `presence` int(1) NOT NULL DEFAULT '1',
  `picklist_valueid` int(11) NOT NULL DEFAULT '0',
  PRIMARY KEY (`progressid`)
) ENGINE=InnoDB  DEFAULT CHARSET=utf8 AUTO_INCREMENT=12 ;

--
-- Dumping data for table `vtiger_progress`
--

INSERT INTO `vtiger_progress` (`progressid`, `progress`, `presence`, `picklist_valueid`) VALUES
(1, '--none--', 1, 277),
(2, '10%', 1, 278),
(3, '20%', 1, 279),
(4, '30%', 1, 280),
(5, '40%', 1, 281),
(6, '50%', 1, 282),
(7, '60%', 1, 283),
(8, '70%', 1, 284),
(9, '80%', 1, 285),
(10, '90%', 1, 286),
(11, '100%', 1, 287);

-- --------------------------------------------------------

--
-- Table structure for table `vtiger_progress_seq`
--

CREATE TABLE IF NOT EXISTS `vtiger_progress_seq` (
  `id` int(11) NOT NULL
) ENGINE=InnoDB DEFAULT CHARSET=utf8;

--
-- Dumping data for table `vtiger_progress_seq`
--

INSERT INTO `vtiger_progress_seq` (`id`) VALUES
(11);

-- --------------------------------------------------------

--
-- Table structure for table `vtiger_project`
--

CREATE TABLE IF NOT EXISTS `vtiger_project` (
  `projectid` int(11) DEFAULT NULL,
  `projectname` varchar(255) DEFAULT NULL,
  `project_no` varchar(100) DEFAULT NULL,
  `startdate` date DEFAULT NULL,
  `targetenddate` date DEFAULT NULL,
  `actualenddate` date DEFAULT NULL,
  `targetbudget` varchar(255) DEFAULT NULL,
  `projecturl` varchar(255) DEFAULT NULL,
  `projectstatus` varchar(100) DEFAULT NULL,
  `projectpriority` varchar(100) DEFAULT NULL,
  `projecttype` varchar(100) DEFAULT NULL,
  `progress` varchar(100) DEFAULT NULL,
  `linktoaccountscontacts` varchar(100) DEFAULT NULL
) ENGINE=InnoDB DEFAULT CHARSET=utf8;

--
-- Dumping data for table `vtiger_project`
--

INSERT INTO `vtiger_project` (`projectid`, `projectname`, `project_no`, `startdate`, `targetenddate`, `actualenddate`, `targetbudget`, `projecturl`, `projectstatus`, `projectpriority`, `projecttype`, `progress`, `linktoaccountscontacts`) VALUES
(130, 'Test project', '', '2013-06-08', '2013-06-08', '2013-06-08', '', '', '--none--', 'low', 'operative', '80%', '2');

-- --------------------------------------------------------

--
-- Table structure for table `vtiger_projectcf`
--

CREATE TABLE IF NOT EXISTS `vtiger_projectcf` (
  `projectid` int(11) NOT NULL,
  PRIMARY KEY (`projectid`)
) ENGINE=InnoDB DEFAULT CHARSET=utf8;

--
-- Dumping data for table `vtiger_projectcf`
--

INSERT INTO `vtiger_projectcf` (`projectid`) VALUES
(130);

-- --------------------------------------------------------

--
-- Table structure for table `vtiger_projectmilestone`
--

CREATE TABLE IF NOT EXISTS `vtiger_projectmilestone` (
  `projectmilestoneid` int(11) NOT NULL,
  `projectmilestonename` varchar(255) DEFAULT NULL,
  `projectmilestone_no` varchar(100) DEFAULT NULL,
  `projectmilestonedate` varchar(255) DEFAULT NULL,
  `projectid` varchar(100) DEFAULT NULL,
  `projectmilestonetype` varchar(100) DEFAULT NULL,
  PRIMARY KEY (`projectmilestoneid`)
) ENGINE=InnoDB DEFAULT CHARSET=utf8;

-- --------------------------------------------------------

--
-- Table structure for table `vtiger_projectmilestonecf`
--

CREATE TABLE IF NOT EXISTS `vtiger_projectmilestonecf` (
  `projectmilestoneid` int(11) NOT NULL DEFAULT '0',
  PRIMARY KEY (`projectmilestoneid`)
) ENGINE=InnoDB DEFAULT CHARSET=utf8;

-- --------------------------------------------------------

--
-- Table structure for table `vtiger_projectmilestonetype`
--

CREATE TABLE IF NOT EXISTS `vtiger_projectmilestonetype` (
  `projectmilestonetypeid` int(11) NOT NULL AUTO_INCREMENT,
  `projectmilestonetype` varchar(200) NOT NULL,
  `presence` int(1) NOT NULL DEFAULT '1',
  `picklist_valueid` int(11) NOT NULL DEFAULT '0',
  PRIMARY KEY (`projectmilestonetypeid`)
) ENGINE=InnoDB  DEFAULT CHARSET=utf8 AUTO_INCREMENT=5 ;

--
-- Dumping data for table `vtiger_projectmilestonetype`
--

INSERT INTO `vtiger_projectmilestonetype` (`projectmilestonetypeid`, `projectmilestonetype`, `presence`, `picklist_valueid`) VALUES
(1, '--none--', 1, 237),
(2, 'administrative', 1, 238),
(3, 'operative', 1, 239),
(4, 'other', 1, 240);

-- --------------------------------------------------------

--
-- Table structure for table `vtiger_projectmilestonetype_seq`
--

CREATE TABLE IF NOT EXISTS `vtiger_projectmilestonetype_seq` (
  `id` int(11) NOT NULL
) ENGINE=InnoDB DEFAULT CHARSET=utf8;

--
-- Dumping data for table `vtiger_projectmilestonetype_seq`
--

INSERT INTO `vtiger_projectmilestonetype_seq` (`id`) VALUES
(4);

-- --------------------------------------------------------

--
-- Table structure for table `vtiger_projectpriority`
--

CREATE TABLE IF NOT EXISTS `vtiger_projectpriority` (
  `projectpriorityid` int(11) NOT NULL AUTO_INCREMENT,
  `projectpriority` varchar(200) NOT NULL,
  `presence` int(1) NOT NULL DEFAULT '1',
  `picklist_valueid` int(11) NOT NULL DEFAULT '0',
  PRIMARY KEY (`projectpriorityid`)
) ENGINE=InnoDB  DEFAULT CHARSET=utf8 AUTO_INCREMENT=5 ;

--
-- Dumping data for table `vtiger_projectpriority`
--

INSERT INTO `vtiger_projectpriority` (`projectpriorityid`, `projectpriority`, `presence`, `picklist_valueid`) VALUES
(1, '--none--', 1, 273),
(2, 'low', 1, 274),
(3, 'normal', 1, 275),
(4, 'high', 1, 276);

-- --------------------------------------------------------

--
-- Table structure for table `vtiger_projectpriority_seq`
--

CREATE TABLE IF NOT EXISTS `vtiger_projectpriority_seq` (
  `id` int(11) NOT NULL
) ENGINE=InnoDB DEFAULT CHARSET=utf8;

--
-- Dumping data for table `vtiger_projectpriority_seq`
--

INSERT INTO `vtiger_projectpriority_seq` (`id`) VALUES
(4);

-- --------------------------------------------------------

--
-- Table structure for table `vtiger_projectstatus`
--

CREATE TABLE IF NOT EXISTS `vtiger_projectstatus` (
  `projectstatusid` int(11) NOT NULL AUTO_INCREMENT,
  `projectstatus` varchar(200) NOT NULL,
  `presence` int(1) NOT NULL DEFAULT '1',
  `picklist_valueid` int(11) NOT NULL DEFAULT '0',
  PRIMARY KEY (`projectstatusid`)
) ENGINE=InnoDB  DEFAULT CHARSET=utf8 AUTO_INCREMENT=10 ;

--
-- Dumping data for table `vtiger_projectstatus`
--

INSERT INTO `vtiger_projectstatus` (`projectstatusid`, `projectstatus`, `presence`, `picklist_valueid`) VALUES
(1, '--none--', 1, 260),
(2, 'prospecting', 1, 261),
(3, 'initiated', 1, 262),
(4, 'in progress', 1, 263),
(5, 'waiting for feedback', 1, 264),
(6, 'on hold', 1, 265),
(7, 'completed', 1, 266),
(8, 'delivered', 1, 267),
(9, 'archived', 1, 268);

-- --------------------------------------------------------

--
-- Table structure for table `vtiger_projectstatus_seq`
--

CREATE TABLE IF NOT EXISTS `vtiger_projectstatus_seq` (
  `id` int(11) NOT NULL
) ENGINE=InnoDB DEFAULT CHARSET=utf8;

--
-- Dumping data for table `vtiger_projectstatus_seq`
--

INSERT INTO `vtiger_projectstatus_seq` (`id`) VALUES
(9);

-- --------------------------------------------------------

--
-- Table structure for table `vtiger_projecttask`
--

CREATE TABLE IF NOT EXISTS `vtiger_projecttask` (
  `projecttaskid` int(11) NOT NULL,
  `projecttaskname` varchar(255) DEFAULT NULL,
  `projecttask_no` varchar(100) DEFAULT NULL,
  `projecttasktype` varchar(100) DEFAULT NULL,
  `projecttaskpriority` varchar(100) DEFAULT NULL,
  `projecttaskprogress` varchar(100) DEFAULT NULL,
  `projecttaskhours` varchar(255) DEFAULT NULL,
  `startdate` date DEFAULT NULL,
  `enddate` date DEFAULT NULL,
  `projectid` varchar(100) DEFAULT NULL,
  `projecttasknumber` int(11) DEFAULT NULL,
  PRIMARY KEY (`projecttaskid`)
) ENGINE=InnoDB DEFAULT CHARSET=utf8;

-- --------------------------------------------------------

--
-- Table structure for table `vtiger_projecttaskcf`
--

CREATE TABLE IF NOT EXISTS `vtiger_projecttaskcf` (
  `projecttaskid` int(11) NOT NULL DEFAULT '0',
  PRIMARY KEY (`projecttaskid`)
) ENGINE=InnoDB DEFAULT CHARSET=utf8;

-- --------------------------------------------------------

--
-- Table structure for table `vtiger_projecttaskpriority`
--

CREATE TABLE IF NOT EXISTS `vtiger_projecttaskpriority` (
  `projecttaskpriorityid` int(11) NOT NULL AUTO_INCREMENT,
  `projecttaskpriority` varchar(200) NOT NULL,
  `presence` int(1) NOT NULL DEFAULT '1',
  `picklist_valueid` int(11) NOT NULL DEFAULT '0',
  PRIMARY KEY (`projecttaskpriorityid`)
) ENGINE=InnoDB  DEFAULT CHARSET=utf8 AUTO_INCREMENT=5 ;

--
-- Dumping data for table `vtiger_projecttaskpriority`
--

INSERT INTO `vtiger_projecttaskpriority` (`projecttaskpriorityid`, `projecttaskpriority`, `presence`, `picklist_valueid`) VALUES
(1, '--none--', 1, 245),
(2, 'low', 1, 246),
(3, 'normal', 1, 247),
(4, 'high', 1, 248);

-- --------------------------------------------------------

--
-- Table structure for table `vtiger_projecttaskpriority_seq`
--

CREATE TABLE IF NOT EXISTS `vtiger_projecttaskpriority_seq` (
  `id` int(11) NOT NULL
) ENGINE=InnoDB DEFAULT CHARSET=utf8;

--
-- Dumping data for table `vtiger_projecttaskpriority_seq`
--

INSERT INTO `vtiger_projecttaskpriority_seq` (`id`) VALUES
(4);

-- --------------------------------------------------------

--
-- Table structure for table `vtiger_projecttaskprogress`
--

CREATE TABLE IF NOT EXISTS `vtiger_projecttaskprogress` (
  `projecttaskprogressid` int(11) NOT NULL AUTO_INCREMENT,
  `projecttaskprogress` varchar(200) NOT NULL,
  `presence` int(1) NOT NULL DEFAULT '1',
  `picklist_valueid` int(11) NOT NULL DEFAULT '0',
  PRIMARY KEY (`projecttaskprogressid`)
) ENGINE=InnoDB  DEFAULT CHARSET=utf8 AUTO_INCREMENT=12 ;

--
-- Dumping data for table `vtiger_projecttaskprogress`
--

INSERT INTO `vtiger_projecttaskprogress` (`projecttaskprogressid`, `projecttaskprogress`, `presence`, `picklist_valueid`) VALUES
(1, '--none--', 1, 249),
(2, '10%', 1, 250),
(3, '20%', 1, 251),
(4, '30%', 1, 252),
(5, '40%', 1, 253),
(6, '50%', 1, 254),
(7, '60%', 1, 255),
(8, '70%', 1, 256),
(9, '80%', 1, 257),
(10, '90%', 1, 258),
(11, '100%', 1, 259);

-- --------------------------------------------------------

--
-- Table structure for table `vtiger_projecttaskprogress_seq`
--

CREATE TABLE IF NOT EXISTS `vtiger_projecttaskprogress_seq` (
  `id` int(11) NOT NULL
) ENGINE=InnoDB DEFAULT CHARSET=utf8;

--
-- Dumping data for table `vtiger_projecttaskprogress_seq`
--

INSERT INTO `vtiger_projecttaskprogress_seq` (`id`) VALUES
(11);

-- --------------------------------------------------------

--
-- Table structure for table `vtiger_projecttasktype`
--

CREATE TABLE IF NOT EXISTS `vtiger_projecttasktype` (
  `projecttasktypeid` int(11) NOT NULL AUTO_INCREMENT,
  `projecttasktype` varchar(200) NOT NULL,
  `presence` int(1) NOT NULL DEFAULT '1',
  `picklist_valueid` int(11) NOT NULL DEFAULT '0',
  PRIMARY KEY (`projecttasktypeid`)
) ENGINE=InnoDB  DEFAULT CHARSET=utf8 AUTO_INCREMENT=5 ;

--
-- Dumping data for table `vtiger_projecttasktype`
--

INSERT INTO `vtiger_projecttasktype` (`projecttasktypeid`, `projecttasktype`, `presence`, `picklist_valueid`) VALUES
(1, '--none--', 1, 241),
(2, 'administrative', 1, 242),
(3, 'operative', 1, 243),
(4, 'other', 1, 244);

-- --------------------------------------------------------

--
-- Table structure for table `vtiger_projecttasktype_seq`
--

CREATE TABLE IF NOT EXISTS `vtiger_projecttasktype_seq` (
  `id` int(11) NOT NULL
) ENGINE=InnoDB DEFAULT CHARSET=utf8;

--
-- Dumping data for table `vtiger_projecttasktype_seq`
--

INSERT INTO `vtiger_projecttasktype_seq` (`id`) VALUES
(4);

-- --------------------------------------------------------

--
-- Table structure for table `vtiger_projecttype`
--

CREATE TABLE IF NOT EXISTS `vtiger_projecttype` (
  `projecttypeid` int(11) NOT NULL AUTO_INCREMENT,
  `projecttype` varchar(200) NOT NULL,
  `presence` int(1) NOT NULL DEFAULT '1',
  `picklist_valueid` int(11) NOT NULL DEFAULT '0',
  PRIMARY KEY (`projecttypeid`)
) ENGINE=InnoDB  DEFAULT CHARSET=utf8 AUTO_INCREMENT=5 ;

--
-- Dumping data for table `vtiger_projecttype`
--

INSERT INTO `vtiger_projecttype` (`projecttypeid`, `projecttype`, `presence`, `picklist_valueid`) VALUES
(1, '--none--', 1, 269),
(2, 'administrative', 1, 270),
(3, 'operative', 1, 271),
(4, 'other', 1, 272);

-- --------------------------------------------------------

--
-- Table structure for table `vtiger_projecttype_seq`
--

CREATE TABLE IF NOT EXISTS `vtiger_projecttype_seq` (
  `id` int(11) NOT NULL
) ENGINE=InnoDB DEFAULT CHARSET=utf8;

--
-- Dumping data for table `vtiger_projecttype_seq`
--

INSERT INTO `vtiger_projecttype_seq` (`id`) VALUES
(4);

-- --------------------------------------------------------

--
-- Table structure for table `vtiger_purchaseorder`
--

CREATE TABLE IF NOT EXISTS `vtiger_purchaseorder` (
  `purchaseorderid` int(19) NOT NULL DEFAULT '0',
  `subject` varchar(100) DEFAULT NULL,
  `quoteid` int(19) DEFAULT NULL,
  `vendorid` int(19) DEFAULT NULL,
  `requisition_no` varchar(100) DEFAULT NULL,
  `purchaseorder_no` varchar(100) DEFAULT NULL,
  `tracking_no` varchar(100) DEFAULT NULL,
  `contactid` int(19) DEFAULT NULL,
  `duedate` date DEFAULT NULL,
  `carrier` varchar(200) DEFAULT NULL,
  `type` varchar(100) DEFAULT NULL,
  `adjustment` decimal(25,3) DEFAULT NULL,
  `salescommission` decimal(25,3) DEFAULT NULL,
  `exciseduty` decimal(25,3) DEFAULT NULL,
  `total` decimal(25,3) DEFAULT NULL,
  `subtotal` decimal(25,3) DEFAULT NULL,
  `taxtype` varchar(25) DEFAULT NULL,
  `discount_percent` decimal(25,3) DEFAULT NULL,
  `discount_amount` decimal(25,3) DEFAULT NULL,
  `s_h_amount` decimal(25,3) DEFAULT NULL,
  `terms_conditions` text,
  `postatus` varchar(200) DEFAULT NULL,
  `currency_id` int(19) NOT NULL DEFAULT '1',
  `conversion_rate` decimal(10,3) NOT NULL DEFAULT '1.000',
  PRIMARY KEY (`purchaseorderid`),
  KEY `purchaseorder_vendorid_idx` (`vendorid`),
  KEY `purchaseorder_quoteid_idx` (`quoteid`),
  KEY `purchaseorder_contactid_idx` (`contactid`)
) ENGINE=InnoDB DEFAULT CHARSET=utf8;

-- --------------------------------------------------------

--
-- Table structure for table `vtiger_purchaseordercf`
--

CREATE TABLE IF NOT EXISTS `vtiger_purchaseordercf` (
  `purchaseorderid` int(19) NOT NULL DEFAULT '0',
  PRIMARY KEY (`purchaseorderid`)
) ENGINE=InnoDB DEFAULT CHARSET=utf8;

-- --------------------------------------------------------

--
-- Table structure for table `vtiger_quickview`
--

CREATE TABLE IF NOT EXISTS `vtiger_quickview` (
  `fieldid` int(19) NOT NULL,
  `related_fieldid` int(19) NOT NULL,
  `sequence` int(19) NOT NULL,
  `currentview` int(19) NOT NULL,
  KEY `fk_1_vtiger_quickview` (`fieldid`)
) ENGINE=InnoDB DEFAULT CHARSET=utf8;

-- --------------------------------------------------------

--
-- Table structure for table `vtiger_quotes`
--

CREATE TABLE IF NOT EXISTS `vtiger_quotes` (
  `quoteid` int(19) NOT NULL DEFAULT '0',
  `subject` varchar(100) DEFAULT NULL,
  `potentialid` int(19) DEFAULT NULL,
  `quotestage` varchar(200) DEFAULT NULL,
  `validtill` date DEFAULT NULL,
  `contactid` int(19) DEFAULT NULL,
  `quote_no` varchar(100) DEFAULT NULL,
  `subtotal` decimal(25,3) DEFAULT NULL,
  `carrier` varchar(200) DEFAULT NULL,
  `shipping` varchar(100) DEFAULT NULL,
  `inventorymanager` int(19) DEFAULT NULL,
  `type` varchar(100) DEFAULT NULL,
  `adjustment` decimal(25,3) DEFAULT NULL,
  `total` decimal(25,3) DEFAULT NULL,
  `taxtype` varchar(25) DEFAULT NULL,
  `discount_percent` decimal(25,3) DEFAULT NULL,
  `discount_amount` decimal(25,3) DEFAULT NULL,
  `s_h_amount` decimal(25,3) DEFAULT NULL,
  `accountid` int(19) DEFAULT NULL,
  `terms_conditions` text,
  `currency_id` int(19) NOT NULL DEFAULT '1',
  `conversion_rate` decimal(10,3) NOT NULL DEFAULT '1.000',
  PRIMARY KEY (`quoteid`),
  KEY `quote_quotestage_idx` (`quotestage`),
  KEY `quotes_potentialid_idx` (`potentialid`),
  KEY `quotes_contactid_idx` (`contactid`)
) ENGINE=InnoDB DEFAULT CHARSET=utf8;

-- --------------------------------------------------------

--
-- Table structure for table `vtiger_quotesbillads`
--

CREATE TABLE IF NOT EXISTS `vtiger_quotesbillads` (
  `quotebilladdressid` int(19) NOT NULL DEFAULT '0',
  `bill_city` varchar(30) DEFAULT NULL,
  `bill_code` varchar(30) DEFAULT NULL,
  `bill_country` varchar(30) DEFAULT NULL,
  `bill_state` varchar(30) DEFAULT NULL,
  `bill_street` varchar(250) DEFAULT NULL,
  `bill_pobox` varchar(30) DEFAULT NULL,
  PRIMARY KEY (`quotebilladdressid`)
) ENGINE=InnoDB DEFAULT CHARSET=utf8;

-- --------------------------------------------------------

--
-- Table structure for table `vtiger_quotescf`
--

CREATE TABLE IF NOT EXISTS `vtiger_quotescf` (
  `quoteid` int(19) NOT NULL DEFAULT '0',
  PRIMARY KEY (`quoteid`)
) ENGINE=InnoDB DEFAULT CHARSET=utf8;

-- --------------------------------------------------------

--
-- Table structure for table `vtiger_quotesshipads`
--

CREATE TABLE IF NOT EXISTS `vtiger_quotesshipads` (
  `quoteshipaddressid` int(19) NOT NULL DEFAULT '0',
  `ship_city` varchar(30) DEFAULT NULL,
  `ship_code` varchar(30) DEFAULT NULL,
  `ship_country` varchar(30) DEFAULT NULL,
  `ship_state` varchar(30) DEFAULT NULL,
  `ship_street` varchar(250) DEFAULT NULL,
  `ship_pobox` varchar(30) DEFAULT NULL,
  PRIMARY KEY (`quoteshipaddressid`)
) ENGINE=InnoDB DEFAULT CHARSET=utf8;

-- --------------------------------------------------------

--
-- Table structure for table `vtiger_quotestage`
--

CREATE TABLE IF NOT EXISTS `vtiger_quotestage` (
  `quotestageid` int(19) NOT NULL AUTO_INCREMENT,
  `quotestage` varchar(200) NOT NULL,
  `presence` int(1) NOT NULL DEFAULT '1',
  `picklist_valueid` int(19) NOT NULL DEFAULT '0',
  PRIMARY KEY (`quotestageid`),
  UNIQUE KEY `quotestage_quotestage_idx` (`quotestage`)
) ENGINE=InnoDB  DEFAULT CHARSET=utf8 AUTO_INCREMENT=6 ;

--
-- Dumping data for table `vtiger_quotestage`
--

INSERT INTO `vtiger_quotestage` (`quotestageid`, `quotestage`, `presence`, `picklist_valueid`) VALUES
(1, 'Created', 0, 139),
(2, 'Delivered', 0, 140),
(3, 'Reviewed', 0, 141),
(4, 'Accepted', 0, 142),
(5, 'Rejected', 0, 143);

-- --------------------------------------------------------

--
-- Table structure for table `vtiger_quotestagehistory`
--

CREATE TABLE IF NOT EXISTS `vtiger_quotestagehistory` (
  `historyid` int(19) NOT NULL AUTO_INCREMENT,
  `quoteid` int(19) NOT NULL,
  `accountname` varchar(100) DEFAULT NULL,
  `total` decimal(10,0) DEFAULT NULL,
  `quotestage` varchar(200) DEFAULT NULL,
  `lastmodified` datetime DEFAULT NULL,
  PRIMARY KEY (`historyid`),
  KEY `quotestagehistory_quoteid_idx` (`quoteid`)
) ENGINE=InnoDB DEFAULT CHARSET=utf8 AUTO_INCREMENT=1 ;

-- --------------------------------------------------------

--
-- Table structure for table `vtiger_quotestage_seq`
--

CREATE TABLE IF NOT EXISTS `vtiger_quotestage_seq` (
  `id` int(11) NOT NULL
) ENGINE=InnoDB DEFAULT CHARSET=utf8;

--
-- Dumping data for table `vtiger_quotestage_seq`
--

INSERT INTO `vtiger_quotestage_seq` (`id`) VALUES
(5);

-- --------------------------------------------------------

--
-- Table structure for table `vtiger_rating`
--

CREATE TABLE IF NOT EXISTS `vtiger_rating` (
  `rating_id` int(19) NOT NULL AUTO_INCREMENT,
  `rating` varchar(200) DEFAULT NULL,
  `presence` int(1) NOT NULL DEFAULT '1',
  `picklist_valueid` int(19) NOT NULL DEFAULT '0',
  PRIMARY KEY (`rating_id`)
) ENGINE=InnoDB  DEFAULT CHARSET=utf8 AUTO_INCREMENT=7 ;

--
-- Dumping data for table `vtiger_rating`
--

INSERT INTO `vtiger_rating` (`rating_id`, `rating`, `presence`, `picklist_valueid`) VALUES
(1, '--None--', 1, 144),
(2, 'Acquired', 1, 145),
(3, 'Active', 1, 146),
(4, 'Market Failed', 1, 147),
(5, 'Project Cancelled', 1, 148),
(6, 'Shutdown', 1, 149);

-- --------------------------------------------------------

--
-- Table structure for table `vtiger_rating_seq`
--

CREATE TABLE IF NOT EXISTS `vtiger_rating_seq` (
  `id` int(11) NOT NULL
) ENGINE=InnoDB DEFAULT CHARSET=utf8;

--
-- Dumping data for table `vtiger_rating_seq`
--

INSERT INTO `vtiger_rating_seq` (`id`) VALUES
(6);

-- --------------------------------------------------------

--
-- Table structure for table `vtiger_recurringevents`
--

CREATE TABLE IF NOT EXISTS `vtiger_recurringevents` (
  `recurringid` int(19) NOT NULL AUTO_INCREMENT,
  `activityid` int(19) NOT NULL,
  `recurringdate` date DEFAULT NULL,
  `recurringtype` varchar(30) DEFAULT NULL,
  `recurringfreq` int(19) DEFAULT NULL,
  `recurringinfo` varchar(50) DEFAULT NULL,
  PRIMARY KEY (`recurringid`),
  KEY `fk_1_vtiger_recurringevents` (`activityid`)
) ENGINE=InnoDB DEFAULT CHARSET=utf8 AUTO_INCREMENT=1 ;

-- --------------------------------------------------------

--
-- Table structure for table `vtiger_recurringtype`
--

CREATE TABLE IF NOT EXISTS `vtiger_recurringtype` (
  `recurringeventid` int(19) NOT NULL AUTO_INCREMENT,
  `recurringtype` varchar(200) NOT NULL,
  `sortorderid` int(19) NOT NULL DEFAULT '0',
  `presence` int(1) NOT NULL DEFAULT '1',
  PRIMARY KEY (`recurringeventid`),
  UNIQUE KEY `recurringtype_status_idx` (`recurringtype`)
) ENGINE=InnoDB  DEFAULT CHARSET=utf8 AUTO_INCREMENT=6 ;

--
-- Dumping data for table `vtiger_recurringtype`
--

INSERT INTO `vtiger_recurringtype` (`recurringeventid`, `recurringtype`, `sortorderid`, `presence`) VALUES
(1, '--None--', 0, 1),
(2, 'Daily', 1, 1),
(3, 'Weekly', 2, 1),
(4, 'Monthly', 3, 1),
(5, 'Yearly', 4, 1);

-- --------------------------------------------------------

--
-- Table structure for table `vtiger_recurringtype_seq`
--

CREATE TABLE IF NOT EXISTS `vtiger_recurringtype_seq` (
  `id` int(11) NOT NULL
) ENGINE=InnoDB DEFAULT CHARSET=utf8;

--
-- Dumping data for table `vtiger_recurringtype_seq`
--

INSERT INTO `vtiger_recurringtype_seq` (`id`) VALUES
(5);

-- --------------------------------------------------------

--
-- Table structure for table `vtiger_recurring_frequency`
--

CREATE TABLE IF NOT EXISTS `vtiger_recurring_frequency` (
  `recurring_frequency_id` int(11) DEFAULT NULL,
  `recurring_frequency` varchar(200) DEFAULT NULL,
  `sortorderid` int(11) DEFAULT NULL,
  `presence` int(11) DEFAULT NULL
) ENGINE=InnoDB DEFAULT CHARSET=utf8;

--
-- Dumping data for table `vtiger_recurring_frequency`
--

INSERT INTO `vtiger_recurring_frequency` (`recurring_frequency_id`, `recurring_frequency`, `sortorderid`, `presence`) VALUES
(1, '--None--', 0, 1),
(2, 'Daily', 1, 1),
(3, 'Weekly', 2, 1),
(4, 'Monthly', 3, 1),
(5, 'Quarterly', 4, 1),
(6, 'Yearly', 5, 1);

-- --------------------------------------------------------

--
-- Table structure for table `vtiger_recurring_frequency_seq`
--

CREATE TABLE IF NOT EXISTS `vtiger_recurring_frequency_seq` (
  `id` int(11) NOT NULL
) ENGINE=InnoDB DEFAULT CHARSET=utf8;

--
-- Dumping data for table `vtiger_recurring_frequency_seq`
--

INSERT INTO `vtiger_recurring_frequency_seq` (`id`) VALUES
(6);

-- --------------------------------------------------------

--
-- Table structure for table `vtiger_relatedlists`
--

CREATE TABLE IF NOT EXISTS `vtiger_relatedlists` (
  `relation_id` int(19) NOT NULL,
  `tabid` int(10) DEFAULT NULL,
  `related_tabid` int(10) DEFAULT NULL,
  `name` varchar(100) DEFAULT NULL,
  `sequence` int(10) DEFAULT NULL,
  `label` varchar(100) DEFAULT NULL,
  `presence` int(10) NOT NULL DEFAULT '0',
  `actions` varchar(50) NOT NULL DEFAULT '',
  PRIMARY KEY (`relation_id`),
  KEY `relatedlists_relation_id_idx` (`relation_id`)
) ENGINE=InnoDB DEFAULT CHARSET=utf8;

--
-- Dumping data for table `vtiger_relatedlists`
--

INSERT INTO `vtiger_relatedlists` (`relation_id`, `tabid`, `related_tabid`, `name`, `sequence`, `label`, `presence`, `actions`) VALUES
(1, 6, 4, 'get_contacts', 1, 'Contacts', 0, 'add'),
(2, 6, 2, 'get_opportunities', 2, 'Potentials', 0, 'add'),
(3, 6, 20, 'get_quotes', 3, 'Quotes', 0, 'add'),
(4, 6, 22, 'get_salesorder', 4, 'Sales Order', 0, 'add'),
(5, 6, 23, 'get_invoices', 5, 'Invoice', 0, 'add'),
(6, 6, 9, 'get_activities', 6, 'Activities', 0, 'add'),
(7, 6, 10, 'get_emails', 7, 'Emails', 0, 'add'),
(8, 6, 9, 'get_history', 8, 'Activity History', 0, 'add'),
(9, 6, 8, 'get_attachments', 9, 'Documents', 0, 'add,select'),
(10, 6, 13, 'get_tickets', 10, 'HelpDesk', 0, 'add'),
(11, 6, 14, 'get_products', 11, 'Products', 0, 'select'),
(12, 7, 9, 'get_activities', 1, 'Activities', 0, 'add'),
(13, 7, 10, 'get_emails', 2, 'Emails', 0, 'add'),
(14, 7, 9, 'get_history', 3, 'Activity History', 0, 'add'),
(15, 7, 8, 'get_attachments', 4, 'Documents', 0, 'add,select'),
(16, 7, 14, 'get_products', 5, 'Products', 0, 'select'),
(17, 7, 26, 'get_campaigns', 6, 'Campaigns', 0, 'select'),
(18, 4, 2, 'get_opportunities', 1, 'Potentials', 0, 'add'),
(19, 4, 9, 'get_activities', 2, 'Activities', 0, 'add'),
(20, 4, 10, 'get_emails', 3, 'Emails', 0, 'add'),
(21, 4, 13, 'get_tickets', 4, 'HelpDesk', 0, 'add'),
(22, 4, 20, 'get_quotes', 5, 'Quotes', 0, 'add'),
(23, 4, 21, 'get_purchase_orders', 6, 'Purchase Order', 0, 'add'),
(24, 4, 22, 'get_salesorder', 7, 'Sales Order', 0, 'add'),
(25, 4, 14, 'get_products', 8, 'Products', 0, 'select'),
(26, 4, 9, 'get_history', 9, 'Activity History', 0, 'add'),
(27, 4, 8, 'get_attachments', 10, 'Documents', 0, 'add,select'),
(28, 4, 26, 'get_campaigns', 11, 'Campaigns', 0, 'select'),
(29, 4, 23, 'get_invoices', 12, 'Invoice', 0, 'add'),
(30, 2, 9, 'get_activities', 1, 'Activities', 0, 'add'),
(31, 2, 4, 'get_contacts', 2, 'Contacts', 0, 'select'),
(32, 2, 14, 'get_products', 3, 'Products', 0, 'select'),
(33, 2, 0, 'get_stage_history', 4, 'Sales Stage History', 0, ''),
(34, 2, 8, 'get_attachments', 5, 'Documents', 0, 'add,select'),
(35, 2, 20, 'get_Quotes', 6, 'Quotes', 0, 'add'),
(36, 2, 22, 'get_salesorder', 7, 'Sales Order', 0, 'add'),
(37, 2, 9, 'get_history', 8, 'Activity History', 0, ''),
(38, 14, 13, 'get_tickets', 1, 'HelpDesk', 0, 'add'),
(39, 14, 8, 'get_attachments', 3, 'Documents', 0, 'add,select'),
(40, 14, 20, 'get_quotes', 4, 'Quotes', 0, 'add'),
(41, 14, 21, 'get_purchase_orders', 5, 'Purchase Order', 0, 'add'),
(42, 14, 22, 'get_salesorder', 6, 'Sales Order', 0, 'add'),
(43, 14, 23, 'get_invoices', 7, 'Invoice', 0, 'add'),
(44, 14, 19, 'get_product_pricebooks', 8, 'PriceBooks', 0, 'add'),
(45, 14, 7, 'get_leads', 9, 'Leads', 0, 'select'),
(46, 14, 6, 'get_accounts', 10, 'Accounts', 0, 'select'),
(47, 14, 4, 'get_contacts', 11, 'Contacts', 0, 'select'),
(48, 14, 2, 'get_opportunities', 12, 'Potentials', 0, 'select'),
(49, 14, 14, 'get_products', 13, 'Product Bundles', 0, 'add,select'),
(50, 14, 14, 'get_parent_products', 14, 'Parent Product', 0, ''),
(51, 10, 4, 'get_contacts', 1, 'Contacts', 0, 'select,bulkmail'),
(52, 10, 0, 'get_users', 2, 'Users', 0, ''),
(53, 10, 8, 'get_attachments', 3, 'Documents', 0, 'add,select'),
(54, 13, 9, 'get_activities', 1, 'Activities', 0, 'add,select'),
(55, 13, 8, 'get_attachments', 2, 'Documents', 0, 'add,select'),
(56, 13, 0, 'get_ticket_history', 3, 'Ticket History', 0, ''),
(57, 13, 9, 'get_history', 4, 'Activity History', 0, ''),
(58, 19, 14, 'get_pricebook_products', 2, 'Products', 0, 'select'),
(59, 18, 14, 'get_products', 1, 'Products', 0, 'add,select'),
(60, 18, 21, 'get_purchase_orders', 2, 'Purchase Order', 0, 'add'),
(61, 18, 4, 'get_contacts', 3, 'Contacts', 0, 'select'),
(62, 18, 10, 'get_emails', 4, 'Emails', 0, 'add'),
(63, 20, 22, 'get_salesorder', 1, 'Sales Order', 0, ''),
(64, 20, 9, 'get_activities', 2, 'Activities', 0, 'add'),
(65, 20, 8, 'get_attachments', 3, 'Documents', 0, 'add,select'),
(66, 20, 9, 'get_history', 4, 'Activity History', 0, ''),
(67, 20, 0, 'get_quotestagehistory', 5, 'Quote Stage History', 0, ''),
(68, 21, 9, 'get_activities', 1, 'Activities', 0, 'add'),
(69, 21, 8, 'get_attachments', 2, 'Documents', 0, 'add,select'),
(70, 21, 9, 'get_history', 3, 'Activity History', 0, ''),
(71, 21, 0, 'get_postatushistory', 4, 'PurchaseOrder Status History', 0, ''),
(72, 22, 9, 'get_activities', 1, 'Activities', 0, 'add'),
(73, 22, 8, 'get_attachments', 2, 'Documents', 0, 'add,select'),
(74, 22, 23, 'get_invoices', 3, 'Invoice', 0, ''),
(75, 22, 9, 'get_history', 4, 'Activity History', 0, ''),
(76, 22, 0, 'get_sostatushistory', 5, 'SalesOrder Status History', 0, ''),
(77, 23, 9, 'get_activities', 1, 'Activities', 0, 'add'),
(78, 23, 8, 'get_attachments', 2, 'Documents', 0, 'add,select'),
(79, 23, 9, 'get_history', 3, 'Activity History', 0, ''),
(80, 23, 0, 'get_invoicestatushistory', 4, 'Invoice Status History', 0, ''),
(81, 9, 0, 'get_users', 1, 'Users', 0, ''),
(82, 9, 4, 'get_contacts', 2, 'Contacts', 0, ''),
(83, 26, 4, 'get_contacts', 1, 'Contacts', 0, 'add,select'),
(84, 26, 7, 'get_leads', 2, 'Leads', 0, 'add,select'),
(85, 26, 2, 'get_opportunities', 3, 'Potentials', 0, 'add'),
(86, 26, 9, 'get_activities', 4, 'Activities', 0, 'add'),
(87, 6, 26, 'get_campaigns', 13, 'Campaigns', 0, 'select'),
(88, 26, 6, 'get_accounts', 5, 'Accounts', 0, 'add,select'),
(89, 15, 8, 'get_attachments', 1, 'Documents', 0, 'add,select'),
(90, 37, 13, 'get_related_list', 1, 'Service Requests', 0, 'ADD,SELECT'),
(91, 37, 8, 'get_attachments', 2, 'Documents', 0, 'ADD,SELECT'),
(92, 6, 37, 'get_dependents_list', 14, 'Service Contracts', 0, 'ADD'),
(93, 4, 37, 'get_dependents_list', 13, 'Service Contracts', 0, 'ADD'),
(94, 13, 37, 'get_related_list', 5, 'Service Contracts', 0, 'ADD,SELECT'),
(95, 38, 13, 'get_related_list', 1, 'HelpDesk', 0, 'ADD,SELECT'),
(96, 38, 20, 'get_quotes', 2, 'Quotes', 0, 'ADD'),
(97, 38, 21, 'get_purchase_orders', 3, 'Purchase Order', 0, 'ADD'),
(98, 38, 22, 'get_salesorder', 4, 'Sales Order', 0, 'ADD'),
(99, 38, 23, 'get_invoices', 5, 'Invoice', 0, 'ADD'),
(100, 38, 19, 'get_service_pricebooks', 6, 'PriceBooks', 0, 'ADD'),
(101, 38, 7, 'get_related_list', 7, 'Leads', 0, 'SELECT'),
(102, 38, 6, 'get_related_list', 8, 'Accounts', 0, 'SELECT'),
(103, 38, 4, 'get_related_list', 9, 'Contacts', 0, 'SELECT'),
(104, 38, 2, 'get_related_list', 10, 'Potentials', 0, 'SELECT'),
(105, 38, 8, 'get_attachments', 11, 'Documents', 0, 'ADD,SELECT'),
(106, 13, 38, 'get_related_list', 6, 'Services', 0, 'SELECT'),
(107, 7, 38, 'get_related_list', 7, 'Services', 0, 'SELECT'),
(108, 6, 38, 'get_related_list', 15, 'Services', 0, 'SELECT'),
(109, 4, 38, 'get_related_list', 14, 'Services', 0, 'SELECT'),
(110, 2, 38, 'get_related_list', 9, 'Services', 0, 'SELECT'),
(111, 19, 38, 'get_pricebook_services', 3, 'Services', 0, 'SELECT'),
(112, 41, 13, 'get_related_list', 1, 'HelpDesk', 0, 'ADD,SELECT'),
(113, 41, 8, 'get_attachments', 2, 'Documents', 0, 'ADD,SELECT'),
(114, 6, 41, 'get_dependents_list', 16, 'Assets', 0, 'ADD'),
(115, 14, 41, 'get_dependents_list', 15, 'Assets', 0, 'ADD'),
(116, 23, 41, 'get_dependents_list', 5, 'Assets', 0, 'ADD'),
(117, 47, 8, 'get_attachments', 1, 'Documents', 0, 'ADD,SELECT'),
(118, 48, 47, 'get_dependents_list', 1, 'Project Tasks', 0, 'ADD,SELECT'),
(119, 48, 46, 'get_dependents_list', 2, 'Project Milestones', 0, 'ADD,SELECT'),
(120, 48, 8, 'get_attachments', 3, 'Documents', 0, 'ADD,SELECT'),
(121, 48, 13, 'get_related_list', 4, 'Trouble Tickets', 0, 'ADD,SELECT'),
(122, 48, 0, 'get_gantt_chart', 5, 'Charts', 0, ''),
(123, 6, 48, 'get_dependents_list', 17, 'Projects', 0, 'ADD,SELECT'),
(124, 4, 48, 'get_dependents_list', 15, 'Projects', 0, 'ADD,SELECT'),
(125, 13, 48, 'get_related_list', 7, 'Projects', 0, 'SELECT'),
(126, 50, 6, 'get_related_list', 1, 'Accounts', 0, ' '),
(127, 50, 4, 'get_related_list', 2, 'Contacts', 0, ' '),
(128, 50, 7, 'get_related_list', 3, 'Leads', 0, ' ');

-- --------------------------------------------------------

--
-- Table structure for table `vtiger_relatedlists_rb`
--

CREATE TABLE IF NOT EXISTS `vtiger_relatedlists_rb` (
  `entityid` int(19) DEFAULT NULL,
  `action` varchar(50) DEFAULT NULL,
  `rel_table` varchar(200) DEFAULT NULL,
  `rel_column` varchar(200) DEFAULT NULL,
  `ref_column` varchar(200) DEFAULT NULL,
  `related_crm_ids` text
) ENGINE=InnoDB DEFAULT CHARSET=utf8;

--
-- Dumping data for table `vtiger_relatedlists_rb`
--

INSERT INTO `vtiger_relatedlists_rb` (`entityid`, `action`, `rel_table`, `rel_column`, `ref_column`, `related_crm_ids`) VALUES
(138, 'update', 'vtiger_payments', 'bill_no', 'paymentsid', '139'),
(187, 'update', 'vtiger_payments', 'bill_no', 'paymentsid', '188,189'),
(181, 'update', 'vtiger_payments', 'bill_no', 'paymentsid', '197'),
(134, 'update', 'vtiger_payments', 'bill_no', 'paymentsid', '209'),
(204, 'update', 'vtiger_homeowner', 'primary_house', 'homeownerid', '134'),
(204, 'update', 'vtiger_billing', 'house', 'billingid', '206,210'),
(204, 'update', 'vtiger_memoadvice', 'house', 'memoadviceid', '207,134'),
(232, 'update', 'vtiger_homeowner', 'primary_house', 'homeownerid', '231'),
(231, 'update', 'vtiger_house', 'homeowner', 'houseid', '232,233'),
(141, 'update', 'vtiger_payments', 'bill_no', 'paymentsid', '142'),
(213, 'update', 'vtiger_payments', 'bill_no', 'paymentsid', '215,223,224'),
(226, 'update', 'vtiger_payments', 'bill_no', 'paymentsid', '227,230'),
(214, 'update', 'vtiger_payments', 'bill_no', 'paymentsid', '216,222'),
(218, 'update', 'vtiger_payments', 'bill_no', 'paymentsid', '219,220,221'),
(228, 'update', 'vtiger_payments', 'bill_no', 'paymentsid', '229'),
(205, 'update', 'vtiger_billing', 'house', 'billingid', '213,226'),
(205, 'update', 'vtiger_memoadvice', 'house', 'memoadviceid', '214'),
(217, 'update', 'vtiger_memoadvice', 'house', 'memoadviceid', '218,228'),
(225, 'update', 'vtiger_homeowner', 'primary_house', 'homeownerid', '140'),
(140, 'update', 'vtiger_payments', 'homeowner', 'paymentsid', '142,197,215,216,219,220,221,222,223,224,227,229,230'),
(140, 'update', 'vtiger_billing', 'homeowner', 'billingid', '141,213,226'),
(140, 'update', 'vtiger_memoadvice', 'homeowner', 'memoadviceid', '181,214,218,228'),
(140, 'update', 'vtiger_house', 'homeowner', 'houseid', '205,217,225'),
(207, 'update', 'vtiger_payments', 'bill_no', 'paymentsid', '208'),
(191, 'update', 'vtiger_payments', 'bill_no', 'paymentsid', '192'),
(176, 'update', 'vtiger_payments', 'bill_no', 'paymentsid', '177,179'),
(170, 'update', 'vtiger_payments', 'bill_no', 'paymentsid', '171,174'),
(190, 'update', 'vtiger_payments', 'bill_no', 'paymentsid', '193'),
(194, 'update', 'vtiger_payments', 'bill_no', 'paymentsid', '195,196'),
(234, 'update', 'vtiger_house', 'homeowner', 'houseid', '235'),
(238, 'update', 'vtiger_billing', 'house', 'billingid', '240'),
(237, 'update', 'vtiger_homeowner', 'primary_house', 'homeownerid', '236'),
(237, 'update', 'vtiger_billing', 'house', 'billingid', '239'),
(237, 'update', 'vtiger_memoadvice', 'house', 'memoadviceid', '241,249'),
(256, 'update', 'vtiger_memoadvice', 'house', 'memoadviceid', '259,261,236'),
(257, 'update', 'vtiger_homeowner', 'car', 'homeownerid', '236');

-- --------------------------------------------------------

--
-- Table structure for table `vtiger_relatedlists_seq`
--

CREATE TABLE IF NOT EXISTS `vtiger_relatedlists_seq` (
  `id` int(11) NOT NULL
) ENGINE=InnoDB DEFAULT CHARSET=utf8;

--
-- Dumping data for table `vtiger_relatedlists_seq`
--

INSERT INTO `vtiger_relatedlists_seq` (`id`) VALUES
(143);

-- --------------------------------------------------------

--
-- Table structure for table `vtiger_relcriteria`
--

CREATE TABLE IF NOT EXISTS `vtiger_relcriteria` (
  `queryid` int(19) NOT NULL,
  `columnindex` int(11) NOT NULL,
  `columnname` varchar(250) DEFAULT '',
  `comparator` varchar(10) DEFAULT '',
  `value` varchar(200) DEFAULT '',
  `groupid` int(11) DEFAULT '1',
  `column_condition` varchar(256) DEFAULT 'and',
  PRIMARY KEY (`queryid`,`columnindex`),
  KEY `relcriteria_queryid_idx` (`queryid`)
) ENGINE=InnoDB DEFAULT CHARSET=utf8;

--
-- Dumping data for table `vtiger_relcriteria`
--

INSERT INTO `vtiger_relcriteria` (`queryid`, `columnindex`, `columnname`, `comparator`, `value`, `groupid`, `column_condition`) VALUES
(1, 0, 'vtiger_contactdetails:accountid:Contacts_Account_Name:account_id:V', 'n', '', 1, 'and'),
(2, 0, 'vtiger_contactdetails:accountid:Contacts_Account_Name:account_id:V', 'e', '', 1, 'and'),
(3, 0, 'vtiger_potential:potentialname:Potentials_Potential_Name:potentialname:V', 'n', '', 1, 'and'),
(7, 0, 'vtiger_potential:sales_stage:Potentials_Sales_Stage:sales_stage:V', 'e', 'Closed Won', 1, 'and'),
(12, 0, 'vtiger_troubletickets:status:HelpDesk_Status:ticketstatus:V', 'n', 'Closed', 1, 'and'),
(15, 0, 'vtiger_quotes:quotestage:Quotes_Quote_Stage:quotestage:V', 'n', 'Accepted', 1, 'and'),
(15, 1, 'vtiger_quotes:quotestage:Quotes_Quote_Stage:quotestage:V', 'n', 'Rejected', 1, 'and');

-- --------------------------------------------------------

--
-- Table structure for table `vtiger_relcriteria_grouping`
--

CREATE TABLE IF NOT EXISTS `vtiger_relcriteria_grouping` (
  `groupid` int(11) NOT NULL,
  `queryid` int(19) NOT NULL,
  `group_condition` varchar(256) DEFAULT NULL,
  `condition_expression` text,
  PRIMARY KEY (`groupid`,`queryid`)
) ENGINE=InnoDB DEFAULT CHARSET=utf8;

--
-- Dumping data for table `vtiger_relcriteria_grouping`
--

INSERT INTO `vtiger_relcriteria_grouping` (`groupid`, `queryid`, `group_condition`, `condition_expression`) VALUES
(1, 1, '', '0'),
(1, 2, '', '0'),
(1, 3, '', '0'),
(1, 7, '', '0'),
(1, 12, '', '0'),
(1, 15, '', '0 and 1');

-- --------------------------------------------------------

--
-- Table structure for table `vtiger_reminder_interval`
--

CREATE TABLE IF NOT EXISTS `vtiger_reminder_interval` (
  `reminder_intervalid` int(19) NOT NULL AUTO_INCREMENT,
  `reminder_interval` varchar(200) NOT NULL,
  `sortorderid` int(19) NOT NULL,
  `presence` int(1) NOT NULL,
  PRIMARY KEY (`reminder_intervalid`)
) ENGINE=InnoDB  DEFAULT CHARSET=utf8 AUTO_INCREMENT=9 ;

--
-- Dumping data for table `vtiger_reminder_interval`
--

INSERT INTO `vtiger_reminder_interval` (`reminder_intervalid`, `reminder_interval`, `sortorderid`, `presence`) VALUES
(1, 'None', 0, 1),
(2, '1 Minute', 1, 1),
(3, '5 Minutes', 2, 1),
(4, '15 Minutes', 3, 1),
(5, '30 Minutes', 4, 1),
(6, '45 Minutes', 5, 1),
(7, '1 Hour', 6, 1),
(8, '1 Day', 7, 1);

-- --------------------------------------------------------

--
-- Table structure for table `vtiger_reminder_interval_seq`
--

CREATE TABLE IF NOT EXISTS `vtiger_reminder_interval_seq` (
  `id` int(11) NOT NULL
) ENGINE=InnoDB DEFAULT CHARSET=utf8;

--
-- Dumping data for table `vtiger_reminder_interval_seq`
--

INSERT INTO `vtiger_reminder_interval_seq` (`id`) VALUES
(8);

-- --------------------------------------------------------

--
-- Table structure for table `vtiger_report`
--

CREATE TABLE IF NOT EXISTS `vtiger_report` (
  `reportid` int(19) NOT NULL,
  `folderid` int(19) NOT NULL,
  `reportname` varchar(100) DEFAULT '',
  `description` varchar(250) DEFAULT '',
  `reporttype` varchar(50) DEFAULT '',
  `queryid` int(19) NOT NULL DEFAULT '0',
  `state` varchar(50) DEFAULT 'SAVED',
  `customizable` int(1) DEFAULT '1',
  `category` int(11) DEFAULT '1',
  `owner` int(11) DEFAULT '1',
  `sharingtype` varchar(200) DEFAULT 'Private',
  PRIMARY KEY (`reportid`),
  KEY `report_queryid_idx` (`queryid`),
  KEY `report_folderid_idx` (`folderid`)
) ENGINE=InnoDB DEFAULT CHARSET=utf8;

--
-- Dumping data for table `vtiger_report`
--

INSERT INTO `vtiger_report` (`reportid`, `folderid`, `reportname`, `description`, `reporttype`, `queryid`, `state`, `customizable`, `category`, `owner`, `sharingtype`) VALUES
(1, 1, 'Contacts by Accounts', 'Contacts related to Accounts', 'tabular', 1, 'SAVED', 1, 1, 1, 'Public'),
(2, 1, 'Contacts without Accounts', 'Contacts not related to Accounts', 'tabular', 2, 'SAVED', 1, 1, 1, 'Public'),
(3, 1, 'Contacts by Potentials', 'Contacts related to Potentials', 'tabular', 3, 'SAVED', 1, 1, 1, 'Public'),
(4, 2, 'Lead by Source', 'Lead by Source', 'summary', 4, 'SAVED', 1, 1, 1, 'Public'),
(5, 2, 'Lead Status Report', 'Lead Status Report', 'summary', 5, 'SAVED', 1, 1, 1, 'Public'),
(6, 3, 'Potential Pipeline', 'Potential Pipeline', 'summary', 6, 'SAVED', 1, 1, 1, 'Public'),
(7, 3, 'Closed Potentials', 'Potential that have Won', 'tabular', 7, 'SAVED', 1, 1, 1, 'Public'),
(8, 4, 'Last Month Activities', 'Last Month Activities', 'tabular', 8, 'SAVED', 1, 1, 1, 'Public'),
(9, 4, 'This Month Activities', 'This Month Activities', 'tabular', 9, 'SAVED', 1, 1, 1, 'Public'),
(10, 5, 'Tickets by Products', 'Tickets related to Products', 'tabular', 10, 'SAVED', 1, 1, 1, 'Public'),
(11, 5, 'Tickets by Priority', 'Tickets by Priority', 'summary', 11, 'SAVED', 1, 1, 1, 'Public'),
(12, 5, 'Open Tickets', 'Tickets that are Open', 'tabular', 12, 'SAVED', 1, 1, 1, 'Public'),
(13, 6, 'Product Details', 'Product Detailed Report', 'tabular', 13, 'SAVED', 1, 1, 1, 'Public'),
(14, 6, 'Products by Contacts', 'Products related to Contacts', 'tabular', 14, 'SAVED', 1, 1, 1, 'Public'),
(15, 7, 'Open Quotes', 'Quotes that are Open', 'tabular', 15, 'SAVED', 1, 1, 1, 'Public'),
(16, 7, 'Quotes Detailed Report', 'Quotes Detailed Report', 'tabular', 16, 'SAVED', 1, 1, 1, 'Public'),
(17, 8, 'PurchaseOrder by Contacts', 'PurchaseOrder related to Contacts', 'tabular', 17, 'SAVED', 1, 1, 1, 'Public'),
(18, 8, 'PurchaseOrder Detailed Report', 'PurchaseOrder Detailed Report', 'tabular', 18, 'SAVED', 1, 1, 1, 'Public'),
(19, 9, 'Invoice Detailed Report', 'Invoice Detailed Report', 'tabular', 19, 'SAVED', 1, 1, 1, 'Public'),
(20, 10, 'SalesOrder Detailed Report', 'SalesOrder Detailed Report', 'tabular', 20, 'SAVED', 1, 1, 1, 'Public'),
(21, 11, 'Campaign Expectations and Actuals', 'Campaign Expectations and Actuals', 'tabular', 21, 'SAVED', 1, 1, 1, 'Public');

-- --------------------------------------------------------

--
-- Table structure for table `vtiger_reportdatefilter`
--

CREATE TABLE IF NOT EXISTS `vtiger_reportdatefilter` (
  `datefilterid` int(19) NOT NULL,
  `datecolumnname` varchar(250) DEFAULT '',
  `datefilter` varchar(250) DEFAULT '',
  `startdate` date DEFAULT NULL,
  `enddate` date DEFAULT NULL,
  PRIMARY KEY (`datefilterid`),
  KEY `reportdatefilter_datefilterid_idx` (`datefilterid`)
) ENGINE=InnoDB DEFAULT CHARSET=utf8;

--
-- Dumping data for table `vtiger_reportdatefilter`
--

INSERT INTO `vtiger_reportdatefilter` (`datefilterid`, `datecolumnname`, `datefilter`, `startdate`, `enddate`) VALUES
(8, 'vtiger_crmentity:modifiedtime:modifiedtime:Calendar_Modified_Time', 'lastmonth', '2005-05-01', '2005-05-31'),
(9, 'vtiger_crmentity:modifiedtime:modifiedtime:Calendar_Modified_Time', 'thismonth', '2005-06-01', '2005-06-30');

-- --------------------------------------------------------

--
-- Table structure for table `vtiger_reportfilters`
--

CREATE TABLE IF NOT EXISTS `vtiger_reportfilters` (
  `filterid` int(19) NOT NULL,
  `name` varchar(200) NOT NULL
) ENGINE=InnoDB DEFAULT CHARSET=utf8;

--
-- Dumping data for table `vtiger_reportfilters`
--

INSERT INTO `vtiger_reportfilters` (`filterid`, `name`) VALUES
(1, 'Private'),
(2, 'Public'),
(3, 'Shared');

-- --------------------------------------------------------

--
-- Table structure for table `vtiger_reportfolder`
--

CREATE TABLE IF NOT EXISTS `vtiger_reportfolder` (
  `folderid` int(19) NOT NULL AUTO_INCREMENT,
  `foldername` varchar(100) NOT NULL DEFAULT '',
  `description` varchar(250) DEFAULT '',
  `state` varchar(50) DEFAULT 'SAVED',
  PRIMARY KEY (`folderid`)
) ENGINE=InnoDB  DEFAULT CHARSET=utf8 AUTO_INCREMENT=12 ;

--
-- Dumping data for table `vtiger_reportfolder`
--

INSERT INTO `vtiger_reportfolder` (`folderid`, `foldername`, `description`, `state`) VALUES
(1, 'Account and Contact Reports', 'Account and Contact Reports', 'SAVED'),
(2, 'Lead Reports', 'Lead Reports', 'SAVED'),
(3, 'Potential Reports', 'Potential Reports', 'SAVED'),
(4, 'Activity Reports', 'Activity Reports', 'SAVED'),
(5, 'HelpDesk Reports', 'HelpDesk Reports', 'SAVED'),
(6, 'Product Reports', 'Product Reports', 'SAVED'),
(7, 'Quote Reports', 'Quote Reports', 'SAVED'),
(8, 'PurchaseOrder Reports', 'PurchaseOrder Reports', 'SAVED'),
(9, 'Invoice Reports', 'Invoice Reports', 'SAVED'),
(10, 'SalesOrder Reports', 'SalesOrder Reports', 'SAVED'),
(11, 'Campaign Reports', 'Campaign Reports', 'SAVED');

-- --------------------------------------------------------

--
-- Table structure for table `vtiger_reportgroupbycolumn`
--

CREATE TABLE IF NOT EXISTS `vtiger_reportgroupbycolumn` (
  `reportid` int(19) DEFAULT NULL,
  `sortid` int(19) DEFAULT NULL,
  `sortcolname` varchar(250) DEFAULT NULL,
  `dategroupbycriteria` varchar(250) DEFAULT NULL,
  KEY `fk_1_vtiger_reportgroupbycolumn` (`reportid`)
) ENGINE=InnoDB DEFAULT CHARSET=utf8;

-- --------------------------------------------------------

--
-- Table structure for table `vtiger_reportmodules`
--

CREATE TABLE IF NOT EXISTS `vtiger_reportmodules` (
  `reportmodulesid` int(19) NOT NULL,
  `primarymodule` varchar(50) NOT NULL DEFAULT '',
  `secondarymodules` varchar(250) DEFAULT '',
  PRIMARY KEY (`reportmodulesid`)
) ENGINE=InnoDB DEFAULT CHARSET=utf8;

--
-- Dumping data for table `vtiger_reportmodules`
--

INSERT INTO `vtiger_reportmodules` (`reportmodulesid`, `primarymodule`, `secondarymodules`) VALUES
(1, 'Contacts', 'Accounts'),
(2, 'Contacts', 'Accounts'),
(3, 'Contacts', 'Potentials'),
(4, 'Leads', ''),
(5, 'Leads', ''),
(6, 'Potentials', ''),
(7, 'Potentials', ''),
(8, 'Calendar', ''),
(9, 'Calendar', ''),
(10, 'HelpDesk', 'Products'),
(11, 'HelpDesk', ''),
(12, 'HelpDesk', ''),
(13, 'Products', ''),
(14, 'Products', 'Contacts'),
(15, 'Quotes', ''),
(16, 'Quotes', ''),
(17, 'PurchaseOrder', 'Contacts'),
(18, 'PurchaseOrder', ''),
(19, 'Invoice', ''),
(20, 'SalesOrder', ''),
(21, 'Campaigns', '');

-- --------------------------------------------------------

--
-- Table structure for table `vtiger_reportsharing`
--

CREATE TABLE IF NOT EXISTS `vtiger_reportsharing` (
  `reportid` int(19) NOT NULL,
  `shareid` int(19) NOT NULL,
  `setype` varchar(200) NOT NULL
) ENGINE=InnoDB DEFAULT CHARSET=utf8;

-- --------------------------------------------------------

--
-- Table structure for table `vtiger_reportsortcol`
--

CREATE TABLE IF NOT EXISTS `vtiger_reportsortcol` (
  `sortcolid` int(19) NOT NULL,
  `reportid` int(19) NOT NULL,
  `columnname` varchar(250) DEFAULT '',
  `sortorder` varchar(250) DEFAULT 'Asc',
  PRIMARY KEY (`sortcolid`,`reportid`),
  KEY `fk_1_vtiger_reportsortcol` (`reportid`)
) ENGINE=InnoDB DEFAULT CHARSET=utf8;

--
-- Dumping data for table `vtiger_reportsortcol`
--

INSERT INTO `vtiger_reportsortcol` (`sortcolid`, `reportid`, `columnname`, `sortorder`) VALUES
(1, 4, 'vtiger_leaddetails:leadsource:Leads_Lead_Source:leadsource:V', 'Ascending'),
(1, 5, 'vtiger_leaddetails:leadstatus:Leads_Lead_Status:leadstatus:V', 'Ascending'),
(1, 6, 'vtiger_potential:sales_stage:Potentials_Sales_Stage:sales_stage:V', 'Ascending'),
(1, 11, 'vtiger_troubletickets:priority:HelpDesk_Priority:ticketpriorities:V', 'Ascending');

-- --------------------------------------------------------

--
-- Table structure for table `vtiger_reportsummary`
--

CREATE TABLE IF NOT EXISTS `vtiger_reportsummary` (
  `reportsummaryid` int(19) NOT NULL,
  `summarytype` int(19) NOT NULL,
  `columnname` varchar(250) NOT NULL DEFAULT '',
  PRIMARY KEY (`reportsummaryid`,`summarytype`,`columnname`),
  KEY `reportsummary_reportsummaryid_idx` (`reportsummaryid`)
) ENGINE=InnoDB DEFAULT CHARSET=utf8;

-- --------------------------------------------------------

--
-- Table structure for table `vtiger_revenuetype`
--

CREATE TABLE IF NOT EXISTS `vtiger_revenuetype` (
  `revenuetypeid` int(19) NOT NULL AUTO_INCREMENT,
  `revenuetype` varchar(200) NOT NULL,
  `sortorderid` int(19) NOT NULL DEFAULT '0',
  `presence` int(1) NOT NULL DEFAULT '1',
  PRIMARY KEY (`revenuetypeid`),
  UNIQUE KEY `revenuetype_revenuetype_idx` (`revenuetype`)
) ENGINE=InnoDB DEFAULT CHARSET=utf8 AUTO_INCREMENT=1 ;

-- --------------------------------------------------------

--
-- Table structure for table `vtiger_role`
--

CREATE TABLE IF NOT EXISTS `vtiger_role` (
  `roleid` varchar(255) NOT NULL,
  `rolename` varchar(200) DEFAULT NULL,
  `parentrole` varchar(255) DEFAULT NULL,
  `depth` int(19) DEFAULT NULL,
  PRIMARY KEY (`roleid`)
) ENGINE=InnoDB DEFAULT CHARSET=utf8;

--
-- Dumping data for table `vtiger_role`
--

INSERT INTO `vtiger_role` (`roleid`, `rolename`, `parentrole`, `depth`) VALUES
('H1', 'Organisation', 'H1', 0),
('H2', 'Adminstrator', 'H1::H2', 1),
('H6', 'Clerk', 'H1::H2::H6', 2);

-- --------------------------------------------------------

--
-- Table structure for table `vtiger_role2picklist`
--

CREATE TABLE IF NOT EXISTS `vtiger_role2picklist` (
  `roleid` varchar(255) NOT NULL,
  `picklistvalueid` int(11) NOT NULL,
  `picklistid` int(11) NOT NULL,
  `sortid` int(11) DEFAULT NULL,
  PRIMARY KEY (`roleid`,`picklistvalueid`,`picklistid`),
  KEY `role2picklist_roleid_picklistid_idx` (`roleid`,`picklistid`,`picklistvalueid`),
  KEY `fk_2_vtiger_role2picklist` (`picklistid`)
) ENGINE=InnoDB DEFAULT CHARSET=utf8;

--
-- Dumping data for table `vtiger_role2picklist`
--

INSERT INTO `vtiger_role2picklist` (`roleid`, `picklistvalueid`, `picklistid`, `sortid`) VALUES
('H1', 1, 1, 0),
('H1', 2, 1, 1),
('H1', 3, 1, 2),
('H1', 4, 1, 3),
('H1', 5, 1, 4),
('H1', 6, 1, 5),
('H1', 7, 1, 6),
('H1', 8, 1, 7),
('H1', 9, 1, 8),
('H1', 10, 1, 9),
('H1', 11, 1, 10),
('H1', 12, 2, 0),
('H1', 13, 2, 1),
('H1', 14, 3, 0),
('H1', 15, 3, 1),
('H1', 16, 3, 2),
('H1', 17, 3, 3),
('H1', 18, 3, 4),
('H1', 19, 3, 5),
('H1', 20, 4, 0),
('H1', 21, 4, 1),
('H1', 22, 4, 2),
('H1', 23, 4, 3),
('H1', 24, 4, 4),
('H1', 25, 4, 5),
('H1', 26, 4, 6),
('H1', 27, 4, 7),
('H1', 28, 4, 8),
('H1', 29, 4, 9),
('H1', 30, 4, 10),
('H1', 31, 4, 11),
('H1', 32, 4, 12),
('H1', 33, 5, 0),
('H1', 34, 5, 1),
('H1', 35, 5, 2),
('H1', 36, 5, 3),
('H1', 37, 5, 4),
('H1', 38, 6, 0),
('H1', 39, 6, 1),
('H1', 40, 6, 2),
('H1', 41, 7, 0),
('H1', 42, 7, 1),
('H1', 43, 7, 2),
('H1', 44, 7, 3),
('H1', 45, 7, 4),
('H1', 46, 8, 0),
('H1', 47, 9, 0),
('H1', 48, 9, 1),
('H1', 49, 9, 2),
('H1', 50, 9, 3),
('H1', 51, 10, 0),
('H1', 52, 10, 1),
('H1', 53, 10, 2),
('H1', 54, 10, 3),
('H1', 55, 10, 4),
('H1', 56, 10, 5),
('H1', 57, 10, 6),
('H1', 58, 10, 7),
('H1', 59, 10, 8),
('H1', 60, 11, 0),
('H1', 61, 11, 1),
('H1', 62, 11, 2),
('H1', 63, 11, 3),
('H1', 64, 11, 4),
('H1', 65, 11, 5),
('H1', 66, 11, 6),
('H1', 67, 11, 7),
('H1', 68, 11, 8),
('H1', 69, 11, 9),
('H1', 70, 11, 10),
('H1', 71, 11, 11),
('H1', 72, 11, 12),
('H1', 73, 11, 13),
('H1', 74, 11, 14),
('H1', 75, 11, 15),
('H1', 76, 11, 16),
('H1', 77, 11, 17),
('H1', 78, 11, 18),
('H1', 79, 11, 19),
('H1', 80, 11, 20),
('H1', 81, 11, 21),
('H1', 82, 11, 22),
('H1', 83, 11, 23),
('H1', 84, 11, 24),
('H1', 85, 11, 25),
('H1', 86, 11, 26),
('H1', 87, 11, 27),
('H1', 88, 11, 28),
('H1', 89, 11, 29),
('H1', 90, 11, 30),
('H1', 91, 11, 31),
('H1', 92, 12, 0),
('H1', 93, 12, 1),
('H1', 94, 12, 2),
('H1', 95, 12, 3),
('H1', 96, 12, 4),
('H1', 97, 12, 5),
('H1', 98, 13, 0),
('H1', 99, 13, 1),
('H1', 100, 13, 2),
('H1', 101, 13, 3),
('H1', 102, 13, 4),
('H1', 103, 13, 5),
('H1', 104, 13, 6),
('H1', 105, 13, 7),
('H1', 106, 13, 8),
('H1', 107, 13, 9),
('H1', 108, 13, 10),
('H1', 109, 13, 11),
('H1', 110, 13, 12),
('H1', 111, 14, 0),
('H1', 112, 14, 1),
('H1', 113, 14, 2),
('H1', 114, 14, 3),
('H1', 115, 14, 4),
('H1', 116, 14, 5),
('H1', 117, 14, 6),
('H1', 118, 14, 7),
('H1', 119, 14, 8),
('H1', 120, 14, 9),
('H1', 121, 14, 10),
('H1', 122, 14, 11),
('H1', 123, 15, 0),
('H1', 124, 15, 1),
('H1', 125, 15, 2),
('H1', 126, 15, 3),
('H1', 127, 16, 0),
('H1', 128, 16, 1),
('H1', 129, 16, 2),
('H1', 130, 17, 0),
('H1', 131, 17, 1),
('H1', 132, 17, 2),
('H1', 133, 17, 3),
('H1', 134, 17, 4),
('H1', 135, 18, 0),
('H1', 136, 18, 1),
('H1', 137, 18, 2),
('H1', 138, 18, 3),
('H1', 139, 19, 0),
('H1', 140, 19, 1),
('H1', 141, 19, 2),
('H1', 142, 19, 3),
('H1', 143, 19, 4),
('H1', 144, 20, 0),
('H1', 145, 20, 1),
('H1', 146, 20, 2),
('H1', 147, 20, 3),
('H1', 148, 20, 4),
('H1', 149, 20, 5),
('H1', 150, 21, 0),
('H1', 151, 21, 1),
('H1', 152, 21, 2),
('H1', 153, 21, 3),
('H1', 154, 21, 4),
('H1', 155, 21, 5),
('H1', 156, 21, 6),
('H1', 157, 21, 7),
('H1', 158, 21, 8),
('H1', 159, 21, 9),
('H1', 160, 22, 0),
('H1', 161, 22, 1),
('H1', 162, 22, 2),
('H1', 163, 22, 3),
('H1', 164, 22, 4),
('H1', 165, 22, 5),
('H1', 166, 23, 0),
('H1', 167, 23, 1),
('H1', 168, 23, 2),
('H1', 169, 23, 3),
('H1', 170, 24, 0),
('H1', 171, 24, 1),
('H1', 172, 24, 2),
('H1', 173, 25, 0),
('H1', 174, 25, 1),
('H1', 175, 25, 2),
('H1', 176, 25, 3),
('H1', 177, 25, 4),
('H1', 178, 25, 5),
('H1', 179, 26, 0),
('H1', 180, 26, 1),
('H1', 181, 26, 2),
('H1', 182, 27, 0),
('H1', 183, 27, 1),
('H1', 184, 27, 2),
('H1', 185, 27, 3),
('H1', 186, 28, 0),
('H1', 187, 28, 1),
('H1', 188, 28, 2),
('H1', 189, 28, 3),
('H1', 190, 29, 0),
('H1', 191, 29, 1),
('H1', 192, 29, 2),
('H1', 193, 29, 3),
('H1', 194, 30, 0),
('H1', 195, 30, 1),
('H1', 196, 30, 2),
('H1', 197, 30, 3),
('H1', 198, 30, 4),
('H1', 199, 30, 5),
('H1', 200, 30, 6),
('H1', 201, 30, 7),
('H1', 202, 30, 8),
('H1', 203, 30, 9),
('H1', 204, 30, 10),
('H1', 205, 30, 11),
('H1', 206, 30, 12),
('H1', 207, 30, 13),
('H1', 208, 30, 14),
('H1', 209, 30, 15),
('H1', 210, 31, 1),
('H1', 211, 31, 2),
('H1', 212, 31, 3),
('H1', 213, 31, 4),
('H1', 214, 32, 1),
('H1', 215, 32, 2),
('H1', 216, 32, 3),
('H1', 217, 32, 4),
('H1', 218, 32, 5),
('H1', 219, 32, 6),
('H1', 220, 33, 1),
('H1', 221, 33, 2),
('H1', 222, 33, 3),
('H1', 223, 34, 1),
('H1', 224, 34, 2),
('H1', 225, 34, 3),
('H1', 226, 35, 1),
('H1', 227, 35, 2),
('H1', 228, 35, 3),
('H1', 229, 36, 1),
('H1', 230, 36, 2),
('H1', 231, 36, 3),
('H1', 232, 36, 4),
('H1', 233, 36, 5),
('H1', 234, 36, 6),
('H1', 235, 37, 1),
('H1', 236, 37, 2),
('H1', 237, 38, 1),
('H1', 238, 38, 2),
('H1', 239, 38, 3),
('H1', 240, 38, 4),
('H1', 241, 39, 1),
('H1', 242, 39, 2),
('H1', 243, 39, 3),
('H1', 244, 39, 4),
('H1', 245, 40, 1),
('H1', 246, 40, 2),
('H1', 247, 40, 3),
('H1', 248, 40, 4),
('H1', 249, 41, 1),
('H1', 250, 41, 2),
('H1', 251, 41, 3),
('H1', 252, 41, 4),
('H1', 253, 41, 5),
('H1', 254, 41, 6),
('H1', 255, 41, 7),
('H1', 256, 41, 8),
('H1', 257, 41, 9),
('H1', 258, 41, 10),
('H1', 259, 41, 11),
('H1', 260, 42, 1),
('H1', 261, 42, 2),
('H1', 262, 42, 3),
('H1', 263, 42, 4),
('H1', 264, 42, 5),
('H1', 265, 42, 6),
('H1', 266, 42, 7),
('H1', 267, 42, 8),
('H1', 268, 42, 9),
('H1', 269, 43, 1),
('H1', 270, 43, 2),
('H1', 271, 43, 3),
('H1', 272, 43, 4),
('H1', 273, 44, 1),
('H1', 274, 44, 2),
('H1', 275, 44, 3),
('H1', 276, 44, 4),
('H1', 277, 45, 1),
('H1', 278, 45, 2),
('H1', 279, 45, 3),
('H1', 280, 45, 4),
('H1', 281, 45, 5),
('H1', 282, 45, 6),
('H1', 283, 45, 7),
('H1', 284, 45, 8),
('H1', 285, 45, 9),
('H1', 286, 45, 10),
('H1', 287, 45, 11),
('H1', 405, 56, 0),
('H1', 406, 56, 1),
('H1', 407, 56, 2),
('H2', 1, 1, 0),
('H2', 2, 1, 1),
('H2', 3, 1, 2),
('H2', 4, 1, 3),
('H2', 5, 1, 4),
('H2', 6, 1, 5),
('H2', 7, 1, 6),
('H2', 8, 1, 7),
('H2', 9, 1, 8),
('H2', 10, 1, 9),
('H2', 11, 1, 10),
('H2', 12, 2, 0),
('H2', 13, 2, 1),
('H2', 14, 3, 0),
('H2', 15, 3, 1),
('H2', 16, 3, 2),
('H2', 17, 3, 3),
('H2', 18, 3, 4),
('H2', 19, 3, 5),
('H2', 20, 4, 0),
('H2', 21, 4, 1),
('H2', 22, 4, 2),
('H2', 23, 4, 3),
('H2', 24, 4, 4),
('H2', 25, 4, 5),
('H2', 26, 4, 6),
('H2', 27, 4, 7),
('H2', 28, 4, 8),
('H2', 29, 4, 9),
('H2', 30, 4, 10),
('H2', 31, 4, 11),
('H2', 32, 4, 12),
('H2', 33, 5, 0),
('H2', 34, 5, 1),
('H2', 35, 5, 2),
('H2', 36, 5, 3),
('H2', 37, 5, 4),
('H2', 38, 6, 0),
('H2', 39, 6, 1),
('H2', 40, 6, 2),
('H2', 41, 7, 0),
('H2', 42, 7, 1),
('H2', 43, 7, 2),
('H2', 44, 7, 3),
('H2', 45, 7, 4),
('H2', 46, 8, 0),
('H2', 47, 9, 0),
('H2', 48, 9, 1),
('H2', 49, 9, 2),
('H2', 50, 9, 3),
('H2', 51, 10, 0),
('H2', 52, 10, 1),
('H2', 53, 10, 2),
('H2', 54, 10, 3),
('H2', 55, 10, 4),
('H2', 56, 10, 5),
('H2', 57, 10, 6),
('H2', 58, 10, 7),
('H2', 59, 10, 8),
('H2', 60, 11, 0),
('H2', 61, 11, 1),
('H2', 62, 11, 2),
('H2', 63, 11, 3),
('H2', 64, 11, 4),
('H2', 65, 11, 5),
('H2', 66, 11, 6),
('H2', 67, 11, 7),
('H2', 68, 11, 8),
('H2', 69, 11, 9),
('H2', 70, 11, 10),
('H2', 71, 11, 11),
('H2', 72, 11, 12),
('H2', 73, 11, 13),
('H2', 74, 11, 14),
('H2', 75, 11, 15),
('H2', 76, 11, 16),
('H2', 77, 11, 17),
('H2', 78, 11, 18),
('H2', 79, 11, 19),
('H2', 80, 11, 20),
('H2', 81, 11, 21),
('H2', 82, 11, 22),
('H2', 83, 11, 23),
('H2', 84, 11, 24),
('H2', 85, 11, 25),
('H2', 86, 11, 26),
('H2', 87, 11, 27),
('H2', 88, 11, 28),
('H2', 89, 11, 29),
('H2', 90, 11, 30),
('H2', 91, 11, 31),
('H2', 92, 12, 0),
('H2', 93, 12, 1),
('H2', 94, 12, 2),
('H2', 95, 12, 3),
('H2', 96, 12, 4),
('H2', 97, 12, 5),
('H2', 98, 13, 0),
('H2', 99, 13, 1),
('H2', 100, 13, 2),
('H2', 101, 13, 3),
('H2', 102, 13, 4),
('H2', 103, 13, 5),
('H2', 104, 13, 6),
('H2', 105, 13, 7),
('H2', 106, 13, 8),
('H2', 107, 13, 9),
('H2', 108, 13, 10),
('H2', 109, 13, 11),
('H2', 110, 13, 12),
('H2', 111, 14, 0),
('H2', 112, 14, 1),
('H2', 113, 14, 2),
('H2', 114, 14, 3),
('H2', 115, 14, 4),
('H2', 116, 14, 5),
('H2', 117, 14, 6),
('H2', 118, 14, 7),
('H2', 119, 14, 8),
('H2', 120, 14, 9),
('H2', 121, 14, 10),
('H2', 122, 14, 11),
('H2', 123, 15, 0),
('H2', 124, 15, 1),
('H2', 125, 15, 2),
('H2', 126, 15, 3),
('H2', 127, 16, 0),
('H2', 128, 16, 1),
('H2', 129, 16, 2),
('H2', 130, 17, 0),
('H2', 131, 17, 1),
('H2', 132, 17, 2),
('H2', 133, 17, 3),
('H2', 134, 17, 4),
('H2', 135, 18, 0),
('H2', 136, 18, 1),
('H2', 137, 18, 2),
('H2', 138, 18, 3),
('H2', 139, 19, 0),
('H2', 140, 19, 1),
('H2', 141, 19, 2),
('H2', 142, 19, 3),
('H2', 143, 19, 4),
('H2', 144, 20, 0),
('H2', 145, 20, 1),
('H2', 146, 20, 2),
('H2', 147, 20, 3),
('H2', 148, 20, 4),
('H2', 149, 20, 5),
('H2', 150, 21, 0),
('H2', 151, 21, 1),
('H2', 152, 21, 2),
('H2', 153, 21, 3),
('H2', 154, 21, 4),
('H2', 155, 21, 5),
('H2', 156, 21, 6),
('H2', 157, 21, 7),
('H2', 158, 21, 8),
('H2', 159, 21, 9),
('H2', 160, 22, 0),
('H2', 161, 22, 1),
('H2', 162, 22, 2),
('H2', 163, 22, 3),
('H2', 164, 22, 4),
('H2', 165, 22, 5),
('H2', 166, 23, 0),
('H2', 167, 23, 1),
('H2', 168, 23, 2),
('H2', 169, 23, 3),
('H2', 170, 24, 0),
('H2', 171, 24, 1),
('H2', 172, 24, 2),
('H2', 173, 25, 0),
('H2', 174, 25, 1),
('H2', 175, 25, 2),
('H2', 176, 25, 3),
('H2', 177, 25, 4),
('H2', 178, 25, 5),
('H2', 179, 26, 0),
('H2', 180, 26, 1),
('H2', 181, 26, 2),
('H2', 182, 27, 0),
('H2', 183, 27, 1),
('H2', 184, 27, 2),
('H2', 185, 27, 3),
('H2', 186, 28, 0),
('H2', 187, 28, 1),
('H2', 188, 28, 2),
('H2', 189, 28, 3),
('H2', 190, 29, 0),
('H2', 191, 29, 1),
('H2', 192, 29, 2),
('H2', 193, 29, 3),
('H2', 194, 30, 0),
('H2', 195, 30, 1),
('H2', 196, 30, 2),
('H2', 197, 30, 3),
('H2', 198, 30, 4),
('H2', 199, 30, 5),
('H2', 200, 30, 6),
('H2', 201, 30, 7),
('H2', 202, 30, 8),
('H2', 203, 30, 9),
('H2', 204, 30, 10),
('H2', 205, 30, 11),
('H2', 206, 30, 12),
('H2', 207, 30, 13),
('H2', 208, 30, 14),
('H2', 209, 30, 15),
('H2', 210, 31, 1),
('H2', 211, 31, 2),
('H2', 212, 31, 3),
('H2', 213, 31, 4),
('H2', 214, 32, 1),
('H2', 215, 32, 2),
('H2', 216, 32, 3),
('H2', 217, 32, 4),
('H2', 218, 32, 5),
('H2', 219, 32, 6),
('H2', 220, 33, 1),
('H2', 221, 33, 2),
('H2', 222, 33, 3),
('H2', 223, 34, 1),
('H2', 224, 34, 2),
('H2', 225, 34, 3),
('H2', 226, 35, 1),
('H2', 227, 35, 2),
('H2', 228, 35, 3),
('H2', 229, 36, 1),
('H2', 230, 36, 2),
('H2', 231, 36, 3),
('H2', 232, 36, 4),
('H2', 233, 36, 5),
('H2', 234, 36, 6),
('H2', 235, 37, 1),
('H2', 236, 37, 2),
('H2', 237, 38, 1),
('H2', 238, 38, 2),
('H2', 239, 38, 3),
('H2', 240, 38, 4),
('H2', 241, 39, 1),
('H2', 242, 39, 2),
('H2', 243, 39, 3),
('H2', 244, 39, 4),
('H2', 245, 40, 1),
('H2', 246, 40, 2),
('H2', 247, 40, 3),
('H2', 248, 40, 4),
('H2', 249, 41, 1),
('H2', 250, 41, 2),
('H2', 251, 41, 3),
('H2', 252, 41, 4),
('H2', 253, 41, 5),
('H2', 254, 41, 6),
('H2', 255, 41, 7),
('H2', 256, 41, 8),
('H2', 257, 41, 9),
('H2', 258, 41, 10),
('H2', 259, 41, 11),
('H2', 260, 42, 1),
('H2', 261, 42, 2),
('H2', 262, 42, 3),
('H2', 263, 42, 4),
('H2', 264, 42, 5),
('H2', 265, 42, 6),
('H2', 266, 42, 7),
('H2', 267, 42, 8),
('H2', 268, 42, 9),
('H2', 269, 43, 1),
('H2', 270, 43, 2),
('H2', 271, 43, 3),
('H2', 272, 43, 4),
('H2', 273, 44, 1),
('H2', 274, 44, 2),
('H2', 275, 44, 3),
('H2', 276, 44, 4),
('H2', 277, 45, 1),
('H2', 278, 45, 2),
('H2', 279, 45, 3),
('H2', 280, 45, 4),
('H2', 281, 45, 5),
('H2', 282, 45, 6),
('H2', 283, 45, 7),
('H2', 284, 45, 8),
('H2', 285, 45, 9),
('H2', 286, 45, 10),
('H2', 287, 45, 11),
('H2', 405, 56, 0),
('H2', 406, 56, 1),
('H2', 407, 56, 2),
('H6', 1, 1, 0),
('H6', 2, 1, 1),
('H6', 3, 1, 2),
('H6', 4, 1, 3),
('H6', 5, 1, 4),
('H6', 6, 1, 5),
('H6', 7, 1, 6),
('H6', 8, 1, 7),
('H6', 9, 1, 8),
('H6', 10, 1, 9),
('H6', 11, 1, 10),
('H6', 12, 2, 0),
('H6', 13, 2, 1),
('H6', 14, 3, 0),
('H6', 15, 3, 1),
('H6', 16, 3, 2),
('H6', 17, 3, 3),
('H6', 18, 3, 4),
('H6', 19, 3, 5),
('H6', 20, 4, 0),
('H6', 21, 4, 1),
('H6', 22, 4, 2),
('H6', 23, 4, 3),
('H6', 24, 4, 4),
('H6', 25, 4, 5),
('H6', 26, 4, 6),
('H6', 27, 4, 7),
('H6', 28, 4, 8),
('H6', 29, 4, 9),
('H6', 30, 4, 10),
('H6', 31, 4, 11),
('H6', 32, 4, 12),
('H6', 33, 5, 0),
('H6', 34, 5, 1),
('H6', 35, 5, 2),
('H6', 36, 5, 3),
('H6', 37, 5, 4),
('H6', 38, 6, 0),
('H6', 39, 6, 1),
('H6', 40, 6, 2),
('H6', 41, 7, 0),
('H6', 42, 7, 1),
('H6', 43, 7, 2),
('H6', 44, 7, 3),
('H6', 45, 7, 4),
('H6', 46, 8, 0),
('H6', 47, 9, 0),
('H6', 48, 9, 1),
('H6', 49, 9, 2),
('H6', 50, 9, 3),
('H6', 51, 10, 0),
('H6', 52, 10, 1),
('H6', 53, 10, 2),
('H6', 54, 10, 3),
('H6', 55, 10, 4),
('H6', 56, 10, 5),
('H6', 57, 10, 6),
('H6', 58, 10, 7),
('H6', 59, 10, 8),
('H6', 60, 11, 0),
('H6', 61, 11, 1),
('H6', 62, 11, 2),
('H6', 63, 11, 3),
('H6', 64, 11, 4),
('H6', 65, 11, 5),
('H6', 66, 11, 6),
('H6', 67, 11, 7),
('H6', 68, 11, 8),
('H6', 69, 11, 9),
('H6', 70, 11, 10),
('H6', 71, 11, 11),
('H6', 72, 11, 12),
('H6', 73, 11, 13),
('H6', 74, 11, 14),
('H6', 75, 11, 15),
('H6', 76, 11, 16),
('H6', 77, 11, 17),
('H6', 78, 11, 18),
('H6', 79, 11, 19),
('H6', 80, 11, 20),
('H6', 81, 11, 21),
('H6', 82, 11, 22),
('H6', 83, 11, 23),
('H6', 84, 11, 24),
('H6', 85, 11, 25),
('H6', 86, 11, 26),
('H6', 87, 11, 27),
('H6', 88, 11, 28),
('H6', 89, 11, 29),
('H6', 90, 11, 30),
('H6', 91, 11, 31),
('H6', 92, 12, 0),
('H6', 93, 12, 1),
('H6', 94, 12, 2),
('H6', 95, 12, 3),
('H6', 96, 12, 4),
('H6', 97, 12, 5),
('H6', 98, 13, 0),
('H6', 99, 13, 1),
('H6', 100, 13, 2),
('H6', 101, 13, 3),
('H6', 102, 13, 4),
('H6', 103, 13, 5),
('H6', 104, 13, 6),
('H6', 105, 13, 7),
('H6', 106, 13, 8),
('H6', 107, 13, 9),
('H6', 108, 13, 10),
('H6', 109, 13, 11),
('H6', 110, 13, 12),
('H6', 111, 14, 0),
('H6', 112, 14, 1),
('H6', 113, 14, 2),
('H6', 114, 14, 3),
('H6', 115, 14, 4),
('H6', 116, 14, 5),
('H6', 117, 14, 6),
('H6', 118, 14, 7),
('H6', 119, 14, 8),
('H6', 120, 14, 9),
('H6', 121, 14, 10),
('H6', 122, 14, 11),
('H6', 123, 15, 0),
('H6', 124, 15, 1),
('H6', 125, 15, 2),
('H6', 126, 15, 3),
('H6', 127, 16, 0),
('H6', 128, 16, 1),
('H6', 129, 16, 2),
('H6', 130, 17, 0),
('H6', 131, 17, 1),
('H6', 132, 17, 2),
('H6', 133, 17, 3),
('H6', 134, 17, 4),
('H6', 135, 18, 0),
('H6', 136, 18, 1),
('H6', 137, 18, 2),
('H6', 138, 18, 3),
('H6', 139, 19, 0),
('H6', 140, 19, 1),
('H6', 141, 19, 2),
('H6', 142, 19, 3),
('H6', 143, 19, 4),
('H6', 144, 20, 0),
('H6', 145, 20, 1),
('H6', 146, 20, 2),
('H6', 147, 20, 3),
('H6', 148, 20, 4),
('H6', 149, 20, 5),
('H6', 150, 21, 0),
('H6', 151, 21, 1),
('H6', 152, 21, 2),
('H6', 153, 21, 3),
('H6', 154, 21, 4),
('H6', 155, 21, 5),
('H6', 156, 21, 6),
('H6', 157, 21, 7),
('H6', 158, 21, 8),
('H6', 159, 21, 9),
('H6', 160, 22, 0),
('H6', 161, 22, 1),
('H6', 162, 22, 2),
('H6', 163, 22, 3),
('H6', 164, 22, 4),
('H6', 165, 22, 5),
('H6', 166, 23, 0),
('H6', 167, 23, 1),
('H6', 168, 23, 2),
('H6', 169, 23, 3),
('H6', 170, 24, 0),
('H6', 171, 24, 1),
('H6', 172, 24, 2),
('H6', 173, 25, 0),
('H6', 174, 25, 1),
('H6', 175, 25, 2),
('H6', 176, 25, 3),
('H6', 177, 25, 4),
('H6', 178, 25, 5),
('H6', 179, 26, 0),
('H6', 180, 26, 1),
('H6', 181, 26, 2),
('H6', 182, 27, 0),
('H6', 183, 27, 1),
('H6', 184, 27, 2),
('H6', 185, 27, 3),
('H6', 186, 28, 0),
('H6', 187, 28, 1),
('H6', 188, 28, 2),
('H6', 189, 28, 3),
('H6', 190, 29, 0),
('H6', 191, 29, 1),
('H6', 192, 29, 2),
('H6', 193, 29, 3),
('H6', 194, 30, 0),
('H6', 195, 30, 1),
('H6', 196, 30, 2),
('H6', 197, 30, 3),
('H6', 198, 30, 4),
('H6', 199, 30, 5),
('H6', 200, 30, 6),
('H6', 201, 30, 7),
('H6', 202, 30, 8),
('H6', 203, 30, 9),
('H6', 204, 30, 10),
('H6', 205, 30, 11),
('H6', 206, 30, 12),
('H6', 207, 30, 13),
('H6', 208, 30, 14),
('H6', 209, 30, 15),
('H6', 210, 31, 1),
('H6', 211, 31, 2),
('H6', 212, 31, 3),
('H6', 213, 31, 4),
('H6', 214, 32, 1),
('H6', 215, 32, 2),
('H6', 216, 32, 3),
('H6', 217, 32, 4),
('H6', 218, 32, 5),
('H6', 219, 32, 6),
('H6', 220, 33, 1),
('H6', 221, 33, 2),
('H6', 222, 33, 3),
('H6', 223, 34, 1),
('H6', 224, 34, 2),
('H6', 225, 34, 3),
('H6', 226, 35, 1),
('H6', 227, 35, 2),
('H6', 228, 35, 3),
('H6', 229, 36, 1),
('H6', 230, 36, 2),
('H6', 231, 36, 3),
('H6', 232, 36, 4),
('H6', 233, 36, 5),
('H6', 234, 36, 6),
('H6', 235, 37, 1),
('H6', 236, 37, 2),
('H6', 237, 38, 1),
('H6', 238, 38, 2),
('H6', 239, 38, 3),
('H6', 240, 38, 4),
('H6', 241, 39, 1),
('H6', 242, 39, 2),
('H6', 243, 39, 3),
('H6', 244, 39, 4),
('H6', 245, 40, 1),
('H6', 246, 40, 2),
('H6', 247, 40, 3),
('H6', 248, 40, 4),
('H6', 249, 41, 1),
('H6', 250, 41, 2),
('H6', 251, 41, 3),
('H6', 252, 41, 4),
('H6', 253, 41, 5),
('H6', 254, 41, 6),
('H6', 255, 41, 7),
('H6', 256, 41, 8),
('H6', 257, 41, 9),
('H6', 258, 41, 10),
('H6', 259, 41, 11),
('H6', 260, 42, 1),
('H6', 261, 42, 2),
('H6', 262, 42, 3),
('H6', 263, 42, 4),
('H6', 264, 42, 5),
('H6', 265, 42, 6),
('H6', 266, 42, 7),
('H6', 267, 42, 8),
('H6', 268, 42, 9),
('H6', 269, 43, 1),
('H6', 270, 43, 2),
('H6', 271, 43, 3),
('H6', 272, 43, 4),
('H6', 273, 44, 1),
('H6', 274, 44, 2),
('H6', 275, 44, 3),
('H6', 276, 44, 4),
('H6', 277, 45, 1),
('H6', 278, 45, 2),
('H6', 279, 45, 3),
('H6', 280, 45, 4),
('H6', 281, 45, 5),
('H6', 282, 45, 6),
('H6', 283, 45, 7),
('H6', 284, 45, 8),
('H6', 285, 45, 9),
('H6', 286, 45, 10),
('H6', 287, 45, 11),
('H6', 405, 56, 0),
('H6', 406, 56, 1),
('H6', 407, 56, 2);

-- --------------------------------------------------------

--
-- Table structure for table `vtiger_role2profile`
--

CREATE TABLE IF NOT EXISTS `vtiger_role2profile` (
  `roleid` varchar(255) NOT NULL,
  `profileid` int(11) NOT NULL,
  PRIMARY KEY (`roleid`,`profileid`),
  KEY `role2profile_roleid_profileid_idx` (`roleid`,`profileid`)
) ENGINE=InnoDB DEFAULT CHARSET=utf8;

--
-- Dumping data for table `vtiger_role2profile`
--

INSERT INTO `vtiger_role2profile` (`roleid`, `profileid`) VALUES
('H2', 1),
('H6', 5);

-- --------------------------------------------------------

--
-- Table structure for table `vtiger_role_seq`
--

CREATE TABLE IF NOT EXISTS `vtiger_role_seq` (
  `id` int(11) NOT NULL
) ENGINE=InnoDB DEFAULT CHARSET=utf8;

--
-- Dumping data for table `vtiger_role_seq`
--

INSERT INTO `vtiger_role_seq` (`id`) VALUES
(6);

-- --------------------------------------------------------

--
-- Table structure for table `vtiger_rss`
--

CREATE TABLE IF NOT EXISTS `vtiger_rss` (
  `rssid` int(19) NOT NULL,
  `rssurl` varchar(200) NOT NULL DEFAULT '',
  `rsstitle` varchar(200) DEFAULT NULL,
  `rsstype` int(10) DEFAULT '0',
  `starred` int(1) DEFAULT '0',
  PRIMARY KEY (`rssid`)
) ENGINE=InnoDB DEFAULT CHARSET=utf8;

--
-- Dumping data for table `vtiger_rss`
--

INSERT INTO `vtiger_rss` (`rssid`, `rssurl`, `rsstitle`, `rsstype`, `starred`) VALUES
(1, 'http://forums.vtiger.com/rss.php?name=forums&file=rss', 'vtiger - Forums', 0, 0),
(2, 'http://trac.vtiger.com/cgi-bin/trac.cgi/report/8?format=rss&USER=anonymous', 'vtiger development - Active Tickets', 0, 0);

-- --------------------------------------------------------

--
-- Table structure for table `vtiger_rss_seq`
--

CREATE TABLE IF NOT EXISTS `vtiger_rss_seq` (
  `id` int(11) NOT NULL
) ENGINE=InnoDB DEFAULT CHARSET=utf8;

--
-- Dumping data for table `vtiger_rss_seq`
--

INSERT INTO `vtiger_rss_seq` (`id`) VALUES
(2);

-- --------------------------------------------------------

--
-- Table structure for table `vtiger_salesmanactivityrel`
--

CREATE TABLE IF NOT EXISTS `vtiger_salesmanactivityrel` (
  `smid` int(19) NOT NULL DEFAULT '0',
  `activityid` int(19) NOT NULL DEFAULT '0',
  PRIMARY KEY (`smid`,`activityid`),
  KEY `salesmanactivityrel_activityid_idx` (`activityid`),
  KEY `salesmanactivityrel_smid_idx` (`smid`)
) ENGINE=InnoDB DEFAULT CHARSET=utf8;

--
-- Dumping data for table `vtiger_salesmanactivityrel`
--

INSERT INTO `vtiger_salesmanactivityrel` (`smid`, `activityid`) VALUES
(1, 116),
(1, 117),
(1, 118),
(1, 119),
(1, 120),
(1, 121);

-- --------------------------------------------------------

--
-- Table structure for table `vtiger_salesmanattachmentsrel`
--

CREATE TABLE IF NOT EXISTS `vtiger_salesmanattachmentsrel` (
  `smid` int(19) NOT NULL DEFAULT '0',
  `attachmentsid` int(19) NOT NULL DEFAULT '0',
  PRIMARY KEY (`smid`,`attachmentsid`),
  KEY `salesmanattachmentsrel_smid_idx` (`smid`),
  KEY `salesmanattachmentsrel_attachmentsid_idx` (`attachmentsid`)
) ENGINE=InnoDB DEFAULT CHARSET=utf8;

-- --------------------------------------------------------

--
-- Table structure for table `vtiger_salesmanticketrel`
--

CREATE TABLE IF NOT EXISTS `vtiger_salesmanticketrel` (
  `smid` int(19) NOT NULL DEFAULT '0',
  `id` int(19) NOT NULL DEFAULT '0',
  PRIMARY KEY (`smid`,`id`),
  KEY `salesmanticketrel_smid_idx` (`smid`),
  KEY `salesmanticketrel_id_idx` (`id`)
) ENGINE=InnoDB DEFAULT CHARSET=utf8;

-- --------------------------------------------------------

--
-- Table structure for table `vtiger_salesorder`
--

CREATE TABLE IF NOT EXISTS `vtiger_salesorder` (
  `salesorderid` int(19) NOT NULL DEFAULT '0',
  `subject` varchar(100) DEFAULT NULL,
  `potentialid` int(19) DEFAULT NULL,
  `customerno` varchar(100) DEFAULT NULL,
  `salesorder_no` varchar(100) DEFAULT NULL,
  `quoteid` int(19) DEFAULT NULL,
  `vendorterms` varchar(100) DEFAULT NULL,
  `contactid` int(19) DEFAULT NULL,
  `vendorid` int(19) DEFAULT NULL,
  `duedate` date DEFAULT NULL,
  `carrier` varchar(200) DEFAULT NULL,
  `pending` varchar(200) DEFAULT NULL,
  `type` varchar(100) DEFAULT NULL,
  `adjustment` decimal(25,3) DEFAULT NULL,
  `salescommission` decimal(25,3) DEFAULT NULL,
  `exciseduty` decimal(25,3) DEFAULT NULL,
  `total` decimal(25,3) DEFAULT NULL,
  `subtotal` decimal(25,3) DEFAULT NULL,
  `taxtype` varchar(25) DEFAULT NULL,
  `discount_percent` decimal(25,3) DEFAULT NULL,
  `discount_amount` decimal(25,3) DEFAULT NULL,
  `s_h_amount` decimal(25,3) DEFAULT NULL,
  `accountid` int(19) DEFAULT NULL,
  `terms_conditions` text,
  `purchaseorder` varchar(200) DEFAULT NULL,
  `sostatus` varchar(200) DEFAULT NULL,
  `currency_id` int(19) NOT NULL DEFAULT '1',
  `conversion_rate` decimal(10,3) NOT NULL DEFAULT '1.000',
  `enable_recurring` int(11) DEFAULT '0',
  PRIMARY KEY (`salesorderid`),
  KEY `salesorder_vendorid_idx` (`vendorid`),
  KEY `salesorder_contactid_idx` (`contactid`)
) ENGINE=InnoDB DEFAULT CHARSET=utf8;

--
-- Dumping data for table `vtiger_salesorder`
--

INSERT INTO `vtiger_salesorder` (`salesorderid`, `subject`, `potentialid`, `customerno`, `salesorder_no`, `quoteid`, `vendorterms`, `contactid`, `vendorid`, `duedate`, `carrier`, `pending`, `type`, `adjustment`, `salescommission`, `exciseduty`, `total`, `subtotal`, `taxtype`, `discount_percent`, `discount_amount`, `s_h_amount`, `accountid`, `terms_conditions`, `purchaseorder`, `sostatus`, `currency_id`, `conversion_rate`, `enable_recurring`) VALUES
(79, 'SO_vtiger', 0, '', 'SO1', 76, NULL, 31, NULL, '2007-04-21', 'FedEx', '', NULL, '100.000', '0.000', '0.000', '1080.000', '1030.000', 'individual', '0.000', '100.000', '50.000', 2, '', '', 'Approved', 1, '1.000', 0),
(80, 'SO_zoho', 0, '', 'SO2', 78, NULL, 29, NULL, '2007-05-29', 'UPS', '', NULL, '100.000', '0.000', '0.000', '1080.000', '1030.000', 'individual', '0.000', '100.000', '50.000', 14, '', '', 'Delivered', 1, '1.000', 0),
(81, 'SO_vtiger5usrp', 0, '', 'SO3', 78, NULL, 25, NULL, '2007-08-11', 'USPS', '', NULL, '100.000', '0.000', '0.000', '1080.000', '1030.000', 'individual', '0.000', '100.000', '50.000', 4, '', '', 'Approved', 1, '1.000', 0),
(82, 'SO_vt100usrpk', 0, '', 'SO4', 76, NULL, 28, NULL, '2007-09-09', 'DHL', '', NULL, '100.000', '0.000', '0.000', '1080.000', '1030.000', 'individual', '0.000', '100.000', '50.000', 2, '', '', 'Cancelled', 1, '1.000', 0),
(83, 'SO_vendtl', 0, '', 'SO5', 76, NULL, 31, NULL, '2007-02-28', 'BlueDart', '', NULL, '100.000', '0.000', '0.000', '1080.000', '1030.000', 'individual', '0.000', '100.000', '50.000', 12, '', '', 'Approved', 1, '1.000', 0);

-- --------------------------------------------------------

--
-- Table structure for table `vtiger_salesordercf`
--

CREATE TABLE IF NOT EXISTS `vtiger_salesordercf` (
  `salesorderid` int(19) NOT NULL DEFAULT '0',
  PRIMARY KEY (`salesorderid`)
) ENGINE=InnoDB DEFAULT CHARSET=utf8;

--
-- Dumping data for table `vtiger_salesordercf`
--

INSERT INTO `vtiger_salesordercf` (`salesorderid`) VALUES
(79),
(80),
(81),
(82),
(83);

-- --------------------------------------------------------

--
-- Table structure for table `vtiger_sales_stage`
--

CREATE TABLE IF NOT EXISTS `vtiger_sales_stage` (
  `sales_stage_id` int(19) NOT NULL AUTO_INCREMENT,
  `sales_stage` varchar(200) DEFAULT NULL,
  `presence` int(1) NOT NULL DEFAULT '1',
  `picklist_valueid` int(19) NOT NULL DEFAULT '0',
  PRIMARY KEY (`sales_stage_id`)
) ENGINE=InnoDB  DEFAULT CHARSET=utf8 AUTO_INCREMENT=11 ;

--
-- Dumping data for table `vtiger_sales_stage`
--

INSERT INTO `vtiger_sales_stage` (`sales_stage_id`, `sales_stage`, `presence`, `picklist_valueid`) VALUES
(1, 'Prospecting', 1, 150),
(2, 'Qualification', 1, 151),
(3, 'Needs Analysis', 1, 152),
(4, 'Value Proposition', 1, 153),
(5, 'Id. Decision Makers', 1, 154),
(6, 'Perception Analysis', 1, 155),
(7, 'Proposal/Price Quote', 1, 156),
(8, 'Negotiation/Review', 1, 157),
(9, 'Closed Won', 0, 158),
(10, 'Closed Lost', 0, 159);

-- --------------------------------------------------------

--
-- Table structure for table `vtiger_sales_stage_seq`
--

CREATE TABLE IF NOT EXISTS `vtiger_sales_stage_seq` (
  `id` int(11) NOT NULL
) ENGINE=InnoDB DEFAULT CHARSET=utf8;

--
-- Dumping data for table `vtiger_sales_stage_seq`
--

INSERT INTO `vtiger_sales_stage_seq` (`id`) VALUES
(10);

-- --------------------------------------------------------

--
-- Table structure for table `vtiger_salutationtype`
--

CREATE TABLE IF NOT EXISTS `vtiger_salutationtype` (
  `salutationid` int(19) NOT NULL AUTO_INCREMENT,
  `salutationtype` varchar(200) NOT NULL,
  `presence` int(1) NOT NULL DEFAULT '1',
  `picklist_valueid` int(19) NOT NULL DEFAULT '0',
  PRIMARY KEY (`salutationid`)
) ENGINE=InnoDB  DEFAULT CHARSET=utf8 AUTO_INCREMENT=7 ;

--
-- Dumping data for table `vtiger_salutationtype`
--

INSERT INTO `vtiger_salutationtype` (`salutationid`, `salutationtype`, `presence`, `picklist_valueid`) VALUES
(1, '--None--', 1, 160),
(2, 'Mr.', 1, 161),
(3, 'Ms.', 1, 162),
(4, 'Mrs.', 1, 163),
(5, 'Dr.', 1, 164),
(6, 'Prof.', 1, 165);

-- --------------------------------------------------------

--
-- Table structure for table `vtiger_salutationtype_seq`
--

CREATE TABLE IF NOT EXISTS `vtiger_salutationtype_seq` (
  `id` int(11) NOT NULL
) ENGINE=InnoDB DEFAULT CHARSET=utf8;

--
-- Dumping data for table `vtiger_salutationtype_seq`
--

INSERT INTO `vtiger_salutationtype_seq` (`id`) VALUES
(6);

-- --------------------------------------------------------

--
-- Table structure for table `vtiger_scheduled_reports`
--

CREATE TABLE IF NOT EXISTS `vtiger_scheduled_reports` (
  `reportid` int(11) NOT NULL,
  `recipients` text,
  `schedule` text,
  `format` varchar(10) DEFAULT NULL,
  `next_trigger_time` timestamp NOT NULL DEFAULT CURRENT_TIMESTAMP ON UPDATE CURRENT_TIMESTAMP,
  PRIMARY KEY (`reportid`)
) ENGINE=InnoDB DEFAULT CHARSET=utf8;

-- --------------------------------------------------------

--
-- Table structure for table `vtiger_seactivityrel`
--

CREATE TABLE IF NOT EXISTS `vtiger_seactivityrel` (
  `crmid` int(19) NOT NULL,
  `activityid` int(19) NOT NULL,
  PRIMARY KEY (`crmid`,`activityid`),
  KEY `seactivityrel_activityid_idx` (`activityid`),
  KEY `seactivityrel_crmid_idx` (`crmid`)
) ENGINE=InnoDB DEFAULT CHARSET=utf8;

--
-- Dumping data for table `vtiger_seactivityrel`
--

INSERT INTO `vtiger_seactivityrel` (`crmid`, `activityid`) VALUES
(236, 260);

-- --------------------------------------------------------

--
-- Table structure for table `vtiger_seactivityrel_seq`
--

CREATE TABLE IF NOT EXISTS `vtiger_seactivityrel_seq` (
  `id` int(11) NOT NULL
) ENGINE=InnoDB DEFAULT CHARSET=utf8;

--
-- Dumping data for table `vtiger_seactivityrel_seq`
--

INSERT INTO `vtiger_seactivityrel_seq` (`id`) VALUES
(1);

-- --------------------------------------------------------

--
-- Table structure for table `vtiger_seattachmentsrel`
--

CREATE TABLE IF NOT EXISTS `vtiger_seattachmentsrel` (
  `crmid` int(19) NOT NULL DEFAULT '0',
  `attachmentsid` int(19) NOT NULL DEFAULT '0',
  PRIMARY KEY (`crmid`,`attachmentsid`),
  KEY `seattachmentsrel_attachmentsid_idx` (`attachmentsid`),
  KEY `seattachmentsrel_crmid_idx` (`crmid`),
  KEY `seattachmentsrel_attachmentsid_crmid_idx` (`attachmentsid`,`crmid`)
) ENGINE=InnoDB DEFAULT CHARSET=utf8;

-- --------------------------------------------------------

--
-- Table structure for table `vtiger_selectcolumn`
--

CREATE TABLE IF NOT EXISTS `vtiger_selectcolumn` (
  `queryid` int(19) NOT NULL,
  `columnindex` int(11) NOT NULL DEFAULT '0',
  `columnname` varchar(250) DEFAULT '',
  PRIMARY KEY (`queryid`,`columnindex`),
  KEY `selectcolumn_queryid_idx` (`queryid`)
) ENGINE=InnoDB DEFAULT CHARSET=utf8;

--
-- Dumping data for table `vtiger_selectcolumn`
--

INSERT INTO `vtiger_selectcolumn` (`queryid`, `columnindex`, `columnname`) VALUES
(1, 0, 'vtiger_contactdetails:firstname:Contacts_First_Name:firstname:V'),
(1, 1, 'vtiger_contactdetails:lastname:Contacts_Last_Name:lastname:V'),
(1, 2, 'vtiger_contactsubdetails:leadsource:Contacts_Lead_Source:leadsource:V'),
(1, 3, 'vtiger_contactdetails:accountid:Contacts_Account_Name:account_id:V'),
(1, 4, 'vtiger_account:industry:Accounts_industry:industry:V'),
(1, 5, 'vtiger_contactdetails:email:Contacts_Email:email:E'),
(2, 0, 'vtiger_contactdetails:firstname:Contacts_First_Name:firstname:V'),
(2, 1, 'vtiger_contactdetails:lastname:Contacts_Last_Name:lastname:V'),
(2, 2, 'vtiger_contactsubdetails:leadsource:Contacts_Lead_Source:leadsource:V'),
(2, 3, 'vtiger_contactdetails:accountid:Contacts_Account_Name:account_id:V'),
(2, 4, 'vtiger_account:industry:Accounts_industry:industry:V'),
(2, 5, 'vtiger_contactdetails:email:Contacts_Email:email:E'),
(3, 0, 'vtiger_contactdetails:firstname:Contacts_First_Name:firstname:V'),
(3, 1, 'vtiger_contactdetails:lastname:Contacts_Last_Name:lastname:V'),
(3, 2, 'vtiger_contactdetails:accountid:Contacts_Account_Name:account_id:V'),
(3, 3, 'vtiger_contactdetails:email:Contacts_Email:email:E'),
(3, 4, 'vtiger_potential:potentialname:Potentials_Potential_Name:potentialname:V'),
(3, 5, 'vtiger_potential:sales_stage:Potentials_Sales_Stage:sales_stage:V'),
(4, 0, 'vtiger_leaddetails:firstname:Leads_First_Name:firstname:V'),
(4, 1, 'vtiger_leaddetails:lastname:Leads_Last_Name:lastname:V'),
(4, 2, 'vtiger_leaddetails:company:Leads_Company:company:V'),
(4, 3, 'vtiger_leaddetails:email:Leads_Email:email:E'),
(4, 4, 'vtiger_leaddetails:leadsource:Leads_Lead_Source:leadsource:V'),
(5, 0, 'vtiger_leaddetails:firstname:Leads_First_Name:firstname:V'),
(5, 1, 'vtiger_leaddetails:lastname:Leads_Last_Name:lastname:V'),
(5, 2, 'vtiger_leaddetails:company:Leads_Company:company:V'),
(5, 3, 'vtiger_leaddetails:email:Leads_Email:email:E'),
(5, 4, 'vtiger_leaddetails:leadsource:Leads_Lead_Source:leadsource:V'),
(5, 5, 'vtiger_leaddetails:leadstatus:Leads_Lead_Status:leadstatus:V'),
(6, 0, 'vtiger_potential:potentialname:Potentials_Potential_Name:potentialname:V'),
(6, 1, 'vtiger_potential:amount:Potentials_Amount:amount:N'),
(6, 2, 'vtiger_potential:potentialtype:Potentials_Type:opportunity_type:V'),
(6, 3, 'vtiger_potential:leadsource:Potentials_Lead_Source:leadsource:V'),
(6, 4, 'vtiger_potential:sales_stage:Potentials_Sales_Stage:sales_stage:V'),
(7, 0, 'vtiger_potential:potentialname:Potentials_Potential_Name:potentialname:V'),
(7, 1, 'vtiger_potential:amount:Potentials_Amount:amount:N'),
(7, 2, 'vtiger_potential:potentialtype:Potentials_Type:opportunity_type:V'),
(7, 3, 'vtiger_potential:leadsource:Potentials_Lead_Source:leadsource:V'),
(7, 4, 'vtiger_potential:sales_stage:Potentials_Sales_Stage:sales_stage:V'),
(8, 0, 'vtiger_activity:subject:Calendar_Subject:subject:V'),
(8, 1, 'vtiger_contactdetailsCalendar:lastname:Calendar_Contact_Name:contact_id:I'),
(8, 2, 'vtiger_activity:status:Calendar_Status:taskstatus:V'),
(8, 3, 'vtiger_activity:priority:Calendar_Priority:taskpriority:V'),
(8, 4, 'vtiger_usersCalendar:user_name:Calendar_Assigned_To:assigned_user_id:V'),
(9, 0, 'vtiger_activity:subject:Calendar_Subject:subject:V'),
(9, 1, 'vtiger_contactdetailsCalendar:lastname:Calendar_Contact_Name:contact_id:I'),
(9, 2, 'vtiger_activity:status:Calendar_Status:taskstatus:V'),
(9, 3, 'vtiger_activity:priority:Calendar_Priority:taskpriority:V'),
(9, 4, 'vtiger_usersCalendar:user_name:Calendar_Assigned_To:assigned_user_id:V'),
(10, 0, 'vtiger_troubletickets:title:HelpDesk_Title:ticket_title:V'),
(10, 1, 'vtiger_troubletickets:status:HelpDesk_Status:ticketstatus:V'),
(10, 2, 'vtiger_products:productname:Products_Product_Name:productname:V'),
(10, 3, 'vtiger_products:discontinued:Products_Product_Active:discontinued:V'),
(10, 4, 'vtiger_products:productcategory:Products_Product_Category:productcategory:V'),
(10, 5, 'vtiger_products:manufacturer:Products_Manufacturer:manufacturer:V'),
(11, 0, 'vtiger_troubletickets:title:HelpDesk_Title:ticket_title:V'),
(11, 1, 'vtiger_troubletickets:priority:HelpDesk_Priority:ticketpriorities:V'),
(11, 2, 'vtiger_troubletickets:severity:HelpDesk_Severity:ticketseverities:V'),
(11, 3, 'vtiger_troubletickets:status:HelpDesk_Status:ticketstatus:V'),
(11, 4, 'vtiger_troubletickets:category:HelpDesk_Category:ticketcategories:V'),
(11, 5, 'vtiger_usersHelpDesk:user_name:HelpDesk_Assigned_To:assigned_user_id:V'),
(12, 0, 'vtiger_troubletickets:title:HelpDesk_Title:ticket_title:V'),
(12, 1, 'vtiger_troubletickets:priority:HelpDesk_Priority:ticketpriorities:V'),
(12, 2, 'vtiger_troubletickets:severity:HelpDesk_Severity:ticketseverities:V'),
(12, 3, 'vtiger_troubletickets:status:HelpDesk_Status:ticketstatus:V'),
(12, 4, 'vtiger_troubletickets:category:HelpDesk_Category:ticketcategories:V'),
(12, 5, 'vtiger_usersHelpDesk:user_name:HelpDesk_Assigned_To:assigned_user_id:V'),
(13, 0, 'vtiger_products:productname:Products_Product_Name:productname:V'),
(13, 1, 'vtiger_products:productcode:Products_Product_Code:productcode:V'),
(13, 2, 'vtiger_products:discontinued:Products_Product_Active:discontinued:V'),
(13, 3, 'vtiger_products:productcategory:Products_Product_Category:productcategory:V'),
(13, 4, 'vtiger_products:website:Products_Website:website:V'),
(13, 5, 'vtiger_vendorRelProducts:vendorname:Products_Vendor_Name:vendor_id:I'),
(13, 6, 'vtiger_products:mfr_part_no:Products_Mfr_PartNo:mfr_part_no:V'),
(14, 0, 'vtiger_products:productname:Products_Product_Name:productname:V'),
(14, 1, 'vtiger_products:manufacturer:Products_Manufacturer:manufacturer:V'),
(14, 2, 'vtiger_products:productcategory:Products_Product_Category:productcategory:V'),
(14, 3, 'vtiger_contactdetails:firstname:Contacts_First_Name:firstname:V'),
(14, 4, 'vtiger_contactdetails:lastname:Contacts_Last_Name:lastname:V'),
(14, 5, 'vtiger_contactsubdetails:leadsource:Contacts_Lead_Source:leadsource:V'),
(15, 0, 'vtiger_quotes:subject:Quotes_Subject:subject:V'),
(15, 1, 'vtiger_potentialRelQuotes:potentialname:Quotes_Potential_Name:potential_id:I'),
(15, 2, 'vtiger_quotes:quotestage:Quotes_Quote_Stage:quotestage:V'),
(15, 3, 'vtiger_quotes:contactid:Quotes_Contact_Name:contact_id:V'),
(15, 4, 'vtiger_usersRel1:user_name:Quotes_Inventory_Manager:assigned_user_id1:I'),
(15, 5, 'vtiger_accountQuotes:accountname:Quotes_Account_Name:account_id:I'),
(16, 0, 'vtiger_quotes:subject:Quotes_Subject:subject:V'),
(16, 1, 'vtiger_potentialRelQuotes:potentialname:Quotes_Potential_Name:potential_id:I'),
(16, 2, 'vtiger_quotes:quotestage:Quotes_Quote_Stage:quotestage:V'),
(16, 3, 'vtiger_quotes:contactid:Quotes_Contact_Name:contact_id:V'),
(16, 4, 'vtiger_usersRel1:user_name:Quotes_Inventory_Manager:assigned_user_id1:I'),
(16, 5, 'vtiger_accountQuotes:accountname:Quotes_Account_Name:account_id:I'),
(16, 6, 'vtiger_quotes:carrier:Quotes_Carrier:carrier:V'),
(16, 7, 'vtiger_quotes:shipping:Quotes_Shipping:shipping:V'),
(17, 0, 'vtiger_purchaseorder:subject:PurchaseOrder_Subject:subject:V'),
(17, 1, 'vtiger_vendorRelPurchaseOrder:vendorname:PurchaseOrder_Vendor_Name:vendor_id:I'),
(17, 2, 'vtiger_purchaseorder:tracking_no:PurchaseOrder_Tracking_Number:tracking_no:V'),
(17, 3, 'vtiger_contactdetails:firstname:Contacts_First_Name:firstname:V'),
(17, 4, 'vtiger_contactdetails:lastname:Contacts_Last_Name:lastname:V'),
(17, 5, 'vtiger_contactsubdetails:leadsource:Contacts_Lead_Source:leadsource:V'),
(17, 6, 'vtiger_contactdetails:email:Contacts_Email:email:E'),
(18, 0, 'vtiger_purchaseorder:subject:PurchaseOrder_Subject:subject:V'),
(18, 1, 'vtiger_vendorRelPurchaseOrder:vendorname:PurchaseOrder_Vendor_Name:vendor_id:I'),
(18, 2, 'vtiger_purchaseorder:requisition_no:PurchaseOrder_Requisition_No:requisition_no:V'),
(18, 3, 'vtiger_purchaseorder:tracking_no:PurchaseOrder_Tracking_Number:tracking_no:V'),
(18, 4, 'vtiger_contactdetailsPurchaseOrder:lastname:PurchaseOrder_Contact_Name:contact_id:I'),
(18, 5, 'vtiger_purchaseorder:carrier:PurchaseOrder_Carrier:carrier:V'),
(18, 6, 'vtiger_purchaseorder:salescommission:PurchaseOrder_Sales_Commission:salescommission:N'),
(18, 7, 'vtiger_purchaseorder:exciseduty:PurchaseOrder_Excise_Duty:exciseduty:N'),
(18, 8, 'vtiger_usersPurchaseOrder:user_name:PurchaseOrder_Assigned_To:assigned_user_id:V'),
(19, 0, 'vtiger_invoice:subject:Invoice_Subject:subject:V'),
(19, 1, 'vtiger_invoice:salesorderid:Invoice_Sales_Order:salesorder_id:I'),
(19, 2, 'vtiger_invoice:customerno:Invoice_Customer_No:customerno:V'),
(19, 3, 'vtiger_invoice:exciseduty:Invoice_Excise_Duty:exciseduty:N'),
(19, 4, 'vtiger_invoice:salescommission:Invoice_Sales_Commission:salescommission:N'),
(19, 5, 'vtiger_accountInvoice:accountname:Invoice_Account_Name:account_id:I'),
(20, 0, 'vtiger_salesorder:subject:SalesOrder_Subject:subject:V'),
(20, 1, 'vtiger_quotesSalesOrder:subject:SalesOrder_Quote_Name:quote_id:I'),
(20, 2, 'vtiger_contactdetailsSalesOrder:lastname:SalesOrder_Contact_Name:contact_id:I'),
(20, 3, 'vtiger_salesorder:duedate:SalesOrder_Due_Date:duedate:D'),
(20, 4, 'vtiger_salesorder:carrier:SalesOrder_Carrier:carrier:V'),
(20, 5, 'vtiger_salesorder:sostatus:SalesOrder_Status:sostatus:V'),
(20, 6, 'vtiger_accountSalesOrder:accountname:SalesOrder_Account_Name:account_id:I'),
(20, 7, 'vtiger_salesorder:salescommission:SalesOrder_Sales_Commission:salescommission:N'),
(20, 8, 'vtiger_salesorder:exciseduty:SalesOrder_Excise_Duty:exciseduty:N'),
(20, 9, 'vtiger_usersSalesOrder:user_name:SalesOrder_Assigned_To:assigned_user_id:V'),
(21, 0, 'vtiger_campaign:campaignname:Campaigns_Campaign_Name:campaignname:V'),
(21, 1, 'vtiger_campaign:campaigntype:Campaigns_Campaign_Type:campaigntype:V'),
(21, 2, 'vtiger_campaign:targetaudience:Campaigns_Target_Audience:targetaudience:V'),
(21, 3, 'vtiger_campaign:budgetcost:Campaigns_Budget_Cost:budgetcost:I'),
(21, 4, 'vtiger_campaign:actualcost:Campaigns_Actual_Cost:actualcost:I'),
(21, 5, 'vtiger_campaign:expectedrevenue:Campaigns_Expected_Revenue:expectedrevenue:I'),
(21, 6, 'vtiger_campaign:expectedsalescount:Campaigns_Expected_Sales_Count:expectedsalescount:N'),
(21, 7, 'vtiger_campaign:actualsalescount:Campaigns_Actual_Sales_Count:actualsalescount:N'),
(21, 8, 'vtiger_usersCampaigns:user_name:Campaigns_Assigned_To:assigned_user_id:V');

-- --------------------------------------------------------

--
-- Table structure for table `vtiger_selectquery`
--

CREATE TABLE IF NOT EXISTS `vtiger_selectquery` (
  `queryid` int(19) NOT NULL,
  `startindex` int(19) DEFAULT '0',
  `numofobjects` int(19) DEFAULT '0',
  PRIMARY KEY (`queryid`),
  KEY `selectquery_queryid_idx` (`queryid`)
) ENGINE=InnoDB DEFAULT CHARSET=utf8;

--
-- Dumping data for table `vtiger_selectquery`
--

INSERT INTO `vtiger_selectquery` (`queryid`, `startindex`, `numofobjects`) VALUES
(1, 0, 0),
(2, 0, 0),
(3, 0, 0),
(4, 0, 0),
(5, 0, 0),
(6, 0, 0),
(7, 0, 0),
(8, 0, 0),
(9, 0, 0),
(10, 0, 0),
(11, 0, 0),
(12, 0, 0),
(13, 0, 0),
(14, 0, 0),
(15, 0, 0),
(16, 0, 0),
(17, 0, 0),
(18, 0, 0),
(19, 0, 0),
(20, 0, 0),
(21, 0, 0);

-- --------------------------------------------------------

--
-- Table structure for table `vtiger_selectquery_seq`
--

CREATE TABLE IF NOT EXISTS `vtiger_selectquery_seq` (
  `id` int(11) NOT NULL
) ENGINE=InnoDB DEFAULT CHARSET=utf8;

--
-- Dumping data for table `vtiger_selectquery_seq`
--

INSERT INTO `vtiger_selectquery_seq` (`id`) VALUES
(21);

-- --------------------------------------------------------

--
-- Table structure for table `vtiger_senotesrel`
--

CREATE TABLE IF NOT EXISTS `vtiger_senotesrel` (
  `crmid` int(19) NOT NULL DEFAULT '0',
  `notesid` int(19) NOT NULL DEFAULT '0',
  PRIMARY KEY (`crmid`,`notesid`),
  KEY `senotesrel_notesid_idx` (`notesid`),
  KEY `senotesrel_crmid_idx` (`crmid`)
) ENGINE=InnoDB DEFAULT CHARSET=utf8;

-- --------------------------------------------------------

--
-- Table structure for table `vtiger_seproductsrel`
--

CREATE TABLE IF NOT EXISTS `vtiger_seproductsrel` (
  `crmid` int(19) NOT NULL DEFAULT '0',
  `productid` int(19) NOT NULL DEFAULT '0',
  `setype` varchar(30) NOT NULL,
  PRIMARY KEY (`crmid`,`productid`),
  KEY `seproductsrel_productid_idx` (`productid`),
  KEY `seproductrel_crmid_idx` (`crmid`)
) ENGINE=InnoDB DEFAULT CHARSET=utf8;

-- --------------------------------------------------------

--
-- Table structure for table `vtiger_service`
--

CREATE TABLE IF NOT EXISTS `vtiger_service` (
  `serviceid` int(11) NOT NULL,
  `service_no` varchar(100) NOT NULL,
  `servicename` varchar(50) NOT NULL,
  `servicecategory` varchar(200) DEFAULT NULL,
  `qty_per_unit` decimal(11,2) DEFAULT '0.00',
  `unit_price` decimal(25,2) DEFAULT NULL,
  `sales_start_date` date DEFAULT NULL,
  `sales_end_date` date DEFAULT NULL,
  `start_date` date DEFAULT NULL,
  `expiry_date` date DEFAULT NULL,
  `discontinued` int(1) NOT NULL DEFAULT '0',
  `service_usageunit` varchar(200) DEFAULT NULL,
  `website` varchar(100) DEFAULT NULL,
  `taxclass` varchar(200) DEFAULT NULL,
  `currency_id` int(19) NOT NULL DEFAULT '1',
  `commissionrate` decimal(7,3) DEFAULT NULL,
  PRIMARY KEY (`serviceid`)
) ENGINE=InnoDB DEFAULT CHARSET=utf8;

-- --------------------------------------------------------

--
-- Table structure for table `vtiger_servicecategory`
--

CREATE TABLE IF NOT EXISTS `vtiger_servicecategory` (
  `servicecategoryid` int(11) NOT NULL AUTO_INCREMENT,
  `servicecategory` varchar(200) NOT NULL,
  `presence` int(1) NOT NULL DEFAULT '1',
  `picklist_valueid` int(11) NOT NULL DEFAULT '0',
  PRIMARY KEY (`servicecategoryid`)
) ENGINE=InnoDB  DEFAULT CHARSET=utf8 AUTO_INCREMENT=7 ;

--
-- Dumping data for table `vtiger_servicecategory`
--

INSERT INTO `vtiger_servicecategory` (`servicecategoryid`, `servicecategory`, `presence`, `picklist_valueid`) VALUES
(1, '--None--', 1, 229),
(2, 'Support', 1, 230),
(3, 'Installation', 1, 231),
(4, 'Migration', 1, 232),
(5, 'Customization', 1, 233),
(6, 'Training', 1, 234);

-- --------------------------------------------------------

--
-- Table structure for table `vtiger_servicecategory_seq`
--

CREATE TABLE IF NOT EXISTS `vtiger_servicecategory_seq` (
  `id` int(11) NOT NULL
) ENGINE=InnoDB DEFAULT CHARSET=utf8;

--
-- Dumping data for table `vtiger_servicecategory_seq`
--

INSERT INTO `vtiger_servicecategory_seq` (`id`) VALUES
(6);

-- --------------------------------------------------------

--
-- Table structure for table `vtiger_servicecf`
--

CREATE TABLE IF NOT EXISTS `vtiger_servicecf` (
  `serviceid` int(19) NOT NULL DEFAULT '0',
  PRIMARY KEY (`serviceid`)
) ENGINE=InnoDB DEFAULT CHARSET=utf8;

-- --------------------------------------------------------

--
-- Table structure for table `vtiger_servicecontracts`
--

CREATE TABLE IF NOT EXISTS `vtiger_servicecontracts` (
  `servicecontractsid` int(11) DEFAULT NULL,
  `start_date` date DEFAULT NULL,
  `end_date` date DEFAULT NULL,
  `sc_related_to` int(11) DEFAULT NULL,
  `tracking_unit` varchar(100) DEFAULT NULL,
  `total_units` decimal(5,2) DEFAULT NULL,
  `used_units` decimal(5,2) DEFAULT NULL,
  `subject` varchar(100) DEFAULT NULL,
  `due_date` date DEFAULT NULL,
  `planned_duration` varchar(256) DEFAULT NULL,
  `actual_duration` varchar(256) DEFAULT NULL,
  `contract_status` varchar(200) DEFAULT NULL,
  `priority` varchar(200) DEFAULT NULL,
  `contract_type` varchar(200) DEFAULT NULL,
  `progress` decimal(5,2) DEFAULT NULL,
  `contract_no` varchar(100) DEFAULT NULL
) ENGINE=InnoDB DEFAULT CHARSET=utf8;

-- --------------------------------------------------------

--
-- Table structure for table `vtiger_servicecontractscf`
--

CREATE TABLE IF NOT EXISTS `vtiger_servicecontractscf` (
  `servicecontractsid` int(11) NOT NULL,
  PRIMARY KEY (`servicecontractsid`)
) ENGINE=InnoDB DEFAULT CHARSET=utf8;

-- --------------------------------------------------------

--
-- Table structure for table `vtiger_service_usageunit`
--

CREATE TABLE IF NOT EXISTS `vtiger_service_usageunit` (
  `service_usageunitid` int(11) NOT NULL AUTO_INCREMENT,
  `service_usageunit` varchar(200) NOT NULL,
  `presence` int(1) NOT NULL DEFAULT '1',
  `picklist_valueid` int(11) NOT NULL DEFAULT '0',
  PRIMARY KEY (`service_usageunitid`)
) ENGINE=InnoDB  DEFAULT CHARSET=utf8 AUTO_INCREMENT=4 ;

--
-- Dumping data for table `vtiger_service_usageunit`
--

INSERT INTO `vtiger_service_usageunit` (`service_usageunitid`, `service_usageunit`, `presence`, `picklist_valueid`) VALUES
(1, 'Hours', 1, 226),
(2, 'Days', 1, 227),
(3, 'Incidents', 1, 228);

-- --------------------------------------------------------

--
-- Table structure for table `vtiger_service_usageunit_seq`
--

CREATE TABLE IF NOT EXISTS `vtiger_service_usageunit_seq` (
  `id` int(11) NOT NULL
) ENGINE=InnoDB DEFAULT CHARSET=utf8;

--
-- Dumping data for table `vtiger_service_usageunit_seq`
--

INSERT INTO `vtiger_service_usageunit_seq` (`id`) VALUES
(3);

-- --------------------------------------------------------

--
-- Table structure for table `vtiger_seticketsrel`
--

CREATE TABLE IF NOT EXISTS `vtiger_seticketsrel` (
  `crmid` int(19) NOT NULL DEFAULT '0',
  `ticketid` int(19) NOT NULL DEFAULT '0',
  PRIMARY KEY (`crmid`,`ticketid`),
  KEY `seticketsrel_crmid_idx` (`crmid`),
  KEY `seticketsrel_ticketid_idx` (`ticketid`)
) ENGINE=InnoDB DEFAULT CHARSET=utf8;

-- --------------------------------------------------------

--
-- Table structure for table `vtiger_settings_blocks`
--

CREATE TABLE IF NOT EXISTS `vtiger_settings_blocks` (
  `blockid` int(19) NOT NULL,
  `label` varchar(250) DEFAULT NULL,
  `sequence` int(19) DEFAULT NULL,
  PRIMARY KEY (`blockid`)
) ENGINE=InnoDB DEFAULT CHARSET=utf8;

--
-- Dumping data for table `vtiger_settings_blocks`
--

INSERT INTO `vtiger_settings_blocks` (`blockid`, `label`, `sequence`) VALUES
(1, 'LBL_MODULE_MANAGER', 1),
(2, 'LBL_USER_MANAGEMENT', 2),
(3, 'LBL_STUDIO', 3),
(4, 'LBL_COMMUNICATION_TEMPLATES', 4),
(5, 'LBL_OTHER_SETTINGS', 5);

-- --------------------------------------------------------

--
-- Table structure for table `vtiger_settings_blocks_seq`
--

CREATE TABLE IF NOT EXISTS `vtiger_settings_blocks_seq` (
  `id` int(11) NOT NULL
) ENGINE=InnoDB DEFAULT CHARSET=utf8;

--
-- Dumping data for table `vtiger_settings_blocks_seq`
--

INSERT INTO `vtiger_settings_blocks_seq` (`id`) VALUES
(5);

-- --------------------------------------------------------

--
-- Table structure for table `vtiger_settings_field`
--

CREATE TABLE IF NOT EXISTS `vtiger_settings_field` (
  `fieldid` int(19) NOT NULL,
  `blockid` int(19) DEFAULT NULL,
  `name` varchar(250) DEFAULT NULL,
  `iconpath` varchar(300) DEFAULT NULL,
  `description` text,
  `linkto` text,
  `sequence` int(19) DEFAULT NULL,
  `active` int(19) DEFAULT '0',
  PRIMARY KEY (`fieldid`),
  KEY `fk_1_vtiger_settings_field` (`blockid`)
) ENGINE=InnoDB DEFAULT CHARSET=utf8;

--
-- Dumping data for table `vtiger_settings_field`
--

INSERT INTO `vtiger_settings_field` (`fieldid`, `blockid`, `name`, `iconpath`, `description`, `linkto`, `sequence`, `active`) VALUES
(1, 2, 'LBL_USERS', 'ico-users.gif', 'LBL_USER_DESCRIPTION', 'index.php?module=Administration&action=index&parenttab=Settings', 1, 0),
(2, 2, 'LBL_ROLES', 'ico-roles.gif', 'LBL_ROLE_DESCRIPTION', 'index.php?module=Settings&action=listroles&parenttab=Settings', 2, 0),
(3, 2, 'LBL_PROFILES', 'ico-profile.gif', 'LBL_PROFILE_DESCRIPTION', 'index.php?module=Settings&action=ListProfiles&parenttab=Settings', 3, 0),
(4, 2, 'USERGROUPLIST', 'ico-groups.gif', 'LBL_GROUP_DESCRIPTION', 'index.php?module=Settings&action=listgroups&parenttab=Settings', 4, 0),
(5, 2, 'LBL_SHARING_ACCESS', 'shareaccess.gif', 'LBL_SHARING_ACCESS_DESCRIPTION', 'index.php?module=Settings&action=OrgSharingDetailView&parenttab=Settings', 5, 0),
(6, 2, 'LBL_FIELDS_ACCESS', 'orgshar.gif', 'LBL_SHARING_FIELDS_DESCRIPTION', 'index.php?module=Settings&action=DefaultFieldPermissions&parenttab=Settings', 6, 0),
(7, 2, 'LBL_AUDIT_TRAIL', 'audit.gif', 'LBL_AUDIT_DESCRIPTION', 'index.php?module=Settings&action=AuditTrailList&parenttab=Settings', 7, 0),
(8, 2, 'LBL_LOGIN_HISTORY_DETAILS', 'set-IcoLoginHistory.gif', 'LBL_LOGIN_HISTORY_DESCRIPTION', 'index.php?module=Settings&action=ListLoginHistory&parenttab=Settings', 8, 0),
(9, 3, 'VTLIB_LBL_MODULE_MANAGER', 'vtlib_modmng.gif', 'VTLIB_LBL_MODULE_MANAGER_DESCRIPTION', 'index.php?module=Settings&action=ModuleManager&parenttab=Settings', 1, 0),
(10, 3, 'LBL_PICKLIST_EDITOR', 'picklist.gif', 'LBL_PICKLIST_DESCRIPTION', 'index.php?module=PickList&action=PickList&parenttab=Settings', 2, 0),
(11, 3, 'LBL_PICKLIST_DEPENDENCY_SETUP', 'picklistdependency.gif', 'LBL_PICKLIST_DEPENDENCY_DESCRIPTION', 'index.php?module=PickList&action=PickListDependencySetup&parenttab=Settings', 3, 0),
(12, 4, 'EMAILTEMPLATES', 'ViewTemplate.gif', 'LBL_EMAIL_TEMPLATE_DESCRIPTION', 'index.php?module=Settings&action=listemailtemplates&parenttab=Settings', 4, 0),
(13, 4, 'LBL_MAIL_MERGE', 'mailmarge.gif', 'LBL_MAIL_MERGE_DESCRIPTION', 'index.php?module=Settings&action=listwordtemplates&parenttab=Settings', 1, 0),
(14, 4, 'NOTIFICATIONSCHEDULERS', 'notification.gif', 'LBL_NOTIF_SCHED_DESCRIPTION', 'index.php?module=Settings&action=listnotificationschedulers&parenttab=Settings', 2, 0),
(15, 4, 'INVENTORYNOTIFICATION', 'inventory.gif', 'LBL_INV_NOTIF_DESCRIPTION', 'index.php?module=Settings&action=listinventorynotifications&parenttab=Settings', 3, 0),
(16, 4, 'LBL_COMPANY_DETAILS', 'company.gif', 'LBL_COMPANY_DESCRIPTION', 'index.php?module=Settings&action=OrganizationConfig&parenttab=Settings', 4, 0),
(17, 5, 'LBL_MAIL_SERVER_SETTINGS', 'ogmailserver.gif', 'LBL_MAIL_SERVER_DESCRIPTION', 'index.php?module=Settings&action=EmailConfig&parenttab=Settings', 5, 0),
(18, 5, 'LBL_BACKUP_SERVER_SETTINGS', 'backupserver.gif', 'LBL_BACKUP_SERVER_DESCRIPTION', 'index.php?module=Settings&action=BackupServerConfig&parenttab=Settings', 6, 0),
(19, 5, 'LBL_CURRENCY_SETTINGS', 'currency.gif', 'LBL_CURRENCY_DESCRIPTION', 'index.php?module=Settings&action=CurrencyListView&parenttab=Settings', 1, 0),
(20, 5, 'LBL_TAX_SETTINGS', 'taxConfiguration.gif', 'LBL_TAX_DESCRIPTION', 'index.php?module=Settings&action=TaxConfig&parenttab=Settings', 2, 0),
(21, 5, 'LBL_SYSTEM_INFO', 'system.gif', 'LBL_SYSTEM_DESCRIPTION', 'index.php?module=System&action=listsysconfig&parenttab=Settings', 3, 1),
(22, 5, 'LBL_PROXY_SETTINGS', 'proxy.gif', 'LBL_PROXY_DESCRIPTION', 'index.php?module=Settings&action=ProxyServerConfig&parenttab=Settings', 4, 0),
(23, 5, 'LBL_ANNOUNCEMENT', 'announ.gif', 'LBL_ANNOUNCEMENT_DESCRIPTION', 'index.php?module=Settings&action=Announcements&parenttab=Settings', 5, 0),
(24, 5, 'LBL_DEFAULT_MODULE_VIEW', 'set-IcoTwoTabConfig.gif', 'LBL_DEFAULT_MODULE_VIEW_DESC', 'index.php?module=Settings&action=DefModuleView&parenttab=Settings', 6, 0),
(25, 5, 'INVENTORYTERMSANDCONDITIONS', 'terms.gif', 'LBL_INV_TANDC_DESCRIPTION', 'index.php?module=Settings&action=OrganizationTermsandConditions&parenttab=Settings', 7, 0),
(26, 5, 'LBL_CUSTOMIZE_MODENT_NUMBER', 'settingsInvNumber.gif', 'LBL_CUSTOMIZE_MODENT_NUMBER_DESCRIPTION', 'index.php?module=Settings&action=CustomModEntityNo&parenttab=Settings', 8, 0),
(27, 5, 'LBL_MAIL_SCANNER', 'mailScanner.gif', 'LBL_MAIL_SCANNER_DESCRIPTION', 'index.php?module=Settings&action=MailScanner&parenttab=Settings', 9, 0),
(28, 5, 'LBL_LIST_WORKFLOWS', 'settingsWorkflow.png', 'LBL_LIST_WORKFLOWS_DESCRIPTION', 'index.php?module=com_vtiger_workflow&action=workflowlist&parenttab=Settings', 10, 0),
(29, 3, 'LBL_MENU_EDITOR', 'menueditor.png', 'LBL_MENU_DESC', 'index.php?module=Settings&action=MenuEditor&parenttab=Settings', 11, 0),
(30, 1, 'LBL_WORKFLOW_LIST', 'settingsWorkflow.png', 'LBL_AVAILABLE_WORKLIST_LIST', 'index.php?module=com_vtiger_workflow&action=workflowlist', 1, 0),
(31, 5, 'Configuration Editor', 'migrate.gif', 'Update configuration file of the application', 'index.php?module=ConfigEditor&action=index', 11, 0),
(32, 5, 'ModTracker', 'set-IcoLoginHistory.gif', 'LBL_MODTRACKER_DESCRIPTION', 'index.php?module=ModTracker&action=BasicSettings&parenttab=Settings&formodule=ModTracker', 12, 0),
(33, 5, 'Scheduler', 'Cron.png', 'Allows you to Configure Cron Task', 'index.php?module=CronTasks&action=ListCronJobs&parenttab=Settings', 13, 0),
(34, 5, 'LBL_CUSTOMER_PORTAL', 'portal_icon.png', 'PORTAL_EXTENSION_DESCRIPTION', 'index.php?module=CustomerPortal&action=index&parenttab=Settings', 14, 0),
(35, 1, 'LBL_FIELDFORMULAS', 'modules/FieldFormulas/resources/FieldFormulas.png', 'LBL_FIELDFORMULAS_DESCRIPTION', 'index.php?module=FieldFormulas&action=index&parenttab=Settings', 15, 0),
(36, 1, 'LBL_TOOLTIP_MANAGEMENT', 'quickview.png', 'LBL_TOOLTIP_MANAGEMENT_DESCRIPTION', 'index.php?module=Tooltip&action=QuickView&parenttab=Settings', NULL, 0),
(37, 5, 'Webforms', 'modules/Webforms/img/Webform.png', 'Allows you to manage Webforms', 'index.php?module=Webforms&action=index&parenttab=Settings', 15, 1);

-- --------------------------------------------------------

--
-- Table structure for table `vtiger_settings_field_seq`
--

CREATE TABLE IF NOT EXISTS `vtiger_settings_field_seq` (
  `id` int(11) NOT NULL
) ENGINE=InnoDB DEFAULT CHARSET=utf8;

--
-- Dumping data for table `vtiger_settings_field_seq`
--

INSERT INTO `vtiger_settings_field_seq` (`id`) VALUES
(37);

-- --------------------------------------------------------

--
-- Table structure for table `vtiger_sharedcalendar`
--

CREATE TABLE IF NOT EXISTS `vtiger_sharedcalendar` (
  `userid` int(19) NOT NULL,
  `sharedid` int(19) NOT NULL,
  PRIMARY KEY (`userid`,`sharedid`)
) ENGINE=InnoDB DEFAULT CHARSET=utf8;

-- --------------------------------------------------------

--
-- Table structure for table `vtiger_shippingtaxinfo`
--

CREATE TABLE IF NOT EXISTS `vtiger_shippingtaxinfo` (
  `taxid` int(3) NOT NULL,
  `taxname` varchar(50) DEFAULT NULL,
  `taxlabel` varchar(50) DEFAULT NULL,
  `percentage` decimal(7,3) DEFAULT NULL,
  `deleted` int(1) DEFAULT NULL,
  PRIMARY KEY (`taxid`),
  KEY `shippingtaxinfo_taxname_idx` (`taxname`)
) ENGINE=InnoDB DEFAULT CHARSET=utf8;

--
-- Dumping data for table `vtiger_shippingtaxinfo`
--

INSERT INTO `vtiger_shippingtaxinfo` (`taxid`, `taxname`, `taxlabel`, `percentage`, `deleted`) VALUES
(1, 'shtax1', 'VAT', '4.500', 0),
(2, 'shtax2', 'Sales', '10.000', 0),
(3, 'shtax3', 'Service', '12.500', 0);

-- --------------------------------------------------------

--
-- Table structure for table `vtiger_shippingtaxinfo_seq`
--

CREATE TABLE IF NOT EXISTS `vtiger_shippingtaxinfo_seq` (
  `id` int(11) NOT NULL
) ENGINE=InnoDB DEFAULT CHARSET=utf8;

--
-- Dumping data for table `vtiger_shippingtaxinfo_seq`
--

INSERT INTO `vtiger_shippingtaxinfo_seq` (`id`) VALUES
(3);

-- --------------------------------------------------------

--
-- Table structure for table `vtiger_smsnotifier`
--

CREATE TABLE IF NOT EXISTS `vtiger_smsnotifier` (
  `smsnotifierid` int(11) DEFAULT NULL,
  `message` text,
  `status` varchar(100) DEFAULT NULL
) ENGINE=InnoDB DEFAULT CHARSET=utf8;

-- --------------------------------------------------------

--
-- Table structure for table `vtiger_smsnotifiercf`
--

CREATE TABLE IF NOT EXISTS `vtiger_smsnotifiercf` (
  `smsnotifierid` int(11) NOT NULL,
  PRIMARY KEY (`smsnotifierid`)
) ENGINE=InnoDB DEFAULT CHARSET=utf8;

-- --------------------------------------------------------

--
-- Table structure for table `vtiger_smsnotifier_servers`
--

CREATE TABLE IF NOT EXISTS `vtiger_smsnotifier_servers` (
  `id` int(11) NOT NULL AUTO_INCREMENT,
  `password` varchar(255) DEFAULT NULL,
  `isactive` int(1) DEFAULT NULL,
  `providertype` varchar(50) DEFAULT NULL,
  `username` varchar(255) DEFAULT NULL,
  `parameters` text,
  PRIMARY KEY (`id`)
) ENGINE=InnoDB DEFAULT CHARSET=utf8 AUTO_INCREMENT=1 ;

-- --------------------------------------------------------

--
-- Table structure for table `vtiger_smsnotifier_status`
--

CREATE TABLE IF NOT EXISTS `vtiger_smsnotifier_status` (
  `smsnotifierid` int(11) DEFAULT NULL,
  `tonumber` varchar(20) DEFAULT NULL,
  `status` varchar(10) DEFAULT NULL,
  `smsmessageid` varchar(50) DEFAULT NULL,
  `needlookup` int(1) DEFAULT '1',
  `statusid` int(11) NOT NULL AUTO_INCREMENT,
  `statusmessage` varchar(100) DEFAULT NULL,
  PRIMARY KEY (`statusid`)
) ENGINE=InnoDB DEFAULT CHARSET=utf8 AUTO_INCREMENT=1 ;

-- --------------------------------------------------------

--
-- Table structure for table `vtiger_soapservice`
--

CREATE TABLE IF NOT EXISTS `vtiger_soapservice` (
  `id` int(19) DEFAULT NULL,
  `type` varchar(25) DEFAULT NULL,
  `sessionid` varchar(100) DEFAULT NULL
) ENGINE=InnoDB DEFAULT CHARSET=utf8;

--
-- Dumping data for table `vtiger_soapservice`
--

INSERT INTO `vtiger_soapservice` (`id`, `type`, `sessionid`) VALUES
(128, 'customer', '3nddxn5r'),
(129, 'customer', '2bblftah'),
(131, 'customer', 'mzlqoxge');

-- --------------------------------------------------------

--
-- Table structure for table `vtiger_sobillads`
--

CREATE TABLE IF NOT EXISTS `vtiger_sobillads` (
  `sobilladdressid` int(19) NOT NULL DEFAULT '0',
  `bill_city` varchar(30) DEFAULT NULL,
  `bill_code` varchar(30) DEFAULT NULL,
  `bill_country` varchar(30) DEFAULT NULL,
  `bill_state` varchar(30) DEFAULT NULL,
  `bill_street` varchar(250) DEFAULT NULL,
  `bill_pobox` varchar(30) DEFAULT NULL,
  PRIMARY KEY (`sobilladdressid`)
) ENGINE=InnoDB DEFAULT CHARSET=utf8;

--
-- Dumping data for table `vtiger_sobillads`
--

INSERT INTO `vtiger_sobillads` (`sobilladdressid`, `bill_city`, `bill_code`, `bill_country`, `bill_state`, `bill_street`, `bill_pobox`) VALUES
(79, 'San Mateo', '83015', 'USA', 'CA', '1715 Scott Dr', ''),
(80, 'Sunnyvale', '45310', 'USA', 'CA', '1715 Scott Dr', ''),
(81, 'Sunnyvale', '33675', 'USA', 'CA', '345 Sugar Blvd.', ''),
(82, 'Sunnyvale', '85849', 'USA', 'CA', '999 Baker Way', ''),
(83, 'San Jose', '28803', 'USA', 'CA', '1715 Scott Dr', '');

-- --------------------------------------------------------

--
-- Table structure for table `vtiger_soshipads`
--

CREATE TABLE IF NOT EXISTS `vtiger_soshipads` (
  `soshipaddressid` int(19) NOT NULL DEFAULT '0',
  `ship_city` varchar(30) DEFAULT NULL,
  `ship_code` varchar(30) DEFAULT NULL,
  `ship_country` varchar(30) DEFAULT NULL,
  `ship_state` varchar(30) DEFAULT NULL,
  `ship_street` varchar(250) DEFAULT NULL,
  `ship_pobox` varchar(30) DEFAULT NULL,
  PRIMARY KEY (`soshipaddressid`)
) ENGINE=InnoDB DEFAULT CHARSET=utf8;

--
-- Dumping data for table `vtiger_soshipads`
--

INSERT INTO `vtiger_soshipads` (`soshipaddressid`, `ship_city`, `ship_code`, `ship_country`, `ship_state`, `ship_street`, `ship_pobox`) VALUES
(79, 'San Mateo', '92430', 'USA', 'CA', '999 Baker Way', ''),
(80, 'San Mateo', '92430', 'USA', 'CA', '999 Baker Way', ''),
(81, 'San Mateo', '92430', 'USA', 'CA', '999 Baker Way', ''),
(82, 'San Mateo', '92430', 'USA', 'CA', '999 Baker Way', ''),
(83, 'San Mateo', '92430', 'USA', 'CA', '999 Baker Way', '');

-- --------------------------------------------------------

--
-- Table structure for table `vtiger_sostatus`
--

CREATE TABLE IF NOT EXISTS `vtiger_sostatus` (
  `sostatusid` int(19) NOT NULL AUTO_INCREMENT,
  `sostatus` varchar(200) NOT NULL,
  `presence` int(1) NOT NULL DEFAULT '1',
  `picklist_valueid` int(19) NOT NULL DEFAULT '0',
  PRIMARY KEY (`sostatusid`),
  UNIQUE KEY `sostatus_sostatus_idx` (`sostatus`)
) ENGINE=InnoDB  DEFAULT CHARSET=utf8 AUTO_INCREMENT=5 ;

--
-- Dumping data for table `vtiger_sostatus`
--

INSERT INTO `vtiger_sostatus` (`sostatusid`, `sostatus`, `presence`, `picklist_valueid`) VALUES
(1, 'Created', 0, 166),
(2, 'Approved', 0, 167),
(3, 'Delivered', 0, 168),
(4, 'Cancelled', 0, 169);

-- --------------------------------------------------------

--
-- Table structure for table `vtiger_sostatushistory`
--

CREATE TABLE IF NOT EXISTS `vtiger_sostatushistory` (
  `historyid` int(19) NOT NULL AUTO_INCREMENT,
  `salesorderid` int(19) NOT NULL,
  `accountname` varchar(100) DEFAULT NULL,
  `total` decimal(10,0) DEFAULT NULL,
  `sostatus` varchar(200) DEFAULT NULL,
  `lastmodified` datetime DEFAULT NULL,
  PRIMARY KEY (`historyid`),
  KEY `sostatushistory_salesorderid_idx` (`salesorderid`)
) ENGINE=InnoDB DEFAULT CHARSET=utf8 AUTO_INCREMENT=1 ;

-- --------------------------------------------------------

--
-- Table structure for table `vtiger_sostatus_seq`
--

CREATE TABLE IF NOT EXISTS `vtiger_sostatus_seq` (
  `id` int(11) NOT NULL
) ENGINE=InnoDB DEFAULT CHARSET=utf8;

--
-- Dumping data for table `vtiger_sostatus_seq`
--

INSERT INTO `vtiger_sostatus_seq` (`id`) VALUES
(4);

-- --------------------------------------------------------

--
-- Table structure for table `vtiger_status`
--

CREATE TABLE IF NOT EXISTS `vtiger_status` (
  `statusid` int(19) NOT NULL AUTO_INCREMENT,
  `status` varchar(200) NOT NULL,
  `presence` int(1) NOT NULL DEFAULT '1',
  `picklist_valueid` int(19) NOT NULL DEFAULT '0',
  PRIMARY KEY (`statusid`)
) ENGINE=InnoDB  DEFAULT CHARSET=utf8 AUTO_INCREMENT=3 ;

--
-- Dumping data for table `vtiger_status`
--

INSERT INTO `vtiger_status` (`statusid`, `status`, `presence`, `picklist_valueid`) VALUES
(1, 'Active', 0, 1),
(2, 'Inactive', 1, 1);

-- --------------------------------------------------------

--
-- Table structure for table `vtiger_status_seq`
--

CREATE TABLE IF NOT EXISTS `vtiger_status_seq` (
  `id` int(11) NOT NULL
) ENGINE=InnoDB DEFAULT CHARSET=utf8;

--
-- Dumping data for table `vtiger_status_seq`
--

INSERT INTO `vtiger_status_seq` (`id`) VALUES
(2);

-- --------------------------------------------------------

--
-- Table structure for table `vtiger_systems`
--

CREATE TABLE IF NOT EXISTS `vtiger_systems` (
  `id` int(19) NOT NULL,
  `server` varchar(100) DEFAULT NULL,
  `server_port` int(19) DEFAULT NULL,
  `server_username` varchar(100) DEFAULT NULL,
  `server_password` varchar(100) DEFAULT NULL,
  `server_type` varchar(20) DEFAULT NULL,
  `smtp_auth` varchar(5) DEFAULT NULL,
  `server_path` varchar(256) DEFAULT NULL,
  `from_email_field` varchar(50) DEFAULT NULL,
  PRIMARY KEY (`id`)
) ENGINE=InnoDB DEFAULT CHARSET=utf8;

--
-- Dumping data for table `vtiger_systems`
--

INSERT INTO `vtiger_systems` (`id`, `server`, `server_port`, `server_username`, `server_password`, `server_type`, `smtp_auth`, `server_path`, `from_email_field`) VALUES
(1, 'ssl://smtp.gmail.com:465 ', 0, 'gideonrosales@gmail.com', 'babyocean87', 'email', 'true', '', '');

-- --------------------------------------------------------

--
-- Table structure for table `vtiger_systems_seq`
--

CREATE TABLE IF NOT EXISTS `vtiger_systems_seq` (
  `id` int(11) NOT NULL
) ENGINE=InnoDB DEFAULT CHARSET=utf8;

--
-- Dumping data for table `vtiger_systems_seq`
--

INSERT INTO `vtiger_systems_seq` (`id`) VALUES
(1);

-- --------------------------------------------------------

--
-- Table structure for table `vtiger_tab`
--

CREATE TABLE IF NOT EXISTS `vtiger_tab` (
  `tabid` int(19) NOT NULL DEFAULT '0',
  `name` varchar(25) NOT NULL,
  `presence` int(19) NOT NULL DEFAULT '1',
  `tabsequence` int(10) DEFAULT NULL,
  `tablabel` varchar(25) NOT NULL,
  `modifiedby` int(19) DEFAULT NULL,
  `modifiedtime` int(19) DEFAULT NULL,
  `customized` int(19) DEFAULT NULL,
  `ownedby` int(19) DEFAULT NULL,
  `isentitytype` int(11) NOT NULL DEFAULT '1',
  `version` varchar(10) DEFAULT NULL,
  `parent` varchar(30) DEFAULT NULL,
  PRIMARY KEY (`tabid`),
  UNIQUE KEY `tab_name_idx` (`name`),
  KEY `tab_modifiedby_idx` (`modifiedby`),
  KEY `tab_tabid_idx` (`tabid`)
) ENGINE=InnoDB DEFAULT CHARSET=utf8;

--
-- Dumping data for table `vtiger_tab`
--

INSERT INTO `vtiger_tab` (`tabid`, `name`, `presence`, `tabsequence`, `tablabel`, `modifiedby`, `modifiedtime`, `customized`, `ownedby`, `isentitytype`, `version`, `parent`) VALUES
(1, 'Dashboard', 1, -1, 'Dashboards', NULL, NULL, 0, 1, 0, NULL, 'Analytics'),
(2, 'Potentials', 1, -1, 'Potentials', NULL, NULL, 0, 0, 1, NULL, 'Sales'),
(3, 'Home', 0, -1, 'Home', NULL, NULL, 0, 1, 0, NULL, NULL),
(4, 'Contacts', 1, -1, 'Contacts', NULL, NULL, 0, 0, 1, NULL, 'Sales'),
(6, 'Accounts', 1, -1, 'Accounts', NULL, NULL, 0, 0, 1, NULL, 'Sales'),
(7, 'Leads', 1, -1, 'Leads', NULL, NULL, 0, 0, 1, NULL, 'Sales'),
(8, 'Documents', 0, -1, 'Documents', NULL, NULL, 0, 0, 1, NULL, 'Tools'),
(9, 'Calendar', 1, -1, 'Calendar', NULL, NULL, 0, 0, 1, NULL, 'Tools'),
(10, 'Emails', 0, -1, 'Emails', NULL, NULL, 0, 1, 1, NULL, 'Tools'),
(13, 'HelpDesk', 1, -1, 'HelpDesk', NULL, NULL, 0, 0, 1, NULL, 'Support'),
(14, 'Products', 1, -1, 'Products', NULL, NULL, 0, 0, 1, NULL, 'Inventory'),
(15, 'Faq', 1, -1, 'Faq', NULL, NULL, 0, 1, 1, NULL, 'Support'),
(16, 'Events', 2, -1, 'Events', NULL, NULL, 0, 0, 1, NULL, NULL),
(18, 'Vendors', 1, -1, 'Vendors', NULL, NULL, 0, 1, 1, NULL, 'Inventory'),
(19, 'PriceBooks', 1, -1, 'PriceBooks', NULL, NULL, 0, 1, 1, NULL, 'Inventory'),
(20, 'Quotes', 1, -1, 'Quotes', NULL, NULL, 0, 0, 1, NULL, 'Sales'),
(21, 'PurchaseOrder', 1, -1, 'PurchaseOrder', NULL, NULL, 0, 0, 1, NULL, 'Inventory'),
(22, 'SalesOrder', 1, -1, 'SalesOrder', NULL, NULL, 0, 0, 1, NULL, 'Sales'),
(23, 'Invoice', 1, -1, 'Invoice', NULL, NULL, 0, 0, 1, NULL, 'Sales'),
(24, 'Rss', 1, -1, 'Rss', NULL, NULL, 0, 1, 0, NULL, 'Tools'),
(25, 'Reports', 1, -1, 'Reports', NULL, NULL, 0, 1, 0, NULL, 'Analytics'),
(26, 'Campaigns', 1, -1, 'Campaigns', NULL, NULL, 0, 0, 1, NULL, 'Marketing'),
(27, 'Portal', 1, -1, 'Portal', NULL, NULL, 0, 1, 0, NULL, 'Tools'),
(28, 'Webmails', 1, -1, 'Webmails', NULL, NULL, 0, 1, 1, NULL, NULL),
(29, 'Users', 0, -1, 'Users', NULL, NULL, 0, 1, 0, NULL, NULL),
(30, 'ConfigEditor', 0, -1, 'ConfigEditor', NULL, NULL, 1, 0, 0, '1.9', ''),
(31, 'Import', 0, -1, 'Import', NULL, NULL, 1, 0, 0, '1.2', ''),
(32, 'Integration', 1, -1, 'Integration', NULL, NULL, 1, 0, 0, '1.0', 'Tools'),
(33, 'MailManager', 0, -1, 'MailManager', NULL, NULL, 1, 0, 0, '1.4', 'Tools'),
(34, 'Mobile', 0, -1, 'Mobile', NULL, NULL, 1, 0, 0, '1.6', ''),
(35, 'ModTracker', 0, -1, 'ModTracker', NULL, NULL, 0, 0, 0, '1.0', ''),
(36, 'PBXManager', 1, -1, 'PBXManager', NULL, NULL, 0, 0, 1, '1.7', 'Tools'),
(37, 'ServiceContracts', 1, -1, 'Service Contracts', NULL, NULL, 0, 0, 1, '2.1', 'Support'),
(38, 'Services', 1, -1, 'Services', NULL, NULL, 0, 0, 1, '2.2', 'Inventory'),
(39, 'VtigerBackup', 1, -1, 'Vtiger Backup', NULL, NULL, 0, 0, 0, '1.2', ''),
(40, 'WSAPP', 0, -1, 'WSAPP', NULL, NULL, 1, 0, 0, '3.4.4', ''),
(41, 'Assets', 1, -1, 'Assets', NULL, NULL, 0, 0, 1, '1.6', 'Inventory'),
(42, 'CronTasks', 0, -1, 'CronTasks', NULL, NULL, 1, 0, 0, '1.1', ''),
(43, 'CustomerPortal', 0, -1, 'CustomerPortal', NULL, NULL, 0, 0, 0, '1.4', ''),
(44, 'FieldFormulas', 1, -1, 'Field Formulas', NULL, NULL, 0, 0, 0, '1.2', ''),
(45, 'ModComments', 0, -1, 'Comments', NULL, NULL, 0, 0, 1, '1.9', 'Tools'),
(46, 'ProjectMilestone', 1, -1, 'ProjectMilestone', NULL, NULL, 0, 0, 1, '2.7', 'Support'),
(47, 'ProjectTask', 1, -1, 'ProjectTask', NULL, NULL, 0, 0, 1, '2.7', 'Support'),
(48, 'Project', 1, -1, 'Project', NULL, NULL, 0, 0, 1, '2.7', 'Support'),
(49, 'RecycleBin', 0, -1, 'Recycle Bin', NULL, NULL, 0, 0, 0, '1.5', 'Tools'),
(50, 'SMSNotifier', 1, -1, 'SMSNotifier', NULL, NULL, 0, 0, 1, '1.8', 'Tools'),
(51, 'Tooltip', 0, -1, 'Tool Tip', NULL, NULL, 0, 0, 0, '1.2', ''),
(52, 'Webforms', 1, -1, 'Webforms', NULL, NULL, 0, 0, 0, '1.2', ''),
(53, 'ModCreator', 0, -1, 'Module Creator', NULL, NULL, 1, 0, 1, '0', 'Tools'),
(54, 'Test', 0, -1, 'Test', NULL, NULL, 1, 0, 1, '0', ''),
(55, 'TestModule', 0, -1, 'Test Module', NULL, NULL, 1, 0, 1, '0', 'Analytics'),
(56, 'ModBaToh', 0, -1, 'ModBaToh', NULL, NULL, 1, 0, 1, '0', 'Analytics');

-- --------------------------------------------------------

--
-- Table structure for table `vtiger_tab_info`
--

CREATE TABLE IF NOT EXISTS `vtiger_tab_info` (
  `tabid` int(19) DEFAULT NULL,
  `prefname` varchar(256) DEFAULT NULL,
  `prefvalue` varchar(256) DEFAULT NULL,
  KEY `fk_1_vtiger_tab_info` (`tabid`)
) ENGINE=InnoDB DEFAULT CHARSET=utf8;

--
-- Dumping data for table `vtiger_tab_info`
--

INSERT INTO `vtiger_tab_info` (`tabid`, `prefname`, `prefvalue`) VALUES
(30, 'vtiger_min_version', '5.1.0'),
(30, 'vtiger_max_version', '5.*'),
(31, 'vtiger_min_version', '5.3.0'),
(31, 'vtiger_max_version', '5.*'),
(32, 'vtiger_min_version', '5.1.0'),
(33, 'vtiger_min_version', '5.2.0'),
(34, 'vtiger_min_version', '5.3.4'),
(35, 'vtiger_min_version', '5.1.0'),
(36, 'vtiger_min_version', '5.1.0'),
(36, 'vtiger_max_version', '5.*'),
(37, 'vtiger_min_version', '5.1.0'),
(37, 'vtiger_max_version', '5.*'),
(38, 'vtiger_min_version', '5.1.0'),
(38, 'vtiger_max_version', '5.*'),
(39, 'vtiger_min_version', '5.1.0'),
(40, 'vtiger_min_version', '5.1.0'),
(41, 'vtiger_min_version', '5.1.0'),
(41, 'vtiger_max_version', '5.*'),
(42, 'vtiger_min_version', '5.3.1'),
(42, 'vtiger_max_version', '5.*'),
(43, 'vtiger_min_version', '5.1.0'),
(43, 'vtiger_max_version', '5.*'),
(44, 'vtiger_min_version', '5.1.0'),
(44, 'vtiger_max_version', '5.*'),
(45, 'vtiger_min_version', '5.1.0'),
(45, 'vtiger_max_version', '5.*'),
(46, 'vtiger_min_version', '5.2.0'),
(47, 'vtiger_min_version', '5.2.0'),
(48, 'vtiger_min_version', '5.2.0'),
(49, 'vtiger_min_version', '5.1.0'),
(49, 'vtiger_max_version', '5.*'),
(50, 'vtiger_min_version', '5.1.0'),
(50, 'vtiger_max_version', '5.*'),
(51, 'vtiger_min_version', '5.1.0'),
(51, 'vtiger_max_version', '5.*'),
(52, 'vtiger_min_version', '5.3.0'),
(52, 'vtiger_max_version', '5.*');

-- --------------------------------------------------------

--
-- Table structure for table `vtiger_taskpriority`
--

CREATE TABLE IF NOT EXISTS `vtiger_taskpriority` (
  `taskpriorityid` int(19) NOT NULL AUTO_INCREMENT,
  `taskpriority` varchar(200) DEFAULT NULL,
  `presence` int(1) NOT NULL DEFAULT '1',
  `picklist_valueid` int(19) NOT NULL DEFAULT '0',
  PRIMARY KEY (`taskpriorityid`)
) ENGINE=InnoDB  DEFAULT CHARSET=utf8 AUTO_INCREMENT=4 ;

--
-- Dumping data for table `vtiger_taskpriority`
--

INSERT INTO `vtiger_taskpriority` (`taskpriorityid`, `taskpriority`, `presence`, `picklist_valueid`) VALUES
(1, 'High', 1, 170),
(2, 'Medium', 1, 171),
(3, 'Low', 1, 172);

-- --------------------------------------------------------

--
-- Table structure for table `vtiger_taskpriority_seq`
--

CREATE TABLE IF NOT EXISTS `vtiger_taskpriority_seq` (
  `id` int(11) NOT NULL
) ENGINE=InnoDB DEFAULT CHARSET=utf8;

--
-- Dumping data for table `vtiger_taskpriority_seq`
--

INSERT INTO `vtiger_taskpriority_seq` (`id`) VALUES
(3);

-- --------------------------------------------------------

--
-- Table structure for table `vtiger_taskstatus`
--

CREATE TABLE IF NOT EXISTS `vtiger_taskstatus` (
  `taskstatusid` int(19) NOT NULL AUTO_INCREMENT,
  `taskstatus` varchar(200) DEFAULT NULL,
  `presence` int(1) NOT NULL DEFAULT '1',
  `picklist_valueid` int(19) NOT NULL DEFAULT '0',
  PRIMARY KEY (`taskstatusid`)
) ENGINE=InnoDB  DEFAULT CHARSET=utf8 AUTO_INCREMENT=7 ;

--
-- Dumping data for table `vtiger_taskstatus`
--

INSERT INTO `vtiger_taskstatus` (`taskstatusid`, `taskstatus`, `presence`, `picklist_valueid`) VALUES
(1, 'Not Started', 0, 173),
(2, 'In Progress', 0, 174),
(3, 'Completed', 0, 175),
(4, 'Pending Input', 0, 176),
(5, 'Deferred', 0, 177),
(6, 'Planned', 0, 178);

-- --------------------------------------------------------

--
-- Table structure for table `vtiger_taskstatus_seq`
--

CREATE TABLE IF NOT EXISTS `vtiger_taskstatus_seq` (
  `id` int(11) NOT NULL
) ENGINE=InnoDB DEFAULT CHARSET=utf8;

--
-- Dumping data for table `vtiger_taskstatus_seq`
--

INSERT INTO `vtiger_taskstatus_seq` (`id`) VALUES
(6);

-- --------------------------------------------------------

--
-- Table structure for table `vtiger_taxclass`
--

CREATE TABLE IF NOT EXISTS `vtiger_taxclass` (
  `taxclassid` int(19) NOT NULL AUTO_INCREMENT,
  `taxclass` varchar(200) NOT NULL,
  `sortorderid` int(19) NOT NULL DEFAULT '0',
  `presence` int(1) NOT NULL DEFAULT '1',
  PRIMARY KEY (`taxclassid`),
  UNIQUE KEY `taxclass_carrier_idx` (`taxclass`)
) ENGINE=InnoDB  DEFAULT CHARSET=utf8 AUTO_INCREMENT=3 ;

--
-- Dumping data for table `vtiger_taxclass`
--

INSERT INTO `vtiger_taxclass` (`taxclassid`, `taxclass`, `sortorderid`, `presence`) VALUES
(1, 'SalesTax', 0, 1),
(2, 'Vat', 1, 1);

-- --------------------------------------------------------

--
-- Table structure for table `vtiger_taxclass_seq`
--

CREATE TABLE IF NOT EXISTS `vtiger_taxclass_seq` (
  `id` int(11) NOT NULL
) ENGINE=InnoDB DEFAULT CHARSET=utf8;

--
-- Dumping data for table `vtiger_taxclass_seq`
--

INSERT INTO `vtiger_taxclass_seq` (`id`) VALUES
(2);

-- --------------------------------------------------------

--
-- Table structure for table `vtiger_test`
--

CREATE TABLE IF NOT EXISTS `vtiger_test` (
  `testid` int(11) DEFAULT NULL
) ENGINE=InnoDB DEFAULT CHARSET=utf8;

-- --------------------------------------------------------

--
-- Table structure for table `vtiger_testcf`
--

CREATE TABLE IF NOT EXISTS `vtiger_testcf` (
  `testid` int(11) NOT NULL,
  PRIMARY KEY (`testid`)
) ENGINE=InnoDB DEFAULT CHARSET=utf8;

-- --------------------------------------------------------

--
-- Table structure for table `vtiger_testmod`
--

CREATE TABLE IF NOT EXISTS `vtiger_testmod` (
  `testmodid` int(19) NOT NULL AUTO_INCREMENT,
  `testmod` varchar(200) NOT NULL,
  `presence` int(1) NOT NULL DEFAULT '1',
  `picklist_valueid` int(19) NOT NULL DEFAULT '0',
  PRIMARY KEY (`testmodid`)
) ENGINE=InnoDB  DEFAULT CHARSET=latin1 AUTO_INCREMENT=4 ;

--
-- Dumping data for table `vtiger_testmod`
--

INSERT INTO `vtiger_testmod` (`testmodid`, `testmod`, `presence`, `picklist_valueid`) VALUES
(1, '- Select -', 1, 405),
(2, 'One', 1, 406),
(3, 'Two', 1, 407);

-- --------------------------------------------------------

--
-- Table structure for table `vtiger_testmodule`
--

CREATE TABLE IF NOT EXISTS `vtiger_testmodule` (
  `testmoduleid` int(11) DEFAULT NULL,
  `firstname` varchar(100) DEFAULT NULL,
  `lastname` varchar(100) DEFAULT NULL,
  `middlename` varchar(100) DEFAULT NULL,
  `testmod` varchar(255) DEFAULT ''
) ENGINE=InnoDB DEFAULT CHARSET=utf8;

--
-- Dumping data for table `vtiger_testmodule`
--

INSERT INTO `vtiger_testmodule` (`testmoduleid`, `firstname`, `lastname`, `middlename`, `testmod`) VALUES
(125, 'Gideon', 'Rosales', 'Ras', ''),
(317, 'sdf', 'sdfsd', 'dfsdf', 'One'),
(318, 'asd', 'asds', 'asd', '');

-- --------------------------------------------------------

--
-- Table structure for table `vtiger_testmodulecf`
--

CREATE TABLE IF NOT EXISTS `vtiger_testmodulecf` (
  `testmoduleid` int(11) NOT NULL,
  PRIMARY KEY (`testmoduleid`)
) ENGINE=InnoDB DEFAULT CHARSET=utf8;

--
-- Dumping data for table `vtiger_testmodulecf`
--

INSERT INTO `vtiger_testmodulecf` (`testmoduleid`) VALUES
(125),
(317),
(318);

-- --------------------------------------------------------

--
-- Table structure for table `vtiger_testmod_seq`
--

CREATE TABLE IF NOT EXISTS `vtiger_testmod_seq` (
  `id` int(11) NOT NULL
) ENGINE=InnoDB DEFAULT CHARSET=latin1;

--
-- Dumping data for table `vtiger_testmod_seq`
--

INSERT INTO `vtiger_testmod_seq` (`id`) VALUES
(3);

-- --------------------------------------------------------

--
-- Table structure for table `vtiger_ticketcategories`
--

CREATE TABLE IF NOT EXISTS `vtiger_ticketcategories` (
  `ticketcategories_id` int(19) NOT NULL AUTO_INCREMENT,
  `ticketcategories` varchar(200) DEFAULT NULL,
  `presence` int(1) NOT NULL DEFAULT '0',
  `picklist_valueid` int(19) NOT NULL DEFAULT '0',
  PRIMARY KEY (`ticketcategories_id`)
) ENGINE=InnoDB  DEFAULT CHARSET=utf8 AUTO_INCREMENT=4 ;

--
-- Dumping data for table `vtiger_ticketcategories`
--

INSERT INTO `vtiger_ticketcategories` (`ticketcategories_id`, `ticketcategories`, `presence`, `picklist_valueid`) VALUES
(1, 'Big Problem', 1, 179),
(2, 'Small Problem', 1, 180),
(3, 'Other Problem', 1, 181);

-- --------------------------------------------------------

--
-- Table structure for table `vtiger_ticketcategories_seq`
--

CREATE TABLE IF NOT EXISTS `vtiger_ticketcategories_seq` (
  `id` int(11) NOT NULL
) ENGINE=InnoDB DEFAULT CHARSET=utf8;

--
-- Dumping data for table `vtiger_ticketcategories_seq`
--

INSERT INTO `vtiger_ticketcategories_seq` (`id`) VALUES
(3);

-- --------------------------------------------------------

--
-- Table structure for table `vtiger_ticketcf`
--

CREATE TABLE IF NOT EXISTS `vtiger_ticketcf` (
  `ticketid` int(19) NOT NULL DEFAULT '0',
  PRIMARY KEY (`ticketid`)
) ENGINE=InnoDB DEFAULT CHARSET=utf8;

-- --------------------------------------------------------

--
-- Table structure for table `vtiger_ticketcomments`
--

CREATE TABLE IF NOT EXISTS `vtiger_ticketcomments` (
  `commentid` int(19) NOT NULL AUTO_INCREMENT,
  `ticketid` int(19) DEFAULT NULL,
  `comments` text,
  `ownerid` int(19) NOT NULL DEFAULT '0',
  `ownertype` varchar(10) DEFAULT NULL,
  `createdtime` datetime NOT NULL,
  PRIMARY KEY (`commentid`),
  KEY `ticketcomments_ticketid_idx` (`ticketid`)
) ENGINE=InnoDB DEFAULT CHARSET=utf8 AUTO_INCREMENT=1 ;

-- --------------------------------------------------------

--
-- Table structure for table `vtiger_ticketpriorities`
--

CREATE TABLE IF NOT EXISTS `vtiger_ticketpriorities` (
  `ticketpriorities_id` int(19) NOT NULL AUTO_INCREMENT,
  `ticketpriorities` varchar(200) DEFAULT NULL,
  `presence` int(1) NOT NULL DEFAULT '0',
  `picklist_valueid` int(19) NOT NULL DEFAULT '0',
  PRIMARY KEY (`ticketpriorities_id`)
) ENGINE=InnoDB  DEFAULT CHARSET=utf8 AUTO_INCREMENT=5 ;

--
-- Dumping data for table `vtiger_ticketpriorities`
--

INSERT INTO `vtiger_ticketpriorities` (`ticketpriorities_id`, `ticketpriorities`, `presence`, `picklist_valueid`) VALUES
(1, 'Low', 1, 182),
(2, 'Normal', 1, 183),
(3, 'High', 1, 184),
(4, 'Urgent', 1, 185);

-- --------------------------------------------------------

--
-- Table structure for table `vtiger_ticketpriorities_seq`
--

CREATE TABLE IF NOT EXISTS `vtiger_ticketpriorities_seq` (
  `id` int(11) NOT NULL
) ENGINE=InnoDB DEFAULT CHARSET=utf8;

--
-- Dumping data for table `vtiger_ticketpriorities_seq`
--

INSERT INTO `vtiger_ticketpriorities_seq` (`id`) VALUES
(4);

-- --------------------------------------------------------

--
-- Table structure for table `vtiger_ticketseverities`
--

CREATE TABLE IF NOT EXISTS `vtiger_ticketseverities` (
  `ticketseverities_id` int(19) NOT NULL AUTO_INCREMENT,
  `ticketseverities` varchar(200) DEFAULT NULL,
  `presence` int(1) NOT NULL DEFAULT '0',
  `picklist_valueid` int(19) NOT NULL DEFAULT '0',
  PRIMARY KEY (`ticketseverities_id`)
) ENGINE=InnoDB  DEFAULT CHARSET=utf8 AUTO_INCREMENT=5 ;

--
-- Dumping data for table `vtiger_ticketseverities`
--

INSERT INTO `vtiger_ticketseverities` (`ticketseverities_id`, `ticketseverities`, `presence`, `picklist_valueid`) VALUES
(1, 'Minor', 1, 186),
(2, 'Major', 1, 187),
(3, 'Feature', 1, 188),
(4, 'Critical', 1, 189);

-- --------------------------------------------------------

--
-- Table structure for table `vtiger_ticketseverities_seq`
--

CREATE TABLE IF NOT EXISTS `vtiger_ticketseverities_seq` (
  `id` int(11) NOT NULL
) ENGINE=InnoDB DEFAULT CHARSET=utf8;

--
-- Dumping data for table `vtiger_ticketseverities_seq`
--

INSERT INTO `vtiger_ticketseverities_seq` (`id`) VALUES
(4);

-- --------------------------------------------------------

--
-- Table structure for table `vtiger_ticketstatus`
--

CREATE TABLE IF NOT EXISTS `vtiger_ticketstatus` (
  `ticketstatus_id` int(19) NOT NULL AUTO_INCREMENT,
  `ticketstatus` varchar(200) DEFAULT NULL,
  `presence` int(1) NOT NULL DEFAULT '0',
  `picklist_valueid` int(19) NOT NULL DEFAULT '0',
  PRIMARY KEY (`ticketstatus_id`)
) ENGINE=InnoDB  DEFAULT CHARSET=utf8 AUTO_INCREMENT=5 ;

--
-- Dumping data for table `vtiger_ticketstatus`
--

INSERT INTO `vtiger_ticketstatus` (`ticketstatus_id`, `ticketstatus`, `presence`, `picklist_valueid`) VALUES
(1, 'Open', 0, 190),
(2, 'In Progress', 0, 191),
(3, 'Wait For Response', 0, 192),
(4, 'Closed', 0, 193);

-- --------------------------------------------------------

--
-- Table structure for table `vtiger_ticketstatus_seq`
--

CREATE TABLE IF NOT EXISTS `vtiger_ticketstatus_seq` (
  `id` int(11) NOT NULL
) ENGINE=InnoDB DEFAULT CHARSET=utf8;

--
-- Dumping data for table `vtiger_ticketstatus_seq`
--

INSERT INTO `vtiger_ticketstatus_seq` (`id`) VALUES
(4);

-- --------------------------------------------------------

--
-- Table structure for table `vtiger_ticketstracktime`
--

CREATE TABLE IF NOT EXISTS `vtiger_ticketstracktime` (
  `ticket_id` int(11) NOT NULL DEFAULT '0',
  `supporter_id` int(11) NOT NULL DEFAULT '0',
  `minutes` int(11) DEFAULT '0',
  `date_logged` int(11) NOT NULL DEFAULT '0',
  PRIMARY KEY (`ticket_id`),
  KEY `ticketstracktime_ticket_id_idx` (`ticket_id`)
) ENGINE=InnoDB DEFAULT CHARSET=utf8;

-- --------------------------------------------------------

--
-- Table structure for table `vtiger_time_zone`
--

CREATE TABLE IF NOT EXISTS `vtiger_time_zone` (
  `time_zoneid` int(19) NOT NULL AUTO_INCREMENT,
  `time_zone` varchar(200) NOT NULL,
  `sortorderid` int(19) NOT NULL DEFAULT '0',
  `presence` int(1) NOT NULL DEFAULT '1',
  PRIMARY KEY (`time_zoneid`)
) ENGINE=InnoDB  DEFAULT CHARSET=utf8 AUTO_INCREMENT=97 ;

--
-- Dumping data for table `vtiger_time_zone`
--

INSERT INTO `vtiger_time_zone` (`time_zoneid`, `time_zone`, `sortorderid`, `presence`) VALUES
(1, 'Pacific/Midway', 0, 1),
(2, 'Pacific/Samoa', 1, 1),
(3, 'Pacific/Honolulu', 2, 1),
(4, 'America/Anchorage', 3, 1),
(5, 'America/Los_Angeles', 4, 1),
(6, 'America/Tijuana', 5, 1),
(7, 'America/Denver', 6, 1),
(8, 'America/Chihuahua', 7, 1),
(9, 'America/Mazatlan', 8, 1),
(10, 'America/Phoenix', 9, 1),
(11, 'America/Regina', 10, 1),
(12, 'America/Tegucigalpa', 11, 1),
(13, 'America/Chicago', 12, 1),
(14, 'America/Mexico_City', 13, 1),
(15, 'America/Monterrey', 14, 1),
(16, 'America/New_York', 15, 1),
(17, 'America/Bogota', 16, 1),
(18, 'America/Lima', 17, 1),
(19, 'America/Rio_Branco', 18, 1),
(20, 'America/Indiana/Indianapolis', 19, 1),
(21, 'America/Caracas', 20, 1),
(22, 'America/Halifax', 21, 1),
(23, 'America/Manaus', 22, 1),
(24, 'America/Santiago', 23, 1),
(25, 'America/La_Paz', 24, 1),
(26, 'America/Cuiaba', 25, 1),
(27, 'America/Asuncion', 26, 1),
(28, 'America/St_Johns', 27, 1),
(29, 'America/Argentina/Buenos_Aires', 28, 1),
(30, 'America/Sao_Paulo', 29, 1),
(31, 'America/Godthab', 30, 1),
(32, 'America/Montevideo', 31, 1),
(33, 'Atlantic/South_Georgia', 32, 1),
(34, 'Atlantic/Azores', 33, 1),
(35, 'Atlantic/Cape_Verde', 34, 1),
(36, 'Europe/London', 35, 1),
(37, 'UTC', 36, 1),
(38, 'Africa/Monrovia', 37, 1),
(39, 'Africa/Casablanca', 38, 1),
(40, 'Europe/Belgrade', 39, 1),
(41, 'Europe/Sarajevo', 40, 1),
(42, 'Europe/Brussels', 41, 1),
(43, 'Africa/Algiers', 42, 1),
(44, 'Europe/Amsterdam', 43, 1),
(45, 'Europe/Minsk', 44, 1),
(46, 'Africa/Cairo', 45, 1),
(47, 'Europe/Helsinki', 46, 1),
(48, 'Europe/Athens', 47, 1),
(49, 'Europe/Istanbul', 48, 1),
(50, 'Asia/Jerusalem', 49, 1),
(51, 'Asia/Amman', 50, 1),
(52, 'Asia/Beirut', 51, 1),
(53, 'Africa/Windhoek', 52, 1),
(54, 'Africa/Harare', 53, 1),
(55, 'Asia/Kuwait', 54, 1),
(56, 'Asia/Baghdad', 55, 1),
(57, 'Africa/Nairobi', 56, 1),
(58, 'Asia/Tehran', 57, 1),
(59, 'Asia/Tbilisi', 58, 1),
(60, 'Europe/Moscow', 59, 1),
(61, 'Asia/Muscat', 60, 1),
(62, 'Asia/Baku', 61, 1),
(63, 'Asia/Yerevan', 62, 1),
(64, 'Asia/Karachi', 63, 1),
(65, 'Asia/Tashkent', 64, 1),
(66, 'Asia/Kolkata', 65, 1),
(67, 'Asia/Colombo', 66, 1),
(68, 'Asia/Katmandu', 67, 1),
(69, 'Asia/Dhaka', 68, 1),
(70, 'Asia/Almaty', 69, 1),
(71, 'Asia/Yekaterinburg', 70, 1),
(72, 'Asia/Rangoon', 71, 1),
(73, 'Asia/Novosibirsk', 72, 1),
(74, 'Asia/Bangkok', 73, 1),
(75, 'Asia/Brunei', 74, 1),
(76, 'Asia/Krasnoyarsk', 75, 1),
(77, 'Asia/Ulaanbaatar', 76, 1),
(78, 'Asia/Kuala_Lumpur', 77, 1),
(79, 'Asia/Taipei', 78, 1),
(80, 'Australia/Perth', 79, 1),
(81, 'Asia/Irkutsk', 80, 1),
(82, 'Asia/Seoul', 81, 1),
(83, 'Asia/Tokyo', 82, 1),
(84, 'Australia/Darwin', 83, 1),
(85, 'Australia/Adelaide', 84, 1),
(86, 'Australia/Canberra', 85, 1),
(87, 'Australia/Brisbane', 86, 1),
(88, 'Australia/Hobart', 87, 1),
(89, 'Asia/Vladivostok', 88, 1),
(90, 'Pacific/Guam', 89, 1),
(91, 'Asia/Yakutsk', 90, 1),
(92, 'Pacific/Fiji', 91, 1),
(93, 'Asia/Kamchatka', 92, 1),
(94, 'Pacific/Auckland', 93, 1),
(95, 'Asia/Magadan', 94, 1),
(96, 'Pacific/Tongatapu', 95, 1);

-- --------------------------------------------------------

--
-- Table structure for table `vtiger_time_zone_seq`
--

CREATE TABLE IF NOT EXISTS `vtiger_time_zone_seq` (
  `id` int(11) NOT NULL
) ENGINE=InnoDB DEFAULT CHARSET=utf8;

--
-- Dumping data for table `vtiger_time_zone_seq`
--

INSERT INTO `vtiger_time_zone_seq` (`id`) VALUES
(96);

-- --------------------------------------------------------

--
-- Table structure for table `vtiger_tmp_read_group_rel_sharing_per`
--

CREATE TABLE IF NOT EXISTS `vtiger_tmp_read_group_rel_sharing_per` (
  `userid` int(11) NOT NULL,
  `tabid` int(11) NOT NULL,
  `relatedtabid` int(11) NOT NULL,
  `sharedgroupid` int(11) NOT NULL,
  PRIMARY KEY (`userid`,`tabid`,`relatedtabid`,`sharedgroupid`),
  KEY `tmp_read_group_rel_sharing_per_userid_sharedgroupid_tabid` (`userid`,`sharedgroupid`,`tabid`)
) ENGINE=InnoDB DEFAULT CHARSET=utf8;

-- --------------------------------------------------------

--
-- Table structure for table `vtiger_tmp_read_group_sharing_per`
--

CREATE TABLE IF NOT EXISTS `vtiger_tmp_read_group_sharing_per` (
  `userid` int(11) NOT NULL,
  `tabid` int(11) NOT NULL,
  `sharedgroupid` int(11) NOT NULL,
  PRIMARY KEY (`userid`,`tabid`,`sharedgroupid`),
  KEY `tmp_read_group_sharing_per_userid_sharedgroupid_idx` (`userid`,`sharedgroupid`)
) ENGINE=InnoDB DEFAULT CHARSET=utf8;

-- --------------------------------------------------------

--
-- Table structure for table `vtiger_tmp_read_user_rel_sharing_per`
--

CREATE TABLE IF NOT EXISTS `vtiger_tmp_read_user_rel_sharing_per` (
  `userid` int(11) NOT NULL,
  `tabid` int(11) NOT NULL,
  `relatedtabid` int(11) NOT NULL,
  `shareduserid` int(11) NOT NULL,
  PRIMARY KEY (`userid`,`tabid`,`relatedtabid`,`shareduserid`),
  KEY `tmp_read_user_rel_sharing_per_userid_shared_reltabid_idx` (`userid`,`shareduserid`,`relatedtabid`)
) ENGINE=InnoDB DEFAULT CHARSET=utf8;

-- --------------------------------------------------------

--
-- Table structure for table `vtiger_tmp_read_user_sharing_per`
--

CREATE TABLE IF NOT EXISTS `vtiger_tmp_read_user_sharing_per` (
  `userid` int(11) NOT NULL,
  `tabid` int(11) NOT NULL,
  `shareduserid` int(11) NOT NULL,
  PRIMARY KEY (`userid`,`tabid`,`shareduserid`),
  KEY `tmp_read_user_sharing_per_userid_shareduserid_idx` (`userid`,`shareduserid`)
) ENGINE=InnoDB DEFAULT CHARSET=utf8;

-- --------------------------------------------------------

--
-- Table structure for table `vtiger_tmp_write_group_rel_sharing_per`
--

CREATE TABLE IF NOT EXISTS `vtiger_tmp_write_group_rel_sharing_per` (
  `userid` int(11) NOT NULL,
  `tabid` int(11) NOT NULL,
  `relatedtabid` int(11) NOT NULL,
  `sharedgroupid` int(11) NOT NULL,
  PRIMARY KEY (`userid`,`tabid`,`relatedtabid`,`sharedgroupid`),
  KEY `tmp_write_group_rel_sharing_per_userid_sharedgroupid_tabid_idx` (`userid`,`sharedgroupid`,`tabid`)
) ENGINE=InnoDB DEFAULT CHARSET=utf8;

-- --------------------------------------------------------

--
-- Table structure for table `vtiger_tmp_write_group_sharing_per`
--

CREATE TABLE IF NOT EXISTS `vtiger_tmp_write_group_sharing_per` (
  `userid` int(11) NOT NULL,
  `tabid` int(11) NOT NULL,
  `sharedgroupid` int(11) NOT NULL,
  PRIMARY KEY (`userid`,`tabid`,`sharedgroupid`),
  KEY `tmp_write_group_sharing_per_UK1` (`userid`,`sharedgroupid`)
) ENGINE=InnoDB DEFAULT CHARSET=utf8;

-- --------------------------------------------------------

--
-- Table structure for table `vtiger_tmp_write_user_rel_sharing_per`
--

CREATE TABLE IF NOT EXISTS `vtiger_tmp_write_user_rel_sharing_per` (
  `userid` int(11) NOT NULL,
  `tabid` int(11) NOT NULL,
  `relatedtabid` int(11) NOT NULL,
  `shareduserid` int(11) NOT NULL,
  PRIMARY KEY (`userid`,`tabid`,`relatedtabid`,`shareduserid`),
  KEY `tmp_write_user_rel_sharing_per_userid_sharduserid_tabid_idx` (`userid`,`shareduserid`,`tabid`)
) ENGINE=InnoDB DEFAULT CHARSET=utf8;

-- --------------------------------------------------------

--
-- Table structure for table `vtiger_tmp_write_user_sharing_per`
--

CREATE TABLE IF NOT EXISTS `vtiger_tmp_write_user_sharing_per` (
  `userid` int(11) NOT NULL,
  `tabid` int(11) NOT NULL,
  `shareduserid` int(11) NOT NULL,
  PRIMARY KEY (`userid`,`tabid`,`shareduserid`),
  KEY `tmp_write_user_sharing_per_userid_shareduserid_idx` (`userid`,`shareduserid`)
) ENGINE=InnoDB DEFAULT CHARSET=utf8;

-- --------------------------------------------------------

--
-- Table structure for table `vtiger_tracker`
--

CREATE TABLE IF NOT EXISTS `vtiger_tracker` (
  `id` int(11) NOT NULL AUTO_INCREMENT,
  `user_id` varchar(36) DEFAULT NULL,
  `module_name` varchar(25) DEFAULT NULL,
  `item_id` varchar(36) DEFAULT NULL,
  `item_summary` varchar(255) DEFAULT NULL,
  PRIMARY KEY (`id`)
) ENGINE=InnoDB  DEFAULT CHARSET=utf8 AUTO_INCREMENT=2306 ;

--
-- Dumping data for table `vtiger_tracker`
--

INSERT INTO `vtiger_tracker` (`id`, `user_id`, `module_name`, `item_id`, `item_summary`) VALUES
(2261, '1', 'HomeOwner', '263', 'Tupac Raal Huiun'),
(2262, '1', 'HomeOwner', '242', 'Rosales Kevin Ras'),
(2266, '1', 'Users', '1', ' Administrator'),
(2267, '1', 'Users', '6', ' clerk1'),
(2271, '1', 'Users', '7', 'nextix administrator'),
(2276, '7', 'TestModule', '318', 'asd'),
(2280, '7', 'Users', '7', 'nextix administrator'),
(2285, '7', 'ModBaToh', '320', 'f'),
(2303, '7', 'TestModule', '317', 'sdf'),
(2305, '7', 'ModBaToh', '319', 'XX');

-- --------------------------------------------------------

--
-- Table structure for table `vtiger_tracking_unit`
--

CREATE TABLE IF NOT EXISTS `vtiger_tracking_unit` (
  `tracking_unitid` int(11) NOT NULL AUTO_INCREMENT,
  `tracking_unit` varchar(200) NOT NULL,
  `presence` int(1) NOT NULL DEFAULT '1',
  `picklist_valueid` int(11) NOT NULL DEFAULT '0',
  PRIMARY KEY (`tracking_unitid`)
) ENGINE=InnoDB  DEFAULT CHARSET=utf8 AUTO_INCREMENT=5 ;

--
-- Dumping data for table `vtiger_tracking_unit`
--

INSERT INTO `vtiger_tracking_unit` (`tracking_unitid`, `tracking_unit`, `presence`, `picklist_valueid`) VALUES
(1, 'None', 1, 210),
(2, 'Hours', 1, 211),
(3, 'Days', 1, 212),
(4, 'Incidents', 1, 213);

-- --------------------------------------------------------

--
-- Table structure for table `vtiger_tracking_unit_seq`
--

CREATE TABLE IF NOT EXISTS `vtiger_tracking_unit_seq` (
  `id` int(11) NOT NULL
) ENGINE=InnoDB DEFAULT CHARSET=utf8;

--
-- Dumping data for table `vtiger_tracking_unit_seq`
--

INSERT INTO `vtiger_tracking_unit_seq` (`id`) VALUES
(4);

-- --------------------------------------------------------

--
-- Table structure for table `vtiger_troubletickets`
--

CREATE TABLE IF NOT EXISTS `vtiger_troubletickets` (
  `ticketid` int(19) NOT NULL,
  `ticket_no` varchar(100) NOT NULL,
  `groupname` varchar(100) DEFAULT NULL,
  `parent_id` varchar(100) DEFAULT NULL,
  `product_id` varchar(100) DEFAULT NULL,
  `priority` varchar(200) DEFAULT NULL,
  `severity` varchar(200) DEFAULT NULL,
  `status` varchar(200) DEFAULT NULL,
  `category` varchar(200) DEFAULT NULL,
  `title` varchar(255) NOT NULL,
  `solution` text,
  `update_log` text,
  `version_id` int(11) DEFAULT NULL,
  `hours` varchar(200) DEFAULT NULL,
  `days` varchar(200) DEFAULT NULL,
  `from_portal` varchar(3) DEFAULT NULL,
  PRIMARY KEY (`ticketid`),
  KEY `troubletickets_ticketid_idx` (`ticketid`),
  KEY `troubletickets_status_idx` (`status`)
) ENGINE=InnoDB DEFAULT CHARSET=utf8;

-- --------------------------------------------------------

--
-- Table structure for table `vtiger_usageunit`
--

CREATE TABLE IF NOT EXISTS `vtiger_usageunit` (
  `usageunitid` int(19) NOT NULL AUTO_INCREMENT,
  `usageunit` varchar(200) NOT NULL,
  `presence` int(1) NOT NULL DEFAULT '1',
  `picklist_valueid` int(19) NOT NULL DEFAULT '0',
  PRIMARY KEY (`usageunitid`),
  UNIQUE KEY `usageunit_usageunit_idx` (`usageunit`)
) ENGINE=InnoDB  DEFAULT CHARSET=utf8 AUTO_INCREMENT=17 ;

--
-- Dumping data for table `vtiger_usageunit`
--

INSERT INTO `vtiger_usageunit` (`usageunitid`, `usageunit`, `presence`, `picklist_valueid`) VALUES
(1, 'Box', 1, 194),
(2, 'Carton', 1, 195),
(3, 'Dozen', 1, 196),
(4, 'Each', 1, 197),
(5, 'Hours', 1, 198),
(6, 'Impressions', 1, 199),
(7, 'Lb', 1, 200),
(8, 'M', 1, 201),
(9, 'Pack', 1, 202),
(10, 'Pages', 1, 203),
(11, 'Pieces', 1, 204),
(12, 'Quantity', 1, 205),
(13, 'Reams', 1, 206),
(14, 'Sheet', 1, 207),
(15, 'Spiral Binder', 1, 208),
(16, 'Sq Ft', 1, 209);

-- --------------------------------------------------------

--
-- Table structure for table `vtiger_usageunit_seq`
--

CREATE TABLE IF NOT EXISTS `vtiger_usageunit_seq` (
  `id` int(11) NOT NULL
) ENGINE=InnoDB DEFAULT CHARSET=utf8;

--
-- Dumping data for table `vtiger_usageunit_seq`
--

INSERT INTO `vtiger_usageunit_seq` (`id`) VALUES
(16);

-- --------------------------------------------------------

--
-- Table structure for table `vtiger_user2mergefields`
--

CREATE TABLE IF NOT EXISTS `vtiger_user2mergefields` (
  `userid` int(11) DEFAULT NULL,
  `tabid` int(19) DEFAULT NULL,
  `fieldid` int(19) DEFAULT NULL,
  `visible` int(2) DEFAULT NULL,
  KEY `userid_tabid_idx` (`userid`,`tabid`)
) ENGINE=InnoDB DEFAULT CHARSET=utf8;

-- --------------------------------------------------------

--
-- Table structure for table `vtiger_user2role`
--

CREATE TABLE IF NOT EXISTS `vtiger_user2role` (
  `userid` int(11) NOT NULL,
  `roleid` varchar(255) NOT NULL,
  PRIMARY KEY (`userid`),
  KEY `user2role_roleid_idx` (`roleid`)
) ENGINE=InnoDB DEFAULT CHARSET=utf8;

--
-- Dumping data for table `vtiger_user2role`
--

INSERT INTO `vtiger_user2role` (`userid`, `roleid`) VALUES
(1, 'H2'),
(7, 'H2'),
(8, 'H6');

-- --------------------------------------------------------

--
-- Table structure for table `vtiger_users`
--

CREATE TABLE IF NOT EXISTS `vtiger_users` (
  `id` int(11) NOT NULL AUTO_INCREMENT,
  `user_name` varchar(255) DEFAULT NULL,
  `user_password` varchar(200) DEFAULT NULL,
  `user_hash` varchar(32) DEFAULT NULL,
  `cal_color` varchar(25) DEFAULT '#E6FAD8',
  `first_name` varchar(30) DEFAULT NULL,
  `last_name` varchar(30) DEFAULT NULL,
  `reports_to_id` varchar(36) DEFAULT NULL,
  `is_admin` varchar(3) DEFAULT '0',
  `currency_id` int(19) NOT NULL DEFAULT '1',
  `description` text,
  `date_entered` timestamp NOT NULL DEFAULT CURRENT_TIMESTAMP ON UPDATE CURRENT_TIMESTAMP,
  `date_modified` timestamp NOT NULL DEFAULT '0000-00-00 00:00:00',
  `modified_user_id` varchar(36) DEFAULT NULL,
  `title` varchar(50) DEFAULT NULL,
  `department` varchar(50) DEFAULT NULL,
  `phone_home` varchar(50) DEFAULT NULL,
  `phone_mobile` varchar(50) DEFAULT NULL,
  `phone_work` varchar(50) DEFAULT NULL,
  `phone_other` varchar(50) DEFAULT NULL,
  `phone_fax` varchar(50) DEFAULT NULL,
  `email1` varchar(100) DEFAULT NULL,
  `email2` varchar(100) DEFAULT NULL,
  `secondaryemail` varchar(100) DEFAULT NULL,
  `status` varchar(25) DEFAULT NULL,
  `signature` varchar(1000) DEFAULT NULL,
  `address_street` varchar(150) DEFAULT NULL,
  `address_city` varchar(100) DEFAULT NULL,
  `address_state` varchar(100) DEFAULT NULL,
  `address_country` varchar(25) DEFAULT NULL,
  `address_postalcode` varchar(9) DEFAULT NULL,
  `user_preferences` text,
  `tz` varchar(30) DEFAULT NULL,
  `holidays` varchar(60) DEFAULT NULL,
  `namedays` varchar(60) DEFAULT NULL,
  `workdays` varchar(30) DEFAULT NULL,
  `weekstart` int(11) DEFAULT NULL,
  `date_format` varchar(200) DEFAULT NULL,
  `hour_format` varchar(30) DEFAULT 'am/pm',
  `start_hour` varchar(30) DEFAULT '10:00',
  `end_hour` varchar(30) DEFAULT '23:00',
  `activity_view` varchar(200) DEFAULT 'Today',
  `lead_view` varchar(200) DEFAULT 'Today',
  `imagename` varchar(250) DEFAULT NULL,
  `deleted` int(1) NOT NULL DEFAULT '0',
  `confirm_password` varchar(300) DEFAULT NULL,
  `internal_mailer` varchar(3) NOT NULL DEFAULT '1',
  `reminder_interval` varchar(100) DEFAULT NULL,
  `reminder_next_time` varchar(100) DEFAULT NULL,
  `crypt_type` varchar(20) NOT NULL DEFAULT 'MD5',
  `accesskey` varchar(36) DEFAULT NULL,
  `theme` varchar(100) DEFAULT NULL,
  `language` varchar(36) DEFAULT NULL,
  `time_zone` varchar(200) DEFAULT NULL,
  `currency_grouping_pattern` varchar(100) DEFAULT NULL,
  `currency_decimal_separator` varchar(2) DEFAULT NULL,
  `currency_grouping_separator` varchar(2) DEFAULT NULL,
  `currency_symbol_placement` varchar(20) DEFAULT NULL,
  PRIMARY KEY (`id`),
  KEY `user_user_name_idx` (`user_name`),
  KEY `user_user_password_idx` (`user_password`)
) ENGINE=InnoDB  DEFAULT CHARSET=utf8 AUTO_INCREMENT=9 ;

--
-- Dumping data for table `vtiger_users`
--

INSERT INTO `vtiger_users` (`id`, `user_name`, `user_password`, `user_hash`, `cal_color`, `first_name`, `last_name`, `reports_to_id`, `is_admin`, `currency_id`, `description`, `date_entered`, `date_modified`, `modified_user_id`, `title`, `department`, `phone_home`, `phone_mobile`, `phone_work`, `phone_other`, `phone_fax`, `email1`, `email2`, `secondaryemail`, `status`, `signature`, `address_street`, `address_city`, `address_state`, `address_country`, `address_postalcode`, `user_preferences`, `tz`, `holidays`, `namedays`, `workdays`, `weekstart`, `date_format`, `hour_format`, `start_hour`, `end_hour`, `activity_view`, `lead_view`, `imagename`, `deleted`, `confirm_password`, `internal_mailer`, `reminder_interval`, `reminder_next_time`, `crypt_type`, `accesskey`, `theme`, `language`, `time_zone`, `currency_grouping_pattern`, `currency_decimal_separator`, `currency_grouping_separator`, `currency_symbol_placement`) VALUES
(1, 'admin', '$1$ad$hsl2KFybNRnbXBa.b.WWv.', '21232f297a57a5a743894a0e4a801fc3', '#E6FAD8', '', 'Administrator', '', 'on', 1, '', '2014-09-23 06:06:09', '0000-00-00 00:00:00', NULL, '', '', '', '', '', '', '', 'clint@gmail.com', '', '', 'Active', '', '', '', '', '', '', NULL, NULL, NULL, NULL, NULL, NULL, 'yyyy-mm-dd', 'am/pm', '08:00', '', 'This Week', 'Today', '', 0, '$1$ad$peilFE10wX.4b0aIm7/.t/', '1', '1 Minute', NULL, 'MD5', 'BwJZMZ9Fq2cFMvUA', 'softed', 'en_us', 'Asia/Kuala_Lumpur', '123,456,789', '.', ',', '$1.0'),
(7, 'nextixadmin', '$1$ne$9eFG./qLO9gJqUHAOU3lT.', 'a01610228fe998f515a72dd730294d87', '#E6FAD8', 'nextix', 'administrator', '', 'on', 1, '', '2014-09-24 02:18:46', '0000-00-00 00:00:00', NULL, '', '', '', '', '', '', '', 'clint@nextixsystems.com', '', '', 'Active', '', '', '', '', '', '', NULL, NULL, NULL, NULL, NULL, NULL, 'yyyy-mm-dd', '', '', '', 'Today', 'Today', '', 0, '$1$ne$9eFG./qLO9gJqUHAOU3lT.', '1', 'None', NULL, 'MD5', 'WeISyVlYs7gvwYkE', 'softed', 'en_us', 'Asia/Kuala_Lumpur', '123,456,789', '', '', '$1.0'),
(8, 'user', '$1$us$IwA8EABjvLqYh4WaUNfMz/', 'ee11cbb19052e40b07aac0ca060c23ee', '#E6FAD8', 'user', 'user', '', 'off', 1, '', '2014-09-23 06:06:29', '0000-00-00 00:00:00', NULL, '', '', '', '', '', '', '', 'user@yahoo.com', '', '', 'Active', '', '', '', '', '', '', NULL, NULL, NULL, NULL, NULL, NULL, 'yyyy-mm-dd', '', '', '', 'Today', 'Today', '', 0, '$1$us$IwA8EABjvLqYh4WaUNfMz/', '1', 'None', NULL, 'MD5', 'fS9Xg3W7T93CfZB', 'softed', 'en_us', 'Asia/Kuala_Lumpur', '123,456,789', '', '', '$1.0');

-- --------------------------------------------------------

--
-- Table structure for table `vtiger_users2group`
--

CREATE TABLE IF NOT EXISTS `vtiger_users2group` (
  `groupid` int(19) NOT NULL,
  `userid` int(19) NOT NULL,
  PRIMARY KEY (`groupid`,`userid`),
  KEY `users2group_groupname_uerid_idx` (`groupid`,`userid`),
  KEY `fk_2_vtiger_users2group` (`userid`)
) ENGINE=InnoDB DEFAULT CHARSET=utf8;

--
-- Dumping data for table `vtiger_users2group`
--

INSERT INTO `vtiger_users2group` (`groupid`, `userid`) VALUES
(3, 1);

-- --------------------------------------------------------

--
-- Table structure for table `vtiger_users_last_import`
--

CREATE TABLE IF NOT EXISTS `vtiger_users_last_import` (
  `id` int(36) NOT NULL AUTO_INCREMENT,
  `assigned_user_id` varchar(36) DEFAULT NULL,
  `bean_type` varchar(36) DEFAULT NULL,
  `bean_id` varchar(36) DEFAULT NULL,
  `deleted` int(1) NOT NULL DEFAULT '0',
  PRIMARY KEY (`id`),
  KEY `idx_user_id` (`assigned_user_id`)
) ENGINE=InnoDB DEFAULT CHARSET=utf8 AUTO_INCREMENT=1 ;

-- --------------------------------------------------------

--
-- Table structure for table `vtiger_users_seq`
--

CREATE TABLE IF NOT EXISTS `vtiger_users_seq` (
  `id` int(11) NOT NULL
) ENGINE=InnoDB DEFAULT CHARSET=utf8;

--
-- Dumping data for table `vtiger_users_seq`
--

INSERT INTO `vtiger_users_seq` (`id`) VALUES
(8);

-- --------------------------------------------------------

--
-- Table structure for table `vtiger_usertype`
--

CREATE TABLE IF NOT EXISTS `vtiger_usertype` (
  `usertypeid` int(19) NOT NULL AUTO_INCREMENT,
  `usertype` varchar(200) NOT NULL,
  `sortorderid` int(19) NOT NULL DEFAULT '0',
  `presence` int(1) NOT NULL DEFAULT '1',
  PRIMARY KEY (`usertypeid`),
  UNIQUE KEY `usertype_usertype_idx` (`usertype`)
) ENGINE=InnoDB DEFAULT CHARSET=utf8 AUTO_INCREMENT=1 ;

-- --------------------------------------------------------

--
-- Table structure for table `vtiger_user_module_preferences`
--

CREATE TABLE IF NOT EXISTS `vtiger_user_module_preferences` (
  `userid` int(19) NOT NULL,
  `tabid` int(19) NOT NULL,
  `default_cvid` int(19) NOT NULL,
  PRIMARY KEY (`userid`,`tabid`),
  KEY `fk_2_vtiger_user_module_preferences` (`tabid`)
) ENGINE=InnoDB DEFAULT CHARSET=utf8;

-- --------------------------------------------------------

--
-- Table structure for table `vtiger_vendor`
--

CREATE TABLE IF NOT EXISTS `vtiger_vendor` (
  `vendorid` int(19) NOT NULL DEFAULT '0',
  `vendor_no` varchar(100) NOT NULL,
  `vendorname` varchar(100) DEFAULT NULL,
  `phone` varchar(100) DEFAULT NULL,
  `email` varchar(100) DEFAULT NULL,
  `website` varchar(100) DEFAULT NULL,
  `glacct` varchar(200) DEFAULT NULL,
  `category` varchar(50) DEFAULT NULL,
  `street` text,
  `city` varchar(30) DEFAULT NULL,
  `state` varchar(30) DEFAULT NULL,
  `pobox` varchar(30) DEFAULT NULL,
  `postalcode` varchar(100) DEFAULT NULL,
  `country` varchar(100) DEFAULT NULL,
  `description` text,
  PRIMARY KEY (`vendorid`)
) ENGINE=InnoDB DEFAULT CHARSET=utf8;

-- --------------------------------------------------------

--
-- Table structure for table `vtiger_vendorcf`
--

CREATE TABLE IF NOT EXISTS `vtiger_vendorcf` (
  `vendorid` int(19) NOT NULL DEFAULT '0',
  PRIMARY KEY (`vendorid`)
) ENGINE=InnoDB DEFAULT CHARSET=utf8;

-- --------------------------------------------------------

--
-- Table structure for table `vtiger_vendorcontactrel`
--

CREATE TABLE IF NOT EXISTS `vtiger_vendorcontactrel` (
  `vendorid` int(19) NOT NULL DEFAULT '0',
  `contactid` int(19) NOT NULL DEFAULT '0',
  PRIMARY KEY (`vendorid`,`contactid`),
  KEY `vendorcontactrel_vendorid_idx` (`vendorid`),
  KEY `vendorcontactrel_contact_idx` (`contactid`)
) ENGINE=InnoDB DEFAULT CHARSET=utf8;

-- --------------------------------------------------------

--
-- Table structure for table `vtiger_version`
--

CREATE TABLE IF NOT EXISTS `vtiger_version` (
  `id` int(11) NOT NULL AUTO_INCREMENT,
  `old_version` varchar(30) DEFAULT NULL,
  `current_version` varchar(30) DEFAULT NULL,
  PRIMARY KEY (`id`)
) ENGINE=InnoDB  DEFAULT CHARSET=utf8 AUTO_INCREMENT=2 ;

--
-- Dumping data for table `vtiger_version`
--

INSERT INTO `vtiger_version` (`id`, `old_version`, `current_version`) VALUES
(1, '5.4.0', '5.4.0');

-- --------------------------------------------------------

--
-- Table structure for table `vtiger_version_seq`
--

CREATE TABLE IF NOT EXISTS `vtiger_version_seq` (
  `id` int(11) NOT NULL
) ENGINE=InnoDB DEFAULT CHARSET=utf8;

--
-- Dumping data for table `vtiger_version_seq`
--

INSERT INTO `vtiger_version_seq` (`id`) VALUES
(1);

-- --------------------------------------------------------

--
-- Table structure for table `vtiger_visibility`
--

CREATE TABLE IF NOT EXISTS `vtiger_visibility` (
  `visibilityid` int(19) NOT NULL AUTO_INCREMENT,
  `visibility` varchar(200) NOT NULL,
  `sortorderid` int(19) NOT NULL DEFAULT '0',
  `presence` int(1) NOT NULL DEFAULT '1',
  PRIMARY KEY (`visibilityid`),
  UNIQUE KEY `visibility_visibility_idx` (`visibility`)
) ENGINE=InnoDB  DEFAULT CHARSET=utf8 AUTO_INCREMENT=3 ;

--
-- Dumping data for table `vtiger_visibility`
--

INSERT INTO `vtiger_visibility` (`visibilityid`, `visibility`, `sortorderid`, `presence`) VALUES
(1, 'Private', 0, 1),
(2, 'Public', 1, 1);

-- --------------------------------------------------------

--
-- Table structure for table `vtiger_visibility_seq`
--

CREATE TABLE IF NOT EXISTS `vtiger_visibility_seq` (
  `id` int(11) NOT NULL
) ENGINE=InnoDB DEFAULT CHARSET=utf8;

--
-- Dumping data for table `vtiger_visibility_seq`
--

INSERT INTO `vtiger_visibility_seq` (`id`) VALUES
(2);

-- --------------------------------------------------------

--
-- Table structure for table `vtiger_webforms`
--

CREATE TABLE IF NOT EXISTS `vtiger_webforms` (
  `id` int(19) NOT NULL AUTO_INCREMENT,
  `name` varchar(100) NOT NULL,
  `publicid` varchar(100) NOT NULL,
  `enabled` int(1) NOT NULL DEFAULT '1',
  `targetmodule` varchar(50) NOT NULL,
  `description` varchar(250) DEFAULT NULL,
  `ownerid` int(19) NOT NULL,
  `returnurl` varchar(250) DEFAULT NULL,
  PRIMARY KEY (`id`),
  UNIQUE KEY `webformname` (`name`),
  UNIQUE KEY `publicid` (`id`),
  KEY `webforms_webforms_id_idx` (`id`)
) ENGINE=InnoDB DEFAULT CHARSET=utf8 AUTO_INCREMENT=1 ;

-- --------------------------------------------------------

--
-- Table structure for table `vtiger_webforms_field`
--

CREATE TABLE IF NOT EXISTS `vtiger_webforms_field` (
  `id` int(19) NOT NULL AUTO_INCREMENT,
  `webformid` int(19) NOT NULL,
  `fieldname` varchar(50) NOT NULL,
  `neutralizedfield` varchar(50) NOT NULL,
  `defaultvalue` varchar(200) DEFAULT NULL,
  `required` int(10) NOT NULL DEFAULT '0',
  PRIMARY KEY (`id`),
  KEY `webforms_webforms_field_idx` (`id`),
  KEY `fk_1_vtiger_webforms_field` (`webformid`),
  KEY `fk_2_vtiger_webforms_field` (`fieldname`)
) ENGINE=InnoDB DEFAULT CHARSET=utf8 AUTO_INCREMENT=1 ;

-- --------------------------------------------------------

--
-- Table structure for table `vtiger_wordtemplates`
--

CREATE TABLE IF NOT EXISTS `vtiger_wordtemplates` (
  `templateid` int(19) NOT NULL,
  `filename` varchar(100) NOT NULL,
  `module` varchar(30) NOT NULL,
  `date_entered` timestamp NOT NULL DEFAULT CURRENT_TIMESTAMP ON UPDATE CURRENT_TIMESTAMP,
  `parent_type` varchar(50) NOT NULL,
  `data` longblob,
  `description` text,
  `filesize` varchar(50) NOT NULL,
  `filetype` varchar(20) NOT NULL,
  `deleted` int(1) NOT NULL DEFAULT '0',
  PRIMARY KEY (`templateid`)
) ENGINE=InnoDB DEFAULT CHARSET=utf8;

-- --------------------------------------------------------

--
-- Table structure for table `vtiger_wsapp`
--

CREATE TABLE IF NOT EXISTS `vtiger_wsapp` (
  `appid` int(11) NOT NULL AUTO_INCREMENT,
  `name` varchar(200) NOT NULL,
  `appkey` varchar(255) DEFAULT NULL,
  `type` varchar(100) DEFAULT NULL,
  PRIMARY KEY (`appid`)
) ENGINE=InnoDB  DEFAULT CHARSET=utf8 AUTO_INCREMENT=2 ;

--
-- Dumping data for table `vtiger_wsapp`
--

INSERT INTO `vtiger_wsapp` (`appid`, `name`, `appkey`, `type`) VALUES
(1, 'vtigerCRM', '51b178dc2820f', 'user');

-- --------------------------------------------------------

--
-- Table structure for table `vtiger_wsapp_handlerdetails`
--

CREATE TABLE IF NOT EXISTS `vtiger_wsapp_handlerdetails` (
  `type` varchar(200) NOT NULL,
  `handlerclass` varchar(100) DEFAULT NULL,
  `handlerpath` varchar(300) DEFAULT NULL
) ENGINE=InnoDB DEFAULT CHARSET=utf8;

--
-- Dumping data for table `vtiger_wsapp_handlerdetails`
--

INSERT INTO `vtiger_wsapp_handlerdetails` (`type`, `handlerclass`, `handlerpath`) VALUES
('Outlook', 'OutlookHandler', 'modules/WSAPP/Handlers/OutlookHandler.php'),
('vtigerCRM', 'vtigerCRMHandler', 'modules/WSAPP/Handlers/vtigerCRMHandler.php');

-- --------------------------------------------------------

--
-- Table structure for table `vtiger_wsapp_queuerecords`
--

CREATE TABLE IF NOT EXISTS `vtiger_wsapp_queuerecords` (
  `syncserverid` int(19) DEFAULT NULL,
  `details` varchar(300) DEFAULT NULL,
  `flag` varchar(100) DEFAULT NULL,
  `appid` int(19) DEFAULT NULL
) ENGINE=InnoDB DEFAULT CHARSET=utf8;

-- --------------------------------------------------------

--
-- Table structure for table `vtiger_wsapp_recordmapping`
--

CREATE TABLE IF NOT EXISTS `vtiger_wsapp_recordmapping` (
  `id` int(19) NOT NULL AUTO_INCREMENT,
  `serverid` varchar(10) DEFAULT NULL,
  `clientid` varchar(255) DEFAULT NULL,
  `clientmodifiedtime` datetime DEFAULT NULL,
  `appid` int(11) DEFAULT NULL,
  `servermodifiedtime` datetime DEFAULT NULL,
  `serverappid` int(11) DEFAULT NULL,
  PRIMARY KEY (`id`)
) ENGINE=InnoDB DEFAULT CHARSET=utf8 AUTO_INCREMENT=1 ;

-- --------------------------------------------------------

--
-- Table structure for table `vtiger_wsapp_sync_state`
--

CREATE TABLE IF NOT EXISTS `vtiger_wsapp_sync_state` (
  `id` int(19) NOT NULL AUTO_INCREMENT,
  `name` varchar(200) DEFAULT NULL,
  `stateencodedvalues` varchar(300) NOT NULL,
  `userid` int(19) DEFAULT NULL,
  PRIMARY KEY (`id`)
) ENGINE=InnoDB DEFAULT CHARSET=utf8 AUTO_INCREMENT=1 ;

-- --------------------------------------------------------

--
-- Table structure for table `vtiger_ws_entity`
--

CREATE TABLE IF NOT EXISTS `vtiger_ws_entity` (
  `id` int(11) NOT NULL AUTO_INCREMENT,
  `name` varchar(25) NOT NULL,
  `handler_path` varchar(255) NOT NULL,
  `handler_class` varchar(64) NOT NULL,
  `ismodule` int(3) NOT NULL,
  PRIMARY KEY (`id`)
) ENGINE=InnoDB  DEFAULT CHARSET=utf8 AUTO_INCREMENT=52 ;

--
-- Dumping data for table `vtiger_ws_entity`
--

INSERT INTO `vtiger_ws_entity` (`id`, `name`, `handler_path`, `handler_class`, `ismodule`) VALUES
(1, 'Campaigns', 'include/Webservices/VtigerModuleOperation.php', 'VtigerModuleOperation', 1),
(2, 'Vendors', 'include/Webservices/VtigerModuleOperation.php', 'VtigerModuleOperation', 1),
(3, 'Faq', 'include/Webservices/VtigerModuleOperation.php', 'VtigerModuleOperation', 1),
(4, 'Quotes', 'include/Webservices/VtigerModuleOperation.php', 'VtigerModuleOperation', 1),
(5, 'PurchaseOrder', 'include/Webservices/VtigerModuleOperation.php', 'VtigerModuleOperation', 1),
(6, 'SalesOrder', 'include/Webservices/VtigerModuleOperation.php', 'VtigerModuleOperation', 1),
(7, 'Invoice', 'include/Webservices/VtigerModuleOperation.php', 'VtigerModuleOperation', 1),
(8, 'PriceBooks', 'include/Webservices/VtigerModuleOperation.php', 'VtigerModuleOperation', 1),
(9, 'Calendar', 'include/Webservices/VtigerModuleOperation.php', 'VtigerModuleOperation', 1),
(10, 'Leads', 'include/Webservices/VtigerModuleOperation.php', 'VtigerModuleOperation', 1),
(11, 'Accounts', 'include/Webservices/VtigerModuleOperation.php', 'VtigerModuleOperation', 1),
(12, 'Contacts', 'include/Webservices/VtigerModuleOperation.php', 'VtigerModuleOperation', 1),
(13, 'Potentials', 'include/Webservices/VtigerModuleOperation.php', 'VtigerModuleOperation', 1),
(14, 'Products', 'include/Webservices/VtigerModuleOperation.php', 'VtigerModuleOperation', 1),
(15, 'Documents', 'include/Webservices/VtigerModuleOperation.php', 'VtigerModuleOperation', 1),
(16, 'Emails', 'include/Webservices/VtigerModuleOperation.php', 'VtigerModuleOperation', 1),
(17, 'HelpDesk', 'include/Webservices/VtigerModuleOperation.php', 'VtigerModuleOperation', 1),
(18, 'Events', 'include/Webservices/VtigerModuleOperation.php', 'VtigerModuleOperation', 1),
(19, 'Users', 'include/Webservices/VtigerModuleOperation.php', 'VtigerModuleOperation', 1),
(20, 'Groups', 'include/Webservices/VtigerActorOperation.php', 'VtigerActorOperation', 0),
(21, 'Currency', 'include/Webservices/VtigerActorOperation.php', 'VtigerActorOperation', 0),
(22, 'DocumentFolders', 'include/Webservices/VtigerActorOperation.php', 'VtigerActorOperation', 0),
(23, 'CompanyDetails', 'include/Webservices/VtigerCompanyDetails.php', 'VtigerCompanyDetails', 0),
(24, 'PBXManager', 'include/Webservices/VtigerModuleOperation.php', 'VtigerModuleOperation', 1),
(25, 'ServiceContracts', 'include/Webservices/VtigerModuleOperation.php', 'VtigerModuleOperation', 1),
(26, 'Services', 'include/Webservices/VtigerModuleOperation.php', 'VtigerModuleOperation', 1),
(27, 'Assets', 'include/Webservices/VtigerModuleOperation.php', 'VtigerModuleOperation', 1),
(28, 'ModComments', 'include/Webservices/VtigerModuleOperation.php', 'VtigerModuleOperation', 1),
(29, 'ProjectMilestone', 'include/Webservices/VtigerModuleOperation.php', 'VtigerModuleOperation', 1),
(30, 'ProjectTask', 'include/Webservices/VtigerModuleOperation.php', 'VtigerModuleOperation', 1),
(31, 'Project', 'include/Webservices/VtigerModuleOperation.php', 'VtigerModuleOperation', 1),
(32, 'SMSNotifier', 'include/Webservices/VtigerModuleOperation.php', 'VtigerModuleOperation', 1),
(33, 'ModCreator', 'include/Webservices/VtigerModuleOperation.php', 'VtigerModuleOperation', 1),
(49, 'Test', 'include/Webservices/VtigerModuleOperation.php', 'VtigerModuleOperation', 1),
(50, 'TestModule', 'include/Webservices/VtigerModuleOperation.php', 'VtigerModuleOperation', 1),
(51, 'ModBaToh', 'include/Webservices/VtigerModuleOperation.php', 'VtigerModuleOperation', 1);

-- --------------------------------------------------------

--
-- Table structure for table `vtiger_ws_entity_fieldtype`
--

CREATE TABLE IF NOT EXISTS `vtiger_ws_entity_fieldtype` (
  `fieldtypeid` int(19) NOT NULL AUTO_INCREMENT,
  `table_name` varchar(50) NOT NULL,
  `field_name` varchar(50) NOT NULL,
  `fieldtype` varchar(200) NOT NULL,
  PRIMARY KEY (`fieldtypeid`),
  UNIQUE KEY `vtiger_idx_1_tablename_fieldname` (`table_name`,`field_name`)
) ENGINE=InnoDB  DEFAULT CHARSET=utf8 AUTO_INCREMENT=6 ;

--
-- Dumping data for table `vtiger_ws_entity_fieldtype`
--

INSERT INTO `vtiger_ws_entity_fieldtype` (`fieldtypeid`, `table_name`, `field_name`, `fieldtype`) VALUES
(1, 'vtiger_attachmentsfolder', 'createdby', 'reference'),
(2, 'vtiger_organizationdetails', 'logoname', 'file'),
(3, 'vtiger_organizationdetails', 'phone', 'phone'),
(4, 'vtiger_organizationdetails', 'fax', 'phone'),
(5, 'vtiger_organizationdetails', 'website', 'url');

-- --------------------------------------------------------

--
-- Table structure for table `vtiger_ws_entity_fieldtype_seq`
--

CREATE TABLE IF NOT EXISTS `vtiger_ws_entity_fieldtype_seq` (
  `id` int(11) NOT NULL
) ENGINE=InnoDB DEFAULT CHARSET=utf8;

--
-- Dumping data for table `vtiger_ws_entity_fieldtype_seq`
--

INSERT INTO `vtiger_ws_entity_fieldtype_seq` (`id`) VALUES
(5);

-- --------------------------------------------------------

--
-- Table structure for table `vtiger_ws_entity_name`
--

CREATE TABLE IF NOT EXISTS `vtiger_ws_entity_name` (
  `entity_id` int(11) NOT NULL,
  `name_fields` varchar(50) NOT NULL,
  `index_field` varchar(50) NOT NULL,
  `table_name` varchar(50) NOT NULL,
  PRIMARY KEY (`entity_id`)
) ENGINE=InnoDB DEFAULT CHARSET=utf8;

--
-- Dumping data for table `vtiger_ws_entity_name`
--

INSERT INTO `vtiger_ws_entity_name` (`entity_id`, `name_fields`, `index_field`, `table_name`) VALUES
(20, 'groupname', 'groupid', 'vtiger_groups'),
(21, 'currency_name', 'id', 'vtiger_currency_info'),
(22, 'foldername', 'folderid', 'vtiger_attachmentsfolder'),
(23, 'organizationname', 'groupid', 'vtiger_organizationdetails');

-- --------------------------------------------------------

--
-- Table structure for table `vtiger_ws_entity_referencetype`
--

CREATE TABLE IF NOT EXISTS `vtiger_ws_entity_referencetype` (
  `fieldtypeid` int(19) NOT NULL,
  `type` varchar(25) NOT NULL,
  PRIMARY KEY (`fieldtypeid`,`type`)
) ENGINE=InnoDB DEFAULT CHARSET=utf8;

--
-- Dumping data for table `vtiger_ws_entity_referencetype`
--

INSERT INTO `vtiger_ws_entity_referencetype` (`fieldtypeid`, `type`) VALUES
(5, 'Users');

-- --------------------------------------------------------

--
-- Table structure for table `vtiger_ws_entity_seq`
--

CREATE TABLE IF NOT EXISTS `vtiger_ws_entity_seq` (
  `id` int(11) NOT NULL
) ENGINE=InnoDB DEFAULT CHARSET=utf8;

--
-- Dumping data for table `vtiger_ws_entity_seq`
--

INSERT INTO `vtiger_ws_entity_seq` (`id`) VALUES
(51);

-- --------------------------------------------------------

--
-- Table structure for table `vtiger_ws_entity_tables`
--

CREATE TABLE IF NOT EXISTS `vtiger_ws_entity_tables` (
  `webservice_entity_id` int(11) NOT NULL,
  `table_name` varchar(50) NOT NULL,
  PRIMARY KEY (`webservice_entity_id`,`table_name`)
) ENGINE=InnoDB DEFAULT CHARSET=utf8;

--
-- Dumping data for table `vtiger_ws_entity_tables`
--

INSERT INTO `vtiger_ws_entity_tables` (`webservice_entity_id`, `table_name`) VALUES
(20, 'vtiger_groups'),
(21, 'vtiger_currency_info'),
(22, 'vtiger_attachmentsfolder'),
(23, 'vtiger_organizationdetails');

-- --------------------------------------------------------

--
-- Table structure for table `vtiger_ws_fieldinfo`
--

CREATE TABLE IF NOT EXISTS `vtiger_ws_fieldinfo` (
  `id` varchar(64) NOT NULL,
  `property_name` varchar(32) DEFAULT NULL,
  `property_value` varchar(64) DEFAULT NULL,
  PRIMARY KEY (`id`)
) ENGINE=InnoDB DEFAULT CHARSET=utf8;

--
-- Dumping data for table `vtiger_ws_fieldinfo`
--

INSERT INTO `vtiger_ws_fieldinfo` (`id`, `property_name`, `property_value`) VALUES
('vtiger_organizationdetails.organization_id', 'upload.path', '1');

-- --------------------------------------------------------

--
-- Table structure for table `vtiger_ws_fieldtype`
--

CREATE TABLE IF NOT EXISTS `vtiger_ws_fieldtype` (
  `fieldtypeid` int(19) NOT NULL AUTO_INCREMENT,
  `uitype` varchar(30) NOT NULL,
  `fieldtype` varchar(200) NOT NULL,
  PRIMARY KEY (`fieldtypeid`),
  UNIQUE KEY `uitype_idx` (`uitype`)
) ENGINE=InnoDB  DEFAULT CHARSET=utf8 AUTO_INCREMENT=40 ;

--
-- Dumping data for table `vtiger_ws_fieldtype`
--

INSERT INTO `vtiger_ws_fieldtype` (`fieldtypeid`, `uitype`, `fieldtype`) VALUES
(1, '15', 'picklist'),
(2, '16', 'picklist'),
(3, '19', 'text'),
(4, '20', 'text'),
(5, '21', 'text'),
(6, '24', 'text'),
(7, '3', 'autogenerated'),
(8, '11', 'phone'),
(9, '33', 'multipicklist'),
(10, '17', 'url'),
(11, '85', 'skype'),
(12, '56', 'boolean'),
(13, '156', 'boolean'),
(14, '53', 'owner'),
(15, '61', 'file'),
(16, '28', 'file'),
(17, '13', 'email'),
(18, '71', 'currency'),
(19, '72', 'currency'),
(20, '50', 'reference'),
(21, '51', 'reference'),
(22, '57', 'reference'),
(23, '58', 'reference'),
(24, '73', 'reference'),
(25, '75', 'reference'),
(26, '76', 'reference'),
(27, '78', 'reference'),
(28, '80', 'reference'),
(29, '81', 'reference'),
(30, '101', 'reference'),
(31, '52', 'reference'),
(32, '357', 'reference'),
(33, '59', 'reference'),
(34, '66', 'reference'),
(35, '77', 'reference'),
(36, '68', 'reference'),
(37, '117', 'reference'),
(38, '26', 'reference'),
(39, '10', 'reference');

-- --------------------------------------------------------

--
-- Table structure for table `vtiger_ws_operation`
--

CREATE TABLE IF NOT EXISTS `vtiger_ws_operation` (
  `operationid` int(11) NOT NULL AUTO_INCREMENT,
  `name` varchar(128) NOT NULL,
  `handler_path` varchar(255) NOT NULL,
  `handler_method` varchar(64) NOT NULL,
  `type` varchar(8) NOT NULL,
  `prelogin` int(3) NOT NULL,
  PRIMARY KEY (`operationid`)
) ENGINE=InnoDB  DEFAULT CHARSET=utf8 AUTO_INCREMENT=33 ;

--
-- Dumping data for table `vtiger_ws_operation`
--

INSERT INTO `vtiger_ws_operation` (`operationid`, `name`, `handler_path`, `handler_method`, `type`, `prelogin`) VALUES
(1, 'login', 'include/Webservices/Login.php', 'vtws_login', 'POST', 1),
(2, 'retrieve', 'include/Webservices/Retrieve.php', 'vtws_retrieve', 'GET', 0),
(3, 'create', 'include/Webservices/Create.php', 'vtws_create', 'POST', 0),
(4, 'update', 'include/Webservices/Update.php', 'vtws_update', 'POST', 0),
(5, 'delete', 'include/Webservices/Delete.php', 'vtws_delete', 'POST', 0),
(6, 'sync', 'include/Webservices/GetUpdates.php', 'vtws_sync', 'GET', 0),
(7, 'query', 'include/Webservices/Query.php', 'vtws_query', 'GET', 0),
(8, 'logout', 'include/Webservices/Logout.php', 'vtws_logout', 'POST', 0),
(9, 'listtypes', 'include/Webservices/ModuleTypes.php', 'vtws_listtypes', 'GET', 0),
(10, 'getchallenge', 'include/Webservices/AuthToken.php', 'vtws_getchallenge', 'GET', 1),
(11, 'describe', 'include/Webservices/DescribeObject.php', 'vtws_describe', 'GET', 0),
(12, 'extendsession', 'include/Webservices/ExtendSession.php', 'vtws_extendSession', 'POST', 1),
(13, 'convertlead', 'include/Webservices/ConvertLead.php', 'vtws_convertlead', 'POST', 0),
(14, 'revise', 'include/Webservices/Revise.php', 'vtws_revise', 'POST', 0),
(15, 'changePassword', 'include/Webservices/ChangePassword.php', 'vtws_changePassword', 'POST', 0),
(16, 'deleteUser', 'include/Webservices/DeleteUser.php', 'vtws_deleteUser', 'POST', 0),
(17, 'mobile.fetchallalerts', 'modules/Mobile/api/wsapi.php', 'mobile_ws_fetchAllAlerts', 'POST', 0),
(18, 'mobile.alertdetailswithmessage', 'modules/Mobile/api/wsapi.php', 'mobile_ws_alertDetailsWithMessage', 'POST', 0),
(19, 'mobile.fetchmodulefilters', 'modules/Mobile/api/wsapi.php', 'mobile_ws_fetchModuleFilters', 'POST', 0),
(20, 'mobile.fetchrecord', 'modules/Mobile/api/wsapi.php', 'mobile_ws_fetchRecord', 'POST', 0),
(21, 'mobile.fetchrecordwithgrouping', 'modules/Mobile/api/wsapi.php', 'mobile_ws_fetchRecordWithGrouping', 'POST', 0),
(22, 'mobile.filterdetailswithcount', 'modules/Mobile/api/wsapi.php', 'mobile_ws_filterDetailsWithCount', 'POST', 0),
(23, 'mobile.listmodulerecords', 'modules/Mobile/api/wsapi.php', 'mobile_ws_listModuleRecords', 'POST', 0),
(24, 'mobile.saverecord', 'modules/Mobile/api/wsapi.php', 'mobile_ws_saveRecord', 'POST', 0),
(25, 'mobile.syncModuleRecords', 'modules/Mobile/api/wsapi.php', 'mobile_ws_syncModuleRecords', 'POST', 0),
(26, 'mobile.query', 'modules/Mobile/api/wsapi.php', 'mobile_ws_query', 'POST', 0),
(27, 'mobile.querywithgrouping', 'modules/Mobile/api/wsapi.php', 'mobile_ws_queryWithGrouping', 'POST', 0),
(28, 'wsapp_register', 'modules/WSAPP/api/ws/Register.php', 'wsapp_register', 'POST', 0),
(29, 'wsapp_deregister', 'modules/WSAPP/api/ws/DeRegister.php', 'wsapp_deregister', 'POST', 0),
(30, 'wsapp_get', 'modules/WSAPP/api/ws/Get.php', 'wsapp_get', 'POST', 0),
(31, 'wsapp_put', 'modules/WSAPP/api/ws/Put.php', 'wsapp_put', 'POST', 0),
(32, 'wsapp_map', 'modules/WSAPP/api/ws/Map.php', 'wsapp_map', 'POST', 0);

-- --------------------------------------------------------

--
-- Table structure for table `vtiger_ws_operation_parameters`
--

CREATE TABLE IF NOT EXISTS `vtiger_ws_operation_parameters` (
  `operationid` int(11) NOT NULL AUTO_INCREMENT,
  `name` varchar(128) NOT NULL,
  `type` varchar(64) NOT NULL,
  `sequence` int(11) NOT NULL,
  PRIMARY KEY (`operationid`,`name`)
) ENGINE=InnoDB  DEFAULT CHARSET=utf8 AUTO_INCREMENT=33 ;

--
-- Dumping data for table `vtiger_ws_operation_parameters`
--

INSERT INTO `vtiger_ws_operation_parameters` (`operationid`, `name`, `type`, `sequence`) VALUES
(1, 'accessKey', 'String', 2),
(1, 'username', 'String', 1),
(2, 'id', 'String', 1),
(3, 'element', 'encoded', 2),
(3, 'elementType', 'String', 1),
(4, 'element', 'encoded', 1),
(5, 'id', 'String', 1),
(6, 'elementType', 'String', 2),
(6, 'modifiedTime', 'DateTime', 1),
(7, 'query', 'String', 1),
(8, 'sessionName', 'String', 1),
(9, 'fieldTypeList', 'encoded', 1),
(10, 'username', 'String', 1),
(11, 'elementType', 'String', 1),
(13, 'accountName', 'String', 3),
(13, 'assignedTo', 'String', 2),
(13, 'avoidPotential', 'Boolean', 4),
(13, 'leadId', 'String', 1),
(13, 'potential', 'Encoded', 5),
(14, 'element', 'Encoded', 1),
(15, 'confirmPassword', 'String', 4),
(15, 'id', 'String', 1),
(15, 'newPassword', 'String', 3),
(15, 'oldPassword', 'String', 2),
(16, 'id', 'String', 1),
(16, 'newOwnerId', 'String', 2),
(18, 'alertid', 'string', 1),
(19, 'module', 'string', 1),
(20, 'record', 'string', 1),
(21, 'record', 'string', 1),
(22, 'filterid', 'string', 1),
(23, 'elements', 'encoded', 1),
(24, 'module', 'string', 1),
(24, 'record', 'string', 2),
(24, 'values', 'encoded', 3),
(25, 'module', 'string', 1),
(25, 'page', 'string', 3),
(25, 'syncToken', 'string', 2),
(26, 'module', 'string', 1),
(26, 'page', 'string', 3),
(26, 'query', 'string', 2),
(27, 'module', 'string', 1),
(27, 'page', 'string', 3),
(27, 'query', 'string', 2),
(28, 'synctype', 'string', 2),
(28, 'type', 'string', 1),
(29, 'key', 'string', 2),
(29, 'type', 'string', 1),
(30, 'key', 'string', 1),
(30, 'module', 'string', 2),
(30, 'token', 'string', 3),
(31, 'element', 'encoded', 2),
(31, 'key', 'string', 1),
(32, 'element', 'encoded', 2),
(32, 'key', 'string', 1);

-- --------------------------------------------------------

--
-- Table structure for table `vtiger_ws_operation_seq`
--

CREATE TABLE IF NOT EXISTS `vtiger_ws_operation_seq` (
  `id` int(11) NOT NULL
) ENGINE=InnoDB DEFAULT CHARSET=utf8;

--
-- Dumping data for table `vtiger_ws_operation_seq`
--

INSERT INTO `vtiger_ws_operation_seq` (`id`) VALUES
(32);

-- --------------------------------------------------------

--
-- Table structure for table `vtiger_ws_referencetype`
--

CREATE TABLE IF NOT EXISTS `vtiger_ws_referencetype` (
  `fieldtypeid` int(19) NOT NULL,
  `type` varchar(25) NOT NULL,
  PRIMARY KEY (`fieldtypeid`,`type`)
) ENGINE=InnoDB DEFAULT CHARSET=utf8;

--
-- Dumping data for table `vtiger_ws_referencetype`
--

INSERT INTO `vtiger_ws_referencetype` (`fieldtypeid`, `type`) VALUES
(20, 'Accounts'),
(21, 'Accounts'),
(22, 'Contacts'),
(23, 'Campaigns'),
(24, 'Accounts'),
(25, 'Vendors'),
(26, 'Potentials'),
(27, 'Quotes'),
(28, 'SalesOrder'),
(29, 'Vendors'),
(30, 'Users'),
(31, 'Users'),
(32, 'Accounts'),
(32, 'Contacts'),
(32, 'Leads'),
(32, 'Users'),
(32, 'Vendors'),
(33, 'Products'),
(34, 'Accounts'),
(34, 'HelpDesk'),
(34, 'Leads'),
(34, 'Potentials'),
(35, 'Users'),
(36, 'Accounts'),
(36, 'Contacts'),
(37, 'Currency'),
(38, 'DocumentFolders');

-- --------------------------------------------------------

--
-- Table structure for table `vtiger_ws_userauthtoken`
--

CREATE TABLE IF NOT EXISTS `vtiger_ws_userauthtoken` (
  `userid` int(19) NOT NULL,
  `token` varchar(36) NOT NULL,
  `expiretime` int(19) NOT NULL,
  PRIMARY KEY (`userid`,`expiretime`),
  UNIQUE KEY `userid_idx` (`userid`)
) ENGINE=InnoDB DEFAULT CHARSET=utf8;

--
-- Constraints for dumped tables
--

--
-- Constraints for table `vtiger_account`
--
ALTER TABLE `vtiger_account`
  ADD CONSTRAINT `fk_1_vtiger_account` FOREIGN KEY (`accountid`) REFERENCES `vtiger_crmentity` (`crmid`) ON DELETE CASCADE;

--
-- Constraints for table `vtiger_accountbillads`
--
ALTER TABLE `vtiger_accountbillads`
  ADD CONSTRAINT `fk_1_vtiger_accountbillads` FOREIGN KEY (`accountaddressid`) REFERENCES `vtiger_account` (`accountid`) ON DELETE CASCADE;

--
-- Constraints for table `vtiger_accountscf`
--
ALTER TABLE `vtiger_accountscf`
  ADD CONSTRAINT `fk_1_vtiger_accountscf` FOREIGN KEY (`accountid`) REFERENCES `vtiger_account` (`accountid`) ON DELETE CASCADE;

--
-- Constraints for table `vtiger_accountshipads`
--
ALTER TABLE `vtiger_accountshipads`
  ADD CONSTRAINT `fk_1_vtiger_accountshipads` FOREIGN KEY (`accountaddressid`) REFERENCES `vtiger_account` (`accountid`) ON DELETE CASCADE;

--
-- Constraints for table `vtiger_activity`
--
ALTER TABLE `vtiger_activity`
  ADD CONSTRAINT `fk_1_vtiger_activity` FOREIGN KEY (`activityid`) REFERENCES `vtiger_crmentity` (`crmid`) ON DELETE CASCADE;

--
-- Constraints for table `vtiger_activityproductrel`
--
ALTER TABLE `vtiger_activityproductrel`
  ADD CONSTRAINT `fk_2_vtiger_activityproductrel` FOREIGN KEY (`productid`) REFERENCES `vtiger_products` (`productid`) ON DELETE CASCADE;

--
-- Constraints for table `vtiger_assets`
--
ALTER TABLE `vtiger_assets`
  ADD CONSTRAINT `fk_1_vtiger_assets` FOREIGN KEY (`assetsid`) REFERENCES `vtiger_crmentity` (`crmid`) ON DELETE CASCADE;

--
-- Constraints for table `vtiger_attachments`
--
ALTER TABLE `vtiger_attachments`
  ADD CONSTRAINT `fk_1_vtiger_attachments` FOREIGN KEY (`attachmentsid`) REFERENCES `vtiger_crmentity` (`crmid`) ON DELETE CASCADE;

--
-- Constraints for table `vtiger_blocks`
--
ALTER TABLE `vtiger_blocks`
  ADD CONSTRAINT `fk_1_vtiger_blocks` FOREIGN KEY (`tabid`) REFERENCES `vtiger_tab` (`tabid`) ON DELETE CASCADE;

--
-- Constraints for table `vtiger_campaigncontrel`
--
ALTER TABLE `vtiger_campaigncontrel`
  ADD CONSTRAINT `fk_2_vtiger_campaigncontrel` FOREIGN KEY (`contactid`) REFERENCES `vtiger_contactdetails` (`contactid`) ON DELETE CASCADE;

--
-- Constraints for table `vtiger_campaignleadrel`
--
ALTER TABLE `vtiger_campaignleadrel`
  ADD CONSTRAINT `fk_2_vtiger_campaignleadrel` FOREIGN KEY (`leadid`) REFERENCES `vtiger_leaddetails` (`leadid`) ON DELETE CASCADE;

--
-- Constraints for table `vtiger_campaignscf`
--
ALTER TABLE `vtiger_campaignscf`
  ADD CONSTRAINT `fk_1_vtiger_campaignscf` FOREIGN KEY (`campaignid`) REFERENCES `vtiger_campaign` (`campaignid`) ON DELETE CASCADE;

--
-- Constraints for table `vtiger_chat_msg`
--
ALTER TABLE `vtiger_chat_msg`
  ADD CONSTRAINT `fk_1_vtiger_chat_msg` FOREIGN KEY (`chat_from`) REFERENCES `vtiger_chat_users` (`id`) ON DELETE CASCADE;

--
-- Constraints for table `vtiger_chat_pchat`
--
ALTER TABLE `vtiger_chat_pchat`
  ADD CONSTRAINT `fk_1_vtiger_chat_pchat` FOREIGN KEY (`msg`) REFERENCES `vtiger_chat_msg` (`id`) ON DELETE CASCADE;

--
-- Constraints for table `vtiger_chat_pvchat`
--
ALTER TABLE `vtiger_chat_pvchat`
  ADD CONSTRAINT `fk_1_vtiger_chat_pvchat` FOREIGN KEY (`msg`) REFERENCES `vtiger_chat_msg` (`id`) ON DELETE CASCADE;

--
-- Constraints for table `vtiger_cntactivityrel`
--
ALTER TABLE `vtiger_cntactivityrel`
  ADD CONSTRAINT `fk_2_vtiger_cntactivityrel` FOREIGN KEY (`contactid`) REFERENCES `vtiger_contactdetails` (`contactid`) ON DELETE CASCADE;

--
-- Constraints for table `vtiger_competitor`
--
ALTER TABLE `vtiger_competitor`
  ADD CONSTRAINT `fk_1_vtiger_competitor` FOREIGN KEY (`competitorid`) REFERENCES `vtiger_crmentity` (`crmid`) ON DELETE CASCADE;

--
-- Constraints for table `vtiger_contactaddress`
--
ALTER TABLE `vtiger_contactaddress`
  ADD CONSTRAINT `fk_1_vtiger_contactaddress` FOREIGN KEY (`contactaddressid`) REFERENCES `vtiger_contactdetails` (`contactid`) ON DELETE CASCADE;

--
-- Constraints for table `vtiger_contactdetails`
--
ALTER TABLE `vtiger_contactdetails`
  ADD CONSTRAINT `fk_1_vtiger_contactdetails` FOREIGN KEY (`contactid`) REFERENCES `vtiger_crmentity` (`crmid`) ON DELETE CASCADE;

--
-- Constraints for table `vtiger_contactscf`
--
ALTER TABLE `vtiger_contactscf`
  ADD CONSTRAINT `fk_1_vtiger_contactscf` FOREIGN KEY (`contactid`) REFERENCES `vtiger_contactdetails` (`contactid`) ON DELETE CASCADE;

--
-- Constraints for table `vtiger_contactsubdetails`
--
ALTER TABLE `vtiger_contactsubdetails`
  ADD CONSTRAINT `fk_1_vtiger_contactsubdetails` FOREIGN KEY (`contactsubscriptionid`) REFERENCES `vtiger_contactdetails` (`contactid`) ON DELETE CASCADE;

--
-- Constraints for table `vtiger_contpotentialrel`
--
ALTER TABLE `vtiger_contpotentialrel`
  ADD CONSTRAINT `fk_2_vtiger_contpotentialrel` FOREIGN KEY (`potentialid`) REFERENCES `vtiger_potential` (`potentialid`) ON DELETE CASCADE;

--
-- Constraints for table `vtiger_crmcomments`
--
ALTER TABLE `vtiger_crmcomments`
  ADD CONSTRAINT `fk_1_vtiger_crmcomments` FOREIGN KEY (`crmid`) REFERENCES `vtiger_crmentity` (`crmid`) ON DELETE CASCADE;

--
-- Constraints for table `vtiger_crmentitynotesrel`
--
ALTER TABLE `vtiger_crmentitynotesrel`
  ADD CONSTRAINT `fk_2_vtiger_crmentitynotesrel` FOREIGN KEY (`notesid`) REFERENCES `vtiger_notes` (`notesid`) ON DELETE CASCADE;

--
-- Constraints for table `vtiger_customaction`
--
ALTER TABLE `vtiger_customaction`
  ADD CONSTRAINT `fk_1_vtiger_customaction` FOREIGN KEY (`cvid`) REFERENCES `vtiger_customview` (`cvid`) ON DELETE CASCADE;

--
-- Constraints for table `vtiger_customerdetails`
--
ALTER TABLE `vtiger_customerdetails`
  ADD CONSTRAINT `fk_1_vtiger_customerdetails` FOREIGN KEY (`customerid`) REFERENCES `vtiger_contactdetails` (`contactid`) ON DELETE CASCADE;

--
-- Constraints for table `vtiger_customview`
--
ALTER TABLE `vtiger_customview`
  ADD CONSTRAINT `fk_1_vtiger_customview` FOREIGN KEY (`entitytype`) REFERENCES `vtiger_tab` (`name`) ON DELETE CASCADE;

--
-- Constraints for table `vtiger_cvadvfilter`
--
ALTER TABLE `vtiger_cvadvfilter`
  ADD CONSTRAINT `fk_1_vtiger_cvadvfilter` FOREIGN KEY (`cvid`) REFERENCES `vtiger_customview` (`cvid`) ON DELETE CASCADE;

--
-- Constraints for table `vtiger_cvcolumnlist`
--
ALTER TABLE `vtiger_cvcolumnlist`
  ADD CONSTRAINT `fk_1_vtiger_cvcolumnlist` FOREIGN KEY (`cvid`) REFERENCES `vtiger_customview` (`cvid`) ON DELETE CASCADE;

--
-- Constraints for table `vtiger_cvstdfilter`
--
ALTER TABLE `vtiger_cvstdfilter`
  ADD CONSTRAINT `fk_1_vtiger_cvstdfilter` FOREIGN KEY (`cvid`) REFERENCES `vtiger_customview` (`cvid`) ON DELETE CASCADE;

--
-- Constraints for table `vtiger_datashare_grp2grp`
--
ALTER TABLE `vtiger_datashare_grp2grp`
  ADD CONSTRAINT `fk_3_vtiger_datashare_grp2grp` FOREIGN KEY (`to_groupid`) REFERENCES `vtiger_groups` (`groupid`) ON DELETE CASCADE;

--
-- Constraints for table `vtiger_datashare_grp2role`
--
ALTER TABLE `vtiger_datashare_grp2role`
  ADD CONSTRAINT `fk_3_vtiger_datashare_grp2role` FOREIGN KEY (`to_roleid`) REFERENCES `vtiger_role` (`roleid`) ON DELETE CASCADE;

--
-- Constraints for table `vtiger_datashare_grp2rs`
--
ALTER TABLE `vtiger_datashare_grp2rs`
  ADD CONSTRAINT `fk_3_vtiger_datashare_grp2rs` FOREIGN KEY (`to_roleandsubid`) REFERENCES `vtiger_role` (`roleid`) ON DELETE CASCADE;

--
-- Constraints for table `vtiger_datashare_module_rel`
--
ALTER TABLE `vtiger_datashare_module_rel`
  ADD CONSTRAINT `fk_1_vtiger_datashare_module_rel` FOREIGN KEY (`tabid`) REFERENCES `vtiger_tab` (`tabid`) ON DELETE CASCADE;

--
-- Constraints for table `vtiger_datashare_relatedmodules`
--
ALTER TABLE `vtiger_datashare_relatedmodules`
  ADD CONSTRAINT `fk_2_vtiger_datashare_relatedmodules` FOREIGN KEY (`tabid`) REFERENCES `vtiger_tab` (`tabid`) ON DELETE CASCADE;

--
-- Constraints for table `vtiger_datashare_role2group`
--
ALTER TABLE `vtiger_datashare_role2group`
  ADD CONSTRAINT `fk_3_vtiger_datashare_role2group` FOREIGN KEY (`share_roleid`) REFERENCES `vtiger_role` (`roleid`) ON DELETE CASCADE;

--
-- Constraints for table `vtiger_datashare_role2role`
--
ALTER TABLE `vtiger_datashare_role2role`
  ADD CONSTRAINT `fk_3_vtiger_datashare_role2role` FOREIGN KEY (`to_roleid`) REFERENCES `vtiger_role` (`roleid`) ON DELETE CASCADE;

--
-- Constraints for table `vtiger_datashare_role2rs`
--
ALTER TABLE `vtiger_datashare_role2rs`
  ADD CONSTRAINT `fk_3_vtiger_datashare_role2rs` FOREIGN KEY (`to_roleandsubid`) REFERENCES `vtiger_role` (`roleid`) ON DELETE CASCADE;

--
-- Constraints for table `vtiger_datashare_rs2grp`
--
ALTER TABLE `vtiger_datashare_rs2grp`
  ADD CONSTRAINT `fk_3_vtiger_datashare_rs2grp` FOREIGN KEY (`share_roleandsubid`) REFERENCES `vtiger_role` (`roleid`) ON DELETE CASCADE;

--
-- Constraints for table `vtiger_datashare_rs2role`
--
ALTER TABLE `vtiger_datashare_rs2role`
  ADD CONSTRAINT `fk_3_vtiger_datashare_rs2role` FOREIGN KEY (`to_roleid`) REFERENCES `vtiger_role` (`roleid`) ON DELETE CASCADE;

--
-- Constraints for table `vtiger_datashare_rs2rs`
--
ALTER TABLE `vtiger_datashare_rs2rs`
  ADD CONSTRAINT `fk_3_vtiger_datashare_rs2rs` FOREIGN KEY (`to_roleandsubid`) REFERENCES `vtiger_role` (`roleid`) ON DELETE CASCADE;

--
-- Constraints for table `vtiger_defaultcv`
--
ALTER TABLE `vtiger_defaultcv`
  ADD CONSTRAINT `fk_1_vtiger_defaultcv` FOREIGN KEY (`tabid`) REFERENCES `vtiger_tab` (`tabid`) ON DELETE CASCADE;

--
-- Constraints for table `vtiger_def_org_share`
--
ALTER TABLE `vtiger_def_org_share`
  ADD CONSTRAINT `fk_1_vtiger_def_org_share` FOREIGN KEY (`permission`) REFERENCES `vtiger_org_share_action_mapping` (`share_action_id`) ON DELETE CASCADE;

--
-- Constraints for table `vtiger_entityname`
--
ALTER TABLE `vtiger_entityname`
  ADD CONSTRAINT `fk_1_vtiger_entityname` FOREIGN KEY (`tabid`) REFERENCES `vtiger_tab` (`tabid`) ON DELETE CASCADE;

--
-- Constraints for table `vtiger_faq`
--
ALTER TABLE `vtiger_faq`
  ADD CONSTRAINT `fk_1_vtiger_faq` FOREIGN KEY (`id`) REFERENCES `vtiger_crmentity` (`crmid`) ON DELETE CASCADE;

--
-- Constraints for table `vtiger_faqcomments`
--
ALTER TABLE `vtiger_faqcomments`
  ADD CONSTRAINT `fk_1_vtiger_faqcomments` FOREIGN KEY (`faqid`) REFERENCES `vtiger_faq` (`id`) ON DELETE CASCADE;

--
-- Constraints for table `vtiger_field`
--
ALTER TABLE `vtiger_field`
  ADD CONSTRAINT `fk_1_vtiger_field` FOREIGN KEY (`tabid`) REFERENCES `vtiger_tab` (`tabid`) ON DELETE CASCADE;

--
-- Constraints for table `vtiger_group2grouprel`
--
ALTER TABLE `vtiger_group2grouprel`
  ADD CONSTRAINT `fk_2_vtiger_group2grouprel` FOREIGN KEY (`groupid`) REFERENCES `vtiger_groups` (`groupid`) ON DELETE CASCADE ON UPDATE CASCADE;

--
-- Constraints for table `vtiger_group2role`
--
ALTER TABLE `vtiger_group2role`
  ADD CONSTRAINT `fk_2_vtiger_group2role` FOREIGN KEY (`roleid`) REFERENCES `vtiger_role` (`roleid`) ON DELETE CASCADE;

--
-- Constraints for table `vtiger_group2rs`
--
ALTER TABLE `vtiger_group2rs`
  ADD CONSTRAINT `fk_2_vtiger_group2rs` FOREIGN KEY (`roleandsubid`) REFERENCES `vtiger_role` (`roleid`) ON DELETE CASCADE;

--
-- Constraints for table `vtiger_homedashbd`
--
ALTER TABLE `vtiger_homedashbd`
  ADD CONSTRAINT `fk_1_vtiger_homedashbd` FOREIGN KEY (`stuffid`) REFERENCES `vtiger_homestuff` (`stuffid`) ON DELETE CASCADE;

--
-- Constraints for table `vtiger_homedefault`
--
ALTER TABLE `vtiger_homedefault`
  ADD CONSTRAINT `fk_1_vtiger_homedefault` FOREIGN KEY (`stuffid`) REFERENCES `vtiger_homestuff` (`stuffid`) ON DELETE CASCADE;

--
-- Constraints for table `vtiger_homemodule`
--
ALTER TABLE `vtiger_homemodule`
  ADD CONSTRAINT `fk_1_vtiger_homemodule` FOREIGN KEY (`stuffid`) REFERENCES `vtiger_homestuff` (`stuffid`) ON DELETE CASCADE;

--
-- Constraints for table `vtiger_homemoduleflds`
--
ALTER TABLE `vtiger_homemoduleflds`
  ADD CONSTRAINT `fk_1_vtiger_homemoduleflds` FOREIGN KEY (`stuffid`) REFERENCES `vtiger_homemodule` (`stuffid`) ON DELETE CASCADE;

--
-- Constraints for table `vtiger_homerss`
--
ALTER TABLE `vtiger_homerss`
  ADD CONSTRAINT `fk_1_vtiger_homerss` FOREIGN KEY (`stuffid`) REFERENCES `vtiger_homestuff` (`stuffid`) ON DELETE CASCADE;

--
-- Constraints for table `vtiger_homestuff`
--
ALTER TABLE `vtiger_homestuff`
  ADD CONSTRAINT `fk_1_vtiger_homestuff` FOREIGN KEY (`userid`) REFERENCES `vtiger_users` (`id`) ON DELETE CASCADE;

--
-- Constraints for table `vtiger_invoice`
--
ALTER TABLE `vtiger_invoice`
  ADD CONSTRAINT `fk_2_vtiger_invoice` FOREIGN KEY (`salesorderid`) REFERENCES `vtiger_salesorder` (`salesorderid`) ON DELETE CASCADE;

--
-- Constraints for table `vtiger_invoicebillads`
--
ALTER TABLE `vtiger_invoicebillads`
  ADD CONSTRAINT `fk_1_vtiger_invoicebillads` FOREIGN KEY (`invoicebilladdressid`) REFERENCES `vtiger_invoice` (`invoiceid`) ON DELETE CASCADE;

--
-- Constraints for table `vtiger_invoicecf`
--
ALTER TABLE `vtiger_invoicecf`
  ADD CONSTRAINT `fk_1_vtiger_invoicecf` FOREIGN KEY (`invoiceid`) REFERENCES `vtiger_invoice` (`invoiceid`) ON DELETE CASCADE;

--
-- Constraints for table `vtiger_invoiceshipads`
--
ALTER TABLE `vtiger_invoiceshipads`
  ADD CONSTRAINT `fk_1_vtiger_invoiceshipads` FOREIGN KEY (`invoiceshipaddressid`) REFERENCES `vtiger_invoice` (`invoiceid`) ON DELETE CASCADE;

--
-- Constraints for table `vtiger_invoicestatushistory`
--
ALTER TABLE `vtiger_invoicestatushistory`
  ADD CONSTRAINT `fk_1_vtiger_invoicestatushistory` FOREIGN KEY (`invoiceid`) REFERENCES `vtiger_invoice` (`invoiceid`) ON DELETE CASCADE;

--
-- Constraints for table `vtiger_lar`
--
ALTER TABLE `vtiger_lar`
  ADD CONSTRAINT `fk_1_vtiger_lar` FOREIGN KEY (`createdby`) REFERENCES `vtiger_users` (`id`) ON DELETE CASCADE;

--
-- Constraints for table `vtiger_leadacctrel`
--
ALTER TABLE `vtiger_leadacctrel`
  ADD CONSTRAINT `fk_2_vtiger_leadacctrel` FOREIGN KEY (`leadid`) REFERENCES `vtiger_leaddetails` (`leadid`) ON DELETE CASCADE;

--
-- Constraints for table `vtiger_leadaddress`
--
ALTER TABLE `vtiger_leadaddress`
  ADD CONSTRAINT `fk_1_vtiger_leadaddress` FOREIGN KEY (`leadaddressid`) REFERENCES `vtiger_leaddetails` (`leadid`) ON DELETE CASCADE;

--
-- Constraints for table `vtiger_leadcontrel`
--
ALTER TABLE `vtiger_leadcontrel`
  ADD CONSTRAINT `fk_2_vtiger_leadcontrel` FOREIGN KEY (`leadid`) REFERENCES `vtiger_leaddetails` (`leadid`) ON DELETE CASCADE;

--
-- Constraints for table `vtiger_leaddetails`
--
ALTER TABLE `vtiger_leaddetails`
  ADD CONSTRAINT `fk_1_vtiger_leaddetails` FOREIGN KEY (`leadid`) REFERENCES `vtiger_crmentity` (`crmid`) ON DELETE CASCADE;

--
-- Constraints for table `vtiger_leadpotrel`
--
ALTER TABLE `vtiger_leadpotrel`
  ADD CONSTRAINT `fk_2_vtiger_leadpotrel` FOREIGN KEY (`potentialid`) REFERENCES `vtiger_potential` (`potentialid`) ON DELETE CASCADE;

--
-- Constraints for table `vtiger_leadscf`
--
ALTER TABLE `vtiger_leadscf`
  ADD CONSTRAINT `fk_1_vtiger_leadscf` FOREIGN KEY (`leadid`) REFERENCES `vtiger_leaddetails` (`leadid`) ON DELETE CASCADE;

--
-- Constraints for table `vtiger_leadsubdetails`
--
ALTER TABLE `vtiger_leadsubdetails`
  ADD CONSTRAINT `fk_1_vtiger_leadsubdetails` FOREIGN KEY (`leadsubscriptionid`) REFERENCES `vtiger_leaddetails` (`leadid`) ON DELETE CASCADE;

--
-- Constraints for table `vtiger_notes`
--
ALTER TABLE `vtiger_notes`
  ADD CONSTRAINT `fk_1_vtiger_notes` FOREIGN KEY (`notesid`) REFERENCES `vtiger_crmentity` (`crmid`) ON DELETE CASCADE;

--
-- Constraints for table `vtiger_org_share_action2tab`
--
ALTER TABLE `vtiger_org_share_action2tab`
  ADD CONSTRAINT `fk_2_vtiger_org_share_action2tab` FOREIGN KEY (`tabid`) REFERENCES `vtiger_tab` (`tabid`) ON DELETE CASCADE;

--
-- Constraints for table `vtiger_parenttabrel`
--
ALTER TABLE `vtiger_parenttabrel`
  ADD CONSTRAINT `fk_1_vtiger_parenttabrel` FOREIGN KEY (`tabid`) REFERENCES `vtiger_tab` (`tabid`) ON DELETE CASCADE,
  ADD CONSTRAINT `fk_2_vtiger_parenttabrel` FOREIGN KEY (`parenttabid`) REFERENCES `vtiger_parenttab` (`parenttabid`) ON DELETE CASCADE;

--
-- Constraints for table `vtiger_pobillads`
--
ALTER TABLE `vtiger_pobillads`
  ADD CONSTRAINT `fk_1_vtiger_pobillads` FOREIGN KEY (`pobilladdressid`) REFERENCES `vtiger_purchaseorder` (`purchaseorderid`) ON DELETE CASCADE;

--
-- Constraints for table `vtiger_portalinfo`
--
ALTER TABLE `vtiger_portalinfo`
  ADD CONSTRAINT `fk_1_vtiger_portalinfo` FOREIGN KEY (`id`) REFERENCES `vtiger_contactdetails` (`contactid`) ON DELETE CASCADE;

--
-- Constraints for table `vtiger_poshipads`
--
ALTER TABLE `vtiger_poshipads`
  ADD CONSTRAINT `fk_1_vtiger_poshipads` FOREIGN KEY (`poshipaddressid`) REFERENCES `vtiger_purchaseorder` (`purchaseorderid`) ON DELETE CASCADE;

--
-- Constraints for table `vtiger_postatushistory`
--
ALTER TABLE `vtiger_postatushistory`
  ADD CONSTRAINT `fk_1_vtiger_postatushistory` FOREIGN KEY (`purchaseorderid`) REFERENCES `vtiger_purchaseorder` (`purchaseorderid`) ON DELETE CASCADE;

--
-- Constraints for table `vtiger_potcompetitorrel`
--
ALTER TABLE `vtiger_potcompetitorrel`
  ADD CONSTRAINT `fk_2_vtiger_potcompetitorrel` FOREIGN KEY (`potentialid`) REFERENCES `vtiger_potential` (`potentialid`) ON DELETE CASCADE;

--
-- Constraints for table `vtiger_potential`
--
ALTER TABLE `vtiger_potential`
  ADD CONSTRAINT `fk_1_vtiger_potential` FOREIGN KEY (`potentialid`) REFERENCES `vtiger_crmentity` (`crmid`) ON DELETE CASCADE;

--
-- Constraints for table `vtiger_potentialscf`
--
ALTER TABLE `vtiger_potentialscf`
  ADD CONSTRAINT `fk_1_vtiger_potentialscf` FOREIGN KEY (`potentialid`) REFERENCES `vtiger_potential` (`potentialid`) ON DELETE CASCADE;

--
-- Constraints for table `vtiger_potstagehistory`
--
ALTER TABLE `vtiger_potstagehistory`
  ADD CONSTRAINT `fk_1_vtiger_potstagehistory` FOREIGN KEY (`potentialid`) REFERENCES `vtiger_potential` (`potentialid`) ON DELETE CASCADE;

--
-- Constraints for table `vtiger_pricebook`
--
ALTER TABLE `vtiger_pricebook`
  ADD CONSTRAINT `fk_1_vtiger_pricebook` FOREIGN KEY (`pricebookid`) REFERENCES `vtiger_crmentity` (`crmid`) ON DELETE CASCADE;

--
-- Constraints for table `vtiger_pricebookcf`
--
ALTER TABLE `vtiger_pricebookcf`
  ADD CONSTRAINT `fk_1_vtiger_pricebookcf` FOREIGN KEY (`pricebookid`) REFERENCES `vtiger_pricebook` (`pricebookid`) ON DELETE CASCADE;

--
-- Constraints for table `vtiger_pricebookproductrel`
--
ALTER TABLE `vtiger_pricebookproductrel`
  ADD CONSTRAINT `fk_1_vtiger_pricebookproductrel` FOREIGN KEY (`pricebookid`) REFERENCES `vtiger_pricebook` (`pricebookid`) ON DELETE CASCADE;

--
-- Constraints for table `vtiger_productcf`
--
ALTER TABLE `vtiger_productcf`
  ADD CONSTRAINT `fk_1_vtiger_productcf` FOREIGN KEY (`productid`) REFERENCES `vtiger_products` (`productid`) ON DELETE CASCADE;

--
-- Constraints for table `vtiger_productcollaterals`
--
ALTER TABLE `vtiger_productcollaterals`
  ADD CONSTRAINT `fk_1_vtiger_productcollaterals` FOREIGN KEY (`productid`) REFERENCES `vtiger_products` (`productid`) ON DELETE CASCADE;

--
-- Constraints for table `vtiger_products`
--
ALTER TABLE `vtiger_products`
  ADD CONSTRAINT `fk_1_vtiger_products` FOREIGN KEY (`productid`) REFERENCES `vtiger_crmentity` (`crmid`) ON DELETE CASCADE;

--
-- Constraints for table `vtiger_profile2globalpermissions`
--
ALTER TABLE `vtiger_profile2globalpermissions`
  ADD CONSTRAINT `fk_1_vtiger_profile2globalpermissions` FOREIGN KEY (`profileid`) REFERENCES `vtiger_profile` (`profileid`) ON DELETE CASCADE;

--
-- Constraints for table `vtiger_purchaseorder`
--
ALTER TABLE `vtiger_purchaseorder`
  ADD CONSTRAINT `fk_4_vtiger_purchaseorder` FOREIGN KEY (`vendorid`) REFERENCES `vtiger_vendor` (`vendorid`) ON DELETE CASCADE;

--
-- Constraints for table `vtiger_purchaseordercf`
--
ALTER TABLE `vtiger_purchaseordercf`
  ADD CONSTRAINT `fk_1_vtiger_purchaseordercf` FOREIGN KEY (`purchaseorderid`) REFERENCES `vtiger_purchaseorder` (`purchaseorderid`) ON DELETE CASCADE;

--
-- Constraints for table `vtiger_quickview`
--
ALTER TABLE `vtiger_quickview`
  ADD CONSTRAINT `fk_1_vtiger_quickview` FOREIGN KEY (`fieldid`) REFERENCES `vtiger_field` (`fieldid`) ON DELETE CASCADE;

--
-- Constraints for table `vtiger_quotes`
--
ALTER TABLE `vtiger_quotes`
  ADD CONSTRAINT `fk_3_vtiger_quotes` FOREIGN KEY (`potentialid`) REFERENCES `vtiger_potential` (`potentialid`) ON DELETE CASCADE;

--
-- Constraints for table `vtiger_quotesbillads`
--
ALTER TABLE `vtiger_quotesbillads`
  ADD CONSTRAINT `fk_1_vtiger_quotesbillads` FOREIGN KEY (`quotebilladdressid`) REFERENCES `vtiger_quotes` (`quoteid`) ON DELETE CASCADE;

--
-- Constraints for table `vtiger_quotescf`
--
ALTER TABLE `vtiger_quotescf`
  ADD CONSTRAINT `fk_1_vtiger_quotescf` FOREIGN KEY (`quoteid`) REFERENCES `vtiger_quotes` (`quoteid`) ON DELETE CASCADE;

--
-- Constraints for table `vtiger_quotesshipads`
--
ALTER TABLE `vtiger_quotesshipads`
  ADD CONSTRAINT `fk_1_vtiger_quotesshipads` FOREIGN KEY (`quoteshipaddressid`) REFERENCES `vtiger_quotes` (`quoteid`) ON DELETE CASCADE;

--
-- Constraints for table `vtiger_quotestagehistory`
--
ALTER TABLE `vtiger_quotestagehistory`
  ADD CONSTRAINT `fk_1_vtiger_quotestagehistory` FOREIGN KEY (`quoteid`) REFERENCES `vtiger_quotes` (`quoteid`) ON DELETE CASCADE;

--
-- Constraints for table `vtiger_recurringevents`
--
ALTER TABLE `vtiger_recurringevents`
  ADD CONSTRAINT `fk_1_vtiger_recurringevents` FOREIGN KEY (`activityid`) REFERENCES `vtiger_activity` (`activityid`) ON DELETE CASCADE;

--
-- Constraints for table `vtiger_relcriteria`
--
ALTER TABLE `vtiger_relcriteria`
  ADD CONSTRAINT `fk_1_vtiger_relcriteria` FOREIGN KEY (`queryid`) REFERENCES `vtiger_selectquery` (`queryid`) ON DELETE CASCADE;

--
-- Constraints for table `vtiger_report`
--
ALTER TABLE `vtiger_report`
  ADD CONSTRAINT `fk_2_vtiger_report` FOREIGN KEY (`queryid`) REFERENCES `vtiger_selectquery` (`queryid`) ON DELETE CASCADE;

--
-- Constraints for table `vtiger_reportdatefilter`
--
ALTER TABLE `vtiger_reportdatefilter`
  ADD CONSTRAINT `fk_1_vtiger_reportdatefilter` FOREIGN KEY (`datefilterid`) REFERENCES `vtiger_report` (`reportid`) ON DELETE CASCADE;

--
-- Constraints for table `vtiger_reportgroupbycolumn`
--
ALTER TABLE `vtiger_reportgroupbycolumn`
  ADD CONSTRAINT `fk_1_vtiger_reportgroupbycolumn` FOREIGN KEY (`reportid`) REFERENCES `vtiger_report` (`reportid`) ON DELETE CASCADE;

--
-- Constraints for table `vtiger_reportmodules`
--
ALTER TABLE `vtiger_reportmodules`
  ADD CONSTRAINT `fk_1_vtiger_reportmodules` FOREIGN KEY (`reportmodulesid`) REFERENCES `vtiger_report` (`reportid`) ON DELETE CASCADE;

--
-- Constraints for table `vtiger_reportsortcol`
--
ALTER TABLE `vtiger_reportsortcol`
  ADD CONSTRAINT `fk_1_vtiger_reportsortcol` FOREIGN KEY (`reportid`) REFERENCES `vtiger_report` (`reportid`) ON DELETE CASCADE;

--
-- Constraints for table `vtiger_reportsummary`
--
ALTER TABLE `vtiger_reportsummary`
  ADD CONSTRAINT `fk_1_vtiger_reportsummary` FOREIGN KEY (`reportsummaryid`) REFERENCES `vtiger_report` (`reportid`) ON DELETE CASCADE;

--
-- Constraints for table `vtiger_role2picklist`
--
ALTER TABLE `vtiger_role2picklist`
  ADD CONSTRAINT `fk_1_vtiger_role2picklist` FOREIGN KEY (`roleid`) REFERENCES `vtiger_role` (`roleid`) ON DELETE CASCADE,
  ADD CONSTRAINT `fk_2_vtiger_role2picklist` FOREIGN KEY (`picklistid`) REFERENCES `vtiger_picklist` (`picklistid`) ON DELETE CASCADE;

--
-- Constraints for table `vtiger_salesmanactivityrel`
--
ALTER TABLE `vtiger_salesmanactivityrel`
  ADD CONSTRAINT `fk_2_vtiger_salesmanactivityrel` FOREIGN KEY (`smid`) REFERENCES `vtiger_users` (`id`) ON DELETE CASCADE;

--
-- Constraints for table `vtiger_salesmanattachmentsrel`
--
ALTER TABLE `vtiger_salesmanattachmentsrel`
  ADD CONSTRAINT `fk_2_vtiger_salesmanattachmentsrel` FOREIGN KEY (`attachmentsid`) REFERENCES `vtiger_attachments` (`attachmentsid`) ON DELETE CASCADE;

--
-- Constraints for table `vtiger_salesmanticketrel`
--
ALTER TABLE `vtiger_salesmanticketrel`
  ADD CONSTRAINT `fk_2_vtiger_salesmanticketrel` FOREIGN KEY (`smid`) REFERENCES `vtiger_users` (`id`) ON DELETE CASCADE;

--
-- Constraints for table `vtiger_salesorder`
--
ALTER TABLE `vtiger_salesorder`
  ADD CONSTRAINT `fk_3_vtiger_salesorder` FOREIGN KEY (`vendorid`) REFERENCES `vtiger_vendor` (`vendorid`) ON DELETE CASCADE;

--
-- Constraints for table `vtiger_salesordercf`
--
ALTER TABLE `vtiger_salesordercf`
  ADD CONSTRAINT `fk_1_vtiger_salesordercf` FOREIGN KEY (`salesorderid`) REFERENCES `vtiger_salesorder` (`salesorderid`) ON DELETE CASCADE;

--
-- Constraints for table `vtiger_seactivityrel`
--
ALTER TABLE `vtiger_seactivityrel`
  ADD CONSTRAINT `fk_2_vtiger_seactivityrel` FOREIGN KEY (`crmid`) REFERENCES `vtiger_crmentity` (`crmid`) ON DELETE CASCADE;

--
-- Constraints for table `vtiger_seattachmentsrel`
--
ALTER TABLE `vtiger_seattachmentsrel`
  ADD CONSTRAINT `fk_2_vtiger_seattachmentsrel` FOREIGN KEY (`crmid`) REFERENCES `vtiger_crmentity` (`crmid`) ON DELETE CASCADE;

--
-- Constraints for table `vtiger_selectcolumn`
--
ALTER TABLE `vtiger_selectcolumn`
  ADD CONSTRAINT `fk_1_vtiger_selectcolumn` FOREIGN KEY (`queryid`) REFERENCES `vtiger_selectquery` (`queryid`) ON DELETE CASCADE;

--
-- Constraints for table `vtiger_senotesrel`
--
ALTER TABLE `vtiger_senotesrel`
  ADD CONSTRAINT `fk_2_vtiger_senotesrel` FOREIGN KEY (`notesid`) REFERENCES `vtiger_notes` (`notesid`) ON DELETE CASCADE;

--
-- Constraints for table `vtiger_seproductsrel`
--
ALTER TABLE `vtiger_seproductsrel`
  ADD CONSTRAINT `fk_2_vtiger_seproductsrel` FOREIGN KEY (`productid`) REFERENCES `vtiger_products` (`productid`) ON DELETE CASCADE;

--
-- Constraints for table `vtiger_service`
--
ALTER TABLE `vtiger_service`
  ADD CONSTRAINT `fk_1_vtiger_service` FOREIGN KEY (`serviceid`) REFERENCES `vtiger_crmentity` (`crmid`) ON DELETE CASCADE;

--
-- Constraints for table `vtiger_seticketsrel`
--
ALTER TABLE `vtiger_seticketsrel`
  ADD CONSTRAINT `fk_2_vtiger_seticketsrel` FOREIGN KEY (`ticketid`) REFERENCES `vtiger_troubletickets` (`ticketid`) ON DELETE CASCADE;

--
-- Constraints for table `vtiger_settings_field`
--
ALTER TABLE `vtiger_settings_field`
  ADD CONSTRAINT `fk_1_vtiger_settings_field` FOREIGN KEY (`blockid`) REFERENCES `vtiger_settings_blocks` (`blockid`) ON DELETE CASCADE;

--
-- Constraints for table `vtiger_sobillads`
--
ALTER TABLE `vtiger_sobillads`
  ADD CONSTRAINT `fk_1_vtiger_sobillads` FOREIGN KEY (`sobilladdressid`) REFERENCES `vtiger_salesorder` (`salesorderid`) ON DELETE CASCADE;

--
-- Constraints for table `vtiger_soshipads`
--
ALTER TABLE `vtiger_soshipads`
  ADD CONSTRAINT `fk_1_vtiger_soshipads` FOREIGN KEY (`soshipaddressid`) REFERENCES `vtiger_salesorder` (`salesorderid`) ON DELETE CASCADE;

--
-- Constraints for table `vtiger_sostatushistory`
--
ALTER TABLE `vtiger_sostatushistory`
  ADD CONSTRAINT `fk_1_vtiger_sostatushistory` FOREIGN KEY (`salesorderid`) REFERENCES `vtiger_salesorder` (`salesorderid`) ON DELETE CASCADE;

--
-- Constraints for table `vtiger_tab_info`
--
ALTER TABLE `vtiger_tab_info`
  ADD CONSTRAINT `fk_1_vtiger_tab_info` FOREIGN KEY (`tabid`) REFERENCES `vtiger_tab` (`tabid`) ON DELETE CASCADE ON UPDATE CASCADE;

--
-- Constraints for table `vtiger_ticketcf`
--
ALTER TABLE `vtiger_ticketcf`
  ADD CONSTRAINT `fk_1_vtiger_ticketcf` FOREIGN KEY (`ticketid`) REFERENCES `vtiger_troubletickets` (`ticketid`) ON DELETE CASCADE;

--
-- Constraints for table `vtiger_ticketcomments`
--
ALTER TABLE `vtiger_ticketcomments`
  ADD CONSTRAINT `fk_1_vtiger_ticketcomments` FOREIGN KEY (`ticketid`) REFERENCES `vtiger_troubletickets` (`ticketid`) ON DELETE CASCADE;

--
-- Constraints for table `vtiger_tmp_read_group_rel_sharing_per`
--
ALTER TABLE `vtiger_tmp_read_group_rel_sharing_per`
  ADD CONSTRAINT `fk_4_vtiger_tmp_read_group_rel_sharing_per` FOREIGN KEY (`userid`) REFERENCES `vtiger_users` (`id`) ON DELETE CASCADE;

--
-- Constraints for table `vtiger_tmp_read_group_sharing_per`
--
ALTER TABLE `vtiger_tmp_read_group_sharing_per`
  ADD CONSTRAINT `fk_3_vtiger_tmp_read_group_sharing_per` FOREIGN KEY (`userid`) REFERENCES `vtiger_users` (`id`) ON DELETE CASCADE;

--
-- Constraints for table `vtiger_tmp_read_user_rel_sharing_per`
--
ALTER TABLE `vtiger_tmp_read_user_rel_sharing_per`
  ADD CONSTRAINT `fk_4_vtiger_tmp_read_user_rel_sharing_per` FOREIGN KEY (`userid`) REFERENCES `vtiger_users` (`id`) ON DELETE CASCADE;

--
-- Constraints for table `vtiger_tmp_read_user_sharing_per`
--
ALTER TABLE `vtiger_tmp_read_user_sharing_per`
  ADD CONSTRAINT `fk_3_vtiger_tmp_read_user_sharing_per` FOREIGN KEY (`userid`) REFERENCES `vtiger_users` (`id`) ON DELETE CASCADE;

--
-- Constraints for table `vtiger_tmp_write_group_rel_sharing_per`
--
ALTER TABLE `vtiger_tmp_write_group_rel_sharing_per`
  ADD CONSTRAINT `fk_4_vtiger_tmp_write_group_rel_sharing_per` FOREIGN KEY (`userid`) REFERENCES `vtiger_users` (`id`) ON DELETE CASCADE;

--
-- Constraints for table `vtiger_tmp_write_group_sharing_per`
--
ALTER TABLE `vtiger_tmp_write_group_sharing_per`
  ADD CONSTRAINT `fk_3_vtiger_tmp_write_group_sharing_per` FOREIGN KEY (`userid`) REFERENCES `vtiger_users` (`id`) ON DELETE CASCADE;

--
-- Constraints for table `vtiger_tmp_write_user_rel_sharing_per`
--
ALTER TABLE `vtiger_tmp_write_user_rel_sharing_per`
  ADD CONSTRAINT `fk_4_vtiger_tmp_write_user_rel_sharing_per` FOREIGN KEY (`userid`) REFERENCES `vtiger_users` (`id`) ON DELETE CASCADE;

--
-- Constraints for table `vtiger_tmp_write_user_sharing_per`
--
ALTER TABLE `vtiger_tmp_write_user_sharing_per`
  ADD CONSTRAINT `fk_3_vtiger_tmp_write_user_sharing_per` FOREIGN KEY (`userid`) REFERENCES `vtiger_users` (`id`) ON DELETE CASCADE;

--
-- Constraints for table `vtiger_troubletickets`
--
ALTER TABLE `vtiger_troubletickets`
  ADD CONSTRAINT `fk_1_vtiger_troubletickets` FOREIGN KEY (`ticketid`) REFERENCES `vtiger_crmentity` (`crmid`) ON DELETE CASCADE;

--
-- Constraints for table `vtiger_user2role`
--
ALTER TABLE `vtiger_user2role`
  ADD CONSTRAINT `fk_2_vtiger_user2role` FOREIGN KEY (`userid`) REFERENCES `vtiger_users` (`id`) ON DELETE CASCADE;

--
-- Constraints for table `vtiger_users2group`
--
ALTER TABLE `vtiger_users2group`
  ADD CONSTRAINT `fk_2_vtiger_users2group` FOREIGN KEY (`userid`) REFERENCES `vtiger_users` (`id`) ON DELETE CASCADE;

--
-- Constraints for table `vtiger_user_module_preferences`
--
ALTER TABLE `vtiger_user_module_preferences`
  ADD CONSTRAINT `fk_2_vtiger_user_module_preferences` FOREIGN KEY (`tabid`) REFERENCES `vtiger_tab` (`tabid`) ON DELETE CASCADE ON UPDATE CASCADE;

--
-- Constraints for table `vtiger_vendor`
--
ALTER TABLE `vtiger_vendor`
  ADD CONSTRAINT `fk_1_vtiger_vendor` FOREIGN KEY (`vendorid`) REFERENCES `vtiger_crmentity` (`crmid`) ON DELETE CASCADE;

--
-- Constraints for table `vtiger_vendorcf`
--
ALTER TABLE `vtiger_vendorcf`
  ADD CONSTRAINT `fk_1_vtiger_vendorcf` FOREIGN KEY (`vendorid`) REFERENCES `vtiger_vendor` (`vendorid`) ON DELETE CASCADE;

--
-- Constraints for table `vtiger_vendorcontactrel`
--
ALTER TABLE `vtiger_vendorcontactrel`
  ADD CONSTRAINT `fk_2_vtiger_vendorcontactrel` FOREIGN KEY (`vendorid`) REFERENCES `vtiger_vendor` (`vendorid`) ON DELETE CASCADE;

--
-- Constraints for table `vtiger_webforms_field`
--
ALTER TABLE `vtiger_webforms_field`
  ADD CONSTRAINT `fk_1_vtiger_webforms_field` FOREIGN KEY (`webformid`) REFERENCES `vtiger_webforms` (`id`) ON DELETE CASCADE,
  ADD CONSTRAINT `fk_3_vtiger_webforms_field` FOREIGN KEY (`fieldname`) REFERENCES `vtiger_field` (`fieldname`) ON DELETE CASCADE;

--
-- Constraints for table `vtiger_ws_entity_referencetype`
--
ALTER TABLE `vtiger_ws_entity_referencetype`
  ADD CONSTRAINT `vtiger_fk_1_actors_referencetype` FOREIGN KEY (`fieldtypeid`) REFERENCES `vtiger_ws_entity_fieldtype` (`fieldtypeid`) ON DELETE CASCADE;

--
-- Constraints for table `vtiger_ws_entity_tables`
--
ALTER TABLE `vtiger_ws_entity_tables`
  ADD CONSTRAINT `fk_1_vtiger_ws_actor_tables` FOREIGN KEY (`webservice_entity_id`) REFERENCES `vtiger_ws_entity` (`id`) ON DELETE CASCADE;

--
-- Constraints for table `vtiger_ws_referencetype`
--
ALTER TABLE `vtiger_ws_referencetype`
  ADD CONSTRAINT `fk_1_vtiger_referencetype` FOREIGN KEY (`fieldtypeid`) REFERENCES `vtiger_ws_fieldtype` (`fieldtypeid`) ON DELETE CASCADE;

/*!40101 SET CHARACTER_SET_CLIENT=@OLD_CHARACTER_SET_CLIENT */;
/*!40101 SET CHARACTER_SET_RESULTS=@OLD_CHARACTER_SET_RESULTS */;
/*!40101 SET COLLATION_CONNECTION=@OLD_COLLATION_CONNECTION */;
